name,time,latitude,longitude,alt,speed,course,horiz_acc,vert_acc,rel_alt
,2024-10-26T15:27:57.960Z,-25.4074883217,28.3384085838,1137.8291020923,1.9099273686,186.5177386129,16.25,7.0,-
,2024-10-26T15:27:58.960Z,-25.4075111624,28.3384141997,1137.7760625415,2.0288391118,192.9283588921,13.5,6.9375,-
,2024-10-26T15:27:59.960Z,-25.4075310694,28.3384136968,1137.8887944751,2.0931243901,189.7093156328,9.9375,6.9375,0.0
,2024-10-26T15:28:00.961Z,-25.407554874,28.3384021297,1137.9363103443,2.1376342778,191.9560540169,8.375,6.9375,0.0
,2024-10-26T15:28:01.961Z,-25.4075713025,28.3383812588,1138.0645757252,2.0931243901,198.6852826733,7.375,6.8125,0.0
,2024-10-26T15:28:02.911Z,-25.4075902456,28.3383726254,1138.1669621999,2.1376342778,205.9308766308,7.3125,6.75,-0.0026550292
,2024-10-26T15:28:03.861Z,-25.4076204205,28.3383660876,1138.2422185476,2.8269348151,194.1423666742,8.8125,7.875,-0.1637878418
,2024-10-26T15:28:04.811Z,-25.4076625396,28.3383546882,1138.3789678152,4.9364471447,195.2684824902,7.875,6.8125,-0.1769714356
,2024-10-26T15:28:05.761Z,-25.407706796,28.3383453004,1138.5272222098,5.1278686535,193.4392309452,8.0,7.25,-
,2024-10-26T15:28:06.711Z,-25.4077528965,28.3383388464,1138.7359014091,5.1278686535,188.5117875944,7.9375,7.25,-0.1690368653
,2024-10-26T15:28:07.661Z,-25.4077963985,28.3383316379,1138.7359014091,5.1278686535,188.5117875944,7.9375,7.25,-0.1690368653
,2024-10-26T15:28:08.610Z,-25.4078471929,28.3383154609,1139.033447796,5.2917633068,192.9393453879,7.75,7.1875,-0.1347351074
,2024-10-26T15:28:09.560Z,-25.4079020943,28.3382993676,1139.3403935969,5.9350280775,193.5106431677,10.1875,9.625,-0.0634460449
,2024-10-26T15:28:10.510Z,-25.4079655034,28.3382722941,1139.3966374934,6.8229980484,197.6086060883,7.5,7.1875,0.0079040527
,2024-10-26T15:28:11.460Z,-25.4080192734,28.3382663429,1139.3826909602,6.8229980484,190.0059510185,7.375,7.1875,0.1136169434
,2024-10-26T15:28:12.410Z,-25.4080686428,28.3382526804,1139.3634343684,6.4241943374,190.873884184,7.25,7.125,0.2007751465
,2024-10-26T15:28:13.360Z,-25.4081204848,28.3382345755,1139.1009526788,6.4046630874,196.8230716411,7.0625,7.0625,0.2588806153
,2024-10-26T15:28:14.310Z,-25.4081789905,28.3382282891,1138.9524846612,6.4241943374,191.0331883726,6.6875,6.9375,0.3276062013
,2024-10-26T15:28:15.260Z,-25.4082356941,28.3382248525,1138.9030461846,6.491210939,188.6985580224,6.5,6.9375,0.4068298341
,2024-10-26T15:28:16.210Z,-25.4082947446,28.3382158838,1138.8631291924,6.6028594986,190.2366674296,6.3125,6.9375,0.4333190919
,2024-10-26T15:28:17.160Z,-25.4083474668,28.3382039815,1138.8515019951,6.491210939,192.1098649576,8.5,9.5625,0.4623718263
,2024-10-26T15:28:18.110Z,-25.408404799,28.3381910734,1138.8518071709,6.6028594986,191.5989929045,8.1875,9.375,0.5547790529
,2024-10-26T15:28:19.060Z,-25.4084619636,28.3381878883,1138.9087224541,6.6311492935,186.325474937,7.75,9.0,0.5760192873
,2024-10-26T15:28:20.010Z,-25.4085189186,28.3381863796,1139.1176152765,6.6185302749,183.1229114213,5.75,6.75,0.5839538576
,2024-10-26T15:28:21.000Z,-25.4085778015,28.3381890618,1139.2292790949,6.6185302749,180.326848249,5.6875,6.75,0.6209411623
,2024-10-26T15:28:22.000Z,-25.4086383607,28.3381825239,1139.3713079036,6.5667724624,180.7772945754,5.625,6.75,0.6737976077
,2024-10-26T15:28:23.000Z,-25.4086953577,28.3381730523,1139.5107122005,6.5292205825,183.9468986037,6.3125,7.6875,0.6842956546
,2024-10-26T15:28:24.000Z,-25.408755414,28.338168107,1139.6184392513,6.5667724624,184.9631494621,7.5,9.125,0.734466553
,2024-10-26T15:28:25.000Z,-25.408805915,28.3381535225,1139.7384343686,6.0006256117,189.3577477683,5.625,6.8125,0.8138122562
,2024-10-26T15:28:26.000Z,-25.4088502971,28.3381353338,1139.8247380796,6.0006256117,196.0814831769,5.75,6.8125,0.8904724125
,2024-10-26T15:28:27.000Z,-25.4088751495,28.3381063324,1139.8212285581,5.0005798351,209.0675211718,5.875,6.875,0.9670104984
,2024-10-26T15:28:28.000Z,-25.4089025164,28.3380759899,1140.1019597594,4.453628541,215.4451819638,5.25,2.4375,-
,2024-10-26T15:28:29.000Z,-25.4089150893,28.3380255308,1140.3272100036,4.5762939463,236.0778210116,5.25,2.4375,1.0779724126
,2024-10-26T15:28:30.000Z,-25.4089194898,28.3379705455,1140.4227910583,4.8645477306,252.5026321812,5.1875,2.5,1.2550964361
,2024-10-26T15:28:30.999Z,-25.4089165561,28.3379057534,1140.6244817323,5.5989532483,265.0931563286,5.1875,2.5625,1.749114991
,2024-10-26T15:28:31.999Z,-25.4089184001,28.3378320765,1140.857361371,6.578308107,266.2247653925,5.125,2.625,-
,2024-10-26T15:28:32.999Z,-25.4089257343,28.3377524484,1140.7691045351,7.1609497086,263.7692835889,5.125,2.625,2.3780212413
,2024-10-26T15:28:33.999Z,-25.4089377204,28.3376795259,1140.8717961855,7.1683349626,260.8358892195,5.1875,2.5625,2.6026306164
,2024-10-26T15:28:34.999Z,-25.4089522211,28.3376127221,1140.8509221621,6.9779968277,257.5728999771,5.125,2.625,2.777069093
,2024-10-26T15:28:35.999Z,-25.4089731758,28.3375454154,1140.9457707949,6.9534454361,254.480201419,5.125,2.625,-
,2024-10-26T15:28:36.999Z,-25.4089955136,28.3374795337,1140.6000981873,6.7198791519,250.7997253376,5.125,2.6875,3.0227966322
,2024-10-26T15:28:37.999Z,-25.4090249341,28.3374225367,1140.786255414,6.5354156509,242.4609750514,5.0625,2.8125,3.0439147963
,2024-10-26T15:28:38.999Z,-25.4090661731,28.3373777774,1140.6788030214,6.3747711196,232.1611352712,5.0625,2.75,3.0993347182
,2024-10-26T15:28:39.999Z,-25.409112064,28.3373377119,1140.8165288515,6.30168152,223.6246280613,5.0625,2.75,-
,2024-10-26T15:28:40.999Z,-25.4091682646,28.3373100516,1140.7372441835,6.4759216323,212.9402609292,5.125,2.6875,3.1364440932
,2024-10-26T15:28:41.999Z,-25.4092334758,28.3372838162,1141.2747502873,7.0679321305,205.8210116731,5.125,2.6875,3.1786804214
,2024-10-26T15:28:42.999Z,-25.4093118047,28.3372674715,1141.3513188908,8.0549011249,198.7237354085,5.125,2.6875,3.2288513198
,2024-10-26T15:28:43.999Z,-25.409399228,28.3372381348,1141.5399175237,9.0837860128,197.6470588235,5.0625,2.75,3.3821716324
,2024-10-26T15:28:44.999Z,-25.409486316,28.337221874,1142.1278997017,9.2969818136,194.5488670176,5.125,2.6875,3.6040954606
,2024-10-26T15:28:45.999Z,-25.4095671175,28.3372072056,1141.2098699161,9.1863098165,192.2362096589,5.125,2.625,3.8815612811
,2024-10-26T15:28:46.999Z,-25.4096449854,28.3371917829,1141.2977300236,9.0710296651,191.6923781185,5.1875,2.5,4.0612487811
,2024-10-26T15:28:47.999Z,-25.4097233143,28.3371746838,1141.738831098,9.0115356466,191.6374456397,5.1875,2.5625,4.2330017109
,2024-10-26T15:28:48.999Z,-25.4098007631,28.3371545673,1141.9583745552,8.9982299825,192.0384527351,5.1875,2.5,4.3492126485
,2024-10-26T15:28:49.999Z,-25.4098782957,28.3371365462,1141.5316777776,8.893737795,192.137331197,5.1875,2.5625,4.3650817891
,2024-10-26T15:28:50.999Z,-25.4099528527,28.3371164296,1141.4932866643,8.7136230489,192.4834058136,5.1875,2.5625,4.3993835469
,2024-10-26T15:28:51.999Z,-25.410028667,28.3371020966,1141.9174199653,8.6630859395,191.4067292286,5.125,2.625,4.4363708516
,2024-10-26T15:28:52.999Z,-25.4101038946,28.3370866739,1141.8124089789,8.5923767109,191.1869993133,5.125,2.625,4.4998474142
,2024-10-26T15:28:53.999Z,-25.4101786192,28.3370715026,1141.9780889106,8.577255251,191.620965896,5.125,2.625,4.510345461
,2024-10-26T15:28:54.999Z,-25.4102520866,28.3370526433,1142.5937810496,8.4625854511,192.373540856,5.125,2.625,4.5182800314
,2024-10-26T15:28:55.999Z,-25.4103268532,28.3370372206,1142.3264165475,8.5321197529,192.2856488899,5.125,2.625,4.5685730001
,2024-10-26T15:28:56.998Z,-25.4104010331,28.3370265756,1142.8471685009,8.4258117695,191.0331883726,5.125,2.625,4.647796633
,2024-10-26T15:28:57.998Z,-25.4104770569,28.3370119911,1142.5740666941,8.4525756855,190.7200732433,5.1875,2.625,4.7719421408
,2024-10-26T15:28:58.998Z,-25.4105527874,28.3369988315,1142.9791875439,8.3880767841,190.1322957198,5.25,2.5625,4.8776550315
,2024-10-26T15:28:59.998Z,-25.4106248299,28.3369818162,1142.9786382275,8.3311157245,190.6431677729,5.25,2.5625,5.0124206566
,2024-10-26T15:29:00.998Z,-25.4106970819,28.3369664774,1143.1310124952,8.2116699237,190.8793774319,5.1875,2.625,5.1022644066
,2024-10-26T15:29:01.998Z,-25.4107661488,28.3369531501,1143.4398809035,8.0546417255,191.0551613641,5.125,2.625,5.2079772973
,2024-10-26T15:29:02.998Z,-25.4108358443,28.3369446844,1143.4663091262,7.8949127215,190.02792401,5.125,2.625,5.2846374536
,2024-10-26T15:29:03.998Z,-25.4109033605,28.3369275853,1143.9250188432,7.7759094256,190.8134584573,5.125,2.625,5.4167175318
,2024-10-26T15:29:04.998Z,-25.4109725112,28.3369075526,1144.0414128862,7.8003692645,192.0329594872,5.1875,2.5625,5.524993899
,2024-10-26T15:29:05.998Z,-25.4110354174,28.3368936386,1144.0458074175,7.5903625505,192.3790341039,5.25,2.5625,5.6862487819
,2024-10-26T15:29:06.998Z,-25.4110940069,28.3368797247,1143.9099431596,7.1432495133,192.7635614557,5.1875,2.5625,5.8103942898
,2024-10-26T15:29:07.998Z,-25.4111520097,28.336859189,1144.2858586871,6.8269500748,193.7962920576,5.1875,2.5625,5.9029235867
,2024-10-26T15:29:08.998Z,-25.4112057796,28.3368508909,1144.7701421346,6.6951904312,191.6923781185,5.1875,2.5,5.9451599148
,2024-10-26T15:29:09.998Z,-25.4112564482,28.3368422576,1145.1158757773,6.4057922378,187.8361181048,5.1875,2.625,5.9848327664
,2024-10-26T15:29:10.998Z,-25.4113138223,28.336842509,1145.3540654747,6.4047241225,181.5408560311,5.125,2.625,6.0719909696
,2024-10-26T15:29:11.998Z,-25.4113736691,28.3368605301,1144.9666448202,6.4567260757,171.0322728313,5.125,2.6875,6.1591491727
,2024-10-26T15:29:12.998Z,-25.411435318,28.3368797247,1145.2601628868,6.6074981704,165.0391393911,5.125,2.6875,6.2040710478
,2024-10-26T15:29:13.998Z,-25.4114959192,28.3369137552,1145.4281621544,6.9427795426,159.655756466,5.125,2.625,6.2754821806
,2024-10-26T15:29:14.998Z,-25.4115419777,28.336965723,1145.8729253382,6.9655914322,150.4161135271,5.125,2.625,6.3229675322
,2024-10-26T15:29:15.998Z,-25.4115906766,28.3370202054,1145.4249883263,7.3417511003,145.8127718013,5.125,2.625,6.3229675322
,2024-10-26T15:29:16.998Z,-25.4116402136,28.3370709159,1145.671692428,7.420623781,143.390249485,5.1875,2.625,6.3283386259
,2024-10-26T15:29:17.998Z,-25.4116871942,28.337114837,1145.5936589807,7.1753234879,141.747768368,5.1875,2.5625,6.34945679
,2024-10-26T15:29:18.998Z,-25.4117357673,28.3371564113,1145.7437139124,7.0584716813,141.4456397344,5.125,2.625,6.373260501
,2024-10-26T15:29:19.998Z,-25.4117874417,28.3372011707,1145.7493291468,7.1790008561,141.4401464866,5.125,2.625,6.3891296416
,2024-10-26T15:29:20.998Z,-25.4118376074,28.3372460138,1145.5196843713,7.1876068131,141.1435111009,5.1875,2.625,6.3891296416
,2024-10-26T15:29:21.998Z,-25.4118868511,28.3372880072,1145.7922978968,7.0804901139,141.3632410162,5.1875,2.5,6.373260501
,2024-10-26T15:29:22.998Z,-25.4119378131,28.3373306711,1145.304779586,7.1395721452,141.4840924696,5.1875,2.5,6.3467712431
,2024-10-26T15:29:23.998Z,-25.4119856318,28.3373738379,1145.5507817834,7.1046752946,140.9182879377,5.1875,2.5,6.3151550322
,2024-10-26T15:29:24.997Z,-25.4120362166,28.3374158312,1145.8948064418,7.1371612565,141.5335317006,5.25,2.375,6.3097839384
,2024-10-26T15:29:25.997Z,-25.4120842868,28.3374642786,1145.50747734,7.2102508561,140.4019226367,5.25,2.375,6.3097839384
,2024-10-26T15:29:26.997Z,-25.4121384339,28.3375056014,1145.3741155235,7.1465606706,141.4511329823,5.25,2.4375,6.3309021025
,2024-10-26T15:29:27.997Z,-25.4121894797,28.3375492711,1145.2091374961,7.2054290788,141.4840924696,5.25,2.375,6.34945679
,2024-10-26T15:29:28.997Z,-25.4122425372,28.337595623,1145.0155950156,7.2815551774,141.5664911879,5.25,2.375,6.4207458525
,2024-10-26T15:29:29.997Z,-25.4122941697,28.3376347665,1145.2536016075,7.1509704606,142.6651407644,5.25,2.375,6.4604187041
,2024-10-26T15:29:30.997Z,-25.412341737,28.3376804479,1145.0229497519,7.0527954117,141.9949645227,5.25,2.375,6.4736022979
,2024-10-26T15:29:31.997Z,-25.4123860773,28.3377201781,1145.2860723106,6.7520141617,141.8027008468,5.1875,2.5,6.4736022979
,2024-10-26T15:29:32.997Z,-25.4124326387,28.3377607465,1145.1206670371,6.5359649673,141.4950789654,5.25,2.5,6.463104251
,2024-10-26T15:29:33.997Z,-25.4124787811,28.3378079366,1145.140350875,6.689346315,140.4788281071,5.1875,2.5,6.3996276885
,2024-10-26T15:29:34.997Z,-25.4125211097,28.3378464934,1145.4548955529,6.5596160903,140.6436255436,5.1875,2.5,6.3467712431
,2024-10-26T15:29:35.997Z,-25.4125653243,28.3378842119,1145.6363835901,6.4552917495,141.1160448615,5.25,2.4375,6.3124694853
,2024-10-26T15:29:36.997Z,-25.4126157414,28.3379188292,1146.2165532681,6.4391632095,142.8464179446,5.25,2.375,6.3124694853
,2024-10-26T15:29:37.997Z,-25.4126670387,28.337958308,1145.8689580531,6.5576324478,143.3078507667,5.25,2.4375,6.3229675322
,2024-10-26T15:29:38.997Z,-25.4127105827,28.3380049952,1146.3967900846,6.5676574722,141.511558709,5.1875,2.5625,6.373260501
,2024-10-26T15:29:39.997Z,-25.4127546715,28.3380535264,1146.3437505338,6.6145019546,139.9789425497,5.1875,2.5625,6.463104251
,2024-10-26T15:29:40.997Z,-25.4128096148,28.3380952683,1146.324493942,6.8759765641,141.6433966582,5.1875,2.5625,6.5212097198
,2024-10-26T15:29:41.997Z,-25.412857266,28.3381355852,1146.7743230437,6.9356689469,141.6214236667,5.1875,2.5,6.5924987823
,2024-10-26T15:29:42.997Z,-25.4129044142,28.3381779138,1147.0647283173,7.0269317643,141.0116731517,5.25,2.4375,6.629486087
,2024-10-26T15:29:43.997Z,-25.4129650153,28.3382266127,1146.8271794891,7.8273315447,141.2039368276,5.25,2.4375,6.743133548
,2024-10-26T15:29:44.997Z,-25.4130273348,28.3382803407,1146.6683354948,8.1884460468,142.0553902494,5.25,2.375,6.8171081574
,2024-10-26T15:29:45.997Z,-25.4130830744,28.33833717,1147.0021367645,8.2032775898,141.8960860608,5.3125,2.25,6.9360046419
,2024-10-26T15:29:46.997Z,-25.4131363414,28.3383929096,1147.245819626,8.339691164,140.2645914396,5.4375,2.1875,7.0074157747
,2024-10-26T15:29:47.997Z,-25.4131938413,28.3384458833,1147.7457585911,8.4997711201,140.4898146028,5.5625,2.125,7.1183776888
,2024-10-26T15:29:48.997Z,-25.4132548196,28.3385050595,1147.8558354954,8.7193908711,140.3085374227,5.5625,2.1875,7.2821960483
,2024-10-26T15:29:49.997Z,-25.4133203242,28.3385615535,1147.4392705538,8.8385467549,140.577706569,5.625,2.125,7.522674564
,2024-10-26T15:29:50.997Z,-25.4133883433,28.3386143595,1147.2459722139,8.8951416036,141.4456397344,5.5625,2.1875,7.7445983922
,2024-10-26T15:29:51.997Z,-25.4134476034,28.3386719432,1147.7724919895,8.7659912129,141.0501258869,5.5,2.1875,7.9744567908
,2024-10-26T15:29:52.997Z,-25.4135057738,28.3387201391,1147.8960576634,8.5512390156,141.2973220416,5.4375,2.1875,8.2096862831
,2024-10-26T15:29:53.996Z,-25.4135641957,28.3387659882,1147.8111882786,8.3942718525,141.9620050354,5.5,2.1875,8.3470153847
,2024-10-26T15:29:54.996Z,-25.4136136489,28.3388178721,1148.0611882787,8.0736694354,141.1435111009,5.5,2.1875,8.4316101113
,2024-10-26T15:29:55.996Z,-25.4136698076,28.3388668225,1147.7786565403,8.0179748553,141.0611123826,5.375,2.1875,8.5028991738
,2024-10-26T15:29:56.996Z,-25.4137289001,28.3389163595,1147.9355779271,8.0775909442,141.7587548638,5.375,2.25,8.5874939004
,2024-10-26T15:29:57.996Z,-25.4137856456,28.3389683273,1148.3866887671,8.1187744159,142.1322957198,5.3125,2.25,8.6852722208
,2024-10-26T15:29:58.996Z,-25.4138430197,28.3390220553,1148.6801152809,8.1925659198,141.7642481116,5.25,2.3125,8.7989196818
,2024-10-26T15:29:59.996Z,-25.4138968315,28.3390710894,1148.8583684549,8.0817718524,142.3135728999,5.3125,2.3125,8.9416198772
,2024-10-26T15:30:00.996Z,-25.4139550019,28.339113418,1149.0098882303,7.9990844745,145.0876630807,5.25,2.375,9.0841980022
,2024-10-26T15:30:01.996Z,-25.4140117055,28.3391524777,1149.3175664531,7.8469848651,148.2188143739,5.25,2.375,9.2929382367
,2024-10-26T15:30:02.996Z,-25.4140757432,28.3391844128,1149.4546514141,7.687118532,150.092011902,5.3125,2.3125,9.5070495649
,2024-10-26T15:30:03.996Z,-25.4141413316,28.3392140847,1149.4560552227,7.6747741717,151.6520943007,5.375,2.3125,9.7104187056
,2024-10-26T15:30:04.996Z,-25.4142012203,28.339238476,1149.5613713849,7.4594573991,152.8770885786,5.3125,2.3125,9.8743591354
,2024-10-26T15:30:06.000Z,-25.4142547388,28.3392730095,1149.8509832014,7.3361969011,151.9926756694,5.25,2.375,10.0513610886
,2024-10-26T15:30:07.000Z,-25.4143090116,28.3393105604,1149.9429021468,7.4292755144,152.1135271229,5.25,2.4375,10.1729431199
,2024-10-26T15:30:08.000Z,-25.4143671401,28.339337634,1149.8173833479,7.2622833268,154.497596704,5.25,2.4375,10.2626647997
,2024-10-26T15:30:09.000Z,-25.414419988,28.3393613547,1149.7687993635,6.6981353775,156.370794232,5.3125,2.375,10.3551940966
,2024-10-26T15:30:10.000Z,-25.4144722072,28.339376526,1149.8505254377,6.1887817397,158.5900663767,5.25,2.4375,10.3974304247
,2024-10-26T15:30:11.000Z,-25.4145180982,28.3393804655,1150.4433599107,5.5300445569,157.3650720988,5.25,2.4375,10.4107360888
,2024-10-26T15:30:12.000Z,-25.414560762,28.3394046054,1150.7198491686,5.0821990978,148.4769970244,5.375,2.375,10.4318542529
,2024-10-26T15:30:13.000Z,-25.4145889672,28.3394462634,1151.0780950184,4.9020233165,138.9901579308,5.5,2.3125,10.4477233935
,2024-10-26T15:30:14.000Z,-25.4146002408,28.3395102173,1150.9930425281,5.508193971,128.3332570382,5.375,2.375,10.5269470263
,2024-10-26T15:30:15.000Z,-25.4146245483,28.339555312,1151.2789006825,5.8246917738,131.5632867933,5.25,2.375,10.6353454639
,2024-10-26T15:30:16.000Z,-25.4146739177,28.3395937011,1151.6246343253,6.3536071792,140.6491187914,5.1875,2.5,10.7304382374
,2024-10-26T15:30:17.000Z,-25.4147297831,28.3396199365,1151.5018010733,6.4724426284,145.9610894941,5.1875,2.5625,10.867767339
,2024-10-26T15:30:18.000Z,-25.4147892946,28.339656733,1151.993591845,6.8524322525,144.9887846189,5.125,2.625,11.0052185109
,2024-10-26T15:30:19.000Z,-25.4148534162,28.3397045937,1152.1147466302,7.6356353777,143.3792629892,5.125,2.625,11.1320495657
,2024-10-26T15:30:20.000Z,-25.4149176635,28.3397641052,1152.0710149407,8.2812194843,141.1819638361,5.125,2.6875,11.3169860892
,2024-10-26T15:30:21.000Z,-25.4149790609,28.3398237843,1151.7991643547,8.7009124776,140.6875715266,5.125,2.6875,11.5046081596
,2024-10-26T15:30:22.000Z,-25.4150350939,28.3398932703,1152.0813603997,8.938949587,136.5676356145,5.125,2.6875,11.6578064019
,2024-10-26T15:30:22.999Z,-25.4150889058,28.3399656061,1152.1165471673,9.0456848165,132.700389105,5.125,2.6875,11.7900085504
,2024-10-26T15:30:23.999Z,-25.4151406221,28.3400316555,1152.2695317865,9.0015869161,132.3323414969,5.125,2.6875,11.9114685114
,2024-10-26T15:30:24.999Z,-25.4152000917,28.3401008062,1152.2915654779,9.3762207053,134.9910734721,5.125,2.625,11.9908142145
,2024-10-26T15:30:25.999Z,-25.4152639618,28.340156043,1152.8374028805,9.3216094992,137.7322041657,5.125,2.625,12.085906988
,2024-10-26T15:30:26.999Z,-25.4153349984,28.3402144648,1152.6770024898,9.4669036887,139.4570840009,5.1875,2.5625,12.2392273006
,2024-10-26T15:30:27.999Z,-25.4154001258,28.3402740602,1153.441986621,9.3644409201,139.1439688715,5.1875,2.5,12.4743347226
,2024-10-26T15:30:28.999Z,-25.4154700309,28.3403338231,1152.6464543941,9.4041900656,140.3469901579,5.1875,2.5,12.6803894102
,2024-10-26T15:30:29.999Z,-25.4155331047,28.3403920774,1153.034424365,9.147933962,140.0448615243,5.25,2.4375,12.8521423399
,2024-10-26T15:30:30.999Z,-25.4155981902,28.3404509183,1153.5228582031,9.0692749044,140.0558480201,5.3125,2.375,12.9473571837
,2024-10-26T15:30:31.999Z,-25.4156638205,28.3405025509,1153.0470891599,9.0267334005,141.0775921263,5.25,2.4375,13.0213317931
,2024-10-26T15:30:32.999Z,-25.4157294089,28.3405582067,1153.1925969725,9.0536193868,141.4346532387,5.25,2.4375,13.0213317931
,2024-10-26T15:30:33.999Z,-25.4157884594,28.3406128567,1153.2886357909,8.9538116475,141.2588693064,5.25,2.4375,13.0186462462
,2024-10-26T15:30:34.999Z,-25.4158517847,28.3406690993,1153.4457402832,8.9514160177,141.044632639,5.1875,2.5,13.0186462462
,2024-10-26T15:30:35.999Z,-25.4159147747,28.3407240846,1153.450745166,8.9083404561,141.3577477683,5.1875,2.5,13.145477301
,2024-10-26T15:30:36.999Z,-25.4159755854,28.3407796566,1153.2368474608,8.7283630391,141.5774776836,5.25,2.4375,13.2749939026
,2024-10-26T15:30:37.999Z,-25.4160388688,28.3408260085,1153.5656743652,8.5352172871,142.731059739,5.25,2.4375,13.3780212464
,2024-10-26T15:30:38.999Z,-25.4161019845,28.3408782278,1153.43670708,8.5700073262,142.8628976882,5.25,2.4375,13.5259704652
,2024-10-26T15:30:39.999Z,-25.4161653098,28.3409314528,1153.9118047365,8.6858215352,142.5992217898,5.25,2.4375,13.6686706606
,2024-10-26T15:30:40.999Z,-25.4162334127,28.3409859352,1153.6582036622,8.890914919,142.7969787136,5.25,2.5,13.7743835513
,2024-10-26T15:30:41.999Z,-25.4162924213,28.3410412558,1154.283600391,8.7230529805,141.4291599908,5.25,2.4375,13.8826599185
,2024-10-26T15:30:42.999Z,-25.4163544055,28.3410935588,1153.9167791017,8.6762695332,141.6708628976,5.1875,2.5,14.0121765201
,2024-10-26T15:30:43.999Z,-25.4164151324,28.3411467001,1154.2126775394,8.5662078877,142.0224307621,5.1875,2.5625,14.1178894108
,2024-10-26T15:30:44.999Z,-25.4164727999,28.3411991708,1154.5245977055,8.4590148945,141.2149233234,5.1875,2.5625,14.2420349187
,2024-10-26T15:30:45.999Z,-25.4165312637,28.3412527312,1154.7508550299,8.5997161885,140.6601052872,5.1875,2.625,14.3371276922
,2024-10-26T15:30:46.999Z,-25.416594547,28.3413062916,1154.9692083014,8.7795410176,141.0830853742,5.1875,2.5625,14.4032898016
,2024-10-26T15:30:47.999Z,-25.416655693,28.341356583,1155.1772771492,8.8713684102,141.3412680247,5.125,2.625,14.477264411
,2024-10-26T15:30:48.999Z,-25.416719144,28.3414131608,1155.2760625496,9.0514984151,141.0720988784,5.1875,2.5625,14.6145935126
,2024-10-26T15:30:49.999Z,-25.4167804576,28.3414663859,1154.9971318854,8.9522552511,141.1050583657,5.1875,2.5625,14.7388610908
,2024-10-26T15:30:50.999Z,-25.4168434057,28.3415180184,1155.8427129405,8.8418579122,141.5664911879,5.125,2.625,14.8312683174
,2024-10-26T15:30:51.999Z,-25.4169045936,28.3415692319,1155.387512745,8.6948089619,141.8081940947,5.125,2.625,14.9555358956
,2024-10-26T15:30:52.998Z,-25.416967416,28.3416232113,1155.1978459969,8.7152709981,141.7257953765,5.125,2.625,15.0717468331
,2024-10-26T15:30:53.998Z,-25.4170303222,28.3416776099,1155.8215947765,8.6977539082,141.654383154,5.1875,2.5625,15.1404724191
,2024-10-26T15:30:54.998Z,-25.4170900432,28.3417304997,1155.7048650401,8.5131835957,141.4126802471,5.1875,2.5625,15.2249450754
,2024-10-26T15:30:55.998Z,-25.4171495967,28.3417890054,1155.5806279795,8.5670471211,140.6051728084,5.1875,2.5625,15.3201599192
,2024-10-26T15:30:56.998Z,-25.4172098206,28.3418427334,1155.7427678721,8.5572662373,140.5886930647,5.1875,2.5625,15.3703308177
,2024-10-26T15:30:57.998Z,-25.4172693741,28.3418973834,1155.4380193368,8.5491027851,140.6326390478,5.1875,2.5,15.4760437083
,2024-10-26T15:30:58.998Z,-25.4173312325,28.3419541288,1155.6590276377,8.6159362813,140.2755779354,5.1875,2.5,15.5976257396
,2024-10-26T15:30:59.998Z,-25.4173934681,28.3420066834,1156.0596624035,8.6534576436,140.7919432364,5.1875,2.5,15.671600349
,2024-10-26T15:31:00.998Z,-25.4174508423,28.3420630936,1155.9735723156,8.5688781758,140.4953078507,5.25,2.4375,15.7349548413
,2024-10-26T15:31:01.998Z,-25.4175108986,28.3421158996,1156.3085332532,8.3310394306,140.8358892195,5.25,2.4375,15.8247985913
,2024-10-26T15:31:02.998Z,-25.4175693205,28.3421639279,1156.368591847,8.1375274677,141.231403067,5.1875,2.5,15.9198913648
,2024-10-26T15:31:03.998Z,-25.4176309275,28.3422149737,1156.8662725113,8.1313781757,141.4291599908,5.1875,2.5,15.9886169508
,2024-10-26T15:31:04.998Z,-25.4176858708,28.3422686179,1156.4978948256,7.9399566668,141.2973220416,5.1875,2.5,16.1524353102
,2024-10-26T15:31:05.998Z,-25.417740898,28.3423220944,1156.5267034194,7.7640075701,141.6269169146,5.1875,2.5,16.2898864821
,2024-10-26T15:31:06.998Z,-25.417796931,28.3423664347,1156.6906438491,7.5203094499,142.5992217898,5.1875,2.5,16.3638610916
,2024-10-26T15:31:07.998Z,-25.4178470967,28.342411194,1156.690796437,7.0552215592,142.7420462348,5.1875,2.5,16.4192810135
,2024-10-26T15:31:08.998Z,-25.417903004,28.3424514272,1156.5437017104,6.7794189468,143.5495536736,5.1875,2.5,16.4192810135
,2024-10-26T15:31:09.998Z,-25.4179509066,28.3424932529,1156.6163945815,6.2187500014,143.8846417944,5.25,2.375,16.3929138259
,2024-10-26T15:31:10.998Z,-25.4179898405,28.3425280378,1156.6365361831,5.4414367688,145.2030212863,5.25,2.375,16.3215026931
,2024-10-26T15:31:11.998Z,-25.4180308281,28.342545053,1156.8057866714,4.564819337,160.8368047608,5.375,2.1875,16.2528991774
,2024-10-26T15:31:12.998Z,-25.4180715222,28.3425521776,1157.0141301774,3.9387664804,173.0977340352,5.5625,2.1875,16.2132263259
,2024-10-26T15:31:13.998Z,-25.4181004817,28.3425370064,1157.5888677265,3.0449371344,192.0329594872,5.5,2.1875,16.2132263259
,2024-10-26T15:31:14.998Z,-25.4181125097,28.3425085079,1157.5500798847,2.7610015875,216.5053788052,5.4375,2.3125,16.2608337478
,2024-10-26T15:31:15.998Z,-25.4181278905,28.3424696997,1157.8654180196,3.2806091316,232.4248111696,5.375,2.3125,16.4008483963
,2024-10-26T15:31:16.998Z,-25.4181428103,28.3424145468,1157.5287786151,3.8441467294,237.6104371709,5.375,2.3125,16.5751648026
,2024-10-26T15:31:17.998Z,-25.4181781819,28.342382025,1157.174896779,4.3231811533,221.4657816433,5.375,2.3125,16.717864998
,2024-10-26T15:31:18.998Z,-25.4182242405,28.3423712123,1157.1733403826,4.9159240734,200.388189517,5.3125,2.3125,16.8421325762
,2024-10-26T15:31:19.998Z,-25.4182773398,28.3423628304,1157.4958196307,5.5580139173,193.9885557335,5.375,2.3125,16.9319763262
,2024-10-26T15:31:20.998Z,-25.4183398688,28.3423499223,1157.5840764667,6.133636476,193.9885557335,5.25,2.375,17.0218200762
,2024-10-26T15:31:21.997Z,-25.4183944769,28.3423230164,1157.5104985858,6.3094635024,203.8434424353,5.1875,2.5625,17.1221618732
,2024-10-26T15:31:22.997Z,-25.4184407869,28.3422915004,1157.6352239277,6.3176269545,211.4351110093,5.1875,2.5625,17.283416756
,2024-10-26T15:31:23.997Z,-25.4184892343,28.3422420472,1157.898956838,6.4548034682,219.6035706111,5.1875,2.625,17.4524841389
,2024-10-26T15:31:24.997Z,-25.4185316887,28.3421974555,1157.834351125,5.9745025648,222.4051270313,5.125,2.625,17.700897225
,2024-10-26T15:31:25.997Z,-25.4185707483,28.3421501816,1157.837463918,5.4189758313,223.5367360952,5.125,2.6875,17.9096374595
,2024-10-26T15:31:26.997Z,-25.4186014261,28.3421135526,1157.953644338,4.8670349132,223.5037766079,5.0625,2.75,18.0310974205
,2024-10-26T15:31:27.997Z,-25.4186313076,28.3420841322,1157.9870610861,4.488281251,221.9382009613,5.0625,2.75,18.1104431236
,2024-10-26T15:31:28.997Z,-25.4186621949,28.3420615848,1158.2174993186,4.3723144541,219.4497596704,5.0625,2.75,18.1606140221
,2024-10-26T15:31:29.997Z,-25.418693208,28.3420409654,1158.2634893088,4.361831666,217.1096360723,5.0625,2.8125,18.1658630455
,2024-10-26T15:31:30.997Z,-25.4187278671,28.3420190886,1158.4635930687,4.4296569834,214.4234378576,5.0625,2.8125,18.1737976158
,2024-10-26T15:31:31.997Z,-25.4187625682,28.3419987206,1158.5339971215,4.5255432139,212.6546120393,5.0625,2.8125,18.2742614831
,2024-10-26T15:31:32.997Z,-25.4187986104,28.341975838,1158.6860356958,4.6777954112,212.1437399862,5.0625,2.8125,18.4090271081
,2024-10-26T15:31:33.997Z,-25.4188382568,28.341952201,1158.749603811,4.846862794,211.451590753,5.0,2.8125,18.5728454676
,2024-10-26T15:31:34.997Z,-25.4188786576,28.3419273906,1158.9551091822,4.9782104503,210.7649347676,5.0,2.875,18.7392273036
,2024-10-26T15:31:35.997Z,-25.4189200642,28.3419005685,1159.0158696803,5.1232299816,210.2925154497,5.0,2.875,18.8846130459
,2024-10-26T15:31:36.997Z,-25.4189635243,28.3418755066,1159.082947317,5.2556915295,209.5564202334,5.0,2.875,19.0484314053
,2024-10-26T15:31:37.997Z,-25.4190093733,28.3418518696,1159.2442327175,5.3565063489,208.0512703135,5.0,2.875,19.2387390226
,2024-10-26T15:31:38.997Z,-25.4190556414,28.3418347705,1159.1821904811,5.4293823254,202.9260700389,5.0,2.8125,19.4051208586
,2024-10-26T15:31:39.997Z,-25.4191059748,28.3418353573,1159.3138433132,5.5363159192,188.6491187914,5.0625,2.8125,19.5848083587
,2024-10-26T15:31:40.997Z,-25.4191558052,28.3418403864,1159.3537297879,5.5661468518,183.1888303959,5.0625,2.75,19.7406921478
,2024-10-26T15:31:41.997Z,-25.4192028696,28.3418540489,1159.3086248074,5.5769958509,177.1407644769,5.0625,2.8125,19.841156015
,2024-10-26T15:31:42.997Z,-25.4192542087,28.3418695554,1159.457459036,5.7424469007,172.3616388189,5.0625,2.8125,19.8860778901
,2024-10-26T15:31:43.997Z,-25.4193069728,28.3418831341,1159.5052190457,5.9015960707,170.6861982146,5.0625,2.75,19.9151306245
,2024-10-26T15:31:44.997Z,-25.4193577252,28.3418962937,1159.4913640653,5.9845123304,170.3950560769,5.0625,2.75,19.9309997651
,2024-10-26T15:31:45.997Z,-25.4194119561,28.3419064358,1159.6461797392,6.0704040541,173.2899977111,5.125,2.6875,19.941497812
,2024-10-26T15:31:46.997Z,-25.4194663128,28.3419094533,1159.743347708,6.1463470473,178.6019684138,5.125,2.6875,19.9573669526
,2024-10-26T15:31:47.997Z,-25.4195172329,28.3419049271,1159.8338933623,6.1030578627,183.5788509956,5.0625,2.8125,20.0049743745
,2024-10-26T15:31:48.997Z,-25.4195741041,28.3418908455,1159.9121404327,6.1850128188,187.7097734035,5.0,2.875,20.0472107026
,2024-10-26T15:31:49.997Z,-25.4196269939,28.341879027,1159.9791265167,6.1828613295,189.7587548638,5.0,2.875,20.0868835542
,2024-10-26T15:31:50.997Z,-25.4196810152,28.3418659512,1160.0532842315,6.1738891615,191.2639047837,5.0,2.875,20.1635437105
,2024-10-26T15:31:51.996Z,-25.4197336117,28.3418502771,1160.1478887238,6.1020660414,193.9610894941,5.0,2.875,20.2375183199
,2024-10-26T15:31:52.996Z,-25.419783484,28.3418265563,1160.2570195832,6.1817321791,198.4490730144,5.0,2.875,20.3326110934
,2024-10-26T15:31:53.996Z,-25.4198340688,28.3418010753,1160.5023809114,6.268981935,201.3220416571,5.0,2.875,20.4515075778
,2024-10-26T15:31:54.996Z,-25.4198851565,28.3417722415,1160.5598760287,6.5595855728,204.1126115815,5.0,2.8125,20.6364441014
,2024-10-26T15:31:55.996Z,-25.4199348612,28.3417360317,1160.6494146029,6.9738006608,204.8487067978,5.0,2.8125,20.810882578
,2024-10-26T15:31:56.996Z,-25.4199993599,28.3417167533,1160.8199773471,7.4362640398,195.230029755,5.0625,2.8125,20.9535827734
,2024-10-26T15:31:57.996Z,-25.4200657446,28.341698397,1161.0996099156,7.7176055926,193.5051499198,5.0625,2.75,21.1015319922
,2024-10-26T15:31:58.996Z,-25.4201287346,28.3416812979,1161.2234807653,7.6783599871,193.5490959029,5.0625,2.8125,21.2653503516
,2024-10-26T15:31:59.996Z,-25.4201923952,28.3416593373,1161.3820195837,7.5895233171,196.1803616388,5.0,2.875,21.4264831642
,2024-10-26T15:32:00.996Z,-25.420255469,28.3416324314,1161.6526494667,7.5338134783,198.9599450675,5.0,2.875,21.5691833596
,2024-10-26T15:32:01.996Z,-25.4203170341,28.3416056931,1161.7061162636,7.4115448015,200.014648661,5.0,2.875,21.7383728128
,2024-10-26T15:32:02.996Z,-25.4203794792,28.341583062,1161.7901006386,7.4162902849,197.0812542915,5.0625,2.8125,21.8809509379
,2024-10-26T15:32:03.996Z,-25.4204426369,28.3415706568,1161.9910588907,7.2928619401,192.5163653009,5.0625,2.75,21.9972839457
,2024-10-26T15:32:04.996Z,-25.4205034895,28.3415561561,1162.2383123087,6.7097015396,192.186770428,5.0625,2.75,22.0871276958
,2024-10-26T15:32:05.996Z,-25.420555122,28.3415387217,1162.2355046915,5.9273681654,195.2410162508,5.0625,2.8125,22.1690368755
,2024-10-26T15:32:06.996Z,-25.4206005938,28.3415160068,1162.379791801,5.280975343,198.7292286564,5.0625,2.8125,22.2350769146
,2024-10-26T15:32:07.996Z,-25.4206368875,28.3414984886,1162.5400396038,4.201019288,199.3609521629,5.0625,2.75,22.2588806255
,2024-10-26T15:32:08.996Z,-25.4206595605,28.3414891847,1162.4981084514,2.872222901,198.4490730144,5.125,2.6875,22.2588806255
,2024-10-26T15:32:09.996Z,-25.4206716724,28.3414812219,1162.6129766156,1.8855133061,199.075303273,5.125,2.625,22.1849060161
,2024-10-26T15:32:10.996Z,-25.4206797609,28.3414779529,1162.6240239788,1.4192352298,198.9764248111,5.1875,2.5625,22.0896911723
,2024-10-26T15:32:11.996Z,-25.4206888972,28.3414768633,1162.7828374555,0.9909362795,198.9654383154,5.25,2.5,22.0184021098
,2024-10-26T15:32:12.996Z,-25.4206951836,28.3414709121,1162.9117437055,0.7588958742,198.9654383154,5.3125,2.4375,21.9761657817
,2024-10-26T15:32:13.996Z,-25.4207003804,28.3414657992,1162.9668889692,0.5896606446,198.9654383154,5.3125,2.4375,21.9761657817
,2024-10-26T15:32:14.996Z,-25.4207003804,28.3414693196,1162.995697563,0.2930603028,198.9654383154,5.1875,2.5,22.0077819926
,2024-10-26T15:32:15.996Z,-25.4207028531,28.3414657992,1163.0832219771,0.2010803223,198.9654383154,5.1875,2.5625,22.0660095317
,2024-10-26T15:32:16.996Z,-25.4207016796,28.3414663859,1163.1144414595,0.2277069092,198.9654383154,5.1875,2.5625,22.0871276958
,2024-10-26T15:32:17.996Z,-25.4207012186,28.3414642904,1163.1014104537,0.2267150879,198.9654383154,5.1875,2.5625,22.0896911723
,2024-10-26T15:32:18.996Z,-25.4207037332,28.3414592613,1163.2248540572,0.443725586,198.9654383154,5.1875,2.5,22.0976257427
,2024-10-26T15:32:19.996Z,-25.4207080498,28.3414611891,1163.278259819,0.9713439943,198.9654383154,5.1875,2.5,22.105560313
,2024-10-26T15:32:20.995Z,-25.4207197845,28.341462614,1163.3193059616,1.7174224857,198.9654383154,5.1875,2.5625,22.1241150005
,2024-10-26T15:32:21.995Z,-25.4207412841,28.3414660506,1163.3838811569,2.2142181401,188.9237811856,5.1875,2.5,22.1479187114
,2024-10-26T15:32:22.995Z,-25.4207633704,28.341458926,1163.4357610398,2.4930114751,191.4561684596,5.1875,2.5,22.1901550396
,2024-10-26T15:32:23.995Z,-25.4207855824,28.3414512147,1163.5018315964,2.6405029303,192.3790341039,5.1875,2.5625,22.2430114849
,2024-10-26T15:32:24.995Z,-25.4208073754,28.3414471913,1163.5299688035,2.6430053717,192.3405813687,5.1875,2.5625,22.2879333599
,2024-10-26T15:32:25.995Z,-25.4208328145,28.3414383903,1163.6020818406,2.576141358,192.9613183794,5.1875,2.5625,22.2906189068
,2024-10-26T15:32:26.995Z,-25.4208467284,28.3414349538,1163.6745916063,1.9217224125,193.0601968413,5.1875,2.5625,22.3011169537
,2024-10-26T15:32:27.995Z,-25.4208578764,28.341433445,1163.7909246141,1.6031951908,192.4339665827,5.1875,2.625,22.309051524
,2024-10-26T15:32:28.995Z,-25.420869611,28.3414296732,1163.8313298876,1.4543609622,192.9613183794,5.125,2.625,22.309051524
,2024-10-26T15:32:29.995Z,-25.4208806332,28.3414295893,1163.8723455126,1.3203125003,192.0604257267,5.1875,2.5625,22.3117370709
,2024-10-26T15:32:30.995Z,-25.4208906077,28.3414302599,1163.9427495654,1.3069915774,192.0604257267,5.1875,2.5,22.3117370709
,2024-10-26T15:32:31.995Z,-25.4208982352,28.3414252308,1164.0153814014,1.2507171633,192.0604257267,5.25,2.4375,22.3460388287
,2024-10-26T15:32:32.995Z,-25.420911311,28.3414191958,1164.0767217334,1.6975708011,192.0604257267,5.375,2.4375,22.3725280865
,2024-10-26T15:32:33.995Z,-25.420925183,28.3414105624,1164.1862493214,1.890945435,192.0604257267,5.375,2.4375,22.4279480084
,2024-10-26T15:32:34.995Z,-25.4209394742,28.3413915355,1164.1694036182,2.0343780522,213.8246738384,5.375,2.4375,22.5071716413
,2024-10-26T15:32:35.995Z,-25.4209520051,28.3413696587,1164.1993108448,1.9856414799,230.7438773174,5.1875,2.5625,22.5944519148
,2024-10-26T15:32:36.995Z,-25.4209591297,28.3413554933,1164.2648931202,1.6076812747,234.5287251087,5.1875,2.625,22.6525573835
,2024-10-26T15:32:37.995Z,-25.4209641589,28.3413437587,1164.4042974172,1.4919128421,235.6163881895,5.1875,2.5625,22.7317810164
,2024-10-26T15:32:38.995Z,-25.4209723312,28.3413277492,1164.4462285695,1.9500732426,236.1437399862,5.1875,2.5625,22.7662048445
,2024-10-26T15:32:39.995Z,-25.4209856166,28.3413108178,1164.4731145559,2.1226348881,235.6768139162,5.3125,2.5,22.7952575789
,2024-10-26T15:32:40.995Z,-25.4209932441,28.3412969038,1164.4229131398,1.5998992923,236.3305104142,5.4375,2.4375,22.8454284774
,2024-10-26T15:32:41.995Z,-25.4209926154,28.3412964009,1164.3971868215,0.19921875,236.3634699015,5.5625,2.375,22.8719177352
,2024-10-26T15:32:42.995Z,-25.4209903104,28.3412965685,1164.4486089406,0.2124328613,236.3634699015,5.5625,2.375,22.8771667586
,2024-10-26T15:32:43.995Z,-25.4209882149,28.3412954789,1164.3738408742,0.182144165,236.3634699015,5.5625,2.375,22.906219493
,2024-10-26T15:32:44.995Z,-25.4209897656,28.3412938025,1164.318298882,0.1994018555,236.3634699015,5.625,2.3125,22.906219493
,2024-10-26T15:32:45.995Z,-25.4209937889,28.3412978258,1164.3622747121,0.2197418213,236.3634699015,5.75,2.25,22.8481140243
,2024-10-26T15:32:46.995Z,-25.4209987761,28.3413004242,1164.3041082081,0.2580871582,236.3634699015,5.9375,2.1875,22.8295593368
,2024-10-26T15:32:47.995Z,-25.4210005363,28.3413015977,1164.2978521046,0.0,236.3634699015,6.4375,2.0,22.8243103133
,2024-10-26T15:32:48.995Z,-25.4210005363,28.3413015977,1164.2978521046,0.0,236.3634699015,7.125,1.75,22.7979431258
,2024-10-26T15:32:49.994Z,-25.4210005363,28.3413015977,1164.2978521046,0.0,236.3634699015,7.875,1.375,22.7979431258
,2024-10-26T15:32:50.994Z,-25.4210005363,28.3413015977,1164.2978521046,0.0,236.3634699015,5.3125,2.375,22.8269958602
,2024-10-26T15:32:51.994Z,-25.4210005363,28.3413015977,1164.2978521046,0.0,236.3634699015,5.3125,2.375,22.8269958602
,2024-10-26T15:32:52.994Z,-25.4210005363,28.3413015977,1164.2978521046,0.0,236.3634699015,5.25,2.4375,22.8084411727
,2024-10-26T15:32:53.994Z,-25.4210005363,28.3413015977,1164.2978521046,0.0,236.3634699015,5.1875,2.5625,22.771453868
,2024-10-26T15:32:54.994Z,-25.4210005363,28.3413015977,1164.2978521046,0.0,236.3634699015,5.1875,2.5625,22.7371521101
,2024-10-26T15:32:55.994Z,-25.4210005363,28.3413015977,1164.2978521046,0.0,236.3634699015,5.1875,2.5625,22.7371521101
,2024-10-26T15:32:56.994Z,-25.4210005363,28.3413015977,1164.2978521046,0.0,236.3634699015,5.1875,2.5625,22.7397155867
,2024-10-26T15:32:57.994Z,-25.4210005363,28.3413015977,1164.2978521046,0.0,236.3634699015,5.1875,2.5625,22.7635192977
,2024-10-26T15:32:58.994Z,-25.4210005363,28.3413015977,1164.2978521046,0.0,236.3634699015,5.1875,2.5625,22.7846374617
,2024-10-26T15:32:59.994Z,-25.4210005363,28.3413015977,1164.2978521046,0.0,236.3634699015,5.1875,2.5625,22.7846374617
,2024-10-26T15:33:00.994Z,-25.4210005363,28.3413015977,1164.2978521046,0.0,236.3634699015,5.1875,2.5625,22.7820739852
,2024-10-26T15:33:01.994Z,-25.4210005363,28.3413015977,1164.2978521046,0.0,236.3634699015,5.1875,2.5625,22.7344665633
,2024-10-26T15:33:02.994Z,-25.4210005363,28.3413015977,1164.2978521046,0.0,236.3634699015,5.1875,2.5625,22.7054138289
,2024-10-26T15:33:03.994Z,-25.4210005363,28.3413015977,1164.2978521046,0.0,236.3634699015,5.1875,2.5625,22.6947937117
,2024-10-26T15:33:04.994Z,-25.4210005363,28.3413015977,1164.2978521046,0.0,236.3634699015,5.1875,2.5625,22.6868591414
,2024-10-26T15:33:05.994Z,-25.4210005363,28.3413015977,1164.2978521046,0.0,236.3634699015,5.1875,2.5625,22.6604919539
,2024-10-26T15:33:06.994Z,-25.4210005363,28.3413015977,1164.2978521046,0.0,236.3634699015,5.1875,2.5625,22.657806407
,2024-10-26T15:33:07.994Z,-25.4210005363,28.3413015977,1164.2978521046,0.0,236.3634699015,5.1875,2.5625,22.6498718367
,2024-10-26T15:33:08.994Z,-25.4210005363,28.3413015977,1164.2978521046,0.0,236.3634699015,5.1875,2.5625,22.657806407
,2024-10-26T15:33:09.994Z,-25.4210005363,28.3413015977,1164.2978521046,0.0,236.3634699015,5.1875,2.5625,22.657806407
,2024-10-26T15:33:10.994Z,-25.4210005363,28.3413015977,1164.2978521046,0.0,236.3634699015,5.1875,2.5625,22.6895446883
,2024-10-26T15:33:11.994Z,-25.4210005363,28.3413015977,1164.2978521046,0.0,236.3634699015,5.1875,2.5625,22.7185974226
,2024-10-26T15:33:12.994Z,-25.4210005363,28.3413015977,1164.2978521046,0.0,236.3634699015,5.1875,2.5625,22.7185974226
,2024-10-26T15:33:13.994Z,-25.4210005363,28.3413015977,1164.2978521046,0.0,236.3634699015,5.1875,2.5625,22.7185974226
,2024-10-26T15:33:14.994Z,-25.4210005363,28.3413015977,1164.2978521046,0.0,236.3634699015,5.1875,2.5625,22.7212829695
,2024-10-26T15:33:15.994Z,-25.4210005363,28.3413015977,1164.2978521046,0.0,236.3634699015,5.1875,2.5625,22.726531993
,2024-10-26T15:33:16.994Z,-25.4209857004,28.3412994184,1164.3061223683,0.0079803466,236.3634699015,5.1875,2.5625,22.7317810164
,2024-10-26T15:33:17.994Z,-25.4209853232,28.341299586,1164.280243462,0.0120849609,236.3634699015,5.1875,2.5625,22.7424011336
,2024-10-26T15:33:18.993Z,-25.4209852394,28.3412996698,1164.2739873585,0.0,236.3634699015,5.1875,2.5625,22.7344665633
,2024-10-26T15:33:19.993Z,-25.4209852394,28.3412996698,1164.2739873585,0.0,236.3634699015,5.125,2.625,22.7344665633
,2024-10-26T15:33:20.993Z,-25.4209852394,28.3412996698,1164.2739873585,0.0,236.3634699015,5.125,2.625,22.7317810164
,2024-10-26T15:33:21.993Z,-25.4209852394,28.3412996698,1164.2739873585,0.0,236.3634699015,5.125,2.6875,22.726531993
,2024-10-26T15:33:22.993Z,-25.4209852394,28.3412996698,1164.2739873585,0.0,236.3634699015,5.0625,2.75,22.7238464461
,2024-10-26T15:33:23.993Z,-25.4209852394,28.3412996698,1164.2739873585,0.0,236.3634699015,5.0625,2.75,22.7238464461
,2024-10-26T15:33:24.993Z,-25.4209852394,28.3412996698,1164.2739873585,0.0,236.3634699015,5.0625,2.75,22.7185974226
,2024-10-26T15:33:25.993Z,-25.4209852394,28.3412996698,1164.2739873585,0.0,236.3634699015,5.0625,2.8125,22.7185974226
,2024-10-26T15:33:26.993Z,-25.4209852394,28.3412996698,1164.2739873585,0.0,236.3634699015,5.0625,2.8125,22.7344665633
,2024-10-26T15:33:27.993Z,-25.4209852394,28.3412996698,1164.2739873585,0.0,236.3634699015,5.0,2.875,22.7397155867
,2024-10-26T15:33:28.993Z,-25.4209829763,28.3413021006,1164.2846990284,0.0076904296,236.3634699015,5.0,2.875,22.7530212508
,2024-10-26T15:33:29.993Z,-25.4209834373,28.3413020168,1164.2919011769,0.0138397216,236.3634699015,5.0,2.875,22.7530212508
,2024-10-26T15:33:30.993Z,-25.4209831439,28.3413023521,1164.3004460988,0.0160217285,236.3634699015,5.0,2.9375,22.7371521101
,2024-10-26T15:33:31.993Z,-25.4209834792,28.3413032741,1164.3013921437,0.0,236.3634699015,5.0,2.9375,22.702728282
,2024-10-26T15:33:32.993Z,-25.4209834373,28.3413036093,1164.3162542042,0.0192260742,236.3634699015,5.0,2.9375,22.6631775007
,2024-10-26T15:33:33.993Z,-25.4209820123,28.3413042799,1164.3319402394,0.0270233154,236.3634699015,5.0,2.9375,22.6446228132
,2024-10-26T15:33:34.993Z,-25.4209823476,28.3413062916,1164.3340764699,0.0,236.3634699015,5.0,2.875,22.6446228132
,2024-10-26T15:33:35.993Z,-25.4209825153,28.3413055372,1164.3372197804,0.0970153808,236.3634699015,5.0,2.875,22.6473083601
,2024-10-26T15:33:36.993Z,-25.4209829343,28.3412995022,1164.3620000539,0.5784454347,236.3634699015,5.0,2.8125,22.6498718367
,2024-10-26T15:33:37.993Z,-25.4209882569,28.3412821517,1164.4708257375,1.8139953617,236.3634699015,5.0625,2.8125,22.6895446883
,2024-10-26T15:33:38.993Z,-25.4209903523,28.3412484564,1164.5494695364,3.1028289802,258.6880292973,5.0625,2.75,22.7687683211
,2024-10-26T15:33:39.993Z,-25.4209948367,28.3412033618,1164.6687627493,4.28869629,263.3353170061,5.125,2.6875,22.885101329
,2024-10-26T15:33:40.993Z,-25.4209930345,28.3411515616,1164.7388921439,4.8424682628,268.4824902723,5.125,2.625,23.0727233994
,2024-10-26T15:33:41.993Z,-25.4209890531,28.3411030304,1164.8546148002,4.8586273204,273.5088120851,5.25,2.5,23.3184509385
,2024-10-26T15:33:42.993Z,-25.4209750973,28.3410453629,1164.9111028373,5.7372741712,277.3705653467,5.4375,2.375,23.5483093371
,2024-10-26T15:33:43.993Z,-25.4209642846,28.3409847617,1164.9221807182,5.9987182631,278.1341268024,5.625,2.3125,23.7597351184
,2024-10-26T15:33:44.993Z,-25.4209560284,28.3409260046,1164.9515691459,5.8186798109,277.9528496223,5.5625,2.3125,23.9472351185
,2024-10-26T15:33:45.993Z,-25.4209501192,28.3408744559,1165.1446233452,5.7709503187,277.77706569,5.4375,2.375,24.0608825795
,2024-10-26T15:33:46.993Z,-25.4209411087,28.3408175428,1165.1091619194,5.762893678,278.3593499656,5.375,2.375,24.1534118764
,2024-10-26T15:33:47.992Z,-25.4209350318,28.3407628089,1165.2360845269,5.7064819349,278.7988097962,5.3125,2.4375,24.2353210562
,2024-10-26T15:33:48.992Z,-25.4209234228,28.3407055605,1165.2381292047,5.6836090101,280.1062027924,5.25,2.4375,24.3040466421
,2024-10-26T15:33:49.992Z,-25.4209129455,28.3406509105,1165.2895208063,5.5354156507,281.1663996337,5.25,2.5,24.3040466421
,2024-10-26T15:33:50.992Z,-25.4208988639,28.3405959253,1165.3687139215,5.4076538098,282.1771572442,5.25,2.5,24.2986755484
,2024-10-26T15:33:51.992Z,-25.4208854109,28.3405499086,1165.4714360895,5.156478883,282.5012588693,5.1875,2.5625,24.2537536734
,2024-10-26T15:33:52.992Z,-25.4208803818,28.3405043111,1165.5935674373,4.892364503,275.7555504692,5.25,2.5,24.1983337515
,2024-10-26T15:33:53.992Z,-25.420890943,28.340453852,1165.7028508846,4.8032073985,262.4673838406,5.3125,2.5,24.1348571889
,2024-10-26T15:33:54.992Z,-25.420907581,28.3404064942,1165.8106389706,4.6934509288,255.7051956969,5.1875,2.5625,24.1189880483
,2024-10-26T15:33:55.992Z,-25.4209271109,28.3403604776,1165.9303899472,4.7685699473,251.2172121766,5.125,2.625,24.1189880483
,2024-10-26T15:33:56.992Z,-25.4209450481,28.3403183166,1166.088898248,4.7307739268,247.8937972075,5.125,2.6875,24.1402282827
,2024-10-26T15:33:57.992Z,-25.4209528433,28.3402733058,1166.3023381895,4.6795959483,255.6337834744,5.125,2.6875,24.2405700796
,2024-10-26T15:33:58.992Z,-25.4209546873,28.3402229306,1166.3947454161,4.9088134777,263.7967498283,5.0625,2.75,24.3462829703
,2024-10-26T15:33:59.992Z,-25.4209521728,28.3401697055,1166.5289922424,5.0699768078,268.0595101853,5.0625,2.75,24.4599304313
,2024-10-26T15:34:00.992Z,-25.4209479399,28.3401154746,1166.6249700256,5.3057708752,270.3776607919,5.0625,2.75,24.6051941032
,2024-10-26T15:34:01.992Z,-25.4209461797,28.3400572203,1166.6844182678,5.4766693127,269.81185626,5.0625,2.75,24.7478942986
,2024-10-26T15:34:02.992Z,-25.4209541425,28.3400024027,1166.7737432191,5.5021057141,263.2364385442,5.0625,2.75,24.8562927361
,2024-10-26T15:34:03.992Z,-25.4209735466,28.3399505187,1166.9296270082,5.5267333997,255.0130464637,5.0625,2.8125,24.9382019159
,2024-10-26T15:34:04.992Z,-25.4209941661,28.339903161,1167.0372319887,5.5063476575,251.0688944838,5.0,2.8125,25.0464782831
,2024-10-26T15:34:05.992Z,-25.4210114747,28.339854043,1167.1075750063,5.4853973401,250.1075761043,5.0,2.875,25.1178894159
,2024-10-26T15:34:06.992Z,-25.4210276937,28.3398031649,1167.2024236392,5.4887695325,250.2064545662,5.0,2.875,25.2393493769
,2024-10-26T15:34:07.992Z,-25.4210381292,28.3397542984,1167.199249811,5.4167938245,253.3156328679,5.0,2.8125,25.3899841426
,2024-10-26T15:34:08.992Z,-25.4210436612,28.3397008218,1167.2382207583,5.4346313489,260.4678416113,5.0625,2.8125,25.5433044552
,2024-10-26T15:34:09.992Z,-25.4210426973,28.3396443278,1167.2288518618,5.531921388,266.7795834287,5.0625,2.8125,25.6595153928
,2024-10-26T15:34:10.992Z,-25.4210394703,28.3395911865,1167.2230840396,5.5512542737,270.514991989,5.0625,2.8125,25.7731628537
,2024-10-26T15:34:11.992Z,-25.4210308369,28.3395319265,1167.1780400942,5.6856689466,273.5307850766,5.0,2.8125,25.8735046507
,2024-10-26T15:34:12.992Z,-25.4210245924,28.3394696489,1167.1157231997,5.8338775648,274.7887388418,5.0625,2.8125,25.926361096
,2024-10-26T15:34:13.992Z,-25.4210200243,28.3394140769,1167.0936284731,5.8519134535,273.6626230258,5.0625,2.8125,25.9766540648
,2024-10-26T15:34:14.992Z,-25.4210222874,28.3393595945,1167.0980535219,5.7901153577,267.5706111238,5.0625,2.8125,26.0347595336
,2024-10-26T15:34:15.992Z,-25.4210362852,28.3393041902,1167.1419683169,5.7984619154,259.9844357976,5.0625,2.8125,26.084930432
,2024-10-26T15:34:16.992Z,-25.4210537195,28.3392455168,1167.1400457095,5.8403625501,256.545662623,5.0625,2.8125,26.1060485961
,2024-10-26T15:34:17.991Z,-25.4210678011,28.3391942196,1167.253723688,5.7225189222,255.5458915083,5.0,2.875,26.1457214477
,2024-10-26T15:34:18.991Z,-25.4210788233,28.3391442634,1167.4135137272,5.5640106214,256.7928587777,5.0,2.875,26.1484069945
,2024-10-26T15:34:19.991Z,-25.4210802902,28.3390925471,1167.4090886783,5.3201599133,263.24742504,5.0,2.9375,26.1958923461
,2024-10-26T15:34:20.991Z,-25.42107019,28.3390397411,1167.4602361393,5.3446655285,276.0302128633,5.0,2.875,26.243499768
,2024-10-26T15:34:21.991Z,-25.4210628558,28.3389844206,1167.5031133366,5.3793182385,276.9915312428,5.0,2.875,26.243499768
,2024-10-26T15:34:22.991Z,-25.421057659,28.3389301058,1167.5279241276,5.3903045666,275.2666514076,5.0,2.875,26.2249450805
,2024-10-26T15:34:23.991Z,-25.4210607603,28.3388789762,1167.7710576726,5.309188844,269.1252002746,5.0625,2.8125,26.2117614868
,2024-10-26T15:34:24.991Z,-25.4210749257,28.3388270922,1167.9103093817,5.2469177258,260.715037766,5.0625,2.75,26.1906433227
,2024-10-26T15:34:25.991Z,-25.4210949166,28.3387831711,1167.9906926825,5.1475372326,252.233463035,5.0,2.8125,26.1430359008
,2024-10-26T15:34:26.991Z,-25.4211152427,28.3387405072,1168.2168889717,5.0675048839,248.3222705424,5.0,2.875,26.129852307
,2024-10-26T15:34:27.991Z,-25.4211350659,28.3386958316,1168.3636785225,5.0539093029,247.404898146,5.0625,2.8125,26.129852307
,2024-10-26T15:34:28.991Z,-25.4211543443,28.3386524134,1168.4530950265,5.0320587169,247.3224994277,5.0625,2.8125,26.1641540649
,2024-10-26T15:34:29.991Z,-25.4211710243,28.3386053909,1168.5816350656,5.0033569347,247.8498512245,5.0625,2.75,26.1747741821
,2024-10-26T15:34:30.991Z,-25.4211840581,28.3385584522,1168.7439275461,4.9266510021,250.777752346,5.0625,2.75,26.2090759399
,2024-10-26T15:34:31.991Z,-25.4211900512,28.3385065683,1168.7483831126,4.9787292492,258.3144884412,5.0625,2.75,26.2936706665
,2024-10-26T15:34:32.991Z,-25.4211882072,28.3384551872,1168.8704229075,5.0559387218,265.7853055619,5.0625,2.75,26.3941345337
,2024-10-26T15:34:33.991Z,-25.4211828008,28.3383972682,1168.7943731028,5.228744508,271.0807965209,5.0625,2.75,26.4574890259
,2024-10-26T15:34:34.991Z,-25.4211741675,28.3383452166,1168.7563482004,5.3408966076,274.217441062,5.0625,2.75,26.5420837525
,2024-10-26T15:34:35.991Z,-25.4211703537,28.3382892255,1168.7504888254,5.4180755627,275.2172121766,5.0625,2.8125,26.6186218385
,2024-10-26T15:34:36.991Z,-25.4211625166,28.3382333182,1168.6082158762,5.5175018323,275.8489356832,5.0625,2.8125,26.6794128542
,2024-10-26T15:34:37.991Z,-25.4211558949,28.338176908,1168.5467229562,5.5944061292,276.3378347447,5.0625,2.8125,26.7322692995
,2024-10-26T15:34:38.991Z,-25.4211473454,28.3381209169,1168.4310613351,5.6494140638,276.5630579079,5.0625,2.8125,26.7851257448
,2024-10-26T15:34:39.991Z,-25.4211439088,28.3380629979,1168.4559331612,5.6643219007,274.5635156786,5.0625,2.8125,26.8352966433
,2024-10-26T15:34:40.991Z,-25.42114613,28.3380023968,1168.4079595284,5.7596282972,271.2016479743,5.0625,2.8125,26.8459167605
,2024-10-26T15:34:41.991Z,-25.4211501952,28.3379409574,1168.2557988838,5.8142852796,268.4440375371,5.0625,2.8125,26.8538513308
,2024-10-26T15:34:42.991Z,-25.42116281,28.3378780932,1168.083832331,5.9344635023,262.1487754634,5.0625,2.8125,26.8538513308
,2024-10-26T15:34:43.991Z,-25.4211807892,28.3378210124,1168.0876775458,5.9540710463,256.2380407415,5.0625,2.8125,26.8352966433
,2024-10-26T15:34:44.991Z,-25.4212002771,28.3377701342,1167.9664617255,5.890213014,252.4422064545,5.0625,2.8125,26.8009948855
,2024-10-26T15:34:45.991Z,-25.4212239141,28.3377196752,1168.1691289619,5.6689910901,249.1023117418,5.0,2.875,26.7613220339
,2024-10-26T15:34:46.990Z,-25.4212444078,28.3376698867,1168.2348638252,5.8071441663,248.3332570382,5.0625,2.8125,26.7613220339
,2024-10-26T15:34:47.990Z,-25.4212670809,28.3376175836,1168.2017522529,5.9348144545,246.7621881437,5.0,2.875,26.9040222293
,2024-10-26T15:34:48.990Z,-25.4212886224,28.3375666216,1167.9069829657,6.0408782973,244.1803616388,4.9375,3.0,27.054656995
,2024-10-26T15:34:49.990Z,-25.4213016143,28.3375078645,1167.9561467841,6.2400665297,247.9322499427,4.875,3.0625,27.1946716435
,2024-10-26T15:34:50.990Z,-25.4213144805,28.3374506161,1167.7378850652,6.1944580092,250.2833600366,4.875,3.125,27.424530042
,2024-10-26T15:34:51.990Z,-25.4213262152,28.3373905178,1167.7306829168,6.2239379897,252.8377203021,4.875,3.125,27.5672302374
,2024-10-26T15:34:52.990Z,-25.4213345552,28.3373319283,1167.8586126043,6.1906738295,255.699702449,4.8125,3.125,27.5910339483
,2024-10-26T15:34:53.990Z,-25.4213420151,28.3372740094,1167.8878789618,6.217407228,256.6500343327,4.8125,3.1875,27.6570739874
,2024-10-26T15:34:54.990Z,-25.4213552585,28.3372138273,1167.8879399969,6.227676393,256.4577706569,4.8125,3.1875,27.7469177375
,2024-10-26T15:34:55.990Z,-25.4213612935,28.337161189,1168.0330205634,6.1523132338,254.9471274891,4.8125,3.1875,27.7469177375
,2024-10-26T15:34:56.990Z,-25.4213807814,28.3371061199,1168.0784307197,6.0608825697,248.4596017395,4.8125,3.25,27.7389831672
,2024-10-26T15:34:57.990Z,-25.4214024486,28.3370536492,1168.2170720771,5.9818573011,246.7457084,4.75,3.25,27.7284851203
,2024-10-26T15:34:58.990Z,-25.4214236548,28.337001849,1168.313873835,5.87010193,245.2680247196,4.75,3.25,27.7073669562
,2024-10-26T15:34:59.990Z,-25.4214505607,28.3369523958,1168.2925115303,5.8077087415,241.5985351338,4.75,3.25,27.6650085578
,2024-10-26T15:35:00.990Z,-25.421485178,28.336908307,1168.5142217355,5.7374572767,234.3584344243,4.75,3.25,27.6227722296
,2024-10-26T15:35:01.990Z,-25.421525453,28.336872181,1168.5461736398,5.6253662122,223.8168917372,4.75,3.25,27.6121521124
,2024-10-26T15:35:02.990Z,-25.4215649318,28.3368413355,1168.5993352609,5.231781007,219.1421377889,4.75,3.25,27.5805359015
,2024-10-26T15:35:03.990Z,-25.4215995491,28.3368113283,1168.4937749581,4.8047332774,219.9935912108,4.75,3.25,-
,2024-10-26T15:35:04.990Z,-25.4216261616,28.3367784713,1168.3098455147,4.353729249,227.2062256809,4.75,3.25,27.5408630499
,2024-10-26T15:35:05.990Z,-25.4216402851,28.3367362265,1168.3615117745,4.4198303232,243.3783474479,4.75,3.25,27.5091247686
,2024-10-26T15:35:06.990Z,-25.421651433,28.3366896231,1168.4299016671,4.7472229014,250.6184481574,4.8125,3.1875,27.5091247686
,2024-10-26T15:35:07.990Z,-25.4216620361,28.336639164,1168.655029841,4.9963989269,254.293430991,4.875,3.125,27.5513610968
,2024-10-26T15:35:08.990Z,-25.4216679035,28.3365848493,1168.883698054,5.1506652844,260.5172808422,4.9375,3.0,27.6650085578
,2024-10-26T15:35:09.990Z,-25.4216565879,28.3365292773,1168.860046931,5.2509613049,277.2442206454,5.0,2.875,27.8077087531
,2024-10-26T15:35:10.990Z,-25.4216430092,28.3364709392,1168.8680120189,5.3463592541,282.8308537422,5.0625,2.75,27.9635925423
,2024-10-26T15:35:11.990Z,-25.4216238147,28.336415032,1168.8091436106,5.4809265149,288.0,5.1875,2.5625,28.0772400033
,2024-10-26T15:35:12.990Z,-25.4215975793,28.3363605496,1168.7178655344,5.6481018079,293.6745250629,5.3125,2.5,28.1089782845
,2024-10-26T15:35:13.990Z,-25.4215630459,28.3363147006,1168.5973211008,5.8209228529,299.4424353398,5.3125,2.4375,28.1089782845
,2024-10-26T15:35:14.990Z,-25.4215336254,28.3362660017,1168.5895086008,5.9839477552,301.0409704737,5.375,2.3125,27.9900818001
,2024-10-26T15:35:15.989Z,-25.4215022771,28.336214453,1168.5524907785,6.154327394,300.7718013275,5.4375,2.25,27.9161071907
,2024-10-26T15:35:16.989Z,-25.421470803,28.3361636587,1168.5086065011,6.2857971206,299.6182192721,5.5625,2.1875,27.8288269172
,2024-10-26T15:35:17.989Z,-25.4214414664,28.3361101821,1168.4687810616,6.3709411635,297.9153124284,5.5,2.1875,27.7707214484
,2024-10-26T15:35:18.989Z,-25.4214157339,28.3360492457,1168.3518071846,6.5222167983,295.448844129,5.5,2.1875,27.6729431281
,2024-10-26T15:35:19.989Z,-25.4213933123,28.3359906562,1168.1071172431,6.5735015884,293.6745250629,5.5,2.125,27.561981214
,2024-10-26T15:35:20.989Z,-25.4213746626,28.3359361738,1168.0446172431,6.5368652358,291.9386587319,5.625,2.125,27.3743591436
,2024-10-26T15:35:21.989Z,-25.4213527858,28.3358774167,1167.794037409,6.526657106,290.9279011215,5.8125,2.0625,27.1233825809
,2024-10-26T15:35:22.989Z,-25.421337866,28.3358159773,1167.8016362859,6.5040588394,290.340123598,6.0,2.0625,26.8749694949
,2024-10-26T15:35:23.989Z,-25.4213203479,28.3357576393,1167.747376032,6.4555053725,291.0872053101,6.0,2.0625,26.6557312135
,2024-10-26T15:35:24.989Z,-25.4213013209,28.3357028216,1167.757141657,6.3384094253,291.2739757381,6.0625,2.0,26.4997253541
,2024-10-26T15:35:25.989Z,-25.4212884966,28.3356433101,1167.6093145085,6.219863893,287.2089723048,6.125,2.0,26.343841565
,2024-10-26T15:35:26.989Z,-25.4212792765,28.3355833795,1167.6586309148,6.1212158217,283.5669489585,6.25,1.9375,26.3042907837
,2024-10-26T15:35:27.989Z,-25.4212761333,28.3355245386,1167.4360662174,5.9045257582,281.4685282673,6.25,2.0,26.2778015259
,2024-10-26T15:35:28.989Z,-25.421274415,28.3354600817,1167.4377141666,5.4178466809,281.6772716868,6.125,2.0625,26.1958923461
,2024-10-26T15:35:29.989Z,-25.421258699,28.3354089521,1167.3821721744,5.2312927258,287.5825131609,6.125,2.0625,26.1246032836
,2024-10-26T15:35:30.989Z,-25.4212384986,28.3353581578,1167.2526555728,5.1483154308,291.6585030899,6.0625,2.125,26.0638122679
,2024-10-26T15:35:31.989Z,-25.4212173343,28.3353097942,1167.0960393618,5.0715789806,293.6910048065,5.9375,2.125,-
,2024-10-26T15:35:32.989Z,-25.4211979721,28.3352669627,1166.8977666566,4.7324523936,294.6028839551,6.0625,2.0625,25.7282409787
,2024-10-26T15:35:33.989Z,-25.421180873,28.3352217004,1166.8298955628,4.3986358652,294.4710460059,6.25,2.0,-
,2024-10-26T15:35:34.989Z,-25.4211658694,28.3351818025,1166.663208551,4.0363311776,294.0205996795,6.5625,1.875,25.3371276973
,2024-10-26T15:35:35.989Z,-25.4211527936,28.3351434134,1166.734467096,3.7086792,293.2240787365,6.875,1.6875,-
,2024-10-26T15:35:36.989Z,-25.421142442,28.3351089638,1166.5893254944,3.4113159187,291.9990844586,7.1875,1.5625,24.935516369
,2024-10-26T15:35:37.989Z,-25.4211364489,28.3350766097,1166.5151677795,3.1660919196,290.0709544518,7.5625,1.3125,-
,2024-10-26T15:35:38.989Z,-25.421125762,28.3350407351,1166.5191960998,3.6732177742,289.779812314,8.1875,1.125,24.6607360954
,2024-10-26T15:35:39.989Z,-25.4211114289,28.3349932097,1166.5264287658,4.6819000255,289.5985351338,8.75,1.0625,-
,2024-10-26T15:35:40.989Z,-25.4210934497,28.3349520546,1166.430054254,4.8249664317,288.7031357289,9.3125,1.0625,24.655487072
,2024-10-26T15:35:41.989Z,-25.4210843135,28.3349026013,1166.3856511779,4.7811431895,284.5557335774,8.8125,1.0625,-
,2024-10-26T15:35:42.989Z,-25.4210778594,28.3348432575,1166.2674260801,5.0728149425,281.9739070725,8.125,1.125,24.655487072
,2024-10-26T15:35:43.989Z,-25.4210763507,28.3347774595,1166.1924138731,5.4076232922,279.9853513389,7.375,1.5625,-
,2024-10-26T15:35:44.988Z,-25.4210801225,28.3347129189,1166.3414312071,5.6001739514,277.6177615014,7.0,1.8125,24.7267761345
,2024-10-26T15:35:45.988Z,-25.4210834753,28.3346472886,1165.9978032773,5.7527313245,275.013962005,6.8125,1.875,24.7373962517
,2024-10-26T15:35:46.988Z,-25.4210875405,28.3345868551,1165.9753728574,5.6822967542,272.4266422522,6.6875,1.9375,24.7848816033
,2024-10-26T15:35:47.988Z,-25.4210952519,28.3345262539,1165.9278264706,5.61228943,269.9107347219,6.6875,1.875,24.8139343377
,2024-10-26T15:35:48.988Z,-25.4211009935,28.3344643116,1165.6941228572,5.6051025403,268.1858548867,6.75,1.875,24.8139343377
,2024-10-26T15:35:49.988Z,-25.4211074475,28.3344050516,1165.6453252498,5.5522766126,267.2904554818,6.8125,1.8125,24.732025158
,2024-10-26T15:35:50.988Z,-25.4211200204,28.3343484737,1165.5485234919,5.5231018079,266.4060425726,6.75,1.8125,-
,2024-10-26T15:35:51.988Z,-25.4211297853,28.3342860285,1165.4243169489,5.5662689221,265.966582742,6.75,1.8125,24.5365905875
,2024-10-26T15:35:52.988Z,-25.4211408494,28.3342239186,1165.349365777,5.550003053,264.796520943,6.625,1.8125,24.4361267203
,2024-10-26T15:35:53.988Z,-25.4211495666,28.3341631498,1165.1881414117,5.5558471692,263.8187228198,6.75,1.75,24.3780212515
,2024-10-26T15:35:54.988Z,-25.4211642768,28.3340972681,1165.034393853,5.5650177014,261.0830853742,6.75,1.75,24.2881775015
,2024-10-26T15:35:55.988Z,-25.4211962119,28.3340406064,1164.9482427299,5.4856872571,241.3348592355,6.75,1.8125,24.1824646108
,2024-10-26T15:35:56.988Z,-25.4212394625,28.3340031393,1165.0151982964,5.6170654309,221.8612954909,6.5625,1.9375,24.079437267
,2024-10-26T15:35:57.988Z,-25.4212929809,28.3339775745,1165.1846013726,5.9213104261,208.4467841611,6.4375,1.9375,23.9921569935
,2024-10-26T15:35:58.988Z,-25.4213460384,28.3339547757,1165.3224797906,5.9505004896,207.2053101396,6.3125,2.0,23.9578552357
,2024-10-26T15:35:59.988Z,-25.4213972518,28.3339301329,1165.3641668024,5.8312377943,210.0837720302,6.25,2.0625,23.9578552357
,2024-10-26T15:36:00.988Z,-25.4214386165,28.3338873852,1165.4569097223,5.5417938245,219.3344014648,6.125,2.0625,-
,2024-10-26T15:36:01.988Z,-25.4214722279,28.333834244,1165.5928350154,5.4853210461,230.716411078,6.0,2.125,24.0054626576
,2024-10-26T15:36:02.988Z,-25.4214985052,28.3337785881,1165.433136529,5.3317108166,239.060654612,6.0,2.125,24.103240978
,2024-10-26T15:36:03.988Z,-25.421512964,28.333720753,1165.5818486872,5.2958831799,253.7825589379,5.9375,2.125,24.2142028921
,2024-10-26T15:36:04.988Z,-25.4215150595,28.333653614,1165.4575200739,5.4717407239,266.8674753948,5.75,2.1875,24.2723083609
,2024-10-26T15:36:05.988Z,-25.421503241,28.3335920908,1165.2996831598,5.7272796644,282.2980086976,5.9375,2.125,24.4862976188
,2024-10-26T15:36:06.988Z,-25.4214923026,28.3335237783,1165.1087346734,6.1044464125,285.4016937514,5.875,2.125,24.4862976188
,2024-10-26T15:36:07.988Z,-25.4214763351,28.3334608302,1164.8648381889,6.2986907973,288.1977569237,5.75,2.1875,-
,2024-10-26T15:36:08.988Z,-25.4214551289,28.3333962057,1164.7570806205,6.4975280776,290.4554818036,5.6875,2.3125,24.4862976188
,2024-10-26T15:36:09.988Z,-25.421428181,28.3333377,1164.6809697806,6.5513458267,292.1419089036,5.625,2.3125,24.2591247671
,2024-10-26T15:36:10.988Z,-25.4214024067,28.3332740814,1164.6526799856,6.5666198745,294.2568093385,5.6875,2.25,-
,2024-10-26T15:36:11.988Z,-25.4213719804,28.3332171683,1164.8957524955,6.5149078384,300.4586861982,5.6875,2.1875,24.0953064077
,2024-10-26T15:36:12.988Z,-25.4213333398,28.333170062,1164.856293267,6.4524078384,307.781185626,5.625,2.1875,23.9948425404
,2024-10-26T15:36:13.987Z,-25.4212877003,28.3331250511,1164.6250615774,6.4916839614,317.3998626688,5.625,2.125,23.8945007435
,2024-10-26T15:36:14.987Z,-25.421236906,28.3330768552,1164.359314507,6.5465087905,318.6962691691,5.8125,2.0,-
,2024-10-26T15:36:15.987Z,-25.4211916018,28.3330336046,1164.3484807668,6.4745788589,318.8940260929,6.125,1.875,23.7518005481
,2024-10-26T15:36:16.987Z,-25.4211451661,28.3330014181,1164.3229375538,6.3240051284,319.9157701991,6.25,1.75,23.5641784777
,2024-10-26T15:36:17.987Z,-25.4210947489,28.3329711594,1164.0836187061,6.3105163588,321.2231631952,6.3125,1.75,23.3157653917
,2024-10-26T15:36:18.987Z,-25.4210464273,28.332936123,1164.0252385791,6.3322143569,321.8384069581,6.25,1.75,23.0144958603
,2024-10-26T15:36:19.987Z,-25.420999321,28.3329080437,1163.8900151904,6.2878417983,322.7942320897,6.1875,1.8125,22.7873230086
,2024-10-26T15:36:20.987Z,-25.4209513346,28.3328755219,1163.5173955613,6.269561769,319.7949187457,6.0,1.875,22.6419372664
,2024-10-26T15:36:21.987Z,-25.4209267756,28.3328193631,1163.4191899948,6.3855285659,301.403524834,5.9375,1.875,22.5204773054
,2024-10-26T15:36:22.987Z,-25.4209136579,28.3327579238,1163.3386541061,6.5483856216,286.9507896543,5.8125,1.9375,22.3222351178
,2024-10-26T15:36:23.987Z,-25.4209007498,28.3326922097,1163.0418706587,6.7236633316,280.5401693751,5.8125,1.9375,22.2218933208
,2024-10-26T15:36:24.987Z,-25.4208898533,28.3326298483,1162.8713689497,6.7178192154,280.1776150148,5.6875,2.0625,22.0923767192
,2024-10-26T15:36:25.987Z,-25.4208614806,28.3325662297,1162.6867986371,6.6777648941,292.7901121538,5.5,2.1875,21.9866638285
,2024-10-26T15:36:26.987Z,-25.420820996,28.3325130884,1162.4157720256,6.5617218032,307.2867933165,5.375,2.3125,21.8387146097
,2024-10-26T15:36:27.987Z,-25.4207768234,28.332461875,1162.0639653848,6.5549469009,312.4065003433,5.3125,2.3125,21.7515564066
,2024-10-26T15:36:28.987Z,-25.420737638,28.3324165289,1161.8524480507,6.4559936538,313.730373083,5.25,2.375,21.6564636331
,2024-10-26T15:36:29.987Z,-25.4206983268,28.3323760443,1161.7809758827,6.4266510024,314.7576104371,5.25,2.4375,21.5242614846
,2024-10-26T15:36:30.987Z,-25.4206572555,28.3323316202,1161.635407035,6.463211061,315.5431448844,5.1875,2.5,21.3789978126
,2024-10-26T15:36:31.987Z,-25.4206080956,28.3322888725,1161.5788579627,6.5612487808,317.4163424124,5.1875,2.5625,21.2705993751
,2024-10-26T15:36:32.987Z,-25.4205597321,28.3322491423,1161.4540715857,6.6752014175,319.262073701,5.125,2.625,21.204559336
,2024-10-26T15:36:33.987Z,-25.4205105722,28.3322124295,1161.2500310583,6.6626739517,320.245365072,5.125,2.625,21.0697937109
,2024-10-26T15:36:34.987Z,-25.4204641784,28.3321712744,1161.0654607457,6.4611969009,319.6466010528,5.125,2.625,20.9799499609
,2024-10-26T15:36:35.987Z,-25.4204243224,28.3321339749,1160.8444219272,6.1721649184,318.8336003662,5.1875,2.625,20.8372497655
,2024-10-26T15:36:36.987Z,-25.4203818262,28.3321051412,1160.804504935,5.7334899915,329.1499198901,5.1875,2.5625,20.6047058201
,2024-10-26T15:36:37.987Z,-25.4203283077,28.3320930712,1160.587555472,5.6899261487,346.1570153353,5.1875,2.5625,20.3246765231
,2024-10-26T15:36:38.987Z,-25.4202700954,28.3321017046,1160.4357610384,5.8228759779,3.4113069352,5.125,2.6875,20.0154724214
,2024-10-26T15:36:39.987Z,-25.4202156549,28.3321179655,1160.3584294954,5.9395294203,14.5790798809,5.125,2.6875,19.7222595306
,2024-10-26T15:36:40.987Z,-25.4201650282,28.3321398422,1160.2885137238,6.0025024428,17.951934081,5.125,2.6875,19.4949646086
,2024-10-26T15:36:41.987Z,-25.4201071512,28.332163563,1160.0634771026,6.2266387953,18.5561913481,5.125,2.625,19.3655700773
,2024-10-26T15:36:42.987Z,-25.4200538423,28.3321864456,1160.0621038116,6.2207641616,17.5399404898,5.125,2.625,19.2201843351
,2024-10-26T15:36:43.986Z,-25.419999779,28.3322021198,1159.8330083525,5.9549865736,13.7166399633,5.1875,2.5625,19.1884460538
,2024-10-26T15:36:44.986Z,-25.4199470988,28.3322083224,1159.6585393583,5.6960906995,9.3220416571,5.1875,2.5,19.154144296
,2024-10-26T15:36:45.986Z,-25.4199022975,28.3322115075,1159.4808355008,5.351211549,7.3224994277,5.25,2.375,19.0616149991
,2024-10-26T15:36:46.986Z,-25.4198564904,28.3322124295,1159.4110723172,5.0903320324,6.2513160906,5.25,2.375,18.9401550381
,2024-10-26T15:36:47.986Z,-25.419814036,28.3322133515,1159.3496099148,4.9188995372,6.3831540398,5.3125,2.3125,18.8238220302
,2024-10-26T15:36:48.986Z,-25.4197670974,28.3322187159,1159.2730107937,5.0371856701,7.8059052414,5.3125,2.25,18.6785583583
,2024-10-26T15:36:49.986Z,-25.4197243078,28.3322245833,1159.2599492702,5.1978149426,8.997940032,5.3125,2.25,18.556976327
,2024-10-26T15:36:50.986Z,-25.4196775367,28.3322338034,1159.2520146999,5.2991943371,8.9649805447,5.375,2.1875,18.488250741
,2024-10-26T15:36:51.986Z,-25.419623683,28.3322495614,1159.2154241237,5.3198089611,8.9649805447,5.4375,2.1875,18.4460144128
,2024-10-26T15:36:52.986Z,-25.4195731401,28.3322602902,1159.0777593288,5.1877899182,9.3385214007,5.5625,2.1875,18.4248962488
,2024-10-26T15:36:53.986Z,-25.4195288418,28.3322759643,1159.0685735377,4.9414367687,11.1897459372,5.625,2.125,18.3772888269
,2024-10-26T15:36:54.986Z,-25.4194850883,28.332289543,1159.0681768092,4.803176881,13.6946669718,5.625,2.125,18.2926941003
,2024-10-26T15:36:55.986Z,-25.4194487108,28.332305301,1159.0308843287,4.5655822764,16.7763790341,5.625,2.125,18.184417733
,2024-10-26T15:36:56.986Z,-25.4194139259,28.3323207237,1159.0464788112,4.3647918711,19.3801785305,5.75,2.125,18.0866394127
,2024-10-26T15:36:57.986Z,-25.4193778837,28.3323441092,1159.1088262233,4.4193573008,22.3794918745,5.75,2.125,17.9412536704
,2024-10-26T15:36:58.986Z,-25.4193420092,28.3323634714,1159.0903630885,4.4831848154,23.6813916227,5.8125,2.125,17.8012390219
,2024-10-26T15:36:59.986Z,-25.4193068052,28.3323819116,1159.1358037624,4.5165863047,22.8134584573,5.75,2.1875,17.7140808187
,2024-10-26T15:37:00.986Z,-25.4192662787,28.3323949036,1159.1684270534,4.5881652842,15.4470130464,5.6875,2.1875,17.6585388265
,2024-10-26T15:37:01.986Z,-25.4192217708,28.3323965799,1159.1398320827,4.756515504,359.5550469214,5.625,2.1875,17.632171639
,2024-10-26T15:37:02.986Z,-25.4191773886,28.3323779721,1159.1406865749,4.8226013194,343.124742504,5.5625,2.1875,17.632171639
,2024-10-26T15:37:03.986Z,-25.4191335931,28.3323561792,1159.1539617214,4.8677673351,327.886472877,5.5,2.1875,17.6823425375
,2024-10-26T15:37:04.986Z,-25.4191066453,28.3323109169,1159.1750188503,4.8084106456,309.1819638361,5.3125,2.3125,17.7695007406
,2024-10-26T15:37:05.986Z,-25.4191002332,28.3322599549,1158.9513860377,4.8118438731,287.5550469214,5.25,2.375,17.8118591391
,2024-10-26T15:37:06.986Z,-25.4191017,28.3322089929,1158.8997502955,4.9917144787,271.6960402838,5.25,2.375,17.8118591391
,2024-10-26T15:37:07.986Z,-25.4191093694,28.3321539238,1158.8206792505,5.1702423107,264.5658045319,5.25,2.4375,17.7828064047
,2024-10-26T15:37:08.986Z,-25.4191221938,28.332098268,1158.8340459497,5.3495941174,262.6596475165,5.1875,2.5,17.7193298422
,2024-10-26T15:37:09.986Z,-25.4191277677,28.3320336435,1158.7518926294,5.6048278821,263.3353170061,5.1875,2.5,17.6796569906
,2024-10-26T15:37:10.986Z,-25.4191289831,28.3319740482,1158.6777043969,5.6905059827,264.0823987182,5.1875,2.5625,17.6480407797
,2024-10-26T15:37:11.986Z,-25.4191329226,28.3319175542,1158.5970769555,5.6031799329,264.0494392309,5.1875,2.5,17.6374206625
,2024-10-26T15:37:12.985Z,-25.4191377841,28.3318663407,1158.994263235,5.2354278576,263.2089723048,5.25,2.5,17.6374206625
,2024-10-26T15:37:13.985Z,-25.4191389995,28.3318076674,1158.8701787622,5.2404022228,265.9226367589,5.125,2.625,17.6401062093
,2024-10-26T15:37:14.985Z,-25.4191379517,28.3317530174,1158.7095342309,5.3005523693,270.0535591668,5.0625,2.75,17.6480407797
,2024-10-26T15:37:15.985Z,-25.4191316234,28.3316987865,1158.7528081567,5.3712615979,275.6621652552,5.0,2.9375,17.6796569906
,2024-10-26T15:37:16.985Z,-25.4191186314,28.3316443041,1158.6459355981,5.3202819836,282.2815289539,4.9375,3.0625,17.7748718344
,2024-10-26T15:37:17.985Z,-25.4191023286,28.3315945994,1158.2404180198,5.2374572766,284.9182879377,4.875,3.0625,17.9333191001
,2024-10-26T15:37:18.985Z,-25.4190860678,28.3315390274,1158.1612249045,5.3293914807,286.78049897,4.875,3.125,18.0839538658
,2024-10-26T15:37:19.985Z,-25.4190680886,28.331487814,1157.9424443868,5.346878053,289.873197528,4.8125,3.125,18.1156921471
,2024-10-26T15:37:20.985Z,-25.419048894,28.3314366006,1157.6595159199,5.5419921887,291.0597390707,4.8125,3.1875,18.1315612877
,2024-10-26T15:37:21.985Z,-25.4190342676,28.3313867282,1157.465057912,5.558898927,288.4284733348,4.8125,3.1875,18.1315612877
,2024-10-26T15:37:22.985Z,-25.41902576,28.3313322459,1156.9284978531,5.6282653821,284.7205310139,4.8125,3.25,18.0099792564
,2024-10-26T15:37:23.985Z,-25.4190216109,28.331273824,1156.9917913102,5.7381896986,278.5076676585,4.75,3.25,17.8171081625
,2024-10-26T15:37:24.985Z,-25.4190237064,28.3312148992,1156.9686284684,5.875167848,271.5147631036,4.75,3.25,17.7245788656
,2024-10-26T15:37:25.985Z,-25.4190348962,28.3311552201,1156.7651067398,5.9494781507,263.9670405127,4.75,3.25,17.6004333578
,2024-10-26T15:37:26.985Z,-25.4190483492,28.3310975526,1156.0980535168,6.0954589857,258.1826504921,4.75,3.25,17.518524178
,2024-10-26T15:37:27.985Z,-25.4190638976,28.3310330119,1156.2871099134,6.4310455337,257.3202105745,4.75,3.25,17.4445495686
,2024-10-26T15:37:28.985Z,-25.419074375,28.3309667949,1156.0292668957,6.7414093033,258.1277180132,4.8125,3.25,17.3097839436
,2024-10-26T15:37:29.985Z,-25.4190837208,28.3308991529,1156.1007695813,6.981521608,259.451590753,4.8125,3.1875,17.03500367
,2024-10-26T15:37:30.985Z,-25.4190908454,28.3308303375,1156.082489552,7.1289672868,261.7917143511,4.875,3.125,16.7205505448
,2024-10-26T15:37:31.985Z,-25.4190867802,28.3307627794,1155.9636541027,7.1465606706,268.59235523,4.875,3.0625,16.4192810135
,2024-10-26T15:37:32.985Z,-25.4190748779,28.3307000827,1156.1585393567,6.8015594498,276.7388418402,4.9375,2.9375,16.1551208571
,2024-10-26T15:37:33.985Z,-25.419063269,28.3306358774,1156.0683599133,6.7544403091,278.2714579995,5.0625,2.75,15.9543151929
,2024-10-26T15:37:34.985Z,-25.4190540489,28.3305723425,1155.723175587,6.6328735367,277.7825589379,5.125,2.625,15.9173278882
,2024-10-26T15:37:35.985Z,-25.4190509476,28.330510987,1155.581818165,6.4122009292,274.6294346532,5.1875,2.625,15.8063659741
,2024-10-26T15:37:36.985Z,-25.41904332,28.3304533195,1155.3834233895,6.1769561781,275.4589150835,5.1875,2.5625,15.6424255443
,2024-10-26T15:37:37.985Z,-25.4190365307,28.3303958196,1155.3862920419,5.9443359388,276.326848249,5.25,2.5625,15.4786071849
,2024-10-26T15:37:38.985Z,-25.4190219462,28.3303496354,1155.0148015632,5.248779298,284.8413824673,5.3125,2.5,15.3385925364
,2024-10-26T15:37:39.985Z,-25.4189944955,28.3303101566,1154.9990850104,4.6166534434,301.6672007324,5.5,2.4375,15.1774597238
,2024-10-26T15:37:40.985Z,-25.4189561902,28.3302767966,1154.8258367193,4.5529632578,317.4493018997,5.3125,2.375,15.0506286691
,2024-10-26T15:37:41.984Z,-25.4189001571,28.3302505613,1154.5283208501,5.253051759,332.4623483634,5.3125,2.375,14.9898376534
,2024-10-26T15:37:42.984Z,-25.4188471416,28.3302401677,1154.2990422855,5.5780792249,338.6477454795,5.3125,2.375,14.9026794502
,2024-10-26T15:37:43.984Z,-25.4187934555,28.3302206379,1154.3884587895,5.8144836439,338.340123598,5.25,2.4375,14.7625427314
,2024-10-26T15:37:44.984Z,-25.4187448824,28.3301791474,1154.3418889652,6.2142639174,323.294117647,5.25,2.4375,14.6040954657
,2024-10-26T15:37:45.984Z,-25.4187099298,28.3301244974,1154.3458257328,6.3680419936,307.6878004119,5.25,2.4375,14.5036315985
,2024-10-26T15:37:46.984Z,-25.4186818086,28.3300643154,1154.3130193363,6.5071563735,300.6564431219,5.1875,2.5,14.4349060125
,2024-10-26T15:37:47.984Z,-25.4186582135,28.3300033789,1154.2890020023,6.6169586197,296.4650949874,5.125,2.625,14.3663024969
,2024-10-26T15:37:48.984Z,-25.4186365882,28.329942694,1154.5401311528,6.7153625503,294.2458228427,5.125,2.625,14.3663024969
,2024-10-26T15:37:49.984Z,-25.4186143342,28.3298746329,1154.5566411626,6.9629974381,292.3506523231,5.1875,2.5625,14.4137878485
,2024-10-26T15:37:50.984Z,-25.4185962712,28.3298024647,1154.3860784184,7.1600646989,289.7413595788,5.1875,2.5,14.4825134344
,2024-10-26T15:37:51.984Z,-25.4185855424,28.329732392,1154.1941533694,7.2097473161,284.7095445181,5.1875,2.5,14.4825134344
,2024-10-26T15:37:52.984Z,-25.4185855843,28.3296603076,1153.8977666506,7.1823272721,277.4090180819,5.25,2.4375,14.4639587469
,2024-10-26T15:37:53.984Z,-25.4185922479,28.3295862116,1153.8682256349,7.2080230729,270.7347219043,5.25,2.4375,14.4058532781
,2024-10-26T15:37:54.984Z,-25.4186049884,28.3295022249,1153.4992681152,7.4422760027,267.0981918059,5.25,2.4375,14.2605896062
,2024-10-26T15:37:55.984Z,-25.4186159687,28.3294261173,1153.3154607421,7.4362792986,265.730373083,5.25,2.4375,14.059783942
,2024-10-26T15:37:56.984Z,-25.4186189862,28.3293480817,1153.2117620116,7.4247131364,267.1146715495,5.25,2.4375,13.8959655826
,2024-10-26T15:37:57.984Z,-25.41861907,28.3292659391,1153.077759326,7.6293792742,269.5646601052,5.25,2.4375,13.7637634341
,2024-10-26T15:37:58.984Z,-25.418611652,28.329187233,1152.7752690914,7.7769927996,272.5365072098,5.375,2.375,13.6792907778
,2024-10-26T15:37:59.984Z,-25.4186057009,28.3291093651,1152.5097356441,7.8487396258,274.3163195239,5.5,2.3125,13.6026306215
,2024-10-26T15:38:00.984Z,-25.4186007136,28.3290278092,1152.3639531733,7.9904785174,274.920576791,5.5625,2.3125,13.5232849184
,2024-10-26T15:38:01.984Z,-25.418592667,28.3289450798,1152.2222295404,8.1880188007,274.9755092698,5.625,2.3125,13.417694098
,2024-10-26T15:38:02.984Z,-25.4185879312,28.3288601712,1151.8408208488,8.3274230976,274.124055848,5.6875,2.25,13.259124762
,2024-10-26T15:38:03.984Z,-25.4185841175,28.3287786152,1151.6459050772,8.3867492695,273.464866102,5.8125,2.1875,13.1427917541
,2024-10-26T15:38:04.984Z,-25.4185799684,28.3286952153,1151.4562078115,8.4490814228,273.2945754177,5.8125,2.1875,13.0265808166
,2024-10-26T15:38:05.984Z,-25.4185782082,28.3286111448,1151.192200243,8.4486084004,272.8221560997,5.8125,2.1875,12.8970642149
,2024-10-26T15:38:06.984Z,-25.4185752327,28.3285264038,1151.2707524892,8.3941040058,272.481574731,5.75,2.25,12.7808532774
,2024-10-26T15:38:07.984Z,-25.4185687786,28.3284470272,1151.1254582997,8.2482910175,273.1737239642,5.6875,2.25,12.6751403867
,2024-10-26T15:38:08.984Z,-25.4185613606,28.3283649683,1150.7592778796,8.2010040302,274.5250629434,5.6875,2.25,12.5773620664
,2024-10-26T15:38:09.984Z,-25.4185498774,28.3282837477,1150.7125554674,8.1183929462,276.3378347447,5.75,2.1875,12.4109802303
,2024-10-26T15:38:10.983Z,-25.418536173,28.3282070533,1150.5170903795,7.9767608661,278.0022888532,5.75,2.1875,12.2179870662
,2024-10-26T15:38:11.983Z,-25.4185255699,28.3281285987,1150.2293706528,7.968444826,277.8979171435,5.75,2.1875,12.1123962458
,2024-10-26T15:38:12.983Z,-25.418521337,28.3280446958,1149.8922429671,8.0622100848,272.948500801,5.8125,2.25,12.0198669489
,2024-10-26T15:38:13.983Z,-25.4185253603,28.3279683367,1149.7163701642,8.037750246,267.3014419775,5.8125,2.25,11.8217468316
,2024-10-26T15:38:14.983Z,-25.4185357958,28.3278928157,1149.776794969,8.0121917743,261.9290455481,5.625,2.3125,11.623504644
,2024-10-26T15:38:15.983Z,-25.4185518472,28.3278098349,1149.5579228985,8.0341949481,259.2208743419,5.5625,2.375,11.5309753471
,2024-10-26T15:38:16.983Z,-25.4185673537,28.3277275246,1149.4485173809,8.0922088641,258.3144884412,5.5625,2.375,11.3090515189
,2024-10-26T15:38:17.983Z,-25.4185841175,28.3276513331,1149.4617009747,7.9074554461,257.6058594644,5.5625,2.3125,11.0580749563
,2024-10-26T15:38:18.983Z,-25.4186029768,28.327569861,1149.5611882794,7.7076568621,256.9027237354,5.625,2.25,10.8334655812
,2024-10-26T15:38:19.983Z,-25.4186212074,28.3274961841,1149.5005193341,7.3628082292,257.1444266422,5.625,2.25,10.6748962452
,2024-10-26T15:38:20.983Z,-25.4186282901,28.32742301,1149.6347356427,7.016174318,262.9343099107,5.6875,2.25,10.4450378466
,2024-10-26T15:38:21.983Z,-25.4186165554,28.3273590561,1149.6327520001,6.6612396255,281.105973907,5.625,2.25,10.3129577684
,2024-10-26T15:38:22.983Z,-25.4185892724,28.3272971139,1149.5603337872,6.8024597183,290.0709544518,5.5625,2.25,10.2653503465
,2024-10-26T15:38:23.983Z,-25.4185553676,28.3272304777,1149.2808538066,7.1237030045,293.8942549782,5.5,2.3125,10.2231140184
,2024-10-26T15:38:24.983Z,-25.4185251927,28.327162249,1148.8533940896,7.3236236589,295.4708171206,5.375,2.3125,10.1094665574
,2024-10-26T15:38:25.983Z,-25.4184994603,28.3270999715,1148.8361821755,7.3925323503,295.5092698558,5.25,2.375,9.9640808151
,2024-10-26T15:38:26.983Z,-25.4184798466,28.3270294797,1148.6031194313,7.4597015398,289.6534676127,5.3125,2.3125,9.8029480026
,2024-10-26T15:38:27.983Z,-25.4184707941,28.3269538749,1148.1785283666,7.5583953875,282.4518196383,5.25,2.375,9.5889587446
,2024-10-26T15:38:28.983Z,-25.4184691178,28.3268775158,1147.9247441868,7.5430755632,274.8931105516,5.25,2.4375,9.3088073773
,2024-10-26T15:38:29.983Z,-25.4184710037,28.3268032521,1147.7351689914,7.5304718035,268.9604028381,5.25,2.4375,9.0551452678
,2024-10-26T15:38:30.983Z,-25.4184833251,28.3267294076,1147.4327092745,7.6114196795,263.5550469214,5.1875,2.5,8.8226013224
,2024-10-26T15:38:31.983Z,-25.4185013881,28.3266540543,1147.2911382295,7.6753082293,258.841840238,5.1875,2.5,8.6192321817
,2024-10-26T15:38:32.983Z,-25.4185206665,28.3265890107,1147.0732427216,7.6007995623,257.1718928816,5.1875,2.5625,8.3601989785
,2024-10-26T15:38:33.983Z,-25.4185303057,28.3265176807,1146.9440618133,7.6168823259,261.0611123826,5.1875,2.5625,8.1700134315
,2024-10-26T15:38:34.983Z,-25.4185295932,28.3264375497,1146.7434697722,7.7901000994,268.2023346303,5.1875,2.5625,8.029998783
,2024-10-26T15:38:35.983Z,-25.418524606,28.3263590113,1146.4430242154,7.9953002948,272.7122911421,5.1875,2.5625,7.9295349158
,2024-10-26T15:38:36.983Z,-25.4185160983,28.326278545,1146.3372502896,8.171936037,275.343556878,5.1875,2.5625,7.7895202672
,2024-10-26T15:38:37.983Z,-25.4185080517,28.3261978273,1146.0704656215,8.1590271015,275.9093614099,5.25,2.5,7.7234802282
,2024-10-26T15:38:38.983Z,-25.4185001727,28.326121971,1145.8980107875,8.0094757098,274.3327992675,5.3125,2.5,7.59921265
,2024-10-26T15:38:39.983Z,-25.4184980772,28.3260450252,1145.848633346,7.9022521991,270.8610666056,5.3125,2.5,7.3852233921
,2024-10-26T15:38:40.982Z,-25.4184998374,28.3259653971,1145.7826848597,7.8939209002,268.8999771114,5.3125,2.5,7.181732181
,2024-10-26T15:38:41.982Z,-25.4185012205,28.3258844279,1145.6755071252,8.0421905536,268.3506523231,5.3125,2.5,6.9942321809
,2024-10-26T15:38:42.982Z,-25.4185007175,28.3258081526,1145.5158391564,8.1204376239,269.4767681391,5.375,2.5,6.7748718293
,2024-10-26T15:38:43.982Z,-25.4184982449,28.3257309553,1145.4442144005,8.2299041767,271.5092698558,5.4375,2.4375,6.5951843292
,2024-10-26T15:38:44.982Z,-25.4184919585,28.3256510757,1145.2372747032,8.3299407978,273.2671091783,5.5,2.4375,6.4710388213
,2024-10-26T15:38:45.982Z,-25.4184837861,28.3255721182,1145.2082830039,8.3585968037,273.8988326848,5.375,2.4375,6.3415222197
,2024-10-26T15:38:46.982Z,-25.4184808105,28.3254906461,1145.1297307578,8.204345705,273.7779812314,5.3125,2.5,6.2305603056
,2024-10-26T15:38:47.982Z,-25.4184746917,28.3254088387,1144.9389348593,8.0832366962,273.9317921721,5.1875,2.5,6.122161868
,2024-10-26T15:38:48.982Z,-25.4184689082,28.3253303003,1144.7290654744,7.9181823748,273.8164339665,5.1875,2.5625,5.9927673367
,2024-10-26T15:38:49.982Z,-25.4184656393,28.3252464813,1144.6032720173,7.6914367693,273.607690547,5.1875,2.5625,5.8262634304
,2024-10-26T15:38:50.982Z,-25.418460233,28.325169703,1144.3468938434,7.4221191423,273.8384069581,5.1875,2.5625,5.6597595241
,2024-10-26T15:38:51.982Z,-25.4184552038,28.325101642,1144.0914311968,7.1240539567,273.3989471274,5.1875,2.5625,5.4510192896
,2024-10-26T15:38:52.982Z,-25.4184628313,28.3250355087,1143.9797063432,6.8817138687,263.0276951247,5.1875,2.5625,5.200042727
,2024-10-26T15:38:53.982Z,-25.4184749013,28.3249713872,1143.7184148392,6.6715850845,259.5944151979,5.1875,2.5625,4.9992370628
,2024-10-26T15:38:54.982Z,-25.4184950178,28.3249081876,1143.5719304641,6.6976318374,254.0627145799,5.1875,2.5625,4.7693786643
,2024-10-26T15:38:55.982Z,-25.4185232649,28.3248486761,1143.4885564406,6.681533815,245.905241474,5.1875,2.5625,4.5579528829
,2024-10-26T15:38:56.982Z,-25.4185600614,28.3247940261,1143.3479619581,6.809066774,238.3465323872,5.1875,2.5,4.3571472188
,2024-10-26T15:38:57.982Z,-25.4186007136,28.3247437347,1143.4692693312,7.0027465836,232.4303044174,5.3125,2.5,4.1747741718
,2024-10-26T15:38:58.982Z,-25.4186448444,28.3246874921,1143.5289617141,7.1377258317,230.7768368047,5.3125,2.4375,4.0533142108
,2024-10-26T15:38:59.982Z,-25.4186893523,28.3246328421,1143.5451360305,7.1725463883,231.7216754406,5.25,2.4375,4.0215759296
,2024-10-26T15:39:00.982Z,-25.4187314713,28.3245754261,1143.5900273879,7.2189178483,233.2048523689,5.1875,2.5,4.0215759296
,2024-10-26T15:39:01.982Z,-25.4187669268,28.3245171719,1143.539459761,7.2069244401,234.1936369878,5.1875,2.5,4.0295104999
,2024-10-26T15:39:02.982Z,-25.4188056093,28.3244650364,1143.5440679153,7.0800018327,229.4749370565,5.1875,2.5,4.0295104999
,2024-10-26T15:39:03.982Z,-25.4188592954,28.3244289942,1143.67871147,6.9632110611,214.5387960631,5.1875,2.5,4.0163269061
,2024-10-26T15:39:04.982Z,-25.4189158313,28.3244036809,1143.9539800248,6.7587738052,207.0295262073,5.1875,2.5,3.9607849139
,2024-10-26T15:39:05.982Z,-25.4189733731,28.3243807145,1144.0734258257,6.60195923,205.1728084229,5.1875,2.5,3.868255617
,2024-10-26T15:39:06.982Z,-25.4190194316,28.3243414033,1144.3121038043,6.3867797866,217.2744335088,5.25,2.375,3.868255617
,2024-10-26T15:39:07.982Z,-25.4190566054,28.3242912796,1144.3691411578,6.2244110121,233.8420691233,5.25,2.375,3.8815612811
,2024-10-26T15:39:08.982Z,-25.4190721119,28.3242239729,1144.4610601032,6.3681793227,252.5300984206,5.25,2.375,3.9634704608
,2024-10-26T15:39:09.982Z,-25.4190818768,28.3241536487,1144.3641057574,6.8154144302,258.4133669031,5.25,2.4375,4.1061706562
,2024-10-26T15:39:10.981Z,-25.4190969642,28.3240930476,1144.3231816852,6.8215332047,256.825818265,5.25,2.4375,4.2144470234
,2024-10-26T15:39:11.981Z,-25.4191159073,28.3240273334,1144.242676314,6.8989715592,252.7608148317,5.1875,2.5,4.3016052266
,2024-10-26T15:39:12.981Z,-25.4191424361,28.3239602782,1144.1853032671,7.0534362809,249.8493934538,5.25,2.4375,4.3122253438
,2024-10-26T15:39:13.981Z,-25.4191692162,28.3238946479,1144.1091619097,7.1584472672,248.8715953307,5.3125,2.4375,4.3122253438
,2024-10-26T15:39:14.981Z,-25.4191913445,28.3238242399,1144.0686345659,7.2728424089,250.6129549095,5.375,2.375,4.2673034687
,2024-10-26T15:39:15.981Z,-25.4192038754,28.3237537481,1143.9669499955,7.347991945,256.6884870679,5.4375,2.375,4.254119875
,2024-10-26T15:39:16.981Z,-25.4192122992,28.3236802388,1143.8206182084,7.3760223405,262.687113756,5.4375,2.375,4.254119875
,2024-10-26T15:39:17.981Z,-25.4192110838,28.3236019518,1143.736511763,7.4910583513,269.2845044632,5.375,2.4375,4.2673034687
,2024-10-26T15:39:18.981Z,-25.4192057194,28.3235223238,1143.5028386672,7.681045534,272.5584802014,5.375,2.375,4.2673034687
,2024-10-26T15:39:19.981Z,-25.4191961221,28.3234471381,1143.3688970167,7.7104034441,273.8109407186,5.4375,2.375,4.2673034687
,2024-10-26T15:39:20.981Z,-25.419187866,28.323363822,1143.2399907667,7.853210451,274.4701304646,5.4375,2.375,4.2673034687
,2024-10-26T15:39:21.981Z,-25.4191780591,28.3232848645,1143.1224065381,7.8711700457,275.2391851682,5.4375,2.375,4.2382507343
,2024-10-26T15:39:22.981Z,-25.419168881,28.3232055716,1143.0117803174,7.6987762469,275.0908674753,5.5,2.375,4.2117614765
,2024-10-26T15:39:23.981Z,-25.4191728624,28.3231315594,1142.9137273388,7.2816467302,265.7413595788,5.5,2.375,4.1589050312
,2024-10-26T15:39:24.981Z,-25.4191907996,28.3230657615,1142.9297185497,6.9671325699,253.0574502174,5.375,2.4375,4.071746828
,2024-10-26T15:39:25.981Z,-25.4192234052,28.32300625,1143.0812993604,6.8776397721,239.8956282902,5.25,2.5,3.9264831561
,2024-10-26T15:39:26.981Z,-25.4192693381,28.3229563777,1143.172760542,6.8440551773,226.0856031128,5.1875,2.5625,3.7810974138
,2024-10-26T15:39:27.981Z,-25.4193193361,28.322913127,1143.3957219679,6.8123779312,219.7244220645,5.125,2.625,3.6595153825
,2024-10-26T15:39:28.981Z,-25.4193700466,28.3228693735,1143.5291753371,6.8231201187,219.3948271915,5.125,2.6875,3.5539245622
,2024-10-26T15:39:29.981Z,-25.4194151413,28.3228206747,1143.6477666458,6.8756561295,223.8498512245,5.125,2.6875,3.5539245622
,2024-10-26T15:39:30.981Z,-25.4194564641,28.3227638453,1143.6717839798,7.0022583024,229.1508354314,5.125,2.625,3.5961608903
,2024-10-26T15:39:31.981Z,-25.4194925062,28.3227087762,1143.71777397,7.0729827897,231.5898374914,5.1875,2.5625,3.633148195
,2024-10-26T15:39:32.981Z,-25.4195275007,28.3226448223,1143.7535710892,7.0886383073,235.3032730601,5.1875,2.5625,3.6939392107
,2024-10-26T15:39:33.981Z,-25.4195562087,28.3225800302,1143.8799443803,7.1190032975,241.3348592355,5.25,2.4375,3.7493591326
,2024-10-26T15:39:34.981Z,-25.4195757804,28.3225097899,1143.9058843217,7.1170501725,247.9047837033,5.25,2.4375,3.815521242
,2024-10-26T15:39:35.981Z,-25.4195853777,28.3224297427,1143.9641728959,7.2356872575,255.7985809109,5.1875,2.5,3.8894958514
,2024-10-26T15:39:36.981Z,-25.4195882276,28.3223477677,1143.8766789994,7.2324981706,261.1270313572,5.1875,2.5,3.9739685077
,2024-10-26T15:39:37.981Z,-25.4195914965,28.3222740069,1143.7818303665,6.9478302018,263.7802700846,5.1875,2.5625,3.9977722186
,2024-10-26T15:39:38.980Z,-25.4195941368,28.32220494,1143.5511479934,6.6175994888,261.8081940947,5.125,2.625,3.9977722186
,2024-10-26T15:39:39.980Z,-25.4196203303,28.3221483622,1143.4432988723,6.2314147963,245.1746395056,5.125,2.625,3.8815612811
,2024-10-26T15:39:40.980Z,-25.4196578812,28.3221026808,1143.4454045851,5.6984863294,230.2714579995,5.125,2.625,3.6912536638
,2024-10-26T15:39:41.980Z,-25.4196997488,28.3220685665,1143.485199507,5.3853912366,217.6589608606,5.1875,2.5625,3.4455261246
,2024-10-26T15:39:42.980Z,-25.4197404429,28.3220430017,1143.4724126418,5.047317506,212.6875715266,5.3125,2.4375,3.2474060073
,2024-10-26T15:39:43.980Z,-25.4197818914,28.322022466,1143.5701604446,4.5925903331,204.7553215838,5.5,2.3125,3.0412292494
,2024-10-26T15:39:44.980Z,-25.4198164668,28.3220106475,1143.6218877395,3.9061889657,201.1187914854,5.625,2.1875,2.898529054
,2024-10-26T15:39:45.980Z,-25.4198462645,28.3219999187,1143.5724187454,3.4624328621,200.7507438773,5.8125,2.125,2.8113708509
,2024-10-26T15:39:46.980Z,-25.419876565,28.3219875135,1143.6909795364,3.1867370612,200.9814602883,5.75,2.125,2.718841554
,2024-10-26T15:39:47.980Z,-25.4199086258,28.3219812271,1143.6477971634,2.8810882575,203.0963607232,5.5625,2.25,2.6713562024
,2024-10-26T15:39:48.980Z,-25.4199319275,28.3219574224,1143.6024480422,2.6837158209,218.3785763332,5.5,2.3125,2.6211853039
,2024-10-26T15:39:49.980Z,-25.419943285,28.3219243139,1143.6294866165,2.4165496831,236.8358892195,5.375,2.375,2.6211853039
,2024-10-26T15:39:50.980Z,-25.4199435364,28.3218907863,1143.7077642044,2.479278565,255.0734721904,5.25,2.4375,2.6502380383
,2024-10-26T15:39:51.980Z,-25.4199396389,28.3218615335,1143.6331487259,2.871429444,264.1318379491,5.1875,2.5,2.6686706555
,2024-10-26T15:39:52.980Z,-25.419944668,28.3218346276,1143.5599065383,2.7746276861,260.4129091325,5.1875,2.5,2.6766052258
,2024-10-26T15:39:53.980Z,-25.4199653294,28.3218093142,1143.517029341,2.786285401,239.3353170061,5.25,2.4375,2.6766052258
,2024-10-26T15:39:54.980Z,-25.4199958814,28.3217926342,1143.565643843,3.1201019294,213.5005722133,5.25,2.4375,2.6528015149
,2024-10-26T15:39:55.980Z,-25.4200310854,28.3217951488,1143.4728704055,3.4049072273,193.7962920576,5.25,2.375,2.6132507336
,2024-10-26T15:39:56.980Z,-25.4200686783,28.3217926342,1143.4526372512,3.5433654793,189.0281528953,5.1875,2.5,2.5867614758
,2024-10-26T15:39:57.980Z,-25.4201043852,28.3217801452,1143.3996892531,3.6898345955,189.2643625543,5.1875,2.5,2.5788269054
,2024-10-26T15:39:58.980Z,-25.4201411398,28.3217702545,1143.2642522413,3.8157043465,189.9510185397,5.1875,2.5,2.5788269054
,2024-10-26T15:39:59.980Z,-25.4201777687,28.3217600286,1143.1932683546,3.9986114511,190.7200732433,5.25,2.4375,2.6053161633
,2024-10-26T15:40:00.980Z,-25.4202102905,28.3217513953,1143.2039495069,4.1006469736,190.917830167,5.25,2.4375,2.6158142102
,2024-10-26T15:40:01.980Z,-25.4202470033,28.3217433486,1143.1362920362,4.2441101084,190.3849851224,5.1875,2.5,2.6105651867
,2024-10-26T15:40:02.980Z,-25.4202884937,28.3217314463,1142.9308171826,4.4511413584,190.3959716182,5.1875,2.5625,2.6105651867
,2024-10-26T15:40:03.980Z,-25.4203282239,28.3217254952,1142.9140935497,4.5333404551,189.983978027,5.1875,2.5625,2.5867614758
,2024-10-26T15:40:04.980Z,-25.4203697562,28.3217190411,1142.9698796826,4.5207061778,189.56099794,5.1875,2.5625,2.5470886242
,2024-10-26T15:40:05.980Z,-25.4204106599,28.3217125032,1143.1020513135,4.4481506358,189.4621194781,5.1875,2.5625,2.5259704601
,2024-10-26T15:40:06.980Z,-25.4204501387,28.3217047919,1143.1196904737,4.3467865,189.9235523002,5.1875,2.625,2.504852296
,2024-10-26T15:40:07.979Z,-25.4204872705,28.3216989246,1143.3025823195,3.9682464608,190.1817349507,5.125,2.625,2.504852296
,2024-10-26T15:40:08.979Z,-25.4205210915,28.3216845915,1143.6684270462,3.7663574227,193.873197528,5.125,2.625,2.5101013195
,2024-10-26T15:40:09.979Z,-25.4205529427,28.3216762096,1143.5396123489,3.3174133308,191.7033646143,5.0,2.875,2.5788269054
,2024-10-26T15:40:10.979Z,-25.4205787171,28.3216665704,1143.5015874465,3.1253204352,190.967269398,4.9375,2.9375,2.642303468
,2024-10-26T15:40:11.979Z,-25.4206053296,28.3216550034,1143.2333684522,3.0851745612,194.2687113756,4.875,3.0625,2.6924743664
,2024-10-26T15:40:12.979Z,-25.4206262006,28.321651483,1143.2135930616,2.5502777105,191.7802700846,4.8125,3.125,2.6924743664
,2024-10-26T15:40:13.979Z,-25.4206298467,28.3216509801,1143.121765669,1.2346038821,191.7033646143,4.8125,3.1875,2.6924743664
,2024-10-26T15:40:14.979Z,-25.4206238955,28.3216500581,1143.2292180616,0.1653900146,191.7033646143,4.8125,3.1875,2.642303468
,2024-10-26T15:40:15.979Z,-25.4206215067,28.3216524888,1143.2134099561,0.1667175293,191.7033646143,4.8125,3.1875,2.5946960461
,2024-10-26T15:40:16.979Z,-25.4206176091,28.3216549196,1143.2723393995,0.0593414306,191.7033646143,4.8125,3.1875,2.5683288586
,2024-10-26T15:40:17.979Z,-25.4206153041,28.3216555063,1143.263336714,0.0204620361,191.7033646143,4.8125,3.1875,2.5683288586
,2024-10-26T15:40:18.979Z,-25.4206146335,28.3216562607,1143.2986760694,0.0342559814,191.7033646143,4.8125,3.1875,2.5762634289
,2024-10-26T15:40:19.979Z,-25.420613502,28.3216550872,1143.2922368605,0.0541839599,191.7033646143,4.8125,3.1875,2.6078796398
,2024-10-26T15:40:20.979Z,-25.4206122447,28.3216529917,1143.2837834913,0.0893402099,191.7033646143,4.8125,3.1875,2.6237487805
,2024-10-26T15:40:21.979Z,-25.4206091015,28.321654249,1143.3963628371,0.0437927246,191.7033646143,4.8125,3.1875,2.6528015149
,2024-10-26T15:40:22.979Z,-25.4206095625,28.3216538299,1143.387543257,0.1016998291,191.7033646143,4.8125,3.1875,2.6766052258
,2024-10-26T15:40:23.979Z,-25.4206089757,28.3216537461,1143.4013677199,0.0913696289,191.7033646143,4.8125,3.1875,2.6951599133
,2024-10-26T15:40:24.979Z,-25.4206098558,28.3216535785,1143.4323125441,0.1139984131,191.7033646143,4.8125,3.1875,2.7162780774
,2024-10-26T15:40:25.979Z,-25.4206102749,28.3216522374,1143.4224553664,0.1503753662,191.7033646143,4.8125,3.1875,2.7532653821
,2024-10-26T15:40:26.979Z,-25.4206088919,28.3216508962,1143.3095708448,0.1271820068,191.7033646143,4.8125,3.25,2.7611999524
,2024-10-26T15:40:27.979Z,-25.4206077185,28.3216557578,1143.3367925245,0.0352935791,191.7033646143,4.8125,3.25,2.7743835462
,2024-10-26T15:40:28.979Z,-25.4206075089,28.3216556739,1143.4342961867,0.0518798828,191.7033646143,4.75,3.25,2.777069093
,2024-10-26T15:40:29.979Z,-25.4206092691,28.3216565121,1143.3826604445,0.0751037597,191.7033646143,4.75,3.25,2.7823181165
,2024-10-26T15:40:30.979Z,-25.4206097301,28.3216554225,1143.3275762159,0.0486755371,191.7033646143,4.75,3.25,2.7875671399
,2024-10-26T15:40:31.979Z,-25.4206107359,28.3216538299,1143.3381658156,0.046508789,191.7033646143,4.75,3.25,2.7823181165
,2024-10-26T15:40:32.979Z,-25.4206107778,28.321653327,1143.3510442335,0.0375518798,191.7033646143,4.75,3.25,2.7875671399
,2024-10-26T15:40:33.979Z,-25.4206101911,28.3216521535,1143.2702642042,0.0317840576,191.7033646143,4.75,3.25,2.7796325696
,2024-10-26T15:40:34.979Z,-25.4206095625,28.3216516506,1143.3501897413,0.0732421875,191.7033646143,4.75,3.25,2.7823181165
,2024-10-26T15:40:35.979Z,-25.4206095625,28.3216511477,1143.3401494581,0.0267028808,191.7033646143,4.75,3.25,2.7796325696
,2024-10-26T15:40:36.978Z,-25.4206097301,28.3216513153,1143.363739546,0.0356140136,191.7033646143,4.75,3.25,2.7796325696
,2024-10-26T15:40:37.978Z,-25.4206091434,28.3216522374,1143.2792974073,0.0241394043,191.7033646143,4.75,3.25,2.7743835462
,2024-10-26T15:40:38.978Z,-25.4206091015,28.3216519021,1143.2958379347,0.0119171142,191.7033646143,4.75,3.25,2.7664489758
,2024-10-26T15:40:39.978Z,-25.4206091015,28.3216519859,1143.2655339796,0.0,191.7033646143,4.75,3.25,2.7532653821
,2024-10-26T15:40:40.978Z,-25.4206083052,28.3216516506,1143.2988286573,0.0159606933,191.7033646143,4.75,3.25,2.7347106946
,2024-10-26T15:40:41.978Z,-25.4206088919,28.3216509801,1143.3679814894,0.0389404296,191.7033646143,4.75,3.25,2.7294616711
,2024-10-26T15:40:42.978Z,-25.4206097301,28.3216519021,1143.3161931593,0.0084838867,191.7033646143,4.75,3.25,2.7294616711
,2024-10-26T15:40:43.978Z,-25.4206103168,28.3216517344,1143.2877507765,0.0572509765,191.7033646143,4.75,3.25,2.7294616711
,2024-10-26T15:40:44.978Z,-25.4206137115,28.3216499742,1143.2460637647,0.260925293,191.7033646143,4.75,3.25,-
,2024-10-26T15:40:45.978Z,-25.4206134601,28.3216499742,1143.0313420849,0.2348480225,191.7033646143,4.75,3.25,2.7267761243
,2024-10-26T15:40:46.978Z,-25.4206157651,28.3216503933,1143.0025640088,0.3218078614,191.7033646143,4.8125,3.25,2.6448669445
,2024-10-26T15:40:47.978Z,-25.4206202913,28.3216517344,1143.0740972119,0.5503997804,191.7033646143,4.8125,3.1875,2.5207214367
,2024-10-26T15:40:48.978Z,-25.4206319422,28.3216519021,1143.1720281202,1.3514709475,191.7033646143,4.875,3.125,2.4045104991
,2024-10-26T15:40:49.978Z,-25.4206599377,28.3216521535,1143.292053755,2.9221344,181.3925383382,4.875,3.0625,2.325164796
,2024-10-26T15:40:50.978Z,-25.4207020149,28.3216480464,1143.3533025343,4.6298522959,182.3538567177,5.0,2.875,2.3146667491
,2024-10-26T15:40:51.978Z,-25.420745475,28.3216402512,1143.3211980421,5.0052337658,183.7821011673,5.0625,2.75,2.3146667491
,2024-10-26T15:40:52.978Z,-25.4207884323,28.3216310311,1143.3068242628,5.4270629895,185.0290684367,5.125,2.6875,2.370086671
,2024-10-26T15:40:53.978Z,-25.420836251,28.3216230683,1143.3218389113,6.0844573988,185.6498054474,5.1875,2.625,2.4651794445
,2024-10-26T15:40:54.978Z,-25.4208840279,28.3216130939,1143.1689763624,6.1197052016,186.4023804074,5.125,2.625,2.5815124523
,2024-10-26T15:40:55.978Z,-25.4209317628,28.3216025327,1143.0485845166,6.068893434,186.9077592126,5.125,2.625,2.6237487805
,2024-10-26T15:40:56.978Z,-25.4209790787,28.3215927258,1143.0628667432,5.9845733656,187.4845502403,5.125,2.625,2.6316833508
,2024-10-26T15:40:57.978Z,-25.421029412,28.321579231,1143.1308293897,5.9552917494,188.671091783,5.125,2.625,2.6607360852
,2024-10-26T15:40:58.978Z,-25.4210787814,28.3215663228,1143.1109624463,6.0003356947,189.5884641794,5.1875,2.5625,2.6607360852
,2024-10-26T15:40:59.978Z,-25.4211294081,28.3215554264,1143.103027876,6.0386505141,189.7807278553,5.1875,2.5,2.6026306164
,2024-10-26T15:41:00.978Z,-25.4211822141,28.3215432726,1143.2331548292,5.9253387464,189.9510185397,5.1875,2.5,2.5497741711
,2024-10-26T15:41:01.978Z,-25.4212276859,28.3215346392,1143.2774968702,5.627548219,189.9949645227,5.1875,2.5,2.4864196788
,2024-10-26T15:41:02.978Z,-25.4212760914,28.3215267603,1143.3055425245,5.4382781995,189.9949645227,5.1875,2.5625,2.4070739757
,2024-10-26T15:41:03.978Z,-25.4213228205,28.3215130978,1143.1505132276,5.2933654797,190.5607690547,5.1875,2.5,2.2961120616
,2024-10-26T15:41:04.978Z,-25.4213710584,28.3214979265,1143.1500249463,5.1912841808,191.2913710231,5.25,2.4375,2.2062683115
,2024-10-26T15:41:05.978Z,-25.4214164883,28.3214874491,1143.0372319775,5.058166505,191.6374456397,5.1875,2.5,2.1560974131
,2024-10-26T15:41:06.977Z,-25.4214575177,28.3214769718,1142.9863896924,4.8703308116,191.5330739299,5.1875,2.5,2.0926208505
,2024-10-26T15:41:07.977Z,-25.4214971222,28.321468506,1142.8486333446,4.6811523448,191.0386816205,5.1875,2.5,2.0635681161
,2024-10-26T15:41:08.977Z,-25.4215378163,28.3214596212,1142.7436528758,4.5474700938,190.7640192263,5.1875,2.5,2.0240173349
,2024-10-26T15:41:09.977Z,-25.4215758283,28.3214498982,1142.7002568797,4.2157287607,190.824444953,5.1875,2.5,1.9895935067
,2024-10-26T15:41:10.977Z,-25.4216096073,28.3214447014,1142.4977117136,3.656021119,190.4948500801,5.25,2.4375,1.9367370614
,2024-10-26T15:41:11.977Z,-25.4216404527,28.3214392532,1142.2323613717,3.2763671882,190.1268024719,5.25,2.4375,1.8918151864
,2024-10-26T15:41:12.977Z,-25.421670418,28.3214381635,1142.2128301217,2.8414916998,189.0556191348,5.25,2.4375,1.8232116707
,2024-10-26T15:41:13.977Z,-25.4217000481,28.3214325477,1142.0640264107,2.4695587163,189.187457084,5.25,2.4375,1.7649841316
,2024-10-26T15:41:14.977Z,-25.4217312707,28.3214245849,1141.9346623969,2.1960449223,189.4950789654,5.25,2.4375,1.7200622566
,2024-10-26T15:41:15.977Z,-25.4217625352,28.3214177955,1141.897766645,2.0301666264,189.4566262302,5.1875,2.5,1.6778259285
,2024-10-26T15:41:16.977Z,-25.4217903631,28.32141109,1141.8528447699,1.978469849,190.0059510185,5.25,2.5,1.6698913581
,2024-10-26T15:41:17.977Z,-25.4218249803,28.3214064799,1141.7600102972,2.1029968266,189.56099794,5.25,2.5,1.6698913581
,2024-10-26T15:41:18.977Z,-25.4218665546,28.3213977628,1141.7420964789,2.3320922856,189.5005722133,5.1875,2.5,1.6698913581
,2024-10-26T15:41:19.977Z,-25.4219005851,28.3213860281,1141.7755742621,2.3741302495,190.7200732433,5.1875,2.5,1.6646423347
,2024-10-26T15:41:20.977Z,-25.4219364177,28.3213738743,1141.6990972113,2.3904266362,191.8406958113,5.1875,2.5,1.6567077644
,2024-10-26T15:41:21.977Z,-25.4219754774,28.3213630617,1141.6484380316,2.4610137945,192.0109864957,5.25,2.4375,1.6355896003
,2024-10-26T15:41:22.977Z,-25.4220161296,28.3213551827,1141.638062055,2.5366363531,191.2199588006,5.25,2.4375,1.5879821784
,2024-10-26T15:41:23.977Z,-25.4220693966,28.3213440348,1141.6037602972,2.8508605963,190.8134584573,5.1875,2.5,1.53781128
,2024-10-26T15:41:24.977Z,-25.4221149104,28.3213347309,1141.4792790959,2.9990539557,190.6761272602,5.1875,2.5,1.4875183112
,2024-10-26T15:41:25.977Z,-25.4221593345,28.3213207331,1141.4312749455,3.1989593513,191.527580682,5.1875,2.5,1.424163819
,2024-10-26T15:41:26.977Z,-25.4222009925,28.3213075735,1141.2509770939,3.3112640388,192.4229800869,5.1875,2.5,1.3977966315
,2024-10-26T15:41:27.977Z,-25.4222400103,28.3212967608,1141.140869672,3.24824524,192.8349736781,5.25,2.4375,1.3316345221
,2024-10-26T15:41:28.977Z,-25.422280453,28.3212853614,1141.0429692813,3.3351898201,193.0382238498,5.25,2.4375,1.2576599126
,2024-10-26T15:41:29.977Z,-25.4223227816,28.3212756384,1140.9119268008,3.4840240486,192.3350881208,5.1875,2.5,1.1863708501
,2024-10-26T15:41:30.977Z,-25.4223604582,28.3212664183,1140.7645879335,3.4858551033,191.7692835889,5.1875,2.5,1.1149597173
,2024-10-26T15:41:31.977Z,-25.4223977996,28.3212617245,1140.6265569276,3.5229492195,190.7859922178,5.1875,2.5,1.0225524907
,2024-10-26T15:41:32.977Z,-25.4224369431,28.3212574497,1140.5284734314,3.5634155281,189.7587548638,5.1875,2.5,0.9406433109
,2024-10-26T15:41:33.977Z,-25.4224761285,28.321248062,1140.3363347595,3.6680145272,189.7917143511,5.1875,2.5625,0.8798522953
,2024-10-26T15:41:34.977Z,-25.4225145595,28.3212416079,1140.2402959411,3.7550659188,189.6708628976,5.1875,2.5625,0.8006286624
,2024-10-26T15:41:35.976Z,-25.4225591093,28.3212316334,1140.1100164,4.0485839853,189.8796063172,5.1875,2.5625,0.7557067874
,2024-10-26T15:41:36.976Z,-25.4226015637,28.3212256823,1139.9761663023,4.3821105967,189.0281528953,5.125,2.625,0.6974792483
,2024-10-26T15:41:37.976Z,-25.4226442695,28.3212179709,1139.879974896,4.6258850108,188.1876859693,5.125,2.625,0.6499938967
,2024-10-26T15:41:38.976Z,-25.4226837482,28.3212132771,1139.8446660581,4.3599395762,186.8912794689,5.125,2.625,0.6076354983
,2024-10-26T15:41:39.976Z,-25.4227230174,28.3212089185,1139.7894902768,4.1530303964,185.7267109178,5.125,2.625,0.5442810061
,2024-10-26T15:41:40.976Z,-25.4227572994,28.3212050628,1139.7826238217,3.8857421884,185.2872510872,5.1875,2.5,0.4623718263
,2024-10-26T15:41:41.976Z,-25.4227872228,28.3212036379,1139.8162847104,3.6634368905,185.2597848477,5.25,2.4375,0.3963317872
,2024-10-26T15:41:42.976Z,-25.4228162661,28.3211996146,1139.8162236752,3.6486053475,187.1274891279,5.375,2.375,0.3276062013
,2024-10-26T15:41:43.976Z,-25.4228444293,28.3211965133,1139.6558232845,3.8418731698,189.0501258869,5.5,2.375,0.29586792
,2024-10-26T15:41:44.976Z,-25.4228738498,28.3211847786,1139.6008916439,3.9909210214,191.1979858091,5.5,2.375,0.2588806153
,2024-10-26T15:41:45.976Z,-25.4229000852,28.3211720381,1139.5111394466,3.9708709726,192.8953994048,5.4375,2.375,0.2325134278
,2024-10-26T15:41:46.976Z,-25.4229285836,28.3211566992,1139.5014043392,3.8980255136,194.2247653925,5.4375,2.3125,0.1901550293
,2024-10-26T15:41:47.976Z,-25.4229560763,28.3211465571,1139.4845891536,3.8562011727,194.2192721446,5.5,2.3125,0.1611022949
,2024-10-26T15:41:48.976Z,-25.4229841976,28.3211396002,1139.4336247981,3.6567535408,193.1865415426,5.625,2.25,0.1003112793
,2024-10-26T15:41:49.976Z,-25.4229964351,28.3211330623,1139.3880925715,2.8721771246,193.1865415426,5.625,2.25,0.0528259277
,2024-10-26T15:41:50.976Z,-25.4230064515,28.3211301286,1139.3781438411,1.9600830082,192.4614328221,5.5,2.3125,0.0
,2024-10-26T15:41:51.976Z,-25.4230087146,28.321129458,1139.4243474544,1.2084503176,192.7360952162,5.4375,2.375,-0.0422058105
,2024-10-26T15:41:52.976Z,-25.4230049847,28.3211292904,1139.4450383723,0.8253326417,192.7360952162,5.5,2.3125,-0.1004333496
,2024-10-26T15:41:53.976Z,-25.4230044398,28.3211255186,1139.5034490169,0.8215484621,192.7360952162,5.5625,2.375,-0.1136169434
,2024-10-26T15:41:54.976Z,-25.4230033083,28.3211241775,1139.5344853939,0.7749481202,192.7360952162,5.5625,2.375,-0.1453552246
,2024-10-26T15:41:55.976Z,-25.4230056552,28.3211213276,1139.5360112728,0.8071441652,192.7360952162,5.625,2.3125,-0.1479187012
,2024-10-26T15:41:56.976Z,-25.423008086,28.3211229202,1139.5536199154,0.819458008,192.7360952162,5.6875,2.3125,-0.1479187012
,2024-10-26T15:41:57.976Z,-25.4230111035,28.3211266082,1139.6480413021,0.8269653322,192.7360952162,5.75,2.3125,-0.1506042481
,2024-10-26T15:41:58.976Z,-25.4230101395,28.3211272788,1139.5771184505,0.7969512941,192.7360952162,5.75,2.3125,-0.1506042481
,2024-10-26T15:41:59.976Z,-25.4230022186,28.321131805,1140.0211492125,0.8217163087,192.7360952162,5.5,2.3125,-0.1506042481
,2024-10-26T15:42:00.976Z,-25.4230052361,28.3211340681,1139.8471990171,0.753768921,192.7360952162,5.5,2.3125,-0.0580749511
,2024-10-26T15:42:01.976Z,-25.4229968961,28.3211288713,1139.8420110288,0.5013732911,192.7360952162,5.125,2.6875,0.0342712402
,2024-10-26T15:42:02.976Z,-25.4229996622,28.3211337328,1139.7250371518,0.3005828858,192.7360952162,5.0,2.9375,0.1136169434
,2024-10-26T15:42:03.976Z,-25.4229992431,28.3211350739,1139.7397161069,0.0459594726,192.7360952162,4.9375,3.0,0.2007751465
,2024-10-26T15:42:04.975Z,-25.4229990754,28.3211329784,1139.8055730405,0.0687408447,192.7360952162,4.875,3.0625,0.2456970215
,2024-10-26T15:42:05.975Z,-25.4229977343,28.3211324755,1139.7776189389,0.0,192.7360952162,4.875,3.125,0.2456970215
,2024-10-26T15:42:06.975Z,-25.4229974829,28.3211304639,1139.814941937,0.1317749023,192.7360952162,4.875,3.125,0.2404479981
,2024-10-26T15:42:07.975Z,-25.4229994107,28.3211297933,1139.8049626889,0.1329498291,192.7360952162,4.8125,3.125,0.20602417
,2024-10-26T15:42:08.975Z,-25.4229998717,28.3211280331,1139.9108892026,0.1396636963,192.7360952162,4.8125,3.1875,0.1742858887
,2024-10-26T15:42:09.975Z,-25.4230002489,28.3211292066,1139.9176030698,0.1087493896,192.7360952162,4.8125,3.1875,0.1690368653
,2024-10-26T15:42:10.975Z,-25.4229995783,28.3211282846,1139.9555364195,0.1438293457,192.7360952162,4.8125,3.1875,0.1690368653
,2024-10-26T15:42:11.975Z,-25.4230010452,28.3211269435,1140.109436566,0.1912231445,192.7360952162,4.8125,3.25,0.1717224121
,2024-10-26T15:42:12.975Z,-25.4230024701,28.3211262729,1140.0765691344,0.2239074707,192.7360952162,4.8125,3.25,0.1901550293
,2024-10-26T15:42:13.975Z,-25.4230038112,28.3211252671,1140.115875775,0.1813964844,192.7360952162,4.8125,3.25,0.2350769044
,2024-10-26T15:42:14.975Z,-25.4230052361,28.3211267758,1140.0622869078,0.2264404297,192.7360952162,4.75,3.25,0.2826843263
,2024-10-26T15:42:15.975Z,-25.4230070382,28.3211261053,1139.9425664487,0.2938995362,192.7360952162,4.8125,3.25,0.2906188966
,2024-10-26T15:42:16.975Z,-25.4230039788,28.321131805,1139.8926396909,0.2186584473,192.7360952162,4.8125,3.25,0.3011169434
,2024-10-26T15:42:17.975Z,-25.4230023444,28.3211307992,1139.7049565854,0.3037261963,192.7360952162,4.75,3.25,0.3011169434
,2024-10-26T15:42:18.975Z,-25.4230030568,28.3211322241,1139.8017888608,0.1961669922,192.7360952162,4.75,3.25,0.2695007325
,2024-10-26T15:42:19.975Z,-25.4230040208,28.321133649,1139.7098699154,0.2677307129,192.7360952162,4.8125,3.25,0.2483825684
,2024-10-26T15:42:20.975Z,-25.423004356,28.3211330623,1139.6762700619,0.3998413086,192.7360952162,4.8125,3.1875,0.2325134278
,2024-10-26T15:42:21.975Z,-25.4230008775,28.3211352416,1139.675903851,0.1797943115,192.7360952162,4.8125,3.1875,0.1875915528
,2024-10-26T15:42:22.975Z,-25.4229963094,28.3211356607,1139.6017156185,0.106765747,192.7360952162,4.875,3.125,0.1585388184
,2024-10-26T15:42:23.975Z,-25.4229911964,28.3211359121,1139.6733098568,0.0,192.7360952162,4.875,3.0625,0.1241149902
,2024-10-26T15:42:24.975Z,-25.4229920765,28.3211371694,1139.6780095639,0.0883636474,192.7360952162,4.9375,2.9375,0.0766296387
,2024-10-26T15:42:25.975Z,-25.4229927471,28.3211398516,1139.8021550717,0.1530761719,192.7360952162,5.0625,2.8125,0.0237731933
,2024-10-26T15:42:26.975Z,-25.4229929985,28.3211430367,1139.8353276792,0.0,192.7360952162,5.1875,2.5,-0.0026550292
,2024-10-26T15:42:27.975Z,-25.4229929985,28.3211430367,1139.8353276792,0.0,192.7360952162,5.6875,2.1875,-0.0026550292
,2024-10-26T15:42:28.975Z,-25.4229929985,28.3211430367,1139.8353276792,0.0,192.7360952162,6.5625,1.875,0.0104675293
,2024-10-26T15:42:29.975Z,-25.4229958903,28.321164662,1140.0628972593,0.4138336182,192.7360952162,7.5625,1.375,0.0263366699
,2024-10-26T15:42:30.975Z,-25.4229939206,28.3211636562,1140.2709050719,0.4489746094,192.7360952162,8.3125,1.25,0.0528259277
,2024-10-26T15:42:31.975Z,-25.4229910707,28.3211546038,1140.4019475525,0.2660217285,192.7360952162,8.0625,1.25,0.1188659668
,2024-10-26T15:42:32.975Z,-25.4229914898,28.3211434558,1140.5020146912,0.1228179931,192.7360952162,6.0625,2.125,0.1980895997
,2024-10-26T15:42:33.974Z,-25.4229948426,28.3211390972,1140.5087285584,0.1734466553,192.7360952162,5.375,2.375,0.2747497559
,2024-10-26T15:42:34.974Z,-25.4229910288,28.3211250156,1140.4587102478,0.1990966797,192.7360952162,5.125,2.625,0.3169860841
,2024-10-26T15:42:35.974Z,-25.422996938,28.3211289551,1140.4625554627,0.320388794,192.7360952162,5.125,2.6875,0.3593444825
,2024-10-26T15:42:36.974Z,-25.4229983211,28.3211247642,1140.4534307068,0.3145751953,192.7360952162,5.0625,2.75,0.3593444825
,2024-10-26T15:42:37.974Z,-25.4230033502,28.321128536,1140.448425824,0.7526702882,192.7360952162,5.0625,2.8125,0.3539733888
,2024-10-26T15:42:38.974Z,-25.4229942139,28.3211286199,1140.3081975524,0.0221557617,192.7360952162,5.0,2.875,0.2720642091
,2024-10-26T15:42:39.974Z,-25.4229913222,28.3211301286,1140.1914067809,0.0462341308,192.7360952162,5.0,2.9375,0.1955261231
,2024-10-26T15:42:40.974Z,-25.4229908193,28.3211300448,1140.1598210875,0.0,192.7360952162,5.0,2.9375,0.1320495606
,2024-10-26T15:42:41.974Z,-25.4229908193,28.3211300448,1140.1598210875,0.0,192.7360952162,5.0,2.9375,0.0898132324
,2024-10-26T15:42:42.974Z,-25.4229908193,28.3211300448,1140.1598210875,0.0,192.7360952162,5.0,2.9375,0.0263366699
,2024-10-26T15:42:43.974Z,-25.4229908193,28.3211300448,1140.1598210875,0.0,192.7360952162,4.9375,2.9375,0.0263366699
,2024-10-26T15:42:44.974Z,-25.4229908193,28.3211300448,1140.1598210875,0.0,192.7360952162,4.9375,2.9375,0.0290222168
,2024-10-26T15:42:45.974Z,-25.4229908193,28.3211300448,1140.1598210875,0.0,192.7360952162,4.9375,2.9375,0.0290222168
,2024-10-26T15:42:46.974Z,-25.4229908193,28.3211300448,1140.1598210875,0.0,192.7360952162,4.9375,2.9375,0.0263366699
,2024-10-26T15:42:47.974Z,-25.4229908193,28.3211300448,1140.1598210875,0.0,192.7360952162,5.0,2.9375,0.0263366699
,2024-10-26T15:42:48.974Z,-25.4229908193,28.3211300448,1140.1598210875,0.0,192.7360952162,5.0,2.9375,0.0422058105
,2024-10-26T15:42:49.974Z,-25.4229908193,28.3211300448,1140.1598210875,0.0,192.7360952162,5.0,2.875,0.0528259277
,2024-10-26T15:42:50.974Z,-25.4229908193,28.3211300448,1140.1598210875,0.0,192.7360952162,5.0,2.875,0.0660095215
,2024-10-26T15:42:51.974Z,-25.4229908193,28.3211300448,1140.1598210875,0.0,192.7360952162,5.0,2.875,0.1109313965
,2024-10-26T15:42:52.974Z,-25.4229908193,28.3211300448,1140.1598210875,0.0,192.7360952162,5.0,2.875,0.1136169434
,2024-10-26T15:42:53.974Z,-25.4229908193,28.3211300448,1140.1598210875,0.0,192.7360952162,5.0,2.875,-
,2024-10-26T15:42:54.974Z,-25.4229908193,28.3211300448,1140.1598210875,0.0,192.7360952162,5.0,2.9375,0.1136169434
,2024-10-26T15:42:55.974Z,-25.422985371,28.3211435396,1139.8497930112,0.0307159423,192.7360952162,4.9375,2.9375,-
,2024-10-26T15:42:56.974Z,-25.4229856225,28.3211454675,1139.9133000913,0.0257415771,192.7360952162,4.9375,3.0,0.1268005371
,2024-10-26T15:42:57.974Z,-25.4229880113,28.3211462219,1139.8992009702,0.0305328369,192.7360952162,4.9375,3.0,-
,2024-10-26T15:42:58.974Z,-25.4229901068,28.3211447131,1139.9478765073,0.0481414795,192.7360952162,4.875,3.0625,0.1611022949
,2024-10-26T15:42:59.974Z,-25.422990023,28.3211447131,1139.9421392027,0.0,192.7360952162,4.875,3.0625,-
,2024-10-26T15:43:00.974Z,-25.422990023,28.3211447131,1139.9421392027,0.0,192.7360952162,4.875,3.125,0.1980895997
,2024-10-26T15:43:01.974Z,-25.422990023,28.3211447131,1139.9421392027,0.0,192.7360952162,4.875,3.125,-
,2024-10-26T15:43:02.973Z,-25.422990023,28.3211447131,1139.9421392027,0.0,192.7360952162,4.875,3.125,0.2139587403
,2024-10-26T15:43:03.973Z,-25.422990023,28.3211447131,1139.9421392027,0.0,192.7360952162,4.8125,3.125,-
,2024-10-26T15:43:04.973Z,-25.422990023,28.3211447131,1139.9421392027,0.0,192.7360952162,4.8125,3.1875,0.2139587403
,2024-10-26T15:43:05.973Z,-25.422990023,28.3211447131,1139.9421392027,0.0,192.7360952162,4.8125,3.1875,-
,2024-10-26T15:43:06.973Z,-25.422990023,28.3211447131,1139.9421392027,0.0,192.7360952162,4.8125,3.1875,0.2298278809
,2024-10-26T15:43:07.973Z,-25.4229915317,28.3211401869,1139.9627690855,0.0526275634,-,4.8125,3.1875,-
,2024-10-26T15:43:08.973Z,-25.422991867,28.3211401869,1139.9793096128,0.1201782226,-,4.8125,3.125,0.2906188966
,2024-10-26T15:43:09.973Z,-25.4229944654,28.3211392649,1139.9393010679,0.0670318603,-,4.8125,3.125,-
,2024-10-26T15:43:10.973Z,-25.4229999974,28.3211395163,1139.9470525327,0.3976287842,-,4.875,3.125,0.3831481935
,2024-10-26T15:43:11.973Z,-25.42300159,28.321139684,1139.9661870542,0.0517120361,-,4.8125,3.125,-
,-,-,-,-,-,-,-,-,-
,2024-10-26T16:07:02.682Z,-25.4230116483,28.3211568669,1139.8558354917,0.0377502441,-,6.0625,5.875,-
,2024-10-26T16:07:03.632Z,-25.4230104748,28.3211554419,1139.8621831479,0.0149993896,-,6.125,6.0625,-
,2024-10-26T16:07:04.582Z,-25.4230125284,28.3211530112,1139.87664848,0.0405883789,-,5.8125,5.8125,0.0
,2024-10-26T16:07:05.532Z,-25.4230141209,28.3211522568,1139.882141644,0.1840820312,-,5.9375,5.875,-0.1479187012
,2024-10-26T16:07:06.481Z,-25.4230137019,28.3211502452,1139.8837590757,0.073348999,-,6.0,5.8125,-0.2959899903
,2024-10-26T16:07:07.431Z,-25.4230139952,28.3211504128,1139.8952031675,0.1241149902,123.5815976195,6.0625,5.875,-0.6236267092
,2024-10-26T16:07:08.381Z,-25.4230134504,28.3211494908,1139.9026494565,0.0229187011,220.2517738612,5.9375,5.875,-
,2024-10-26T16:07:09.331Z,-25.4230114387,28.321148485,1139.906738812,0.0014343261,179.3270771343,5.6875,5.875,-0.681732178
,2024-10-26T16:07:10.281Z,-25.4230114387,28.321148485,1139.906738812,0.0014343261,-,5.6875,5.875,-0.681732178
,2024-10-26T16:07:11.231Z,-25.4230115645,28.3211451322,1139.8898015561,0.0548858642,214.3630121309,7.5,7.8125,-0.6949157718
,2024-10-26T16:07:12.181Z,-25.4230116064,28.3211443778,1139.937195355,0.0794067382,219.4332799267,9.0625,9.5,-0.750457764
,2024-10-26T16:07:13.131Z,-25.4230116483,28.3211423662,1139.9254460874,0.0284576416,-,6.6875,7.0625,-0.7636413577
,2024-10-26T16:07:14.081Z,-25.4230111873,28.3211419471,1139.9342046323,0.0794067382,-,7.375,7.875,-0.8296813968
,2024-10-26T16:07:15.031Z,-25.4230215808,28.3211412765,1139.8715215268,0.7282104493,170.202792401,5.375,5.8125,-0.9274597172
,2024-10-26T16:07:15.981Z,-25.4230336927,28.3211351577,1139.8619390073,1.1686553957,194.7905699244,5.125,5.625,-
,2024-10-26T16:07:16.978Z,-25.4230514623,28.3211333137,1139.8660283628,1.1686553957,192.8679331654,4.9375,5.5625,-0.9538269047
,2024-10-26T16:07:17.978Z,-25.4230725847,28.3211325594,1139.834106976,1.4505310061,188.8688487067,6.0,6.75,-0.9538269047
,2024-10-26T16:07:18.978Z,-25.4230938328,28.3211302962,1139.8030400815,1.8434753422,184.6939803158,5.5625,6.0,-0.9353942875
,2024-10-26T16:07:19.978Z,-25.4231130693,28.321126692,1139.7541814389,2.0144805912,185.9134813458,8.5625,8.6875,-
,2024-10-26T16:07:20.978Z,-25.4231334373,28.3211226687,1139.6924138607,2.0531616215,186.7319752803,11.6875,11.125,-0.9485778813
,2024-10-26T16:07:21.978Z,-25.4231536377,28.3211193998,1139.6195684017,2.0531616215,186.7704280155,9.75,8.625,-0.9882507328
,2024-10-26T16:07:22.978Z,-25.4231768556,28.321111437,1139.531799847,2.1578979497,189.8686198214,9.0625,7.5625,-1.1388854985
,2024-10-26T16:07:23.978Z,-25.4232079944,28.321099367,1139.4485173763,2.2750244145,192.6317235065,6.3125,5.75,-1.1388854985
,2024-10-26T16:07:24.978Z,-25.4232322181,28.3210982774,1139.379883343,2.4266357427,187.5284962233,5.8125,5.6875,-1.1309509282
,2024-10-26T16:07:25.978Z,-25.4232514545,28.3210909013,1139.1640630304,2.4266357427,192.1977569237,5.375,5.625,-1.1097106938
,2024-10-26T16:07:26.978Z,-25.4232688051,28.3210857883,1138.9730229913,2.0538330082,195.8947127489,5.1875,5.6875,-1.0806579594
,2024-10-26T16:07:27.978Z,-25.4232889636,28.3210843634,1138.8803105889,2.0375671391,191.1815060654,5.1875,5.75,-1.0331726079
,2024-10-26T16:07:28.978Z,-25.4233034223,28.3210734669,1138.4725957449,1.9042663578,205.9748226138,5.0625,5.6875,-0.840301514
,2024-10-26T16:07:29.978Z,-25.423334603,28.3210792504,1138.5158696707,1.7276611332,185.8200961318,4.9375,3.0,-0.8085632327
,2024-10-26T16:07:30.978Z,-25.4233455414,28.3210624028,1139.1409001886,1.5669708255,202.4866102082,4.8125,3.1875,-
,2024-10-26T16:07:31.978Z,-25.4233670829,28.3210688569,1138.9915166436,1.7344818119,176.7891966124,4.75,3.25,-0.7795104984
,2024-10-26T16:07:32.978Z,-25.4233825894,28.3210734669,1138.4527288016,1.7969512943,179.2721446555,4.75,3.25,-0.7795104984
,2024-10-26T16:07:33.978Z,-25.4234024964,28.3210704495,1138.2574163015,2.1994018559,189.3577477683,4.8125,3.25,-0.8085632327
,2024-10-26T16:07:34.978Z,-25.423423074,28.321067432,1138.1297307545,2.2355194097,190.3025864042,4.8125,3.1875,-0.9908142094
,2024-10-26T16:07:35.978Z,-25.4234463757,28.3210518416,1138.0768743092,2.5920257574,204.277409018,4.875,3.0625,-1.1176452641
,2024-10-26T16:07:36.978Z,-25.4234806577,28.3210360836,1138.0659184987,3.4287109382,201.8548867017,4.9375,3.0,-1.2260437017
,2024-10-26T16:07:37.977Z,-25.4235100782,28.3210294619,1138.0360417897,3.3780670173,194.6257724879,4.9375,2.9375,-1.3898620611
,2024-10-26T16:07:38.977Z,-25.4235432705,28.3210212477,1138.1776128346,3.5645904549,194.6202792401,5.0,2.9375,-1.5509948737
,2024-10-26T16:07:39.977Z,-25.423583797,28.3210084234,1138.0583501393,4.123184205,191.8846417944,5.0,2.9375,-1.6224060066
,2024-10-26T16:07:40.977Z,-25.4236202583,28.3209966049,1137.9675298267,4.1779022226,194.7576104371,5.0,2.875,-1.6936950691
,2024-10-26T16:07:41.977Z,-25.4236620002,28.3209893964,1138.0291753346,4.2944488535,190.9013504234,5.0,2.875,-1.7571716316
,2024-10-26T16:07:42.977Z,-25.4237011855,28.3209841158,1138.2574773366,4.5367889414,192.1593041886,5.0,2.9375,-1.8046569832
,2024-10-26T16:07:43.977Z,-25.423742676,28.3209797573,1138.4235539969,4.7050933848,190.8793774319,5.0,2.875,-1.8046569832
,2024-10-26T16:07:44.977Z,-25.4237839988,28.3209688608,1138.5671086844,4.5941314707,193.3842984664,5.0,2.875,-1.8073425301
,2024-10-26T16:07:45.977Z,-25.4238216754,28.3209611494,1138.7609258232,4.446105958,191.6374456397,5.0,2.875,-1.8205261238
,2024-10-26T16:07:46.977Z,-25.4238497129,28.3209643346,1138.9569402276,3.8192596444,185.9134813458,5.0625,2.8125,-1.8919372567
,2024-10-26T16:07:47.977Z,-25.4238880182,28.3209612333,1139.0366521417,4.0161743173,187.0670634012,5.0625,2.8125,-1.9341735848
,2024-10-26T16:07:48.977Z,-25.4239188636,28.3209500853,1139.3095403254,3.7512054452,193.0437170977,5.0625,2.8125,-1.9817810067
,2024-10-26T16:07:49.977Z,-25.4239560373,28.3209401947,1139.0524297296,3.8603515633,191.9121080338,5.0625,2.8125,-2.0424499521
,2024-10-26T16:07:50.977Z,-25.4239992041,28.3209351655,1138.969788128,4.3842010508,187.6658274204,5.0,2.8125,-2.0689392099
,2024-10-26T16:07:51.977Z,-25.424036755,28.3209324833,1138.8258672295,4.2344207773,185.8255893797,5.0625,2.8125,-2.0979919443
,2024-10-26T16:07:52.977Z,-25.4240743898,28.3209147975,1138.839935833,4.2651824961,192.5767910276,5.0625,2.75,-2.1376647959
,2024-10-26T16:07:53.977Z,-25.4241216637,28.3208978661,1138.8996587334,4.9422149669,192.2636758983,5.125,2.6875,-2.2275085459
,2024-10-26T16:07:54.977Z,-25.4241570354,28.3208848741,1138.8723149834,4.5211792002,192.3186083772,5.125,2.625,-2.3278503428
,2024-10-26T16:07:55.977Z,-25.424191485,28.3208771628,1138.8869329033,4.2548675547,192.2966353856,5.125,2.6875,-2.4256286632
,2024-10-26T16:07:56.977Z,-25.4242255574,28.3208647575,1138.8077397881,4.1916961679,195.1915770199,5.0625,2.75,-2.504852296
,2024-10-26T16:07:57.977Z,-25.4242584564,28.3208645061,1138.8406072197,4.0420684823,188.6985580224,5.0625,2.75,-2.5762634289
,2024-10-26T16:07:58.977Z,-25.424292445,28.3208577167,1138.7649236259,3.9778289804,192.4229800869,5.0625,2.75,-2.6105651867
,2024-10-26T16:07:59.977Z,-25.424329493,28.320851598,1138.5992436942,4.1384735117,192.0659189745,5.0625,2.75,-2.6792907727
,2024-10-26T16:08:00.977Z,-25.4243737495,28.3208401148,1138.3283696707,4.480392457,192.417486839,5.0625,2.8125,-2.7876892102
,2024-10-26T16:08:01.977Z,-25.4244200595,28.3208360914,1138.0148015553,4.6919250499,191.0441748683,4.9375,3.0,-2.8880310072
,2024-10-26T16:08:02.977Z,-25.4244726559,28.3208232671,1137.9295354419,4.7705230723,193.1535820553,4.875,3.0625,-2.991058351
,2024-10-26T16:08:03.977Z,-25.4245216901,28.3208137118,1137.9263616138,5.0295562755,191.577019913,4.875,3.125,-3.1443786635
,2024-10-26T16:08:04.977Z,-25.4245628033,28.320801558,1137.7956243091,5.0191345226,192.747081712,4.875,3.125,-3.2870788589
,2024-10-26T16:08:05.977Z,-25.4246099934,28.3207883146,1137.4140630296,5.0249481212,193.6040283817,4.875,3.125,-3.3742370621
,2024-10-26T16:08:06.977Z,-25.4246573512,28.3207838722,1137.1495061447,5.2021179211,189.3028152895,4.8125,3.1875,-3.4402771012
,2024-10-26T16:08:07.977Z,-25.424700518,28.3207702935,1136.9590459395,5.0129394542,191.0881208514,4.8125,3.1875,-3.4931335465
,2024-10-26T16:08:08.976Z,-25.4247411283,28.3207632527,1136.4748540448,4.9516601574,189.2918287937,4.8125,3.1875,-3.5274353043
,2024-10-26T16:08:09.976Z,-25.4247809004,28.3207607381,1136.5025945233,4.4957275401,185.6937514305,4.8125,3.1875,-3.5539245622
,2024-10-26T16:08:10.976Z,-25.4248265399,28.3207513504,1136.4444280194,4.6957092296,188.6161593041,4.8125,3.125,-3.564422609
,2024-10-26T16:08:11.976Z,-25.4248664377,28.3207454831,1136.5610967206,4.7344360362,188.6326390478,4.8125,3.1875,-3.6040954606
,2024-10-26T16:08:12.976Z,-25.424910317,28.3207414598,1136.6316838788,4.7199401866,187.781185626,4.8125,3.1875,-3.6542663591
,2024-10-26T16:08:13.976Z,-25.424948748,28.3207367659,1136.6937261152,4.4876251231,188.5667200732,4.8125,3.1875,-3.6886901872
,2024-10-26T16:08:14.976Z,-25.4249883525,28.320734419,1136.8368535567,4.2428436289,185.1773861295,4.8125,3.1875,-3.7071228044
,2024-10-26T16:08:15.976Z,-25.4250246042,28.3207334131,1136.682892375,4.0788116464,184.9411764705,4.8125,3.1875,-3.7150573747
,2024-10-26T16:08:16.976Z,-25.4250551982,28.320725115,1136.7172856855,3.7822570809,188.5996795605,4.8125,3.25,-3.7785339373
,2024-10-26T16:08:17.976Z,-25.4250895221,28.3207134642,1136.8684697676,3.8157043465,193.7193865873,4.8125,3.25,-3.8393249529
,2024-10-26T16:08:18.976Z,-25.4251260672,28.3206990473,1136.8396916914,3.908630372,196.9439230945,4.8125,3.1875,-3.9158630389
,2024-10-26T16:08:19.976Z,-25.4251680186,28.3206893243,1136.8652349043,4.3693389902,194.6312657358,4.8125,3.1875,-3.9714050311
,2024-10-26T16:08:20.976Z,-25.4252035579,28.3206823673,1136.8400273848,4.2343139658,193.0162508583,4.8125,3.1875,-4.0453796405
,2024-10-26T16:08:21.976Z,-25.4252450483,28.3206728958,1136.5849919843,4.4398956309,192.6317235065,4.8125,3.1875,-4.0796813983
,2024-10-26T16:08:22.976Z,-25.4252864968,28.3206569702,1136.5346379804,4.5294952403,193.7248798352,4.8125,3.1875,-4.1009216327
,2024-10-26T16:08:23.976Z,-25.4253252631,28.3206462413,1136.2649846599,4.3538818369,191.6813916227,4.8125,3.1875,-4.1220397968
,2024-10-26T16:08:24.976Z,-25.4253692262,28.3206373565,1136.3170781658,4.539855958,192.2856488899,4.8125,3.1875,-4.1642761249
,2024-10-26T16:08:25.976Z,-25.4254125606,28.3206308186,1136.2682195232,4.5759887705,191.9615472648,4.8125,3.1875,-4.1880798359
,2024-10-26T16:08:26.976Z,-25.4254571943,28.3206185811,1136.0848699137,4.6998138438,192.373540856,4.8125,3.1875,-4.2118835468
,2024-10-26T16:08:27.976Z,-25.4254986009,28.3206101991,1135.9690557047,4.7100067149,190.7585259784,4.8125,3.1875,-4.2673034687
,2024-10-26T16:08:28.976Z,-25.425540678,28.3206060082,1135.8255010171,4.7267456065,187.87457084,4.875,3.125,-4.29904175
,2024-10-26T16:08:29.976Z,-25.4255822523,28.3206029069,1136.038483195,4.7232513438,186.2156099794,4.9375,3.0625,-4.3333435078
,2024-10-26T16:08:30.976Z,-25.4256174143,28.3206009791,1136.1158452556,4.3654174814,185.2103456168,4.9375,3.0,-4.4047546407
,2024-10-26T16:08:31.976Z,-25.4256553425,28.3205974587,1135.8638005777,4.4248352061,186.2101167315,4.9375,2.9375,-4.4390563985
,2024-10-26T16:08:32.976Z,-25.4256942345,28.3205848858,1135.7718205972,4.427734376,192.186770428,5.0,2.9375,-4.4496765157
,2024-10-26T16:08:33.976Z,-25.4257343838,28.3205619194,1135.6511540932,4.7404937755,200.1135271229,5.0,2.875,-4.4522399923
,2024-10-26T16:08:34.976Z,-25.4257768801,28.320546329,1135.6851201577,4.8600921642,199.4103913939,5.0,2.875,-4.4707946798
,2024-10-26T16:08:35.976Z,-25.4258147663,28.3205370251,1135.5657048744,4.621963502,194.0270084687,5.0,2.8125,-4.5050964376
,2024-10-26T16:08:36.976Z,-25.4258520238,28.320525961,1135.5139165443,4.570312501,194.8290226596,5.0625,2.8125,-4.5765075704
,2024-10-26T16:08:37.976Z,-25.4258912511,28.3205202613,1135.3892827552,4.488784791,191.3133440146,5.0625,2.8125,-4.6557312033
,2024-10-26T16:08:38.976Z,-25.4259301432,28.3205140587,1135.6511235757,4.3121032724,190.0828564888,5.0625,2.8125,-4.761444094
,2024-10-26T16:08:39.975Z,-25.4259721365,28.3205047548,1135.4895940346,4.440246583,190.4344243533,5.0625,2.8125,-4.8460388206
,2024-10-26T16:08:40.975Z,-25.4260078015,28.3204946127,1135.4855351967,4.284576417,191.2089723048,5.0625,2.8125,-4.8698425315
,2024-10-26T16:08:41.975Z,-25.4260434246,28.3204895836,1135.3760076087,4.2775115976,188.3195239185,5.0625,2.75,-4.896209719
,2024-10-26T16:08:42.975Z,-25.4260804307,28.3204842191,1135.3478093665,4.2091674814,187.215381094,5.0625,2.75,-4.9384460472
,2024-10-26T16:08:43.975Z,-25.4261197837,28.3204874043,1135.5148625893,4.2685699472,180.6619363698,5.0625,2.8125,-4.9570007347
,2024-10-26T16:08:44.975Z,-25.4261541495,28.3204730712,1135.4324956459,4.0924987802,191.2529182879,5.0625,2.8125,-4.9860534691
,2024-10-26T16:08:45.975Z,-25.4261753138,28.3204434831,1135.5094304604,3.8087158211,214.0938429846,5.0625,2.8125,-5.0389099144
,2024-10-26T16:08:46.975Z,-25.4261895631,28.3204098717,1135.7286077065,3.61543274,230.7933165484,5.0625,2.75,-5.0758972191
,2024-10-26T16:08:47.975Z,-25.4261894792,28.3203656152,1135.6654668374,3.6808929451,253.9528496223,5.0625,2.8125,-5.078582766
,2024-10-26T16:08:48.975Z,-25.4261852464,28.3203226161,1135.6769109292,3.829559327,268.0265506981,5.0625,2.8125,-5.0865173363
,2024-10-26T16:08:49.975Z,-25.4261715001,28.3202760965,1135.5342412514,4.1272125253,279.9414053559,5.0625,2.75,-5.0970153832
,2024-10-26T16:08:50.975Z,-25.426159011,28.320233265,1135.2687383216,4.185470582,283.215381094,5.125,2.6875,-5.1392517113
,2024-10-26T16:08:51.975Z,-25.4261425825,28.3201940377,1135.4633183998,4.0006256112,281.7981231403,5.0625,2.75,-5.1947937035
,2024-10-26T16:08:52.975Z,-25.4261302611,28.320150787,1135.12851005,4.2923583994,282.5836575875,5.0625,2.75,-5.2503356958
,2024-10-26T16:08:53.975Z,-25.4261142517,28.3201094643,1135.1712041418,4.4837188731,283.9240100709,5.0625,2.75,-5.3454284692
,2024-10-26T16:08:54.975Z,-25.4261026846,28.3200640343,1135.0079045812,4.702697755,283.6108949416,5.0625,2.75,-5.4590759302
,2024-10-26T16:08:55.975Z,-25.4260942608,28.3200203646,1134.997650675,4.6412353526,282.4133669031,5.0625,2.8125,-5.5251159693
,2024-10-26T16:08:56.975Z,-25.426087681,28.3199768625,1134.8935246983,4.5344085703,281.3696498054,5.0625,2.8125,-5.5990905787
,2024-10-26T16:08:57.975Z,-25.4260823166,28.3199259006,1134.8888555089,4.7477264415,280.0347905699,5.0625,2.8125,-5.7232360866
,2024-10-26T16:08:58.975Z,-25.4260761978,28.3198770341,1134.4161077059,4.8401031505,279.0075532158,5.0625,2.8125,-5.7998962429
,2024-10-26T16:08:59.975Z,-25.4260669358,28.3198253177,1134.6087651767,4.9685668956,281.1938658731,5.0625,2.75,-5.8791198757
,2024-10-26T16:09:00.975Z,-25.4260581348,28.3197809775,1133.6994023833,4.8392791759,284.3964293888,5.125,2.6875,-6.0059509305
,2024-10-26T16:09:01.975Z,-25.426062661,28.3197716736,1134.0754399812,3.0868988044,283.171435111,5.125,2.625,-6.1486511259
,2024-10-26T16:09:02.975Z,-25.4260675225,28.3197922092,1133.9932561432,1.0877685549,286.5497825589,5.125,2.625,-6.3072204619
,2024-10-26T16:09:03.975Z,-25.4260720069,28.3198021837,1134.0129704987,0.0865783691,292.1638818951,5.1875,2.5,-6.463104251
,2024-10-26T16:09:04.975Z,-25.4260754015,28.3198077157,1134.2224431551,0.3052978516,292.1638818951,5.25,2.375,-6.6242370636
,2024-10-26T16:09:05.975Z,-25.4260767845,28.319819618,1134.3263249911,0.3267974854,292.1638818951,5.25,2.375,-6.690399173
,2024-10-26T16:09:06.975Z,-25.4260754015,28.3198240604,1134.1029058015,0.0618896484,292.1638818951,5.25,2.375,-6.7273864777
,2024-10-26T16:09:07.975Z,-25.4260691989,28.3198172711,1134.0830998933,0.5381469727,292.1638818951,5.3125,2.3125,-6.7326355011
,2024-10-26T16:09:08.975Z,-25.426068696,28.3198129125,1134.2373357332,0.6241302491,292.1638818951,5.3125,2.3125,-6.7273864777
,2024-10-26T16:09:09.975Z,-25.4260667682,28.3198180255,1133.7674565826,0.4641418458,292.1638818951,5.375,2.25,-6.7299499543
,2024-10-26T16:09:10.974Z,-25.4260671873,28.3198193666,1133.7492070709,0.0,292.1638818951,5.375,2.3125,-6.7273864777
,2024-10-26T16:09:11.974Z,-25.426068235,28.3198190313,1134.0364385163,0.3609771729,292.1638818951,5.4375,2.3125,-6.7273864777
,2024-10-26T16:09:12.974Z,-25.4260673968,28.3198230546,1134.3524480379,0.2471923828,292.1638818951,5.5625,2.3125,-6.7194519074
,2024-10-26T16:09:13.974Z,-25.4260681512,28.3198243119,1134.2195134676,0.2030944824,292.1638818951,6.0625,2.1875,-6.6824646027
,2024-10-26T16:09:14.974Z,-25.4260671873,28.3198233899,1134.3836370028,0.3143920899,292.1638818951,7.125,1.8125,-6.6797790558
,2024-10-26T16:09:15.974Z,-25.4260673968,28.3198278323,1134.3521733797,0.1317596435,292.1638818951,8.5625,1.1875,-6.5713806182
,2024-10-26T16:09:16.974Z,-25.4260674387,28.319828419,1134.3589177645,0.0,292.1638818951,11.4375,1.1875,-6.5502624542
,2024-10-26T16:09:17.974Z,-25.4260674387,28.319828419,1134.3589177645,0.0,292.1638818951,14.5,1.1875,-6.5238952667
,2024-10-26T16:09:18.974Z,-25.4260674387,28.319828419,1134.3589177645,0.0,292.1638818951,18.0,1.1875,-6.5159606963
,2024-10-26T16:09:19.974Z,-25.4260674387,28.319828419,1134.3589177645,0.0,292.1638818951,21.9375,1.1875,-6.5238952667
,2024-10-26T16:09:20.974Z,-25.4260674387,28.319828419,1134.3589177645,0.0,292.1638818951,11.9375,1.0,-6.5926208526
,2024-10-26T16:09:21.974Z,-25.4260674387,28.319828419,1134.3589177645,0.0,292.1638818951,7.875,1.3125,-6.6031188995
,2024-10-26T16:09:22.974Z,-25.4260674387,28.319828419,1134.3589177645,0.0,292.1638818951,7.8125,1.3125,-6.6137390167
,2024-10-26T16:09:23.974Z,-25.4260674387,28.319828419,1134.3589177645,0.0,292.1638818951,7.8125,1.3125,-6.6321716339
,2024-10-26T16:09:25.143Z,-25.4260687798,28.319831688,1134.3808599032,0.1165466308,292.1638818951,7.8125,1.375,-6.6586608917
,2024-10-26T16:09:26.143Z,-25.4260712106,28.319830766,1134.3806462801,0.1702880859,292.1638818951,7.8125,1.375,-6.6850280792
,2024-10-26T16:09:27.143Z,-25.426071965,28.3198314365,1134.3955998934,0.0,292.1638818951,8.0,1.25,-6.7247009308
,2024-10-26T16:09:28.143Z,-25.426071965,28.3198314365,1134.3955998934,0.0,292.1638818951,8.5625,1.0625,-6.735321048
,2024-10-26T16:09:29.143Z,-25.426071965,28.3198314365,1134.3955998934,0.0,292.1638818951,7.875,1.3125,-6.735321048
,2024-10-26T16:09:30.143Z,-25.426071965,28.3198314365,1134.3955998934,0.0,292.1638818951,7.8125,1.3125,-6.7273864777
,2024-10-26T16:09:31.143Z,-25.426071965,28.3198314365,1134.3955998934,0.0,292.1638818951,7.8125,1.3125,-6.6797790558
,2024-10-26T16:09:32.143Z,-25.426071965,28.3198314365,1134.3955998934,0.0,292.1638818951,7.8125,1.3125,-6.6797790558
,2024-10-26T16:09:33.144Z,-25.426071965,28.3198314365,1134.3955998934,0.0,292.1638818951,7.8125,1.3125,-6.7115173371
,2024-10-26T16:09:34.143Z,-25.426071965,28.3198314365,1134.3955998934,0.0,292.1638818951,7.8125,1.3125,-6.7405700714
,2024-10-26T16:09:35.145Z,-25.426071965,28.3198314365,1134.3955998934,0.0,292.1638818951,7.8125,1.25,-6.7643737824
,2024-10-26T16:09:36.143Z,-25.426071965,28.3198314365,1134.3955998934,0.0,292.1638818951,7.8125,1.25,-6.7934265168
,2024-10-26T16:09:37.143Z,-25.426071965,28.3198314365,1134.3955998934,0.0,292.1638818951,7.8125,1.25,-6.8013610871
,2024-10-26T16:09:38.143Z,-25.426071965,28.3198314365,1134.3955998934,0.0,292.1638818951,7.75,1.25,-6.8013610871
,2024-10-26T16:09:39.144Z,-25.426071965,28.3198314365,1134.3955998934,0.0,292.1638818951,7.75,1.25,-6.8013610871
,2024-10-26T16:09:40.143Z,-25.426071965,28.3198314365,1134.3955998934,0.0,292.1638818951,7.75,1.25,-6.8039245637
,2024-10-26T16:09:41.143Z,-25.4260704143,28.3198354598,1134.2494512117,0.0569610595,292.1638818951,7.75,1.3125,-6.8304138215
,2024-10-26T16:09:42.143Z,-25.4260715878,28.3198379744,1134.4004521884,0.1034545898,292.1638818951,7.75,1.3125,-6.8304138215
,2024-10-26T16:09:43.143Z,-25.4260738928,28.3198384773,1134.0919805085,0.1044464111,292.1638818951,7.875,1.3125,-6.8304138215
,2024-10-26T16:09:43.973Z,-25.4260737671,28.3198393993,1134.1864629304,0.0266265869,292.1638818951,8.1875,1.0625,-6.8304138215
,2024-10-26T16:09:44.973Z,-25.426072426,28.3198373877,1134.1903386629,0.0,292.1638818951,8.5,1.0625,-6.8304138215
,2024-10-26T16:09:45.973Z,-25.426072426,28.3198373877,1134.1903386629,0.0,292.1638818951,8.3125,1.125,-6.8172302277
,2024-10-26T16:09:46.973Z,-25.426072426,28.3198373877,1134.1903386629,0.0,292.1638818951,7.9375,1.125,-6.8172302277
,2024-10-26T16:09:47.973Z,-25.426072426,28.3198373877,1134.1903386629,0.0,292.1638818951,7.5,1.25,-6.8435974152
,2024-10-26T16:09:48.973Z,-25.426072426,28.3198373877,1134.1903386629,0.0,292.1638818951,6.8125,1.5,-6.8647155793
,2024-10-26T16:09:49.973Z,-25.426072426,28.3198373877,1134.1903386629,0.0,292.1638818951,6.25,1.75,-6.8647155793
,2024-10-26T16:09:50.973Z,-25.426072426,28.3198373877,1134.1903386629,0.0,292.1638818951,5.9375,1.875,-6.8964538606
,2024-10-26T16:09:51.973Z,-25.426072426,28.3198373877,1134.1903386629,0.0,292.1638818951,5.6875,1.9375,-6.9228210481
,2024-10-26T16:09:52.973Z,-25.426072426,28.3198373877,1134.1903386629,0.0,292.1638818951,5.4375,2.0,-6.9386901887
,2024-10-26T16:09:53.973Z,-25.426072426,28.3198373877,1134.1903386629,0.0,292.1638818951,5.375,2.125,-6.97042847
,2024-10-26T16:09:54.973Z,-25.426072426,28.3198373877,1134.1903386629,0.0,292.1638818951,5.3125,2.25,-7.0047302278
,2024-10-26T16:09:55.973Z,-25.426072426,28.3198373877,1134.1903386629,0.0,292.1638818951,5.3125,2.3125,-7.0285339388
,2024-10-26T16:09:56.973Z,-25.4260685703,28.3198259883,1134.0785222566,0.0,292.1638818951,5.3125,2.3125,-7.0312194856
,2024-10-26T16:09:57.973Z,-25.4260684446,28.3198252339,1134.2175603426,0.0205230712,292.1638818951,5.3125,2.1875,-7.0312194856
,2024-10-26T16:09:58.973Z,-25.4260672292,28.3198258206,1134.1826482332,0.0,292.1638818951,5.3125,2.1875,-7.015350345
,2024-10-26T16:09:59.973Z,-25.4260672292,28.3198258206,1134.1826482332,0.0,292.1638818951,5.25,2.375,-6.9677429231
,2024-10-26T16:10:00.973Z,-25.4260672292,28.3198258206,1134.1826482332,0.0,292.1638818951,5.25,2.4375,-6.9386901887
,2024-10-26T16:10:01.973Z,-25.4260672292,28.3198258206,1134.1826482332,0.0,292.1638818951,5.25,2.375,-6.9096374543
,2024-10-26T16:10:02.973Z,-25.4260672292,28.3198258206,1134.1826482332,0.0,292.1638818951,5.25,2.375,-6.901702884
,2024-10-26T16:10:03.973Z,-25.4260672292,28.3198258206,1134.1826482332,0.0,292.1638818951,5.25,2.4375,-6.8858337434
,2024-10-26T16:10:04.973Z,-25.4260672292,28.3198258206,1134.1826482332,0.0,292.1638818951,5.25,2.4375,-6.8699646028
,2024-10-26T16:10:05.973Z,-25.4260672292,28.3198258206,1134.1826482332,0.0,292.1638818951,5.25,2.4375,-6.8356628449
,2024-10-26T16:10:06.973Z,-25.4260672292,28.3198258206,1134.1826482332,0.0,292.1638818951,5.25,2.4375,-6.8145446809
,2024-10-26T16:10:07.973Z,-25.4260672292,28.3198258206,1134.1826482332,0.0,292.1638818951,5.25,2.4375,-6.8013610871
,2024-10-26T16:10:08.973Z,-25.4260672292,28.3198258206,1134.1826482332,0.0,292.1638818951,5.1875,2.5,-6.8013610871
,2024-10-26T16:10:09.973Z,-25.4260672292,28.3198258206,1134.1826482332,0.0,292.1638818951,5.1875,2.5,-6.8066101105
,2024-10-26T16:10:10.973Z,-25.4260672292,28.3198258206,1134.1826482332,0.0,292.1638818951,5.1875,2.5,-6.811859134
,2024-10-26T16:10:11.973Z,-25.4260672292,28.3198258206,1134.1826482332,0.0,292.1638818951,5.1875,2.5,-6.8224792512
,2024-10-26T16:10:12.972Z,-25.4260672292,28.3198258206,1134.1826482332,0.0,292.1638818951,5.1875,2.5625,-6.8224792512
,2024-10-26T16:10:13.972Z,-25.4260672292,28.3198258206,1134.1826482332,0.0,292.1638818951,5.1875,2.5625,-6.8172302277
,2024-10-26T16:10:14.972Z,-25.4260672292,28.3198258206,1134.1826482332,0.0,292.1638818951,5.1875,2.5625,-6.8172302277
,2024-10-26T16:10:15.972Z,-25.4260672292,28.3198258206,1134.1826482332,0.0,292.1638818951,5.1875,2.5625,-6.8277282746
,2024-10-26T16:10:16.972Z,-25.4260672292,28.3198258206,1134.1826482332,0.0,292.1638818951,5.1875,2.5625,-6.8329772981
,2024-10-26T16:10:17.972Z,-25.4260672292,28.3198258206,1134.1826482332,0.0,292.1638818951,5.1875,2.5625,-6.8594665559
,2024-10-26T16:10:18.972Z,-25.4260672292,28.3198258206,1134.1826482332,0.0,292.1638818951,5.125,2.625,-6.9202575715
,2024-10-26T16:10:19.972Z,-25.4260672292,28.3198258206,1134.1826482332,0.0,292.1638818951,5.1875,2.625,-6.9334411653
,2024-10-26T16:10:20.972Z,-25.4260672292,28.3198258206,1134.1826482332,0.0,292.1638818951,5.125,2.625,-6.9334411653
,2024-10-26T16:10:21.972Z,-25.4260672292,28.3198258206,1134.1826482332,0.0,292.1638818951,5.125,2.625,-6.9334411653
,2024-10-26T16:10:22.972Z,-25.4260672292,28.3198258206,1134.1826482332,0.0,292.1638818951,5.125,2.625,-6.9334411653
,2024-10-26T16:10:23.972Z,-25.4260672292,28.3198258206,1134.1826482332,0.0,292.1638818951,5.125,2.625,-6.9202575715
,2024-10-26T16:10:24.972Z,-25.4260672292,28.3198258206,1134.1826482332,0.0,292.1638818951,5.125,2.625,-6.9202575715
,2024-10-26T16:10:25.972Z,-25.4260672292,28.3198258206,1134.1826482332,0.0,292.1638818951,5.125,2.625,-6.9493103059
,2024-10-26T16:10:26.972Z,-25.4260672292,28.3198258206,1134.1826482332,0.0,292.1638818951,5.125,2.625,-7.0021667513
,2024-10-26T16:10:27.972Z,-25.4260672292,28.3198258206,1134.1826482332,0.0,292.1638818951,5.125,2.625,-7.0285339388
,2024-10-26T16:10:28.972Z,-25.4260672292,28.3198258206,1134.1826482332,0.0,292.1638818951,5.125,2.625,-7.0285339388
,2024-10-26T16:10:29.972Z,-25.4260672292,28.3198258206,1134.1826482332,0.0,292.1638818951,5.125,2.625,-7.0259704622
,2024-10-26T16:10:30.972Z,-25.4260672292,28.3198258206,1134.1826482332,0.0,292.1638818951,5.125,2.625,-7.0259704622
,2024-10-26T16:10:31.972Z,-25.4260672292,28.3198258206,1134.1826482332,0.0,292.1638818951,5.1875,2.625,-7.015350345
,2024-10-26T16:10:32.972Z,-25.4260672292,28.3198258206,1134.1826482332,0.0,292.1638818951,5.1875,2.5625,-6.9756774934
,2024-10-26T16:10:33.972Z,-25.4260672292,28.3198258206,1134.1826482332,0.0,292.1638818951,5.1875,2.5625,-6.9493103059
,2024-10-26T16:10:34.972Z,-25.4260672292,28.3198258206,1134.1826482332,0.0,292.1638818951,5.1875,2.5,-6.9493103059
,2024-10-26T16:10:35.972Z,-25.4260672292,28.3198258206,1134.1826482332,0.0,292.1638818951,5.1875,2.5,-6.9386901887
,2024-10-26T16:10:36.972Z,-25.4260672292,28.3198258206,1134.1826482332,0.0,292.1638818951,5.1875,2.5625,-6.9386901887
,2024-10-26T16:10:37.972Z,-25.4260672292,28.3198258206,1134.1826482332,0.0,292.1638818951,5.1875,2.5625,-6.9519958528
,2024-10-26T16:10:38.972Z,-25.4260672292,28.3198258206,1134.1826482332,0.0,292.1638818951,5.1875,2.5625,-7.0021667513
,2024-10-26T16:10:39.972Z,-25.4260672292,28.3198258206,1134.1826482332,0.0,292.1638818951,5.1875,2.5625,-7.0021667513
,2024-10-26T16:10:40.972Z,-25.4260672292,28.3198258206,1134.1826482332,0.0,292.1638818951,5.1875,2.5625,-6.9942321809
,2024-10-26T16:10:41.972Z,-25.4260672292,28.3198258206,1134.1826482332,0.0,292.1638818951,5.1875,2.5625,-6.9440612825
,2024-10-26T16:10:42.972Z,-25.4260672292,28.3198258206,1134.1826482332,0.0,292.1638818951,5.1875,2.5625,-6.9334411653
,2024-10-26T16:10:43.971Z,-25.4260672292,28.3198258206,1134.1826482332,0.0,292.1638818951,5.125,2.625,-6.9334411653
,2024-10-26T16:10:44.971Z,-25.4260672292,28.3198258206,1134.1826482332,0.0,292.1638818951,5.125,2.625,-6.9440612825
,2024-10-26T16:10:45.971Z,-25.4260672292,28.3198258206,1134.1826482332,0.0,292.1638818951,5.125,2.625,-6.946624759
,2024-10-26T16:10:46.971Z,-25.4260672292,28.3198258206,1134.1826482332,0.0,292.1638818951,5.125,2.625,-6.9624938997
,2024-10-26T16:10:47.971Z,-25.4260672292,28.3198258206,1134.1826482332,0.0,292.1638818951,5.125,2.625,-6.9624938997
,2024-10-26T16:10:48.971Z,-25.4260672292,28.3198258206,1134.1826482332,0.0,292.1638818951,5.1875,2.625,-6.9307556184
,2024-10-26T16:10:49.971Z,-25.426063164,28.3198314365,1134.1489568269,0.0,292.1638818951,5.1875,2.625,-6.9148864778
,2024-10-26T16:10:50.971Z,-25.426063164,28.3198314365,1134.1489568269,0.0,292.1638818951,5.1875,2.5,-6.9096374543
,2024-10-26T16:10:51.971Z,-25.426063164,28.3198314365,1134.1489568269,0.0,292.1638818951,5.1875,2.5625,-6.9096374543
,2024-10-26T16:10:52.971Z,-25.426063164,28.3198314365,1134.1489568269,0.0,292.1638818951,5.25,2.4375,-6.901702884
,2024-10-26T16:10:53.971Z,-25.426063164,28.3198314365,1134.1489568269,0.0,292.1638818951,5.3125,2.4375,-6.8594665559
,2024-10-26T16:10:54.971Z,-25.426063164,28.3198314365,1134.1489568269,0.0,292.1638818951,5.375,2.4375,-6.8356628449
,2024-10-26T16:10:55.971Z,-25.426063164,28.3198314365,1134.1489568269,0.0,292.1638818951,5.375,2.375,-6.7854919465
,2024-10-26T16:10:56.971Z,-25.426063164,28.3198314365,1134.1489568269,0.0,292.1638818951,5.4375,2.375,-6.7510681183
,2024-10-26T16:10:57.971Z,-25.426063164,28.3198314365,1134.1489568269,0.0,292.1638818951,5.4375,2.375,-6.7378845246
,2024-10-26T16:10:58.971Z,-25.426063164,28.3198314365,1134.1489568269,0.0,292.1638818951,5.4375,2.375,-6.7378845246
,2024-10-26T16:10:59.971Z,-25.426063164,28.3198314365,1134.1489568269,0.0,292.1638818951,5.5,2.375,-6.7378845246
,2024-10-26T16:11:00.971Z,-25.426063164,28.3198314365,1134.1489568269,0.0,292.1638818951,5.5,2.375,-6.7458190949
,2024-10-26T16:11:01.971Z,-25.426063164,28.3198314365,1134.1489568269,0.0,292.1638818951,5.5,2.375,-6.7748718293
,2024-10-26T16:11:02.971Z,-25.426063164,28.3198314365,1134.1489568269,0.0,292.1638818951,5.5,2.375,-6.8197937043
,2024-10-26T16:11:03.971Z,-25.426063164,28.3198314365,1134.1489568269,0.0,292.1638818951,5.5,2.375,-6.8435974152
,2024-10-26T16:11:04.971Z,-25.426063164,28.3198314365,1134.1489568269,0.0,292.1638818951,5.5625,2.375,-6.8674011262
,2024-10-26T16:11:05.971Z,-25.426063164,28.3198314365,1134.1489568269,0.0,292.1638818951,5.5625,2.375,-6.8726501496
,2024-10-26T16:11:06.971Z,-25.426063164,28.3198314365,1134.1489568269,0.0,292.1638818951,5.5625,2.375,-6.8726501496
,2024-10-26T16:11:07.971Z,-25.426063164,28.3198314365,1134.1489568269,0.0,292.1638818951,5.6875,2.375,-6.8356628449
,2024-10-26T16:11:08.971Z,-25.426063164,28.3198314365,1134.1489568269,0.0,292.1638818951,5.6875,2.375,-6.7854919465
,2024-10-26T16:11:09.971Z,-25.426063164,28.3198314365,1134.1489568269,0.0,292.1638818951,5.6875,2.375,-6.7458190949
,2024-10-26T16:11:10.971Z,-25.426063164,28.3198314365,1134.1489568269,0.0,292.1638818951,5.6875,2.375,-6.7326355011
,2024-10-26T16:11:11.971Z,-25.426063164,28.3198314365,1134.1489568269,0.0,292.1638818951,5.6875,2.375,-6.7247009308
,2024-10-26T16:11:12.971Z,-25.426063164,28.3198314365,1134.1489568269,0.0,292.1638818951,5.6875,2.375,-6.7326355011
,2024-10-26T16:11:13.971Z,-25.426063164,28.3198314365,1134.1489568269,0.0,292.1638818951,5.6875,2.375,-6.7299499543
,2024-10-26T16:11:14.970Z,-25.426063164,28.3198314365,1134.1489568269,0.0,292.1638818951,5.6875,2.375,-6.7299499543
,2024-10-26T16:11:15.970Z,-25.426063164,28.3198314365,1134.1489568269,0.0,292.1638818951,5.6875,2.375,-6.7140808136
,2024-10-26T16:11:16.970Z,-25.426063164,28.3198314365,1134.1489568269,0.0,292.1638818951,5.6875,2.375,-6.7140808136
,2024-10-26T16:11:17.970Z,-25.426063164,28.3198314365,1134.1489568269,0.0,292.1638818951,5.6875,2.375,-6.743133548
,2024-10-26T16:11:18.970Z,-25.426063164,28.3198314365,1134.1489568269,0.0,292.1638818951,5.75,2.375,-6.7907409699
,2024-10-26T16:11:19.970Z,-25.426063164,28.3198314365,1134.1489568269,0.0,292.1638818951,5.75,2.375,-6.8356628449
,2024-10-26T16:11:20.970Z,-25.426063164,28.3198314365,1134.1489568269,0.0,292.1638818951,5.75,2.375,-6.9202575715
,2024-10-26T16:11:21.970Z,-25.426063164,28.3198314365,1134.1489568269,0.0,292.1638818951,5.75,2.375,-6.925506595
,2024-10-26T16:11:22.970Z,-25.426063164,28.3198314365,1134.1489568269,0.0,292.1638818951,5.75,2.375,-6.925506595
,2024-10-26T16:11:23.970Z,-25.426063164,28.3198314365,1134.1489568269,0.0,292.1638818951,5.75,2.375,-6.9096374543
,2024-10-26T16:11:24.970Z,-25.426063164,28.3198314365,1134.1489568269,0.0,292.1638818951,5.75,2.375,-6.8778991731
,2024-10-26T16:11:25.970Z,-25.426063164,28.3198314365,1134.1489568269,0.0,292.1638818951,5.9375,2.375,-6.8488464387
,2024-10-26T16:11:26.970Z,-25.426063164,28.3198314365,1134.1489568269,0.0,292.1638818951,5.9375,2.375,-6.8488464387
,2024-10-26T16:11:27.970Z,-25.426063164,28.3198314365,1134.1489568269,0.0,292.1638818951,5.875,2.4375,-6.8674011262
,2024-10-26T16:11:28.970Z,-25.426063164,28.3198314365,1134.1489568269,0.0,292.1638818951,5.75,2.4375,-6.9070739778
,2024-10-26T16:11:29.970Z,-25.426063164,28.3198314365,1134.1489568269,0.0,292.1638818951,5.625,2.4375,-6.9783630403
,2024-10-26T16:11:30.970Z,-25.426063164,28.3198314365,1134.1489568269,0.0,292.1638818951,5.5,2.4375,-7.0126647981
,2024-10-26T16:11:31.970Z,-25.426063164,28.3198314365,1134.1489568269,0.0,292.1638818951,5.4375,2.5,-7.0550231966
,2024-10-26T16:11:32.970Z,-25.426063164,28.3198314365,1134.1489568269,0.0,292.1638818951,5.3125,2.5,-7.1236267123
,2024-10-26T16:11:33.970Z,-25.426063164,28.3198314365,1134.1489568269,0.0,292.1638818951,5.25,2.5625,-7.1315612826
,2024-10-26T16:11:34.970Z,-25.426063164,28.3198314365,1134.1489568269,0.0,292.1638818951,5.1875,2.5625,-7.1342468294
,2024-10-26T16:11:35.970Z,-25.426063164,28.3198314365,1134.1489568269,0.0,292.1638818951,5.1875,2.5625,-7.1342468294
,2024-10-26T16:11:36.970Z,-25.426063164,28.3198314365,1134.1489568269,0.0,292.1638818951,5.1875,2.5625,-7.1236267123
,2024-10-26T16:11:37.970Z,-25.426063164,28.3198314365,1134.1489568269,0.0,292.1638818951,5.125,2.625,-7.0470886263
,2024-10-26T16:11:38.970Z,-25.426063164,28.3198314365,1134.1489568269,0.0,292.1638818951,5.125,2.625,-6.9651794466
,2024-10-26T16:11:39.970Z,-25.426063164,28.3198314365,1134.1489568269,0.0,292.1638818951,5.125,2.625,-6.9202575715
,2024-10-26T16:11:40.970Z,-25.426063164,28.3198314365,1134.1489568269,0.0,292.1638818951,5.125,2.625,-6.8937683137
,2024-10-26T16:11:41.970Z,-25.426063164,28.3198314365,1134.1489568269,0.0,292.1638818951,5.1875,2.5625,-6.8674011262
,2024-10-26T16:11:42.970Z,-25.426063164,28.3198314365,1134.1489568269,0.0,292.1638818951,5.1875,2.5625,-6.8674011262
,2024-10-26T16:11:43.970Z,-25.426063164,28.3198314365,1134.1489568269,0.0,292.1638818951,5.1875,2.5625,-6.9202575715
,2024-10-26T16:11:44.970Z,-25.426063164,28.3198314365,1134.1489568269,0.0,292.1638818951,5.1875,2.625,-6.9307556184
,2024-10-26T16:11:45.970Z,-25.426063164,28.3198314365,1134.1489568269,0.0,292.1638818951,5.1875,2.625,-6.9307556184
,2024-10-26T16:11:46.969Z,-25.426063164,28.3198314365,1134.1489568269,0.0,292.1638818951,5.125,2.625,-6.901702884
,2024-10-26T16:11:47.969Z,-25.426063164,28.3198314365,1134.1489568269,0.0,292.1638818951,5.125,2.625,-6.8753356965
,2024-10-26T16:11:48.969Z,-25.426063164,28.3198314365,1134.1489568269,0.0,292.1638818951,5.125,2.625,-6.8409118684
,2024-10-26T16:11:49.969Z,-25.426063164,28.3198314365,1134.1489568269,0.0,292.1638818951,5.125,2.625,-6.8409118684
,2024-10-26T16:11:50.969Z,-25.426063164,28.3198314365,1134.1489568269,0.0,292.1638818951,5.125,2.6875,-6.8885192903
,2024-10-26T16:11:51.969Z,-25.426063164,28.3198314365,1134.1489568269,0.0,292.1638818951,5.125,2.6875,-6.8991394075
,2024-10-26T16:11:52.969Z,-25.426063164,28.3198314365,1134.1489568269,0.0,292.1638818951,5.125,2.6875,-6.8991394075
,2024-10-26T16:11:53.969Z,-25.426063164,28.3198314365,1134.1489568269,0.0,292.1638818951,5.125,2.6875,-6.9175720247
,2024-10-26T16:11:54.969Z,-25.426063164,28.3198314365,1134.1489568269,0.0,292.1638818951,5.125,2.6875,-6.9307556184
,2024-10-26T16:11:55.969Z,-25.426063164,28.3198314365,1134.1489568269,0.0,292.1638818951,5.125,2.6875,-6.9493103059
,2024-10-26T16:11:56.969Z,-25.426063164,28.3198314365,1134.1489568269,0.0,292.1638818951,5.125,2.6875,-7.015350345
,2024-10-26T16:11:57.969Z,-25.426063164,28.3198314365,1134.1489568269,0.0,292.1638818951,5.125,2.6875,-7.1104431185
,2024-10-26T16:11:58.969Z,-25.426063164,28.3198314365,1134.1489568269,0.0,292.1638818951,5.0625,2.75,-7.1104431185
,2024-10-26T16:11:59.969Z,-25.426063164,28.3198314365,1134.1489568269,0.0,292.1638818951,5.0625,2.75,-7.1104431185
,2024-10-26T16:12:00.969Z,-25.426063164,28.3198314365,1134.1489568269,0.0,292.1638818951,5.125,2.6875,-7.1078796419
,2024-10-26T16:12:01.969Z,-25.426063164,28.3198314365,1134.1489568269,0.0,292.1638818951,5.125,2.6875,-7.0866394075
,2024-10-26T16:12:02.969Z,-25.426063164,28.3198314365,1134.1489568269,0.0,292.1638818951,5.125,2.6875,-7.0866394075
,2024-10-26T16:12:03.969Z,-25.426063164,28.3198314365,1134.1489568269,0.0,292.1638818951,5.125,2.6875,-7.1315612826
,2024-10-26T16:12:04.969Z,-25.426063164,28.3198314365,1134.1489568269,0.0,292.1638818951,5.125,2.6875,-7.2002868685
,2024-10-26T16:12:05.969Z,-25.426063164,28.3198314365,1134.1489568269,0.0,292.1638818951,5.0625,2.75,-7.2583923373
,2024-10-26T16:12:06.969Z,-25.4260632478,28.3198274132,1133.870728067,0.0614471435,292.1638818951,5.125,2.6875,-7.3112487827
,2024-10-26T16:12:07.969Z,-25.4260639183,28.3198277485,1133.8264165436,0.0,292.1638818951,5.125,2.6875,-7.4143981968
,2024-10-26T16:12:08.969Z,-25.4260624096,28.3198295925,1134.1166692292,0.0213928222,292.1638818951,5.1875,2.5625,-7.4486999546
,2024-10-26T16:12:09.969Z,-25.4260614457,28.319828419,1134.2642217195,0.0,292.1638818951,5.1875,2.5,-7.4486999546
,2024-10-26T16:12:10.969Z,-25.4260614457,28.319828419,1134.2642217195,0.0,292.1638818951,5.25,2.4375,-7.432830814
,2024-10-26T16:12:11.969Z,-25.4260614457,28.319828419,1134.2642217195,0.0,292.1638818951,5.25,2.4375,-7.409027103
,2024-10-26T16:12:12.969Z,-25.4260614457,28.319828419,1134.2642217195,0.0,292.1638818951,5.25,2.4375,-7.3536071811
,2024-10-26T16:12:13.969Z,-25.4260614457,28.319828419,1134.2642217195,0.0,292.1638818951,5.25,2.375,-7.3429870639
,2024-10-26T16:12:14.969Z,-25.4260614457,28.319828419,1134.2642217195,0.0,292.1638818951,5.375,2.3125,-7.3429870639
,2024-10-26T16:12:15.969Z,-25.4260614457,28.319828419,1134.2642217195,0.0,292.1638818951,5.3125,2.3125,-7.3456726108
,2024-10-26T16:12:16.969Z,-25.4260614457,28.319828419,1134.2642217195,0.0,292.1638818951,5.4375,2.25,-7.3772888217
,2024-10-26T16:12:17.968Z,-25.4260614457,28.319828419,1134.2642217195,0.0,292.1638818951,5.4375,2.25,-7.3852233921
,2024-10-26T16:12:18.968Z,-25.4260614457,28.319828419,1134.2642217195,0.0,292.1638818951,5.4375,2.25,-7.4064636264
,2024-10-26T16:12:19.968Z,-25.4260614457,28.319828419,1134.2642217195,0.0,292.1638818951,5.4375,2.25,-7.4143981968
,2024-10-26T16:12:20.968Z,-25.4260614457,28.319828419,1134.2642217195,0.0,292.1638818951,5.4375,2.25,-7.4698181187
,2024-10-26T16:12:21.968Z,-25.4260614457,28.319828419,1134.2642217195,0.0,292.1638818951,5.4375,2.25,-7.5120544468
,2024-10-26T16:12:22.968Z,-25.4260614457,28.319828419,1134.2642217195,0.0,292.1638818951,5.4375,2.25,-7.5358581578
,2024-10-26T16:12:23.968Z,-25.4260614457,28.319828419,1134.2642217195,0.0,292.1638818951,5.375,2.25,-7.5861511265
,2024-10-26T16:12:24.968Z,-25.4260614457,28.319828419,1134.2642217195,0.0,292.1638818951,5.4375,2.25,-7.5861511265
,2024-10-26T16:12:25.968Z,-25.4260614457,28.319828419,1134.2642217195,0.0,292.1638818951,5.4375,2.3125,-7.59140015
,2024-10-26T16:12:26.968Z,-25.4260614457,28.319828419,1134.2642217195,0.0,292.1638818951,5.4375,2.3125,-7.5834655797
,2024-10-26T16:12:27.968Z,-25.4260614457,28.319828419,1134.2642217195,0.0,292.1638818951,5.5,2.25,-7.567596439
,2024-10-26T16:12:28.968Z,-25.4260614457,28.319828419,1134.2642217195,0.0,292.1638818951,5.5,2.25,-7.5120544468
,2024-10-26T16:12:29.968Z,-25.4260614457,28.319828419,1134.2642217195,0.0,292.1638818951,5.5,2.25,-7.5068054234
,2024-10-26T16:12:30.968Z,-25.4260614457,28.319828419,1134.2642217195,0.0,292.1638818951,5.5625,2.25,-7.5068054234
,2024-10-26T16:12:31.968Z,-25.4260614457,28.319828419,1134.2642217195,0.0,292.1638818951,5.5625,2.25,-7.5279235874
,2024-10-26T16:12:32.968Z,-25.4260614457,28.319828419,1134.2642217195,0.0,292.1638818951,5.5625,2.25,-7.5702819859
,2024-10-26T16:12:33.968Z,-25.4260614457,28.319828419,1134.2642217195,0.0,292.1638818951,5.6875,2.1875,-7.5966491734
,2024-10-26T16:12:34.968Z,-25.4260614457,28.319828419,1134.2642217195,0.0,292.1638818951,5.625,2.25,-7.6231384312
,2024-10-26T16:12:35.968Z,-25.4260614457,28.319828419,1134.2642217195,0.0,292.1638818951,5.625,2.1875,-7.6468200719
,2024-10-26T16:12:36.968Z,-25.4260614457,28.319828419,1134.2642217195,0.0,292.1638818951,5.625,2.25,-7.6495056187
,2024-10-26T16:12:37.968Z,-25.4260614457,28.319828419,1134.2642217195,0.0,292.1638818951,5.625,2.25,-7.6601257359
,2024-10-26T16:12:38.968Z,-25.4260614457,28.319828419,1134.2642217195,0.0,292.1638818951,5.6875,2.1875,-7.7182312047
,2024-10-26T16:12:39.968Z,-25.4260614457,28.319828419,1134.2642217195,0.0,292.1638818951,5.6875,2.1875,-7.7182312047
,2024-10-26T16:12:40.968Z,-25.4260614457,28.319828419,1134.2642217195,0.0,292.1638818951,5.6875,2.1875,-7.6944274938
,2024-10-26T16:12:41.968Z,-25.4260614457,28.319828419,1134.2642217195,0.0,292.1638818951,5.6875,2.1875,-7.6733093297
,2024-10-26T16:12:42.968Z,-25.4260614457,28.319828419,1134.2642217195,0.0,292.1638818951,5.6875,2.25,-7.612518314
,2024-10-26T16:12:43.968Z,-25.4260614457,28.319828419,1134.2642217195,0.0,292.1638818951,5.625,2.25,-7.5437927281
,2024-10-26T16:12:44.968Z,-25.4260614457,28.319828419,1134.2642217195,0.0,292.1638818951,5.6875,2.1875,-7.5412292515
,2024-10-26T16:12:45.968Z,-25.4260614457,28.319828419,1134.2642217195,0.0,292.1638818951,5.75,2.1875,-7.5412292515
,2024-10-26T16:12:46.968Z,-25.4260614457,28.319828419,1134.2642217195,0.0,292.1638818951,5.875,2.125,-7.4909362827
,2024-10-26T16:12:47.968Z,-25.4260614457,28.319828419,1134.2642217195,0.0,292.1638818951,6.0625,2.125,-7.4909362827
,2024-10-26T16:12:48.967Z,-25.4260614457,28.319828419,1134.2642217195,0.0,292.1638818951,6.1875,2.0625,-7.4936218296
,2024-10-26T16:12:49.967Z,-25.4260614457,28.319828419,1134.2642217195,0.0,292.1638818951,6.25,2.0,-7.5332946812
,2024-10-26T16:12:50.967Z,-25.4260614457,28.319828419,1134.2642217195,0.0,292.1638818951,6.3125,2.0,-7.5385437046
,2024-10-26T16:12:51.967Z,-25.4260614457,28.319828419,1134.2642217195,0.0,292.1638818951,6.4375,1.9375,-7.6177673375
,2024-10-26T16:12:52.967Z,-25.4260614457,28.319828419,1134.2642217195,0.0,292.1638818951,6.4375,2.0,-7.6680603063
,2024-10-26T16:12:53.967Z,-25.4260614457,28.319828419,1134.2642217195,0.0,292.1638818951,6.4375,1.9375,-7.6680603063
,2024-10-26T16:12:54.967Z,-25.4260614457,28.319828419,1134.2642217195,0.0,292.1638818951,6.375,2.0,-7.6415710484
,2024-10-26T16:12:55.967Z,-25.4260614457,28.319828419,1134.2642217195,0.0,292.1638818951,6.3125,2.0,-7.6283874547
,2024-10-26T16:12:56.967Z,-25.4260614457,28.319828419,1134.2642217195,0.0,292.1638818951,6.3125,2.0,-7.5807800328
,2024-10-26T16:12:57.967Z,-25.4260614457,28.319828419,1134.2642217195,0.0,292.1638818951,6.25,2.0,-7.5782165562
,2024-10-26T16:12:58.967Z,-25.4260614457,28.319828419,1134.2642217195,0.0,292.1638818951,6.25,2.0,-7.5569763218
,2024-10-26T16:12:59.967Z,-25.4260614457,28.319828419,1134.2642217195,0.0,292.1638818951,6.1875,2.0,-7.5544128453
,2024-10-26T16:13:00.967Z,-25.4260614457,28.319828419,1134.2642217195,0.0,292.1638818951,6.1875,2.0,-7.5544128453
,2024-10-26T16:13:01.967Z,-25.4260614457,28.319828419,1134.2642217195,0.0,292.1638818951,6.1875,2.0,-7.5939636265
,2024-10-26T16:13:02.967Z,-25.4260614457,28.319828419,1134.2642217195,0.0,292.1638818951,6.1875,2.0,-7.6045837437
,2024-10-26T16:13:03.967Z,-25.4260614457,28.319828419,1134.2642217195,0.0,292.1638818951,6.125,2.0,-7.6072692906
,2024-10-26T16:13:04.967Z,-25.4260614457,28.319828419,1134.2642217195,0.0,292.1638818951,6.125,2.0,-7.6415710484
,2024-10-26T16:13:05.967Z,-25.4260614457,28.319828419,1134.2642217195,0.0,292.1638818951,6.125,2.0,-7.6415710484
,2024-10-26T16:13:06.967Z,-25.4260614457,28.319828419,1134.2642217195,0.0,292.1638818951,6.0625,2.0,-7.636322025
,2024-10-26T16:13:07.967Z,-25.4260614457,28.319828419,1134.2642217195,0.0,292.1638818951,6.0625,2.0,-7.636322025
,2024-10-26T16:13:08.967Z,-25.4260614457,28.319828419,1134.2642217195,0.0,292.1638818951,6.0625,2.0,-7.6521911656
,2024-10-26T16:13:09.967Z,-25.4260614457,28.319828419,1134.2642217195,0.0,292.1638818951,6.0625,2.0,-7.6944274938
,2024-10-26T16:13:10.967Z,-25.4260614457,28.319828419,1134.2642217195,0.0,292.1638818951,6.125,2.0,-7.749969486
,2024-10-26T16:13:11.967Z,-25.4260614457,28.319828419,1134.2642217195,0.0,292.1638818951,6.0625,2.0,-7.7974548376
,2024-10-26T16:13:12.967Z,-25.4260614457,28.319828419,1134.2642217195,0.0,292.1638818951,6.25,1.9375,-7.7974548376
,2024-10-26T16:13:13.967Z,-25.4260614457,28.319828419,1134.2642217195,0.0,292.1638818951,6.0625,2.0,-7.7922058141
,2024-10-26T16:13:14.967Z,-25.4260614457,28.319828419,1134.2642217195,0.0,292.1638818951,6.25,1.9375,-7.7922058141
,2024-10-26T16:13:15.967Z,-25.4260614457,28.319828419,1134.2642217195,0.0,292.1638818951,6.25,1.9375,-7.8053894079
,2024-10-26T16:13:16.967Z,-25.4260614457,28.319828419,1134.2642217195,0.0,292.1638818951,6.25,1.9375,-7.8423767126
,2024-10-26T16:13:17.967Z,-25.4260614457,28.319828419,1134.2642217195,0.0,292.1638818951,6.25,1.9375,-7.8661804235
,2024-10-26T16:13:18.967Z,-25.4260614457,28.319828419,1134.2642217195,0.0,292.1638818951,6.1875,1.9375,-7.9349060095
,2024-10-26T16:13:19.966Z,-25.4260614457,28.319828419,1134.2642217195,0.0,292.1638818951,6.125,1.9375,-8.0458679236
,2024-10-26T16:13:20.966Z,-25.4260614457,28.319828419,1134.2642217195,0.0,292.1638818951,6.125,1.9375,-8.0458679236
,2024-10-26T16:13:21.966Z,-25.4260614457,28.319828419,1134.2642217195,0.0,292.1638818951,6.1875,1.9375,-7.9639587439
,2024-10-26T16:13:22.966Z,-25.4260614457,28.319828419,1134.2642217195,0.0,292.1638818951,6.3125,1.8125,-7.9111022986
,2024-10-26T16:13:23.966Z,-25.4260614457,28.319828419,1134.2642217195,0.0,292.1638818951,6.4375,1.75,-7.8634948767
,2024-10-26T16:13:24.966Z,-25.4260614457,28.319828419,1134.2642217195,0.0,292.1638818951,6.5,1.6875,-7.8185730016
,2024-10-26T16:13:25.966Z,-25.4260614457,28.319828419,1134.2642217195,0.0,292.1638818951,6.625,1.625,-7.8185730016
,2024-10-26T16:13:26.966Z,-25.4260614457,28.319828419,1134.2642217195,0.0,292.1638818951,6.75,1.5625,-7.8185730016
,2024-10-26T16:13:27.966Z,-25.4260614457,28.319828419,1134.2642217195,0.0,292.1638818951,6.875,1.5,-7.8080749548
,2024-10-26T16:13:28.966Z,-25.4260614457,28.319828419,1134.2642217195,0.0,292.1638818951,7.25,1.25,-7.8080749548
,2024-10-26T16:13:29.966Z,-25.4260614457,28.319828419,1134.2642217195,0.0,292.1638818951,7.3125,1.1875,-7.8080749548
,2024-10-26T16:13:30.966Z,-25.4260614457,28.319828419,1134.2642217195,0.0,292.1638818951,7.375,1.1875,-7.8160095251
,2024-10-26T16:13:31.966Z,-25.4260614457,28.319828419,1134.2642217195,0.0,292.1638818951,7.3125,1.125,-7.8239440954
,2024-10-26T16:13:32.966Z,-25.4260614457,28.319828419,1134.2642217195,0.0,292.1638818951,7.375,1.1875,-7.9031677282
,2024-10-26T16:13:33.966Z,-25.4260614457,28.319828419,1134.2642217195,0.0,292.1638818951,6.9375,1.375,-7.9560241736
,2024-10-26T16:13:34.966Z,-25.4260614457,28.319828419,1134.2642217195,0.0,292.1638818951,6.5625,1.6875,-7.9560241736
,2024-10-26T16:13:35.966Z,-25.4260614457,28.319828419,1134.2642217195,0.0,292.1638818951,6.25,1.875,-7.892547611
,2024-10-26T16:13:36.966Z,-25.4260712525,28.3198448476,1134.2744756258,0.0099334716,292.1638818951,6.1875,1.9375,-7.8582458532
,2024-10-26T16:13:37.966Z,-25.4260712106,28.3198449314,1134.2256475008,0.0,292.1638818951,6.0625,1.9375,-7.8582458532
,2024-10-26T16:13:38.966Z,-25.4260712106,28.3198449314,1134.2256475008,0.0,292.1638818951,6.0625,1.9375,-7.8768005407
,2024-10-26T16:13:39.966Z,-25.4260712106,28.3198449314,1134.2256475008,0.0,292.1638818951,6.125,1.9375,-7.9639587439
,2024-10-26T16:13:40.966Z,-25.4260712106,28.3198449314,1134.2256475008,0.0,292.1638818951,6.25,1.875,-8.0247497595
,2024-10-26T16:13:41.966Z,-25.4260712106,28.3198449314,1134.2256475008,0.0,292.1638818951,6.25,1.875,-8.0801696814
,2024-10-26T16:13:42.966Z,-25.4260712106,28.3198449314,1134.2256475008,0.0,292.1638818951,6.3125,1.8125,-8.1066589393
,2024-10-26T16:13:43.966Z,-25.4260712106,28.3198449314,1134.2256475008,0.0,292.1638818951,6.375,1.8125,-8.1066589393
,2024-10-26T16:13:44.966Z,-25.4260712106,28.3198449314,1134.2256475008,0.0,292.1638818951,6.4375,1.75,-8.0247497595
,2024-10-26T16:13:45.966Z,-25.4260712106,28.3198449314,1134.2256475008,0.0,292.1638818951,6.6875,1.6875,-8.006195072
,2024-10-26T16:13:46.966Z,-25.4260712106,28.3198449314,1134.2256475008,0.0,292.1638818951,6.6875,1.625,-8.006195072
,2024-10-26T16:13:47.966Z,-25.4260712106,28.3198449314,1134.2256475008,0.0,292.1638818951,6.6875,1.625,-8.0220642127
,2024-10-26T16:13:48.966Z,-25.4260712106,28.3198449314,1134.2256475008,0.0,292.1638818951,6.6875,1.6875,-8.0828552283
,2024-10-26T16:13:49.966Z,-25.4260712106,28.3198449314,1134.2256475008,0.0,292.1638818951,6.625,1.6875,-8.1119079627
,2024-10-26T16:13:50.965Z,-25.4260712106,28.3198449314,1134.2256475008,0.0,292.1638818951,6.5625,1.6875,-8.1831970252
,2024-10-26T16:13:51.965Z,-25.4260678997,28.3198391479,1134.0774541413,0.0302276611,292.1638818951,6.75,1.625,-8.278411869
,2024-10-26T16:13:52.965Z,-25.4260668939,28.3198352922,1133.5998235259,0.2828979492,292.1638818951,6.8125,1.6875,-8.3258972206
,2024-10-26T16:13:53.965Z,-25.4260642536,28.3198305983,1134.0699162995,0.3195648194,292.1638818951,6.8125,1.6875,-8.423675541
,2024-10-26T16:13:54.965Z,-25.426067774,28.3198342026,1134.1491399324,0.0212554931,292.1638818951,6.5,1.75,-8.5003356973
,2024-10-26T16:13:55.965Z,-25.4260650499,28.3198363818,1134.2212529695,0.0,292.1638818951,6.4375,1.8125,-8.5346374551
,2024-10-26T16:13:56.965Z,-25.4260650499,28.3198363818,1134.2212529695,0.0,292.1638818951,6.4375,1.8125,-8.5874939004
,2024-10-26T16:13:57.965Z,-25.4260630382,28.3198356275,1134.2619329012,0.2577362061,292.1638818951,6.875,1.625,-8.5954284707
,2024-10-26T16:13:58.965Z,-25.4260634154,28.3198365495,1134.2630010164,0.0,292.1638818951,6.9375,1.5625,-8.5954284707
,2024-10-26T16:13:59.965Z,-25.4260634154,28.3198365495,1134.2630010164,0.0,292.1638818951,7.0625,1.5,-8.5505065957
,2024-10-26T16:14:00.965Z,-25.4260634154,28.3198365495,1134.2630010164,0.0,292.1638818951,7.1875,1.5,-8.5162048379
,2024-10-26T16:14:01.965Z,-25.4260634154,28.3198365495,1134.2630010164,0.0,292.1638818951,7.3125,1.375,-8.4316101113
,2024-10-26T16:14:02.965Z,-25.4260634154,28.3198365495,1134.2630010164,0.0,292.1638818951,7.4375,1.3125,-8.3682556191
,2024-10-26T16:14:03.965Z,-25.4260634154,28.3198365495,1134.2630010164,0.0,292.1638818951,7.5625,1.1875,-8.3417663613
,2024-10-26T16:14:04.965Z,-25.4260603141,28.3198356275,1134.210876993,0.0383758545,292.1638818951,8.0,1.3125,-8.3392028847
,2024-10-26T16:14:05.965Z,-25.4260544049,28.3198311012,1134.3244634188,0.1226348877,292.1638818951,8.3125,1.3125,-8.3392028847
,2024-10-26T16:14:06.965Z,-25.4260516388,28.3198188637,1134.2133794344,0.3884277344,292.1638818951,8.9375,1.3125,-8.3682556191
,2024-10-26T16:14:07.965Z,-25.4260485794,28.3198111523,1134.2035222566,0.5554656983,292.1638818951,9.5625,1.3125,-8.378753666
,2024-10-26T16:14:08.965Z,-25.4260398623,28.3197822348,1134.21948295,1.4361114505,286.3410391393,8.875,1.25,-8.378753666
,2024-10-26T16:14:09.965Z,-25.426027038,28.3197646328,1134.0021367585,1.7996826176,288.4888990615,8.1875,1.4375,-8.3973083535
,2024-10-26T16:14:10.965Z,-25.4260249425,28.3197396547,1134.076752237,2.0405120854,287.1595330739,7.875,1.625,-8.4157409707
,2024-10-26T16:14:11.965Z,-25.4260258645,28.319714509,1133.9259038483,2.1815948491,283.6603341725,7.6875,1.75,-8.4554138222
,2024-10-26T16:14:12.965Z,-25.4260245234,28.3196902853,1133.8345342193,2.3289337163,282.7649347676,7.5625,1.75,-8.5082702676
,2024-10-26T16:14:13.965Z,-25.426025613,28.3196659778,1133.7773747955,2.3291931157,281.9684138246,7.5625,1.75,-8.5716247598
,2024-10-26T16:14:14.965Z,-25.4260204582,28.3196399939,1134.1654058015,2.4932708746,283.0121309224,7.625,1.5625,-8.6219177286
,2024-10-26T16:14:15.965Z,-25.4260140879,28.3196119983,1133.9701543366,2.5944824224,283.7921721217,7.5625,1.5,-8.6589050333
,2024-10-26T16:14:16.965Z,-25.4260083044,28.3195915465,1133.9023137604,2.4241485601,286.4563973449,7.5,1.5,-8.672088627
,2024-10-26T16:14:17.965Z,-25.4259934684,28.3195688315,1133.9216619049,2.4862060552,292.5978484779,7.4375,1.4375,-8.672088627
,2024-10-26T16:14:18.965Z,-25.4259886488,28.3195411712,1133.9478154694,2.3049926763,293.432822156,7.375,1.5,-8.672088627
,2024-10-26T16:14:19.965Z,-25.4259867629,28.3195118346,1133.6190801177,2.4099273687,286.9892423895,7.25,1.5,-8.6932067911
,2024-10-26T16:14:20.965Z,-25.4259849189,28.3194899578,1133.1109319241,2.1167602543,285.8136873426,7.0625,1.625,-8.7460632364
,2024-10-26T16:14:21.964Z,-25.4259882297,28.3194685001,1133.7253118072,1.8336334232,282.8033875028,6.9375,1.625,-8.7751159708
,2024-10-26T16:14:22.964Z,-25.4259905767,28.3194461204,1133.8138433014,1.8890533451,277.7495994506,6.75,1.6875,-8.8860778849
,2024-10-26T16:14:23.964Z,-25.4259865114,28.3194311168,1134.9100652257,1.8249053959,278.7438773174,6.8125,1.625,-8.9812927287
,2024-10-26T16:14:24.964Z,-25.4259791354,28.3194119223,1133.507294229,1.8133544926,281.9244678416,6.6875,1.6875,-9.0473327678
,2024-10-26T16:14:25.964Z,-25.425973729,28.3193855193,1132.8587956935,2.101882935,282.3199816891,6.5,1.8125,-9.1159362835
,2024-10-26T16:14:26.964Z,-25.4259666463,28.3193619661,1133.0229802639,2.2689056401,283.4570840009,6.5,1.8125,-9.1741638226
,2024-10-26T16:14:27.964Z,-25.4259599827,28.3193419334,1133.0707707912,2.3130187993,283.2922865644,6.5625,1.75,-9.2665710492
,2024-10-26T16:14:28.964Z,-25.425954283,28.3193191346,1133.5492558989,2.3424682622,281.8805218585,6.5,1.75,-9.3089294476
,2024-10-26T16:14:29.964Z,-25.4259491282,28.3192957491,1133.2341619046,2.3426666265,282.4792858777,6.4375,1.8125,-9.3273620648
,2024-10-26T16:14:30.964Z,-25.4259426322,28.3192737885,1132.8258672267,2.2719726567,284.0943007553,6.4375,1.8125,-9.3775329633
,2024-10-26T16:14:31.964Z,-25.4259348789,28.3192461282,1132.8013310939,2.416122437,285.4731059739,6.5625,1.75,-9.3775329633
,2024-10-26T16:14:32.964Z,-25.4259307299,28.319227688,1132.8162541896,2.2494201665,285.9729915312,6.6875,1.75,-9.4198913618
,2024-10-26T16:14:33.964Z,-25.4259254912,28.3192060627,1132.3639836815,2.2347259526,283.7866788738,6.6875,1.75,-9.4489440961
,2024-10-26T16:14:34.964Z,-25.4259236472,28.3191778995,1132.9182744533,2.4582672124,283.1384756237,6.5625,1.8125,-9.5256042524
,2024-10-26T16:14:35.964Z,-25.4259173188,28.3191479761,1132.0322576072,2.7274627691,286.2037079423,6.5,1.875,-9.5862731978
,2024-10-26T16:14:36.964Z,-25.4259085178,28.319132302,1132.0443730857,2.5488128668,291.043259327,6.5,1.875,-9.6524353072
,2024-10-26T16:14:37.964Z,-25.4259042431,28.3191027139,1132.1744390037,2.6424407965,289.5106431677,6.3125,1.875,-9.7237243697
,2024-10-26T16:14:38.964Z,-25.4258972023,28.3190773167,1132.0167851951,2.6737823492,289.7688258182,6.25,1.875,-9.776580815
,2024-10-26T16:14:39.964Z,-25.425896406,28.3190499079,1132.1833806541,2.6824493414,285.841153582,6.375,1.8125,-9.8135681198
,2024-10-26T16:14:40.964Z,-25.4258979147,28.319020655,1132.103088906,2.699401856,282.1277180132,6.5,1.75,-9.8321228073
,2024-10-26T16:14:41.964Z,-25.4258897843,28.3189940006,1132.0539250877,2.7577056891,283.1934081025,6.5,1.75,-9.8321228073
,2024-10-26T16:14:42.964Z,-25.4258848809,28.3189634905,1132.4313359765,2.8338775641,284.4513618677,6.375,1.75,-9.8611755417
,2024-10-26T16:14:43.964Z,-25.4258841265,28.3189390991,1132.6179814844,2.7778167731,280.9796292057,6.4375,1.625,-9.8611755417
,2024-10-26T16:14:44.964Z,-25.4258820729,28.3189147916,1132.1505742576,2.743896485,280.8203250171,6.375,1.6875,-9.8584899948
,2024-10-26T16:14:45.964Z,-25.4258735653,28.3188914899,1132.5575261621,2.6805572516,283.1659418631,6.5,1.625,-9.8584899948
,2024-10-26T16:14:46.964Z,-25.4258653091,28.3188657575,1133.0296941311,2.7353210455,283.6054016937,6.75,1.5625,-9.8083190963
,2024-10-26T16:14:47.964Z,-25.4258623336,28.3188413661,1132.528595498,2.7182312018,283.2428473334,6.6875,1.5625,-9.7659606979
,2024-10-26T16:14:48.964Z,-25.4258575978,28.3188091796,1131.9484563376,2.8086090094,282.9242389562,6.625,1.6875,-9.7659606979
,2024-10-26T16:14:49.964Z,-25.4258466594,28.3187735565,1131.6062627339,3.1325531013,284.9073014419,6.5625,1.75,-9.8321228073
,2024-10-26T16:14:50.964Z,-25.4258391576,28.3187401966,1132.234100869,3.3805236824,284.1107804989,6.4375,1.8125,-9.9324646042
,2024-10-26T16:14:51.964Z,-25.4258430552,28.3187116981,1132.3739934472,3.288894654,281.3586633096,6.4375,1.8125,-10.0778503464
,2024-10-26T16:14:52.963Z,-25.4258376488,28.3186838702,1132.0877690818,3.1945495612,280.7928587777,6.3125,1.875,-10.1729431199
,2024-10-26T16:14:53.963Z,-25.4258272553,28.3186520189,1131.697693398,3.2484130866,283.8196383611,6.3125,1.875,-
,2024-10-26T16:14:54.963Z,-25.4258157721,28.3186127078,1134.0383916413,3.4499511726,285.3192950331,6.375,1.9375,-10.2732849168
,2024-10-26T16:14:55.963Z,-25.4258054204,28.3185650986,1134.292114786,3.8101501473,283.6603341725,6.5625,1.875,-
,2024-10-26T16:14:56.963Z,-25.4257973738,28.3185239434,1134.0848393952,3.8891143807,283.2813000686,6.8125,1.6875,-10.3499450731
,2024-10-26T16:14:57.963Z,-25.4257902911,28.3184785974,1133.4161992582,4.0758514413,282.1496910048,6.4375,1.875,-10.3684997606
,2024-10-26T16:14:58.963Z,-25.4257840466,28.3184264619,1132.3585820702,4.3918609629,281.8970016021,6.25,1.9375,-10.4450378466
,2024-10-26T16:14:59.963Z,-25.4257811129,28.318382876,1131.7987981344,4.3544158945,280.3863584344,6.125,1.9375,-10.5243835498
,2024-10-26T16:15:00.963Z,-25.4257722281,28.3183462471,1131.2684026263,4.1939086923,282.2595559624,6.0625,1.9375,-10.6221618701
,2024-10-26T16:15:01.963Z,-25.4257594457,28.3183138091,1131.6480412984,4.0312500009,285.3192950331,6.0625,1.9375,-10.632659917
,2024-10-26T16:15:02.963Z,-25.425750519,28.3182746656,1131.5445867085,4.0797729501,285.3852140077,6.0,1.9375,-10.701385503
,2024-10-26T16:15:03.963Z,-25.4257441906,28.3182289843,1130.6255193253,4.3916625986,283.2593270771,6.0,2.0,-10.7780456593
,2024-10-26T16:15:04.963Z,-25.4257362278,28.3181866557,1130.6520391007,4.534362794,282.4792858777,5.875,2.0,-10.9021911671
,2024-10-26T16:15:05.963Z,-25.4257237388,28.3181472607,1130.6613774796,4.4974212656,284.7589837491,5.8125,2.0625,-10.9867858937
,2024-10-26T16:15:06.963Z,-25.4257058853,28.318105435,1130.8639226457,4.5288696299,289.6205081254,5.9375,2.0,-11.1004333547
,2024-10-26T16:15:07.963Z,-25.4256953241,28.3180695605,1130.4941411514,4.3779144297,288.5548180361,6.125,2.0,-11.1690368704
,2024-10-26T16:15:08.963Z,-25.4256876128,28.3180265613,1130.2951055068,4.3679504404,285.747768368,6.125,2.0,-11.2245788626
,2024-10-26T16:15:09.963Z,-25.425674998,28.3179849871,1130.2786870497,4.2724609384,286.7420462348,6.3125,2.0,-11.2456970267
,2024-10-26T16:15:10.963Z,-25.425666658,28.3179419041,1130.2695012587,4.4069671641,290.4280155642,5.5,2.1875,-11.3407898002
,2024-10-26T16:15:11.963Z,-25.425646751,28.3178816382,1129.9868779675,4.8555755626,287.1485465781,5.25,2.4375,-11.4042663627
,2024-10-26T16:15:12.963Z,-25.4256353935,28.3178233002,1130.1890569227,4.9603729259,285.4401464866,5.125,2.625,-11.5628356987
,2024-10-26T16:15:13.963Z,-25.425624078,28.3177688178,1129.5829778209,4.8707122814,285.0720988784,5.125,2.6875,-11.7187194878
,2024-10-26T16:15:14.963Z,-25.4256115889,28.3177249804,1129.3967900766,4.8708038341,287.0222018768,5.0625,2.8125,-11.8904724176
,2024-10-26T16:15:15.963Z,-25.4255991837,28.3176741023,1129.5298772349,5.1226654064,285.5170519569,5.0,2.875,-12.0806579646
,2024-10-26T16:15:16.963Z,-25.4256046319,28.317625152,1130.1550603407,5.0810394298,283.9459830624,5.0,2.9375,-12.2630310115
,2024-10-26T16:15:17.963Z,-25.4255890416,28.3175664786,1129.4749761118,5.5949096692,283.1659418631,4.9375,2.9375,-12.3713073788
,2024-10-26T16:15:18.963Z,-25.4255737027,28.3175181989,1129.5194097056,5.5210418714,283.9734493018,4.9375,3.0,-12.4611511288
,2024-10-26T16:15:19.963Z,-25.42556201,28.3174664825,1129.436554481,5.5133209241,281.9684138246,4.9375,3.0,-12.6117858945
,2024-10-26T16:15:20.963Z,-25.4255484313,28.3174122516,1128.2847905644,5.5972900403,284.061341268,4.9375,3.0,-12.6857605039
,2024-10-26T16:15:21.963Z,-25.4255325476,28.3173553385,1128.0511479862,5.8203277601,286.2970931563,4.9375,3.0,-12.8152771055
,2024-10-26T16:15:22.963Z,-25.4255193461,28.3173023649,1128.5999455939,5.7300720228,286.121309224,4.9375,3.0625,-12.9843444884
,2024-10-26T16:15:23.963Z,-25.4255107127,28.3172493913,1128.2008061894,5.5566406262,283.9459830624,4.875,3.0625,-13.1191101135
,2024-10-26T16:15:24.962Z,-25.4255034205,28.3171906341,1128.3577275762,5.7670288099,280.9137102311,4.875,3.0625,-13.2116394104
,2024-10-26T16:15:25.962Z,-25.4254915601,28.3171359841,1128.1178899296,5.82713318,280.8148317692,4.875,3.125,-13.3595886292
,2024-10-26T16:15:26.962Z,-25.4254798673,28.3170930688,1128.2586980351,5.338485719,281.9684138246,4.875,3.125,-13.5207214418
,2024-10-26T16:15:27.962Z,-25.4254666658,28.3170498181,1127.533783484,5.0050811779,284.0723277637,4.875,3.125,-13.6053161684
,2024-10-26T16:15:28.962Z,-25.4254581163,28.31699894,1127.5660100465,5.0585174572,282.5726710917,4.875,3.125,-13.8299255435
,2024-10-26T16:15:29.962Z,-25.4254520394,28.316953091,1128.1594243534,5.0023498546,281.4300755321,4.875,3.125,-14.0359802311
,2024-10-26T16:15:30.962Z,-25.4254438251,28.3169098404,1127.7047429567,4.8032226573,284.9567406729,4.875,3.125,-14.2764587468
,2024-10-26T16:15:31.962Z,-25.425428151,28.3168662545,1127.3282170776,4.9484100353,287.7088578622,4.875,3.125,-14.4112243719
,2024-10-26T16:15:32.962Z,-25.425415159,28.3168030549,1128.2844853886,5.5349426282,286.3849851224,4.875,3.125,-14.5169372626
,2024-10-26T16:15:33.962Z,-25.4254038015,28.3167442139,1127.7315373903,5.9058532728,284.7919432364,4.875,3.0625,-14.5169372626
,2024-10-26T16:15:34.962Z,-25.4253985629,28.316681182,1127.0062871458,6.1819763197,281.622339208,4.875,3.0625,-14.4720153875
,2024-10-26T16:15:35.962Z,-25.4253948748,28.3166173119,1127.3542790894,6.3915405288,277.8374914168,4.875,3.0625,-14.3874206609
,2024-10-26T16:15:36.962Z,-25.4253718665,28.3165552859,1127.2423711303,6.7168884292,284.0228885328,4.875,3.0625,-14.3874206609
,2024-10-26T16:15:37.962Z,-25.4253657477,28.316487141,1127.4564824586,6.8241729752,282.3804074158,4.875,3.0625,-14.4482116766
,2024-10-26T16:15:38.962Z,-25.425350325,28.3164279647,1127.5333867555,6.6621551529,282.6935225452,4.875,3.0625,-14.4799499579
,2024-10-26T16:15:39.962Z,-25.4253412306,28.3163678665,1127.7290654665,6.2891845717,282.2156099794,4.875,3.0625,-14.680755622
,2024-10-26T16:15:40.962Z,-25.4253232515,28.3163103666,1128.030396033,6.2609405532,283.3417257953,4.875,3.0625,-14.8101501533
,2024-10-26T16:15:41.962Z,-25.4253090022,28.3162478376,1127.1662602905,6.3554840102,282.9517051956,4.875,3.0625,-14.939666755
,2024-10-26T16:15:42.962Z,-25.4252984829,28.3161910083,1128.7718816291,6.2032928481,283.2428473334,4.875,3.0625,-15.0083923409
,2024-10-26T16:15:43.962Z,-25.4252818448,28.3161361907,1128.1446538456,5.9974365248,284.715037766,4.9375,3.0,-15.0876159738
,2024-10-26T16:15:44.962Z,-25.4252742173,28.3160850611,1128.113953162,5.7338714612,283.5230029755,4.9375,3.0,-15.1034851144
,2024-10-26T16:15:45.962Z,-25.4252582917,28.3160247952,1127.5998845582,6.0648345961,284.0997940032,4.9375,3.0,-15.2012634348
,2024-10-26T16:15:46.962Z,-25.4252420308,28.3159657866,1127.3961797242,6.1599884047,283.3527122911,4.9375,3.0,-15.2699890207
,2024-10-26T16:15:47.962Z,-25.4252263986,28.3159056045,1127.2166142944,6.4306182876,282.6935225452,4.9375,3.0625,-15.3307800364
,2024-10-26T16:15:48.962Z,-25.4252155021,28.3158410639,1127.0153508666,6.4689178481,281.5234607461,4.9375,3.0625,-15.4020690989
,2024-10-26T16:15:49.962Z,-25.4252055695,28.3157787863,1126.8296819212,6.4442443862,280.9246967269,4.875,3.0625,-15.4787292552
,2024-10-26T16:15:50.962Z,-25.4251904821,28.3157178499,1126.6233830929,6.503143312,283.1769283588,4.9375,3.0625,-15.5262146068
,2024-10-26T16:15:51.962Z,-25.4251749756,28.315657584,1126.6889348508,6.5105896011,284.8303959716,4.875,3.0625,-15.5896911693
,2024-10-26T16:15:52.962Z,-25.4251635343,28.315591367,1126.6122746945,6.71813965,282.2430762188,4.875,3.0625,-15.6319274975
,2024-10-26T16:15:53.962Z,-25.4251512129,28.3155285865,1125.5155339713,6.5454864517,282.1771572442,4.875,3.0625,-15.6477966381
,2024-10-26T16:15:54.962Z,-25.4251453875,28.3154642135,1126.1681218623,6.5277252212,279.6447699702,4.9375,3.0625,-15.6874694897
,2024-10-26T16:15:55.961Z,-25.4251442559,28.3154202923,1125.7465520378,5.5820922864,277.5188830395,4.9375,3.0,-15.7535095288
,2024-10-26T16:15:56.961Z,-25.4251297552,28.3153828252,1126.0438848016,5.0037078869,282.418860151,4.9375,3.0625,-15.8116149975
,2024-10-26T16:15:57.961Z,-25.4251233431,28.3153475374,1125.925873327,4.5250854502,283.0615701533,4.9375,3.0625,-15.8882751538
,2024-10-26T16:15:58.961Z,-25.425120577,28.3152984195,1125.7704778191,5.1543273937,280.8093385214,4.875,3.0625,-15.9543151929
,2024-10-26T16:15:59.961Z,-25.4250972334,28.3152499721,1125.8214421746,5.6426849378,285.6269169146,4.875,3.0625,-15.9622497632
,2024-10-26T16:16:00.961Z,-25.4250834871,28.3151783906,1125.6726994987,6.5195312515,284.3360036621,4.875,3.0625,-15.9622497632
,2024-10-26T16:16:01.961Z,-25.4250688188,28.3151011095,1125.3046575064,7.1948852555,283.2977798123,4.875,3.0625,-15.8776550366
,2024-10-26T16:16:02.961Z,-25.4250527674,28.3150341381,1125.0220647328,7.1313476579,283.3856717784,4.875,3.0625,-15.78524781
,2024-10-26T16:16:03.961Z,-25.4250425415,28.3149590362,1124.8685613148,7.3067474382,281.7981231403,4.875,3.125,-15.78524781
,2024-10-26T16:16:04.961Z,-25.425024269,28.3148808331,1125.0585637563,7.7096099871,282.561684596,4.875,3.125,-15.809051521
,2024-10-26T16:16:06.000Z,-25.4250048229,28.3148051445,1124.5610356799,7.6503143328,284.3030441748,4.875,3.125,-15.8644714429
,2024-10-26T16:16:07.000Z,-25.42499137,28.3147397656,1124.8313909046,7.3136444108,283.2483405813,4.875,3.125,-15.9913024976
,2024-10-26T16:16:08.000Z,-25.4249772046,28.3146734648,1124.2534795274,7.2147064225,282.2650492103,4.875,3.125,-16.1762390212
,2024-10-26T16:16:09.000Z,-25.4249671044,28.3145977762,1124.3229680528,7.328536989,281.8310826276,4.875,3.0625,-16.3348083572
,2024-10-26T16:16:10.000Z,-25.4249559145,28.3145279549,1123.8690495956,7.0586090104,281.5893797207,4.875,3.0625,-16.4325866775
,2024-10-26T16:16:11.000Z,-25.4249485385,28.3144661803,1124.0072942245,6.5510253921,280.3533989471,4.875,3.125,-16.5990905839
,2024-10-26T16:16:12.000Z,-25.4249368038,28.3144178167,1123.3742986188,5.6985931409,281.3311970702,4.875,3.125,-16.7602233964
,2024-10-26T16:16:13.000Z,-25.4249261169,28.314385714,1123.05648856,4.6811523448,284.5117875944,4.875,3.125,-16.9399108965
,2024-10-26T16:16:14.000Z,-25.4249133764,28.314369537,1124.1046147812,3.4997100838,287.8736552986,4.875,3.125,-17.1327819903
,2024-10-26T16:16:15.000Z,-25.4249108618,28.314339865,1122.0218816259,3.0416870124,282.9242389562,4.875,3.125,-17.3230896076
,2024-10-26T16:16:16.000Z,-25.4249135021,28.3143155575,1122.9878545268,2.5870971685,275.1512932021,4.9375,3.0625,-17.6031189046
,2024-10-26T16:16:17.000Z,-25.4249010969,28.3142995481,1123.4684758649,2.2468109136,282.9846646829,5.0,2.875,-17.8461608969
,2024-10-26T16:16:18.000Z,-25.4248951038,28.3142983746,1122.994568394,1.4849395755,291.6365300984,5.0,2.8125,-17.9518737876
,2024-10-26T16:16:19.000Z,-25.424893637,28.314305583,1123.0941472514,0.8139495851,297.0199130235,5.0625,2.8125,-18.0893249595
,2024-10-26T16:16:20.000Z,-25.424894559,28.3143072594,1123.0994267925,0.0,296.6573586633,5.0,2.875,-18.1685485924
,2024-10-26T16:16:21.000Z,-25.424894559,28.3143072594,1123.0994267925,0.0,296.6573586633,5.0,2.9375,-18.1685485924
,2024-10-26T16:16:22.000Z,-25.424894559,28.3143072594,1123.0994267925,0.0,296.6573586633,4.9375,2.9375,-18.0972595299
,2024-10-26T16:16:23.000Z,-25.4248966126,28.3143277113,1123.0212407573,0.1402130127,296.3552300297,4.9375,2.9375,-18.0444030845
,2024-10-26T16:16:24.000Z,-25.4249022285,28.3143304773,1123.356995152,0.3262786865,296.3552300297,5.0,2.875,-17.8753357016
,2024-10-26T16:16:25.000Z,-25.4249035276,28.3143163957,1123.2443852886,1.0992279055,274.2064545662,5.0,2.875,-17.7510681235
,2024-10-26T16:16:26.000Z,-25.4249032762,28.3142938484,1123.6297002302,1.9589538578,276.0302128633,5.0625,2.8125,-17.6480407797
,2024-10-26T16:16:27.000Z,-25.424895942,28.3142555431,1123.9691167343,2.9999389655,281.8695353627,5.0625,2.8125,-17.5555114827
,2024-10-26T16:16:28.000Z,-25.4248803936,28.3142067604,1123.3168035016,3.8847045907,286.9837491416,5.0625,2.8125,-17.4207458577
,2024-10-26T16:16:29.000Z,-25.4248767894,28.3141584806,1123.0393376811,4.2438964853,283.7042801556,5.0625,2.8125,-17.3653259358
,2024-10-26T16:16:30.000Z,-25.4248651385,28.3140951973,1123.1642461284,4.9944610607,283.2483405813,5.0625,2.8125,-17.352142342
,2024-10-26T16:16:30.999Z,-25.4248527752,28.3140454088,1122.9493718608,5.0215454113,284.4623483634,5.0625,2.8125,-17.352142342
,2024-10-26T16:16:31.999Z,-25.4248369753,28.3139913455,1122.5873723489,5.2267303478,285.3083085374,5.0625,2.8125,-17.3891296467
,2024-10-26T16:16:32.999Z,-25.4248283839,28.3139501903,1123.3889165387,4.8978729259,283.9734493018,5.0625,2.8125,-17.5132751546
,2024-10-26T16:16:33.999Z,-25.4248094827,28.3139113821,1122.9023137553,4.8167572032,285.7312886243,5.0,2.875,-17.6665954672
,2024-10-26T16:16:34.999Z,-25.4247969518,28.3138662875,1122.3127446632,4.7726593028,285.2588693064,5.0625,2.75,-17.7564392172
,2024-10-26T16:16:35.999Z,-25.4247959878,28.3138336819,1122.2073064307,4.1523742685,281.2213321126,5.125,2.6875,-17.859466561
,2024-10-26T16:16:36.999Z,-25.4247912521,28.3138002381,1122.017609165,3.746154786,280.3918516823,5.1875,2.5625,-17.8937683188
,2024-10-26T16:16:37.999Z,-25.4247783439,28.3137602564,1122.1887517432,3.83317566,283.2703135728,5.3125,2.4375,-17.949310311
,2024-10-26T16:16:38.999Z,-25.42477277,28.3137237951,1121.3471684909,3.7223358162,282.8363469901,5.3125,2.4375,-18.0047302329
,2024-10-26T16:16:39.999Z,-25.424765813,28.313694207,1122.3805852394,3.4016418464,284.5008010986,5.375,2.375,-18.0655212486
,2024-10-26T16:16:40.999Z,-25.4247672379,28.3136679717,1121.3486943698,2.9510650641,281.951934081,5.5,2.3125,-18.094573983
,2024-10-26T16:16:41.999Z,-25.4247619992,28.3136399761,1121.1564946627,2.8648834235,281.1609063859,5.625,2.3125,-18.1263122643
,2024-10-26T16:16:42.999Z,-25.4247565929,28.3136058618,1121.4555364108,3.1660919196,280.7379262989,5.875,2.25,-18.2425232018
,2024-10-26T16:16:43.999Z,-25.4247443134,28.313570071,1122.2241216163,3.3368988044,284.577706569,5.875,2.25,-18.3693542566
,2024-10-26T16:16:44.999Z,-25.4247314891,28.3135402315,1122.3143926124,3.3739318855,286.917830167,6.0,2.1875,-18.435516366
,2024-10-26T16:16:45.999Z,-25.4247221014,28.3135040216,1121.6280827976,3.4430542,285.8466468299,6.0,2.25,-18.5490417566
,2024-10-26T16:16:46.999Z,-25.4247098638,28.3134659678,1121.0631413911,3.5895996102,286.0498970016,5.875,2.25,-18.7736511317
,2024-10-26T16:16:47.999Z,-25.4247078521,28.3134229686,1121.8257756688,3.7543182381,281.8365758754,5.8125,2.25,-18.8714294521
,2024-10-26T16:16:48.999Z,-25.4247011047,28.3133859206,1122.5088506203,3.8058471688,282.1771572442,5.8125,2.25,-18.9480896084
,2024-10-26T16:16:49.999Z,-25.4246890347,28.313349627,1121.893982456,3.947692872,284.6985580224,6.0,2.25,-18.9692077725
,2024-10-26T16:16:50.999Z,-25.42467642,28.3133169376,1121.5218816257,3.8286132821,285.8686198214,5.9375,2.25,-18.9692077725
,2024-10-26T16:16:51.999Z,-25.4246661102,28.3132851701,1121.6507573582,3.6782379158,285.5445181963,5.875,2.25,-18.9506530849
,2024-10-26T16:16:52.999Z,-25.4246576026,28.313245859,1121.1180425142,3.7629699715,284.154726482,5.9375,2.1875,-18.9506530849
,2024-10-26T16:16:53.999Z,-25.4246455327,28.3132074699,1120.9016728852,3.8951263436,285.3577477683,6.0,2.1875,-18.9560241787
,2024-10-26T16:16:54.999Z,-25.4246422637,28.3131779656,1122.0861211279,3.6063842781,283.0231174181,6.0,2.1875,-19.0193786709
,2024-10-26T16:16:55.999Z,-25.4246383661,28.3131309431,1121.8384404638,4.0015258798,281.6113527122,5.875,2.25,-19.1593933194
,2024-10-26T16:16:56.999Z,-25.4246358516,28.313095823,1121.1231999849,3.8986816415,280.5951018539,5.8125,2.25,-19.1806335538
,2024-10-26T16:16:57.999Z,-25.424624536,28.3130572662,1121.0722966646,3.9700775155,282.0727855344,5.75,2.25,-19.1831970304
,2024-10-26T16:16:58.999Z,-25.4246150645,28.3130166978,1121.0739446138,4.0363464364,282.6440833142,5.75,2.3125,-19.2334899991
,2024-10-26T16:16:59.999Z,-25.4246107478,28.3129788116,1122.4097295265,3.9243469247,279.6282902265,5.6875,2.375,-19.267791757
,2024-10-26T16:17:00.999Z,-25.424603246,28.3129350581,1121.048828647,4.1971588144,280.6170748455,5.6875,2.375,-19.2836608976
,2024-10-26T16:17:01.998Z,-25.4245950317,28.3128939867,1120.4494023772,4.2098083505,281.0785076676,5.75,2.375,-19.3338317961
,2024-10-26T16:17:02.998Z,-25.4245858535,28.3128599562,1121.112122104,3.9546966561,282.468299382,5.6875,2.375,-19.4157409758
,2024-10-26T16:17:03.998Z,-25.4245760048,28.3128244169,1120.5546880217,3.8731994637,283.7866788738,5.625,2.375,-19.4501648039
,2024-10-26T16:17:04.998Z,-25.4245626776,28.3127862793,1121.1220708345,3.9624633798,284.7754634927,5.6875,2.375,-19.4950866789
,2024-10-26T16:17:05.998Z,-25.424555511,28.3127413523,1120.7235417816,4.1850738535,283.5230029755,5.6875,2.375,-19.5822448821
,2024-10-26T16:17:06.998Z,-25.4245501885,28.3127001971,1120.2781987638,4.2541809091,281.6278324559,5.6875,2.375,-19.6852722259
,2024-10-26T16:17:07.998Z,-25.4245399207,28.3126640711,1120.8677983735,4.0364685067,282.3804074158,5.625,2.3125,-19.7487487884
,2024-10-26T16:17:08.998Z,-25.4245397531,28.3126271069,1121.0613103364,3.734725953,280.265506981,5.75,2.3125,-19.8279724213
,2024-10-26T16:17:09.998Z,-25.4245316645,28.3125948366,1120.698914096,3.5722808846,281.622339208,5.8125,2.25,-19.8913269135
,2024-10-26T16:17:10.998Z,-25.4245267611,28.3125630692,1120.3836675139,3.4380950935,281.3257038223,6.0625,2.1875,-19.8913269135
,2024-10-26T16:17:11.998Z,-25.4245196784,28.3125318885,1120.5608830901,3.3540191658,283.12199588,6.25,2.125,-19.8808288666
,2024-10-26T16:17:12.998Z,-25.4245171638,28.3125113528,1120.4096684904,2.9922485358,281.0894941634,6.3125,2.0625,-19.8808288666
,2024-10-26T16:17:13.998Z,-25.4245162837,28.3124895599,1120.7147832367,2.8236236578,279.7051956969,6.1875,2.125,-19.9389343354
,2024-10-26T16:17:14.998Z,-25.4245099973,28.3124531824,1119.5976567713,3.257354737,280.9356832227,6.25,2.0625,-20.0181579683
,2024-10-26T16:17:15.998Z,-25.4245004419,28.3124183137,1119.8041692226,3.5125885017,282.8143739986,6.625,2.0,-20.0657653902
,2024-10-26T16:17:16.998Z,-25.4244881205,28.3123785835,1119.6468205897,3.8167266854,284.9292744335,6.9375,1.9375,-20.2665710543
,2024-10-26T16:17:17.998Z,-25.4244750867,28.3123373445,1119.6760869471,3.9785461435,286.9727626459,7.1875,1.9375,-20.4568786716
,2024-10-26T16:17:18.998Z,-25.4244668724,28.3122994583,1120.1412663907,3.9705352792,286.4728770885,7.25,1.875,-20.5387878513
,2024-10-26T16:17:19.998Z,-25.4244677106,28.3122525197,1120.0356755703,4.1916351328,281.7816433966,7.3125,1.9375,-20.5916442966
,2024-10-26T16:17:20.998Z,-25.4244639387,28.3122109454,1120.0954289883,4.2454681406,280.825818265,7.375,2.0,-20.7131042576
,2024-10-26T16:17:21.998Z,-25.4244551796,28.3121796809,1120.494263217,3.9342193612,283.5120164797,7.625,1.9375,-20.7131042576
,2024-10-26T16:17:22.998Z,-25.4244545929,28.3121448122,1120.5849309417,3.9337158212,280.9082169832,7.5625,1.875,-20.721038828
,2024-10-26T16:17:23.998Z,-25.4244572751,28.3121017292,1120.5238042327,4.1194610605,277.7550926985,7.6875,1.6875,-20.7262878514
,2024-10-26T16:17:24.998Z,-25.4244444508,28.3120712191,1120.4949346038,3.9401092538,281.4905012588,7.875,1.625,-20.7607116795
,2024-10-26T16:17:25.998Z,-25.4244264297,28.3120325785,1119.7509465663,4.1068725595,285.7587548638,7.9375,1.6875,-20.7845153905
,2024-10-26T16:17:26.998Z,-25.4244238313,28.3119910881,1119.3524785485,4.2443389902,282.9407186999,7.9375,1.75,-20.8769226171
,2024-10-26T16:17:27.998Z,-25.4244157009,28.3119442333,1119.3805242028,4.3938293467,283.2813000686,8.0625,1.75,-20.9192810156
,2024-10-26T16:17:28.998Z,-25.4244036729,28.3119038325,1118.2926335773,4.2898712168,284.3030441748,8.0,1.6875,-21.0011901953
,2024-10-26T16:17:30.001Z,-25.4244002363,28.31186888,1118.3834233723,3.9580841073,281.0565346761,7.9375,1.6875,-21.1094665625
,2024-10-26T16:17:31.001Z,-25.4243967997,28.3118345142,1118.5413213216,3.769805909,279.7985809109,8.0625,1.75,-21.2759704688
,2024-10-26T16:17:32.001Z,-25.4243947461,28.3118000645,1119.2805180993,3.6965484627,278.7273975738,8.125,1.6875,-21.3975525001
,2024-10-26T16:17:33.001Z,-25.4243872024,28.3117675428,1118.4220891438,3.7657623299,279.1448844129,7.9375,1.75,-21.4952087502
,2024-10-26T16:17:34.001Z,-25.4243766831,28.3117281478,1118.3573613606,4.1285247812,279.9743648432,7.9375,1.8125,-21.6405944924
,2024-10-26T16:17:35.001Z,-25.4243613862,28.3116786946,1118.64907889,4.633972169,281.386129549,7.9375,1.8125,-21.7251892191
,2024-10-26T16:17:36.000Z,-25.4243599612,28.3116283193,1118.9053044761,4.7140655528,279.5458915083,8.125,1.8125,-21.8175964457
,2024-10-26T16:17:37.001Z,-25.4243541358,28.3115831409,1118.4759221516,4.7274475108,279.4634927901,8.375,1.75,-21.8731384379
,2024-10-26T16:17:38.001Z,-25.424339677,28.3115433268,1118.5822148763,4.7203826915,281.528953994,8.3125,1.6875,-21.9497985942
,2024-10-26T16:17:39.001Z,-25.4243226199,28.3114947118,1117.7597051103,4.8172149669,283.781185626,8.4375,1.6875,-22.0131530864
,2024-10-26T16:17:40.001Z,-25.4243154114,28.311449701,1117.7205510575,4.7341766368,283.3142595559,8.3125,1.8125,-22.118865977
,2024-10-26T16:17:41.001Z,-25.4243072391,28.311401505,1117.8083501298,4.8917846691,282.8693064774,8.3125,1.875,-22.2588806255
,2024-10-26T16:17:42.001Z,-25.4242957559,28.3113592603,1117.9914555987,4.7998046886,283.1989013504,8.3125,1.8125,-22.3857116803
,2024-10-26T16:17:43.001Z,-25.4242823867,28.3113205359,1117.493439241,4.6339569102,285.0226596475,8.5,1.6875,-22.5522155866
,2024-10-26T16:17:44.001Z,-25.4242703587,28.3112795484,1117.4256597,4.5222015391,286.0004577706,8.625,1.625,-22.7160339461
,2024-10-26T16:17:45.001Z,-25.4242592527,28.3112368006,1117.3381047683,4.5348815928,286.1322957198,8.6875,1.625,-22.8376159774
,2024-10-26T16:17:46.001Z,-25.4242589174,28.3111895267,1117.6437383134,4.5859222422,282.0233463035,8.8125,1.5,-22.9722595321
,2024-10-26T16:17:47.001Z,-25.4242486496,28.3111469466,1117.3842473464,4.6408386241,281.5564202334,8.875,1.4375,-23.1070251572
,2024-10-26T16:17:48.001Z,-25.424245674,28.3111024387,1116.9699712232,4.5436553965,280.7544060425,8.5,1.4375,-23.2233581651
,2024-10-26T16:17:49.001Z,-25.4242242582,28.3110659775,1117.0257878736,4.4287567148,284.1382467383,8.3125,1.375,-23.3633728136
,2024-10-26T16:17:50.001Z,-25.4242223723,28.3110193741,1116.9803777174,4.4449768076,282.6495765621,8.0625,1.375,-23.4479675402
,2024-10-26T16:17:51.001Z,-25.4242058599,28.3109682445,1116.3327947092,4.7750854503,284.0338750286,7.8125,1.5625,-23.5589294543
,2024-10-26T16:17:52.001Z,-25.4241903953,28.310927257,1116.9060979322,4.7427368175,283.8471046005,7.375,1.75,-23.6778259387
,2024-10-26T16:17:53.001Z,-25.4241810914,28.3108769655,1114.8471990054,4.9665069591,282.7649347676,6.9375,1.9375,-23.8046569935
,2024-10-26T16:17:54.001Z,-25.4241724161,28.3108358942,1116.6989140942,4.667968751,283.0395971618,6.75,2.0,-24.0372009389
,2024-10-26T16:17:55.001Z,-25.4241662554,28.3107867763,1115.0215764469,4.8233947765,282.4353398947,6.5,2.0625,-24.2406921499
,2024-10-26T16:17:56.001Z,-25.4241538083,28.3107400891,1115.1665349431,4.8456420909,283.0066376745,6.3125,2.125,-24.4256286734
,2024-10-26T16:17:57.001Z,-25.4241464322,28.3106930666,1115.5008855292,4.8353424083,282.9132524605,6.375,2.0625,-24.6739196892
,2024-10-26T16:17:58.001Z,-25.4241385952,28.310648894,1115.2599187322,4.7772521983,282.1661707484,6.375,2.0625,-24.8880310174
,2024-10-26T16:17:59.001Z,-25.4241322249,28.3106032964,1115.8461308907,4.7074432384,282.2430762188,6.3125,2.125,-25.0597839472
,2024-10-26T16:18:00.001Z,-25.4241220828,28.3105509933,1115.0770879215,5.0696411144,282.1551842526,6.25,2.125,-25.1866150019
,2024-10-26T16:18:01.001Z,-25.424112737,28.3105087485,1115.1351933903,4.7959899913,282.232089723,6.3125,2.0625,-25.3504333614
,2024-10-26T16:18:02.001Z,-25.4241045646,28.3104653303,1115.3908391424,4.6299438487,281.995880064,6.375,2.0625,-25.4851989864
,2024-10-26T16:18:03.001Z,-25.424089561,28.3104122728,1115.0292668766,4.7815551768,283.0341039139,6.1875,2.0625,-25.5988464474
,2024-10-26T16:18:04.001Z,-25.4240773654,28.3103639093,1115.1039433903,4.7942962657,283.3252460517,6.0625,2.125,-25.7071228147
,2024-10-26T16:18:05.000Z,-25.4240694026,28.3103146237,1114.7237859194,4.8544464122,282.841840238,6.0,2.125,-25.8418884397
,2024-10-26T16:18:06.000Z,-25.4240567459,28.3102724627,1114.6456304018,4.7085266124,283.3527122911,6.0,2.125,-25.9977722289
,2024-10-26T16:18:07.000Z,-25.4240466457,28.3102289606,1114.2551579895,4.6076507579,283.7262531471,6.0625,2.0625,-26.1139831664
,2024-10-26T16:18:08.000Z,-25.4240357492,28.3101822734,1114.5913701479,4.5941314707,283.7866788738,6.0,2.125,-26.2646179321
,2024-10-26T16:18:09.000Z,-25.4240248527,28.3101306409,1114.5124822084,4.6619567881,283.5944151979,5.9375,2.1875,-26.3888855103
,2024-10-26T16:18:10.000Z,-25.4240154231,28.3100757394,1114.106171173,4.7861785899,283.3142595559,5.875,2.25,-26.4892273072
,2024-10-26T16:18:11.000Z,-25.4240054486,28.3100244422,1113.9015813292,4.7487792979,283.2977798123,5.875,2.25,-26.592254651
,2024-10-26T16:18:12.000Z,-25.4239956837,28.3099759948,1113.8323064268,4.7688751231,283.0231174181,5.8125,2.25,-26.7614441042
,2024-10-26T16:18:13.000Z,-25.4239806382,28.309924027,1113.7416387022,4.8982086193,283.5779354543,5.875,2.25,-26.9305114871
,2024-10-26T16:18:14.000Z,-25.4239728011,28.3098685388,1113.2384953914,5.0332489025,283.2758068207,5.8125,2.25,-27.1101989872
,2024-10-26T16:18:15.000Z,-25.4239656346,28.3098175768,1113.1369939265,4.9790039074,282.9462119478,5.8125,2.25,-27.3691101201
,2024-10-26T16:18:16.000Z,-25.4239557859,28.3097698838,1112.6848454888,4.8252716075,282.9242389562,5.75,2.3125,-27.6227722296
,2024-10-26T16:18:17.000Z,-25.4239489965,28.3097247053,1112.4756780082,4.6540679942,282.5836575875,5.6875,2.3125,-27.8235778938
,2024-10-26T16:18:18.000Z,-25.4239392735,28.3096781858,1112.0497441701,4.6427917491,282.9736781872,5.625,2.375,-28.0667419564
,2024-10-26T16:18:19.000Z,-25.4239284609,28.3096320015,1112.0460820608,4.6768798839,283.1274891279,5.625,2.375,-28.3309021128
,2024-10-26T16:18:20.000Z,-25.4239169776,28.3095847275,1111.7339482715,4.7760314952,282.9956511787,5.6875,2.3125,-28.4974060191
,2024-10-26T16:18:21.000Z,-25.4239067936,28.3095341847,1111.4711614062,4.9574890148,282.7814145113,5.6875,2.3125,-28.6294860973
,2024-10-26T16:18:22.000Z,-25.4238938017,28.3094883356,1111.0471501755,4.9379119884,282.8308537422,5.75,2.25,-28.8118591442
,2024-10-26T16:18:23.000Z,-25.4238859646,28.3094436601,1110.9313054489,4.7239074718,282.3144884412,5.875,2.1875,-28.938690199
,2024-10-26T16:18:24.000Z,-25.4238817317,28.3093989846,1110.7930913375,4.5504760752,281.6443121995,6.0,2.1875,-29.097259535
,2024-10-26T16:18:25.000Z,-25.4238750681,28.3093597573,1110.3880620405,4.3556671152,282.7759212634,6.1875,2.125,-29.2663269179
,2024-10-26T16:18:26.000Z,-25.4238608189,28.30932514,1109.875275175,4.0815734872,286.0498970016,6.3125,2.0625,-29.4407653945
,2024-10-26T16:18:27.000Z,-25.4238461506,28.3092845716,1110.2560429974,3.9676666269,285.7367818722,6.1875,2.125,-29.604583754
,2024-10-26T16:18:28.000Z,-25.4238368047,28.3092419077,1110.0446782512,3.9566040048,281.6388189517,6.25,2.125,-29.8079528947
,2024-10-26T16:18:29.000Z,-25.4238341644,28.309201004,1110.0619512005,4.2826080332,279.8699931334,6.1875,2.125,-30.0061950823
,2024-10-26T16:18:30.000Z,-25.4238300992,28.3091559094,1109.9244389934,4.5950775157,279.979858091,6.1875,2.125,-30.2122497699
,2024-10-26T16:18:31.000Z,-25.4238194542,28.3091124911,1109.92019705,4.5610198985,280.7049668116,6.3125,2.125,-30.3892517231
,2024-10-26T16:18:32.000Z,-25.4238027323,28.3090771195,1109.6593633096,4.3854522715,282.8912794689,6.625,2.0,-30.5028991841
,2024-10-26T16:18:33.000Z,-25.4237933865,28.3090365511,1109.589966337,4.2973327646,283.1934081025,6.875,1.9375,-30.6746521138
,2024-10-26T16:18:34.000Z,-25.4237858428,28.3089938872,1109.4904790322,4.2737579355,283.1384756237,7.125,1.8125,-30.8359069967
,2024-10-26T16:18:35.000Z,-25.4237793468,28.3089432605,1109.2489018837,4.4956207285,283.2373540856,7.125,1.8125,-30.9970398093
,2024-10-26T16:18:35.999Z,-25.4237679474,28.3089058772,1109.0389104285,4.19444275,284.5392538338,7.125,1.8125,-31.2718200829
,2024-10-26T16:18:36.999Z,-25.4237599008,28.3088668175,1108.7037358678,3.9198913583,284.1107804989,7.0625,1.875,-31.4383239892
,2024-10-26T16:18:37.999Z,-25.4237522732,28.3088301048,1108.6042485631,3.8445739755,283.3362325474,7.125,1.8125,-31.7765808253
,2024-10-26T16:18:38.999Z,-25.4237451067,28.3087909613,1108.3690801059,3.5771331795,283.5999084458,7.0,1.875,-32.0196228176
,2024-10-26T16:18:39.999Z,-25.4237441009,28.308756344,1108.0887151156,3.2189636237,282.8473334859,6.9375,1.9375,-32.2996521146
,2024-10-26T16:18:40.999Z,-25.4237413768,28.3087212239,1107.9968266878,3.0536651618,282.7100022888,6.875,1.9375,-32.5375671538
,2024-10-26T16:18:41.999Z,-25.4237304803,28.3086872772,1107.5476689727,2.9098815924,285.2478828107,6.8125,1.9375,-32.7463073882
,2024-10-26T16:18:42.999Z,-25.4237258703,28.3086532466,1107.3797917754,2.768630982,286.3355458915,6.6875,1.9375,-32.9021911774
,2024-10-26T16:18:43.999Z,-25.4237141356,28.3086167854,1107.0328069119,2.6842803961,288.417486839,6.6875,1.9375,-33.0898132478
,2024-10-26T16:18:44.999Z,-25.4237066757,28.3085852694,1107.258575955,2.4622344976,288.1153582055,6.75,1.9375,-33.2641296541
,2024-10-26T16:18:45.999Z,-25.4236974137,28.3085521609,1106.5827947047,2.4634857183,287.2639047837,6.875,1.875,-33.3750915682
,2024-10-26T16:18:46.999Z,-25.4236891156,28.3085144423,1106.4180913355,2.5875244146,286.5552758068,6.875,1.875,-33.6314392246
,2024-10-26T16:18:47.999Z,-25.4236823682,28.3084754665,1106.2686162378,2.3565063482,285.187457084,6.8125,1.875,-33.819061295
,2024-10-26T16:18:48.999Z,-25.4236858467,28.3084434476,1106.2699590112,1.7149200443,281.4135957885,6.6875,1.875,-34.0171814123
,2024-10-26T16:18:49.999Z,-25.4236830387,28.3084250074,1106.0213628197,1.4134368899,279.7711146715,6.5625,1.875,-34.2762146155
,2024-10-26T16:18:50.999Z,-25.4236786801,28.308411764,1105.7938237571,1.2904968264,279.7381551842,6.6875,1.875,-34.5060730141
,2024-10-26T16:18:51.999Z,-25.4236743215,28.3083909769,1105.6815495871,1.3115692141,279.7381551842,6.75,1.875,-34.6778259438
,2024-10-26T16:18:52.999Z,-25.4236721003,28.3083715309,1105.7577824973,1.4302978518,279.7381551842,6.8125,1.875,-34.7729187173
,2024-10-26T16:18:53.999Z,-25.4236669874,28.3083519172,1105.6131902121,1.6740264896,279.7381551842,6.8125,1.875,-34.9843444987
,2024-10-26T16:18:54.999Z,-25.4236579768,28.3083241731,1105.3896794698,2.292572022,287.2419317921,6.8125,1.875,-35.0767517253
,2024-10-26T16:18:55.999Z,-25.4236487567,28.3082995303,1105.535645046,2.2944946294,294.5699244678,7.0,1.8125,-35.1877136394
,2024-10-26T16:18:56.999Z,-25.4236349266,28.3082786594,1105.2438054463,2.2442626958,300.184023804,7.125,1.8125,-35.2961120769
,2024-10-26T16:18:57.999Z,-25.4236186238,28.3082579561,1105.2463078877,2.2413635259,302.2824444953,6.9375,1.8125,-35.5101013348
,2024-10-26T16:18:58.999Z,-25.4236007703,28.3082396835,1105.3367619893,2.2259063725,304.6775005722,6.75,1.8125,-35.6554870771
,2024-10-26T16:18:59.999Z,-25.4235827073,28.3082298767,1105.3048711201,2.0944824223,308.5502403295,6.5,1.8125,-35.7875671553
,2024-10-26T16:19:00.999Z,-25.4235721461,28.3082049825,1104.7790532488,2.0417785649,305.5344472419,6.1875,1.875,-35.8853454756
,2024-10-26T16:19:01.999Z,-25.4235693382,28.3081826866,1104.9183965106,2.0184173588,296.1190203707,6.0,1.9375,-36.0174255538
,2024-10-26T16:19:02.999Z,-25.4235690868,28.3081593011,1104.9634099383,2.0484771733,284.2810711833,6.0,2.0,-36.0914001632
,2024-10-26T16:19:03.999Z,-25.423569883,28.3081313055,1104.5298161881,2.3072357183,276.0631723506,6.0625,2.0,-36.1548767258
,2024-10-26T16:19:04.999Z,-25.423568039,28.30810331,1103.8903203382,2.4519195562,274.0416571297,6.125,2.0,-36.263153093
,2024-10-26T16:19:05.999Z,-25.4235704698,28.3080721293,1103.5144658458,2.6139526373,272.7672236209,6.1875,2.0,-36.5195007494
,2024-10-26T16:19:06.998Z,-25.4235709308,28.3080458101,1103.1860051523,2.6241455084,272.1464866102,6.3125,2.0,-36.7915954761
,2024-10-26T16:19:07.998Z,-25.4235701764,28.3080116958,1103.0155034433,2.7249908453,273.6131837949,6.3125,2.0,-37.1509704762
,2024-10-26T16:19:08.998Z,-25.4235729424,28.307973139,1102.8280949959,2.9794769294,274.6788738841,6.3125,2.0,-37.4733581717
,2024-10-26T16:19:09.998Z,-25.4235685,28.3079381865,1102.6884465584,3.2656097419,277.6617074845,6.25,2.0,-37.7746277031
,2024-10-26T16:19:10.998Z,-25.4235607887,28.3078976181,1102.6362004646,3.4729919441,279.8480201419,6.3125,2.0625,-38.1048278986
,2024-10-26T16:19:11.998Z,-25.4235537479,28.3078553733,1102.4071355231,3.6216888436,280.7818722819,6.3125,2.0625,-38.2026062189
,2024-10-26T16:19:12.998Z,-25.4235406302,28.3078222648,1102.5140385993,3.6705627449,282.3859006637,6.1875,2.0625,-38.3611755549
,2024-10-26T16:19:13.998Z,-25.4235391634,28.3077822831,1102.2078862554,3.7980651864,281.7706569008,6.1875,2.0625,-38.4589538753
,2024-10-26T16:19:14.998Z,-25.4235302785,28.3077480849,1102.0942998296,3.7691497811,282.8583199816,6.1875,2.0625,-38.5830993832
,2024-10-26T16:19:15.998Z,-25.4235205974,28.3077082709,1101.8139958744,3.7945251473,283.0176241702,6.25,2.0625,-38.7311706723
,2024-10-26T16:19:16.998Z,-25.4235137243,28.3076767549,1101.6203008059,3.4880828865,282.7649347676,6.25,2.0625,-38.958343524
,2024-10-26T16:19:17.998Z,-25.4235090723,28.3076474183,1101.5841374758,3.2458190925,282.5342183566,6.125,2.0625,-39.1988220397
,2024-10-26T16:19:18.998Z,-25.4235048395,28.3076185007,1101.1968694092,3.1006469733,282.9571984435,6.0625,2.0625,-39.4393005554
,2024-10-26T16:19:19.998Z,-25.4235007323,28.3075949475,1101.1462712647,2.8824768073,283.5614557106,6.0625,2.0625,-39.7431335634
,2024-10-26T16:19:20.998Z,-25.4234949907,28.3075703886,1100.9869084716,2.719589234,284.154726482,6.1875,2.0,-40.0020446963
,2024-10-26T16:19:21.998Z,-25.4234876566,28.3075437341,1100.9484563232,2.6921539312,285.0281528953,6.3125,1.9375,-40.2266540714
,2024-10-26T16:19:22.998Z,-25.4234812863,28.3075221926,1100.857605493,2.560440064,285.6159304188,6.5625,1.875,-40.4169616887
,2024-10-26T16:19:23.998Z,-25.4234780593,28.3074966278,1100.6931157469,2.4897460943,285.0995651178,6.6875,1.8125,-40.5966491888
,2024-10-26T16:19:24.998Z,-25.4234736169,28.3074684646,1100.9851994872,2.6739501959,284.6436255436,6.625,1.875,-40.704925556
,2024-10-26T16:19:25.998Z,-25.4234708089,28.3074414749,1100.7571111082,2.9200744635,284.0064087891,6.75,1.875,-40.8265075873
,2024-10-26T16:19:26.998Z,-25.4234639777,28.3074169159,1100.4984441159,3.0419769294,284.1272602426,6.6875,1.9375,-40.984954853
,2024-10-26T16:19:27.998Z,-25.4234583199,28.307390932,1100.4698186276,3.0115661628,283.6987869077,6.75,1.9375,-41.1303405953
,2024-10-26T16:19:28.998Z,-25.4234449089,28.3073698934,1100.5989995359,2.9377288825,284.4293888761,6.75,1.8125,-41.2544861031
,2024-10-26T16:19:29.998Z,-25.4234394606,28.3073445801,1100.5014958737,3.0705261237,283.4076447699,6.8125,1.75,-41.3998718454
,2024-10-26T16:19:30.998Z,-25.4234358145,28.3073161654,1100.4382024167,3.2430572517,282.3913939116,6.875,1.6875,-41.5319519236
,2024-10-26T16:19:31.998Z,-25.4234263429,28.3072830569,1100.3365178463,3.4139862068,282.2925154497,7.0625,1.5625,-41.6535339549
,2024-10-26T16:19:32.998Z,-25.4234187573,28.3072510381,1100.0606694575,3.2479705818,282.5067521171,7.125,1.5,-41.7803650096
,2024-10-26T16:19:33.998Z,-25.4234117165,28.3072324302,1100.1024175044,3.0259857184,282.7539482719,7.125,1.4375,-41.8940124706
,2024-10-26T16:19:35.001Z,-25.4234104592,28.3072100505,1100.1080327388,2.9147949225,281.8310826276,7.3125,1.3125,-41.9838562207
,2024-10-26T16:19:36.001Z,-25.4234098725,28.3071967233,1100.0777593013,2.7337799078,281.3257038223,7.3125,1.375,-42.0657654004
,2024-10-26T16:19:37.001Z,-25.4234071065,28.3071768582,1100.0097966548,2.7131347662,282.6495765621,7.25,1.375,-42.1423034864
,2024-10-26T16:19:38.001Z,-25.4233983055,28.3071569093,1099.7846684808,2.6325683599,286.8848706797,7.3125,1.4375,-42.1423034864
,2024-10-26T16:19:39.001Z,-25.4233860679,28.3071450908,1099.7599492425,2.73803711,291.8178072785,7.375,1.375,-42.1159362989
,2024-10-26T16:19:40.001Z,-25.423372573,28.3071305063,1099.549408471,2.7589263922,293.1636530098,7.25,1.375,-42.1159362989
,2024-10-26T16:19:41.001Z,-25.4233690526,28.3071165085,1099.3415227287,2.7033538824,286.077363241,7.3125,1.3125,-42.1635437208
,2024-10-26T16:19:42.001Z,-25.4233729083,28.3070955537,1099.317627465,2.6900177008,277.403524834,7.3125,1.3125,-42.2057800489
,2024-10-26T16:19:43.001Z,-25.4233758839,28.3070723359,1099.145599877,2.4852752691,268.7956054016,7.3125,1.375,-42.2348327833
,2024-10-26T16:19:44.001Z,-25.4233810388,28.3070698213,1099.0617375723,1.4148712161,257.6607919432,7.1875,1.4375,-42.3802185255
,2024-10-26T16:19:45.001Z,-25.4233859841,28.3070668876,1099.0895696036,0.7307586671,257.6607919432,7.125,1.5625,-42.4805603225
,2024-10-26T16:19:46.001Z,-25.4233842239,28.3070690669,1099.0262761465,0.6787719728,257.6607919432,7.125,1.5625,-42.5704040725
,2024-10-26T16:19:47.001Z,-25.4233811226,28.3070766106,1098.9496159902,0.5962982179,257.6607919432,7.1875,1.5625,-42.58895876
,2024-10-26T16:19:48.001Z,-25.4233802425,28.3070789576,1098.9446721425,0.3376159668,257.6607919432,7.0625,1.6875,-42.7500915726
,2024-10-26T16:19:49.001Z,-25.4233809549,28.3070849087,1098.9729619375,0.3013000488,257.6607919432,6.875,1.75,-42.824066182
,2024-10-26T16:19:50.001Z,-25.4233801167,28.3070963081,1099.0804143301,0.3517608643,257.6607919432,6.6875,1.8125,-42.8531189164
,2024-10-26T16:19:51.001Z,-25.4233775184,28.3071131557,1099.0338750234,0.2224578857,257.6607919432,6.5625,1.875,-42.892791768
,2024-10-26T16:19:52.001Z,-25.4233717348,28.3071258962,1098.9838872305,0.1684265137,257.6607919432,6.4375,1.9375,-42.9218445024
,2024-10-26T16:19:53.001Z,-25.4233635625,28.3071372956,1099.1361394278,0.1981811523,257.6607919432,6.25,2.0625,-42.9218445024
,2024-10-26T16:19:54.001Z,-25.4233542167,28.3071427439,1099.3377080314,0.0482940673,257.6607919432,6.125,2.125,-42.8610534867
,2024-10-26T16:19:55.001Z,-25.4233483912,28.3071465995,1099.0844121328,0.1009216308,257.6607919432,6.0625,2.125,-42.7843933304
,2024-10-26T16:19:56.001Z,-25.4233455414,28.3071480245,1099.3995976799,0.0818023681,257.6607919432,6.25,2.0625,-42.7262878616
,2024-10-26T16:19:57.001Z,-25.4233433621,28.3071483597,1099.3190312736,0.0950622558,257.6607919432,6.375,2.0,-42.6073913772
,2024-10-26T16:19:58.001Z,-25.423346631,28.3071476054,1099.2571111075,0.1553192139,257.6607919432,6.25,2.0625,-42.5915222366
,2024-10-26T16:19:59.001Z,-25.4233484332,28.3071460966,1099.2176213614,0.1423797607,257.6607919432,6.1875,2.125,-42.5915222366
,2024-10-26T16:20:00.001Z,-25.4233576532,28.3071501199,1099.2334905021,0.4706573487,257.6607919432,6.1875,2.125,-42.6496277054
,2024-10-26T16:20:01.000Z,-25.4233664962,28.3071550653,1099.2291875235,0.7162017823,257.6607919432,6.1875,2.125,-42.6945495804
,2024-10-26T16:20:02.000Z,-25.4233830923,28.3071647883,1099.3359074943,0.5731811524,257.6607919432,6.25,2.0625,-42.7818298539
,2024-10-26T16:20:03.000Z,-25.4233926896,28.3071748466,1099.5191960686,0.5227355958,257.6607919432,6.3125,2.0,-42.7818298539
,2024-10-26T16:20:04.000Z,-25.4233991437,28.3071891796,1099.3916631096,0.4808502198,257.6607919432,6.3125,2.0,-42.7607116898
,2024-10-26T16:20:05.000Z,-25.4233989341,28.3072045185,1099.4393926018,0.503768921,257.6607919432,6.25,2.0625,-42.7024841507
,2024-10-26T16:20:06.000Z,-25.4234027479,28.3072255571,1099.5999455804,0.5024566651,257.6607919432,6.3125,2.0,-42.6259460647
,2024-10-26T16:20:07.000Z,-25.4234057235,28.3072437458,1099.6613774651,0.5287322999,257.6607919432,6.375,2.0,-42.544036885
,2024-10-26T16:20:08.000Z,-25.4234076513,28.3072585818,1099.6478886956,0.547531128,257.6607919432,6.3125,2.0,-42.4567566115
,2024-10-26T16:20:09.000Z,-25.4234128481,28.3072819673,1099.9236455317,0.6298217774,257.6607919432,6.375,1.9375,-42.3775329787
,2024-10-26T16:20:10.000Z,-25.4234193441,28.3073064424,1099.9607854243,0.7028503419,257.6607919432,6.375,1.875,-42.271820088
,2024-10-26T16:20:11.000Z,-25.4234261334,28.3073330131,1099.9378667231,0.7409057618,257.6607919432,6.5,1.8125,-42.1449890332
,2024-10-26T16:20:12.000Z,-25.423433258,28.3073544707,1099.9893193598,0.6991424562,257.6607919432,6.5,1.8125,-42.0419616894
,2024-10-26T16:20:13.000Z,-25.4234382872,28.3073824663,1100.1627507564,0.697998047,257.6607919432,6.375,1.875,-41.9573669628
,2024-10-26T16:20:14.000Z,-25.4234445736,28.307403002,1100.2265630123,0.6770019532,257.6607919432,6.125,1.9375,-41.8570251659
,2024-10-26T16:20:15.000Z,-25.4234516144,28.3074275609,1100.3035283444,0.6440887452,257.6607919432,6.0625,1.875,-41.8357849315
,2024-10-26T16:20:16.000Z,-25.4234628461,28.307451617,1100.3207097408,0.6040344239,257.6607919432,6.125,1.875,-41.8252868847
,2024-10-26T16:20:17.000Z,-25.4234703479,28.307475254,1100.7142644285,0.570175171,257.6607919432,6.0625,1.875,-41.7962341503
,2024-10-26T16:20:18.000Z,-25.4234745808,28.3075018246,1100.6090703367,0.6062164308,257.6607919432,6.0625,1.875,-41.7830505565
,2024-10-26T16:20:19.000Z,-25.4234782269,28.3075273894,1100.6975407957,0.6371765138,257.6607919432,5.9375,2.0,-41.7327575877
,2024-10-26T16:20:20.000Z,-25.4234852258,28.3075501044,1101.0684209228,0.6611480714,257.6607919432,5.8125,2.0625,-41.5848083689
,2024-10-26T16:20:21.000Z,-25.4234904226,28.3075760883,1101.2536931397,0.6555023194,257.6607919432,5.625,2.125,-41.3971862985
,2024-10-26T16:20:22.000Z,-25.4234985949,28.3076042515,1101.5113530519,0.6602783204,257.6607919432,5.5625,2.125,-41.1514587593
,2024-10-26T16:20:23.000Z,-25.4235066416,28.3076272179,1101.8226628665,0.6854705812,257.6607919432,5.4375,2.125,-40.8977966499
,2024-10-26T16:20:24.000Z,-25.4235149816,28.3076570574,1101.9016728763,0.7103881837,257.6607919432,5.3125,2.25,-40.6230163763
,2024-10-26T16:20:25.000Z,-25.423522651,28.307692932,1101.9719243412,0.7960357667,257.6607919432,5.25,2.4375,-40.3507995793
,2024-10-26T16:20:26.000Z,-25.423526842,28.3077213466,1102.1476750737,0.8170928956,257.6607919432,5.1875,2.5,-40.1183777042
,2024-10-26T16:20:27.000Z,-25.4235331284,28.3077553772,1102.2434697515,0.8548736574,257.6607919432,5.1875,2.5,-39.8990173525
,2024-10-26T16:20:28.000Z,-25.4235413846,28.3077946883,1102.3736882574,0.8988189699,257.6607919432,5.1875,2.5,-39.6955261415
,2024-10-26T16:20:29.000Z,-25.4235494312,28.3078210913,1102.5628972419,0.8963928224,257.6607919432,5.1875,2.5625,-39.531707782
,2024-10-26T16:20:30.000Z,-25.4235588608,28.3078609891,1102.5903935798,0.8861236574,257.6607919432,5.1875,2.5625,-39.3943786804
,2024-10-26T16:20:31.000Z,-25.4235669075,28.3079010546,1102.8340459237,0.9405059816,257.6607919432,5.1875,2.5625,-39.1882019225
,2024-10-26T16:20:32.000Z,-25.4235748703,28.3079368454,1103.1463628183,0.9423065187,257.6607919432,5.1875,2.5625,-38.9530945005
,2024-10-26T16:20:32.999Z,-25.4235827493,28.3079798445,1103.1279912363,0.9744415285,257.6607919432,5.1875,2.5625,-38.7126159848
,2024-10-26T16:20:33.999Z,-25.4235899996,28.3080230952,1103.4290471446,0.9559020998,257.6607919432,5.25,2.5,-38.451019305
,2024-10-26T16:20:34.999Z,-25.4235881556,28.3080608137,1103.6313786877,0.9333648683,257.6607919432,5.1875,2.5,-38.1340027033
,2024-10-26T16:20:35.999Z,-25.4235819111,28.308106998,1103.8368535413,0.7666320802,257.6607919432,5.1875,2.625,-37.8776550469
,2024-10-26T16:20:36.999Z,-25.4235737806,28.308138011,1104.0177617445,0.6580505372,257.6607919432,5.125,2.625,-37.6451111015
,2024-10-26T16:20:37.999Z,-25.4235684162,28.3081661742,1104.2396855727,0.5972442628,257.6607919432,5.125,2.6875,-37.4205017264
,2024-10-26T16:20:38.999Z,-25.4235687515,28.3081893921,1104.3186345474,0.7050323487,257.6607919432,5.125,2.6875,-37.1007995778
,2024-10-26T16:20:39.999Z,-25.423576379,28.3082108498,1104.2810674087,0.8531951906,257.6607919432,5.125,2.6875,-36.7890319995
,2024-10-26T16:20:40.999Z,-25.4235933524,28.3082375881,1104.2877507583,1.0652008059,257.6607919432,5.125,2.625,-36.5247497728
,2024-10-26T16:20:41.999Z,-25.4236156482,28.3082638234,1104.4007268326,1.1273345949,257.6607919432,5.1875,2.5625,-36.2737732102
,2024-10-26T16:20:42.999Z,-25.4236349266,28.3082919866,1104.4776311295,1.0066375734,257.6607919432,5.1875,2.5625,-36.0861511398
,2024-10-26T16:20:43.999Z,-25.4236465774,28.3083201498,1104.6599431413,0.7006835939,257.6607919432,5.1875,2.5,-35.9804382491
,2024-10-26T16:20:44.999Z,-25.423652361,28.3083465528,1104.8497319597,0.6304779054,257.6607919432,5.25,2.4375,-35.9699402022
,2024-10-26T16:20:45.999Z,-25.423656971,28.3083642386,1104.9867558856,0.5716857911,257.6607919432,5.25,2.4375,-35.9434509444
,2024-10-26T16:20:46.999Z,-25.423658354,28.3083841875,1105.2200627705,0.4922332764,257.6607919432,5.25,2.375,-35.893280046
,2024-10-26T16:20:47.999Z,-25.4236632155,28.3083984368,1105.4136357686,0.5032348633,257.6607919432,5.25,2.4375,-35.800750749
,2024-10-26T16:20:48.999Z,-25.4236670712,28.3084172961,1105.6601567648,0.6174926759,257.6607919432,5.1875,2.5,-35.665985124
,2024-10-26T16:20:49.999Z,-25.423669963,28.3084378317,1105.7756963156,0.6752777101,257.6607919432,5.25,2.4375,-35.499603288
,2024-10-26T16:20:50.999Z,-25.4236731062,28.3084632289,1105.9337773704,0.7389526368,257.6607919432,5.25,2.375,-35.3199157879
,2024-10-26T16:20:51.999Z,-25.4236762494,28.3084860277,1106.0725102806,0.7598571779,257.6607919432,5.3125,2.3125,-35.0741882487
,2024-10-26T16:20:52.999Z,-25.4236809433,28.3085158672,1106.0675053978,0.785095215,257.6607919432,5.3125,2.375,-34.8575134439
,2024-10-26T16:20:53.999Z,-25.4236840026,28.3085467126,1106.2631535913,0.7663726808,257.6607919432,5.3125,2.3125,-34.6803894204
,2024-10-26T16:20:54.999Z,-25.4236910434,28.3085778933,1106.4631657984,0.7331237794,257.6607919432,5.4375,2.3125,-34.5905456704
,2024-10-26T16:20:55.999Z,-25.4236972461,28.3086012788,1106.685059109,0.768890381,257.6607919432,5.4375,2.3125,-34.5509948891
,2024-10-26T16:20:56.999Z,-25.4237047898,28.3086335492,1106.7904668239,0.7712249757,257.6607919432,5.5,2.25,-34.5403747719
,2024-10-26T16:20:57.999Z,-25.4237135489,28.3086632211,1107.1615910917,0.8175506593,257.6607919432,5.5625,2.25,-34.5219421547
,2024-10-26T16:20:58.999Z,-25.4237241101,28.3086885344,1107.375336209,0.8276214601,257.6607919432,5.5625,2.25,-34.4241638343
,2024-10-26T16:20:59.999Z,-25.4237289716,28.3087166138,1107.5235906036,0.2948303223,257.6607919432,5.5625,2.3125,-34.2286071936
,2024-10-26T16:21:00.999Z,-25.4237381917,28.3087390773,1107.7227483185,0.274017334,257.6607919432,5.4375,2.3125,-34.0119323888
,2024-10-26T16:21:01.999Z,-25.4237483757,28.3087707609,1107.8233342561,0.2450561524,257.6607919432,5.3125,2.375,-33.7900085606
,2024-10-26T16:21:02.999Z,-25.4237578053,28.3088076413,1107.6746526154,0.2260131836,257.6607919432,5.3125,2.4375,-33.546844498
,2024-10-26T16:21:03.998Z,-25.4237650557,28.3088289313,1107.6744695099,0.1652832031,257.6607919432,5.25,2.4375,-33.3909607089
,2024-10-26T16:21:04.998Z,-25.4237752397,28.3088586871,1108.2183843051,1.1596221926,133.5957885099,5.25,2.4375,-33.1742859041
,2024-10-26T16:21:05.998Z,-25.4237842921,28.3088922985,1108.5899053013,2.2026214604,112.3918516823,5.25,2.4375,-32.9285583649
,2024-10-26T16:21:06.998Z,-25.4237923807,28.308926329,1108.4878850376,2.7983551031,107.2336919203,5.25,2.4375,-32.7250671539
,2024-10-26T16:21:07.998Z,-25.4238000501,28.3089552466,1108.489594022,2.9873809821,105.1792172121,5.1875,2.5,-32.6352234038
,2024-10-26T16:21:08.998Z,-25.4238064623,28.3089904506,1107.9288030061,3.1836395271,103.5971618219,5.1875,2.5625,-32.6299743804
,2024-10-26T16:21:09.998Z,-25.4238110304,28.3090262413,1108.4931340611,3.2888031013,101.3614099336,5.1875,2.5625,-32.6299743804
,2024-10-26T16:21:10.998Z,-25.4238202505,28.3090570029,1108.9435124792,3.3292541511,101.7349507896,5.1875,2.5,-32.6748962554
,2024-10-26T16:21:11.998Z,-25.4238306021,28.3090882674,1109.2993169228,3.414550782,103.7015335317,5.25,2.5,-32.6748962554
,2024-10-26T16:21:12.998Z,-25.4238380201,28.3091216274,1109.8030400675,3.3918762214,103.0972762645,5.1875,2.5,-32.6167907866
,2024-10-26T16:21:13.998Z,-25.4238419177,28.3091598489,1109.7161870401,3.4671783455,101.3669031815,5.1875,2.5,-32.4793396147
,2024-10-26T16:21:14.998Z,-25.4238516407,28.3091928736,1110.2781682416,3.4535217293,103.96520943,5.1875,2.5,-32.3393249662
,2024-10-26T16:21:15.998Z,-25.4238580948,28.3092235513,1110.0909428997,3.3828277595,102.6248569466,5.1875,2.5625,-32.207244888
,2024-10-26T16:21:16.998Z,-25.4238689493,28.3092520498,1110.4051518842,3.264450074,107.2831311512,5.1875,2.5625,-32.117401138
,2024-10-26T16:21:17.998Z,-25.4238764092,28.309280213,1110.6758428023,3.113983155,108.3982604715,5.1875,2.5625,-31.9878845363
,2024-10-26T16:21:18.998Z,-25.4238824861,28.3093087953,1111.0140386032,2.9698486335,107.3380636301,5.1875,2.5625,-31.8505554347
,2024-10-26T16:21:19.998Z,-25.4238845816,28.3093377128,1111.8952947072,2.9746398932,103.3719386587,5.125,2.625,-31.6523132471
,2024-10-26T16:21:20.998Z,-25.4238860065,28.3093654569,1111.3248601366,2.9069519049,100.0540169375,5.125,2.625,-31.4753112939
,2024-10-26T16:21:21.998Z,-25.4238912871,28.3093925305,1110.7543034957,2.8831176764,100.8450446326,5.125,2.625,-31.2797546532
,2024-10-26T16:21:22.998Z,-25.4238986632,28.3094203584,1110.920227568,2.9565582282,103.3719386587,5.1875,2.5625,-31.1424255516
,2024-10-26T16:21:23.998Z,-25.4239016807,28.3094579093,1110.9976201462,3.3313903816,100.8120851453,5.125,2.625,-31.0102234031
,2024-10-26T16:21:24.998Z,-25.4239048239,28.3094947059,1111.0858464646,3.5841522225,98.5873197528,5.125,2.625,-30.9124450827
,2024-10-26T16:21:25.998Z,-25.4239147564,28.3095383756,1111.6626897266,4.1373291025,101.0647745479,5.1875,2.5625,-30.798919692
,2024-10-26T16:21:26.998Z,-25.4239249824,28.3095888347,1112.0117803029,4.6239929209,101.6855115587,5.1875,2.5,-30.6086120748
,2024-10-26T16:21:27.998Z,-25.4239393154,28.3096367792,1111.3783269335,4.7387084971,103.7619592584,5.25,2.4375,-30.4289245747
,2024-10-26T16:21:28.998Z,-25.4239416624,28.3096839693,1110.8829961227,4.7131958018,101.1856260013,5.375,2.375,-30.2546081683
,2024-10-26T16:21:29.998Z,-25.4239523074,28.3097279743,1111.9369206838,4.7606506358,102.1414511329,5.25,2.4375,-30.0933532854
,2024-10-26T16:21:30.998Z,-25.4239648383,28.3097796906,1112.2743840628,4.9767913829,102.8830395971,5.1875,2.5,-29.9268493791
,2024-10-26T16:21:31.998Z,-25.4239750642,28.3098319937,1112.0811772756,5.1228179943,103.3334859235,5.125,2.625,-29.8344421525
,2024-10-26T16:21:32.998Z,-25.4239864217,28.3098849673,1113.0501103815,5.2899780285,104.2178988326,5.125,2.625,-29.6125183243
,2024-10-26T16:21:33.998Z,-25.4239985336,28.309939282,1113.4161076962,5.4646148694,103.6356145571,5.125,2.6875,-29.4063415664
,2024-10-26T16:21:34.997Z,-25.4240073765,28.3099968657,1113.7402959287,5.6769714368,101.7514305333,5.125,2.6875,-29.0893249647
,2024-10-26T16:21:35.997Z,-25.4240235535,28.310060652,1113.3247991024,5.7848052991,103.448844129,5.0,2.9375,-28.8382263317
,2024-10-26T16:21:36.997Z,-25.4240338633,28.3101181519,1112.9791570124,5.8085784925,103.1027695124,4.9375,3.0,-28.6136169566
,2024-10-26T16:21:37.997Z,-25.4240428319,28.3101747297,1113.8720708311,5.9064331068,103.3499656672,4.875,3.0625,-28.407562269
,2024-10-26T16:21:38.997Z,-25.4240559077,28.3102274519,1114.4260564271,5.7540130628,104.0421149004,4.875,3.125,-28.1988220346
,2024-10-26T16:21:40.001Z,-25.4240709951,28.3102887236,1114.3604131165,5.8623809828,103.7729457541,4.8125,3.125,-28.013885511
,2024-10-26T16:21:41.002Z,-25.4240808858,28.3103516717,1114.4476018373,6.1138763441,101.2845044632,4.8125,3.1875,-27.8051452766
,2024-10-26T16:21:42.002Z,-25.4240929557,28.3104100935,1114.4994206849,6.0297851576,102.7182421606,4.8125,3.1875,-27.5118103155
,2024-10-26T16:21:43.001Z,-25.4241054447,28.3104656656,1114.6390386049,5.9450378431,103.2675669489,4.8125,3.1875,-27.2370300419
,2024-10-26T16:21:44.002Z,-25.4241165508,28.3105270211,1114.70059256,6.1244659438,102.5424582284,4.8125,3.25,-27.0044860965
,2024-10-26T16:21:45.002Z,-25.4241301714,28.3105796594,1114.5670171205,5.6901092542,103.7729457541,4.8125,3.25,-26.8168640261
,2024-10-26T16:21:46.001Z,-25.4241402715,28.3106224071,1115.5706792304,4.9413757335,105.7669947356,4.8125,3.25,-26.6662292604
,2024-10-26T16:21:47.001Z,-25.4241444625,28.3106690943,1114.9502873844,4.9503936779,99.2739757381,4.8125,3.25,-26.5606384401
,2024-10-26T16:21:48.001Z,-25.4241528863,28.3107141052,1114.8904424136,5.0889892589,100.0595101853,4.8125,3.25,-26.4944763306
,2024-10-26T16:21:49.001Z,-25.4241665488,28.3107566852,1115.5489812323,5.0514678966,104.0366216525,4.8125,3.25,-26.4522400025
,2024-10-26T16:21:50.001Z,-25.4241810495,28.3108107485,1115.6647344062,5.4378356946,105.4044403753,4.8125,3.25,-26.3518982056
,2024-10-26T16:21:51.001Z,-25.424191946,28.310866572,1114.9865422672,5.4782867444,105.3824673838,4.75,3.25,-26.2541198852
,2024-10-26T16:21:52.001Z,-25.4242021719,28.3109207191,1115.6273198554,5.446701051,103.6740672922,4.75,3.25,-26.2038269164
,2024-10-26T16:21:53.001Z,-25.4242139066,28.3109756205,1115.7687688301,5.5603790296,102.9379720759,4.75,3.25,-26.0823669555
,2024-10-26T16:21:54.001Z,-25.4242263118,28.3110276722,1115.9166264962,5.4648895276,103.1522087434,4.75,3.25,-25.9528503538
,2024-10-26T16:21:55.001Z,-25.4242407287,28.3110803105,1116.1101384591,5.4962615979,104.9210345616,4.75,3.25,-25.9131775023
,2024-10-26T16:21:56.001Z,-25.4242496973,28.3111348767,1116.4272466136,5.5872802747,103.7399862668,4.75,3.25,-25.8260192991
,2024-10-26T16:21:57.001Z,-25.4242626892,28.3111829888,1116.7408452465,5.4034729016,105.6900892652,4.75,3.25,-25.7018737912
,2024-10-26T16:21:58.001Z,-25.4242716998,28.3112368006,1117.4509282547,5.42529297,103.0588235294,4.75,3.25,-25.5644226193
,2024-10-26T16:21:59.001Z,-25.4242815904,28.3112951387,1117.0893559889,5.7168121351,101.4053559166,4.75,3.25,-25.4085388301
,2024-10-26T16:22:00.001Z,-25.4242893018,28.3113551531,1117.4796147781,5.9049224867,100.4934767681,4.75,3.25,-25.2341003535
,2024-10-26T16:22:01.001Z,-25.4242994439,28.3114098031,1117.5753789383,5.9010772718,101.2240787365,4.75,3.25,-25.0993347284
,2024-10-26T16:22:02.001Z,-25.4243135674,28.3114628606,1118.116364046,5.7618255628,103.8059052414,4.75,3.25,-24.9461364862
,2024-10-26T16:22:03.001Z,-25.4243254278,28.311521031,1118.4149480305,5.9347229017,102.8281071183,4.75,3.25,-24.8086853142
,2024-10-26T16:22:04.001Z,-25.4243336001,28.3115799558,1118.5957341634,5.9362335218,100.6527809567,4.75,3.25,-24.700408947
,2024-10-26T16:22:05.001Z,-25.4243471369,28.3116360307,1118.7631841147,5.8686676039,101.482261387,4.8125,3.25,-24.5497741813
,2024-10-26T16:22:06.001Z,-25.4243601289,28.3116852325,1118.7546697104,5.4548187268,103.1961547264,4.8125,3.25,-24.3410339468
,2024-10-26T16:22:07.001Z,-25.4243696423,28.311734099,1118.6795964681,5.0507965099,102.6193636987,4.8125,3.25,-24.1772155874
,2024-10-26T16:22:08.001Z,-25.4243777728,28.3117703926,1118.6404424154,4.3371429453,103.3389791714,4.8125,3.25,-24.1059265248
,2024-10-26T16:22:09.001Z,-25.424384143,28.3118098714,1118.7891545737,4.178237916,100.2188143739,4.8125,3.25,-24.0397644154
,2024-10-26T16:22:10.001Z,-25.4243935308,28.3118450754,1118.6071782552,4.2658233652,102.1799038681,4.8125,3.25,-23.9816589467
,2024-10-26T16:22:11.001Z,-25.4244053073,28.3118902538,1118.7639775717,4.5658874522,102.2183566033,4.75,3.25,-23.9578552357
,2024-10-26T16:22:12.001Z,-25.4244175449,28.311936941,1118.9551396812,4.7402343761,104.3991760128,4.75,3.25,-23.9314880482
,2024-10-26T16:22:13.001Z,-25.4244275613,28.3119946085,1119.0241094078,5.4336853039,102.9214923323,4.8125,3.25,-23.8178405872
,2024-10-26T16:22:14.001Z,-25.424441601,28.3120554611,1118.9555669273,6.0274200453,103.8992904554,4.75,3.25,-23.6567077746
,2024-10-26T16:22:15.000Z,-25.4244550539,28.3121164814,1119.087677523,6.2340240493,104.4596017395,4.75,3.25,-23.5113220324
,2024-10-26T16:22:16.000Z,-25.4244649865,28.3121779207,1120.165985629,6.2379302993,103.5257495994,4.8125,3.25,-23.2365417588
,2024-10-26T16:22:17.000Z,-25.4244764697,28.3122427128,1119.7609258143,6.524627687,102.185397116,4.8125,3.25,-23.0119323837
,2024-10-26T16:22:18.000Z,-25.4244903836,28.3123039846,1119.8841863125,6.455398561,103.4213778896,4.8125,3.25,-22.8507995711
,2024-10-26T16:22:19.000Z,-25.4245033337,28.3123671003,1119.9735417812,6.5017089858,103.1851682307,4.8125,3.25,-22.6869812117
,2024-10-26T16:22:20.000Z,-25.4245187145,28.3124319762,1120.850616977,6.7730560318,104.1739528496,4.8125,3.1875,-22.4966735944
,2024-10-26T16:22:21.000Z,-25.4245292338,28.3124957625,1121.4295049167,6.7136383072,102.8555733577,4.8125,3.1875,-22.2060241802
,2024-10-26T16:22:22.000Z,-25.4245399626,28.3125612252,1120.5909734222,6.5750274673,100.3671320668,4.8125,3.25,-21.9709167582
,2024-10-26T16:22:23.000Z,-25.4245515296,28.3126151208,1120.6220403167,6.0316162123,101.1966124971,4.8125,3.25,-21.7701110941
,2024-10-26T16:22:24.000Z,-25.4245661141,28.3126801644,1120.4906926604,6.219863893,103.4763103685,4.75,3.25,-21.6115417581
,2024-10-26T16:22:25.000Z,-25.4245774716,28.312738251,1120.9850469087,6.009140016,102.5314717326,4.8125,3.25,-21.4688415627
,2024-10-26T16:22:26.000Z,-25.4245923076,28.3128020372,1121.0320134614,6.1817626967,103.9157701991,4.8125,3.25,-21.363128672
,2024-10-26T16:22:27.000Z,-25.4246081494,28.3128577769,1120.1105657071,6.0815124525,105.327534905,4.8125,3.25,-21.2891540626
,2024-10-26T16:22:28.000Z,-25.4246205546,28.3129178751,1122.1083074072,6.2277984633,103.0862897688,4.8125,3.1875,-
,2024-10-26T16:22:29.000Z,-25.4246322054,28.3129791469,1120.7284856293,6.4200592055,101.2735179674,4.8125,3.25,-21.0804138281
,2024-10-26T16:22:30.000Z,-25.4246406293,28.3130391613,1121.090057895,6.2718200698,100.8285648889,4.8125,3.25,-20.900726328
,2024-10-26T16:22:31.000Z,-25.4246504361,28.3130989243,1121.0950627779,6.1628723158,101.2130922407,4.8125,3.25,-20.7157898045
,2024-10-26T16:22:32.000Z,-25.4246687505,28.3131501377,1120.6635137054,5.8285217298,105.5637445639,4.8125,3.25,-20.7157898045
,2024-10-26T16:22:33.000Z,-25.4246757494,28.313199088,1120.2680364103,5.1816253674,104.7727168688,4.8125,3.25,-20.7184753514
,2024-10-26T16:22:34.000Z,-25.4246794375,28.3132392373,1120.2280278653,4.6172332774,100.7186999313,4.75,3.25,-20.8003845311
,2024-10-26T16:22:35.000Z,-25.4246841732,28.3132837452,1120.6835942718,4.5223236094,98.6257724879,4.75,3.25,-20.9615173437
,2024-10-26T16:22:36.000Z,-25.4246919684,28.3133267444,1120.6213078948,4.5668640147,99.7738612954,4.75,3.25,-21.2283630469
,2024-10-26T16:22:37.000Z,-25.4247075168,28.3133679833,1121.2041631197,4.6543121348,105.2726024261,4.75,3.25,-21.5559997658
,2024-10-26T16:22:38.000Z,-25.4247187486,28.3134119045,1120.5419621917,4.4548187266,105.4703593499,4.8125,3.25,-21.84664918
,2024-10-26T16:22:39.000Z,-25.424727843,28.3134540655,1120.7658391449,4.2293853769,105.3879606317,4.8125,3.25,-21.9972839457
,2024-10-26T16:22:40.000Z,-25.4247295193,28.3134836536,1121.102936313,3.5175323494,101.1306935225,4.8125,3.25,-22.1479187114
,2024-10-26T16:22:41.000Z,-25.4247409187,28.3135088831,1121.4126592136,3.292297364,105.3330281528,4.75,3.25,-22.1928405865
,2024-10-26T16:22:42.000Z,-25.4247437267,28.3135461826,1121.4411015964,3.6342315682,99.6145571068,4.8125,3.25,-22.1928405865
,2024-10-26T16:22:43.000Z,-25.4247573053,28.3135871701,1121.8475041845,4.2185363779,105.371480888,4.75,3.25,-22.1849060161
,2024-10-26T16:22:44.000Z,-25.4247639271,28.313639557,1121.706329868,4.7839050304,102.8116273746,4.75,3.25,-22.1531677349
,2024-10-26T16:22:45.000Z,-25.4247739434,28.3136921954,1122.2589116554,5.1557159435,103.4103913939,4.75,3.25,-22.073944102
,2024-10-26T16:22:45.999Z,-25.4247822415,28.3137439955,1123.096710728,5.2449340832,101.5591668574,4.8125,3.25,-21.7726745706
,2024-10-26T16:22:46.999Z,-25.4247932637,28.3137887549,1122.9276128275,4.7722930919,102.7786678873,4.8125,3.25,-21.3288269142
,2024-10-26T16:22:47.999Z,-25.4248026095,28.3138399683,1122.4327092629,4.8757171642,103.7344930189,4.8125,3.25,-20.8240661718
,2024-10-26T16:22:48.999Z,-25.4248148052,28.3138825484,1121.9409490087,4.8047027599,104.4760814831,4.8125,3.1875,-20.32736207
,2024-10-26T16:22:49.999Z,-25.4248298088,28.3139307443,1122.3194280128,5.113510133,105.4373998626,4.8125,3.1875,-19.9389343354
,2024-10-26T16:22:50.999Z,-25.4248414597,28.3139867354,1122.0552373389,5.5498046887,103.2236209658,4.8125,3.25,-19.682586679
,2024-10-26T16:22:51.999Z,-25.4248531943,28.3140412178,1122.5752263528,5.7632446302,101.762417029,4.8125,3.25,-19.6403503509
,2024-10-26T16:22:52.999Z,-25.4248670245,28.314092096,1122.6728215677,5.5783538831,103.9102769512,4.8125,3.25,-19.6165466399
,2024-10-26T16:22:53.999Z,-25.4248755321,28.3141539544,1123.6307073103,5.7232360853,103.1082627603,4.8125,3.1875,-19.6060485931
,2024-10-26T16:22:54.999Z,-25.4248879792,28.3142102808,1123.7108464705,5.7220764173,103.262073701,4.8125,3.1875,-19.4052429289
,2024-10-26T16:22:55.999Z,-25.4249016836,28.3142675292,1123.1938481792,5.7960510267,103.262073701,4.8125,3.1875,-19.2043151944
,2024-10-26T16:22:56.999Z,-25.4249142984,28.3143229336,1123.2409673199,5.8564605726,103.3994048981,4.8125,3.1875,-18.9454040615
,2024-10-26T16:22:57.999Z,-25.4249252787,28.3143790085,1123.2281194195,5.9981994642,102.3886472877,4.8125,3.1875,-18.7234802333
,2024-10-26T16:22:58.999Z,-25.4249379773,28.3144369275,1123.3748174176,6.0299072279,102.795147631,4.8125,3.1875,-18.6283874598
,2024-10-26T16:22:59.999Z,-25.4249492509,28.314495517,1123.3924565778,6.0449523939,102.5973907072,4.8125,3.1875,-18.6283874598
,2024-10-26T16:23:00.999Z,-25.4249620333,28.3145523463,1123.1317143901,5.9261779798,103.3939116502,4.8125,3.1875,-18.6283874598
,2024-10-26T16:23:01.999Z,-25.4249753187,28.3146100138,1123.7243657576,5.9656066908,104.71778439,4.8125,3.1875,-18.6944274989
,2024-10-26T16:23:02.999Z,-25.4249887716,28.3146716207,1123.5912785993,6.2418365493,103.2346074616,4.8125,3.1875,-18.8185730068
,2024-10-26T16:23:03.999Z,-25.4249989137,28.314735407,1123.6150823103,6.3625030532,102.1029983978,4.8125,3.1875,-18.8238220302
,2024-10-26T16:23:04.999Z,-25.4250116961,28.3147968464,1123.9889836776,6.5175933853,103.2950331883,4.8125,3.1875,-18.8185730068
,2024-10-26T16:23:05.999Z,-25.4250250233,28.3148518317,1124.2788091172,6.2236328139,103.7674525062,4.8125,3.1875,-18.8106384364
,2024-10-26T16:23:06.999Z,-25.4250329023,28.3149169591,1125.0487981313,6.3268890395,101.3723964293,4.8125,3.1875,-18.7895202724
,2024-10-26T16:23:07.999Z,-25.4250473611,28.3149772249,1124.757141637,6.3521423354,102.8940260929,4.8125,3.25,-18.5807800379
,2024-10-26T16:23:08.999Z,-25.4250593891,28.3150348086,1124.5264897814,6.2150573744,103.9761959258,4.8125,3.25,-18.4407653894
,2024-10-26T16:23:09.999Z,-25.4250717944,28.3150924761,1125.0157781117,6.1943664565,103.8223849851,4.8125,3.25,-18.2240905846
,2024-10-26T16:23:10.999Z,-25.4250841577,28.3151529934,1124.9431767933,6.3002471938,102.8116273746,4.8125,3.25,-18.049652108
,2024-10-26T16:23:11.999Z,-25.4250999995,28.3152203001,1124.2048039902,6.6193542495,103.3609521629,4.8125,3.25,-17.9255066001
,2024-10-26T16:23:12.999Z,-25.4251115246,28.3152879421,1124.785278844,6.6472778335,102.5094987411,4.8125,3.1875,-17.8990173423
,2024-10-26T16:23:13.999Z,-25.4251267377,28.3153492138,1125.0437932484,6.5797271743,104.4486152437,4.875,3.125,-17.9255066001
,2024-10-26T16:23:14.999Z,-25.42513864,28.3153978288,1125.3777776236,6.0753936781,104.3332570382,4.875,3.125,-17.9624939048
,2024-10-26T16:23:15.999Z,-25.4251492431,28.3154467792,1126.2938542842,5.7907562269,103.0533302815,4.875,3.125,-17.9624939048
,2024-10-26T16:23:16.998Z,-25.4251585471,28.3155001719,1125.7721868035,5.7339019788,100.7516594186,4.8125,3.1875,-17.9228210532
,2024-10-26T16:23:17.998Z,-25.4251764843,28.3155673109,1126.77261405,6.1982421889,102.6028839551,4.8125,3.1875,-17.7590026938
,2024-10-26T16:23:18.998Z,-25.4251917394,28.3156368807,1126.3030705928,6.7135925308,103.3664454108,4.8125,3.1875,-17.5608825765
,2024-10-26T16:23:19.998Z,-25.4252055276,28.3157130722,1126.4217534542,7.1947021501,103.0038910505,4.8125,3.1875,-17.2992858967
,2024-10-26T16:23:20.998Z,-25.4252200702,28.3157841508,1126.7695622922,7.2677307145,102.2952620737,4.8125,3.1875,-16.9795837481
,2024-10-26T16:23:21.998Z,-25.4252339423,28.3158584982,1126.1608281611,7.4393615739,102.608377203,4.8125,3.1875,-16.6651306229
,2024-10-26T16:23:22.998Z,-25.4252476467,28.3159307502,1125.9861455438,7.5760192888,103.6026550698,4.8125,3.1875,-16.3982849197
,2024-10-26T16:23:23.998Z,-25.4252633208,28.3160019126,1126.2837224482,7.4910278337,103.778439002,4.8125,3.25,-16.1973571852
,2024-10-26T16:23:24.998Z,-25.4252745107,28.3160690516,1126.6197515011,7.1059570329,103.1027695124,4.8125,3.25,-16.0705261305
,2024-10-26T16:23:25.998Z,-25.4252867483,28.3161401302,1126.5996709347,7.0913696305,101.8777752346,4.8125,3.25,-16.0468444898
,2024-10-26T16:23:26.998Z,-25.4252973933,28.3162091132,1127.027618933,6.9866943375,101.3449301899,4.8125,3.25,-16.0282898023
,2024-10-26T16:23:27.998Z,-25.4253097147,28.3162753303,1127.0506291869,6.9949493424,102.514991989,4.75,3.25,-16.0335388258
,2024-10-26T16:23:28.998Z,-25.4253279034,28.3163380269,1126.3596196651,6.9830169693,104.855115587,4.75,3.25,-16.0282898023
,2024-10-26T16:23:29.998Z,-25.4253420269,28.3164101113,1126.2985845088,7.0829772965,104.4980544747,4.75,3.25,-16.0335388258
,2024-10-26T16:23:30.998Z,-25.4253463436,28.3164752387,1127.8115849978,6.8195495621,101.5811398489,4.75,3.25,-16.0414733961
,2024-10-26T16:23:31.998Z,-25.4253613472,28.3165333253,1127.3518682007,6.565643312,103.0258640421,4.75,3.25,-16.0468444898
,2024-10-26T16:23:32.998Z,-25.4253753031,28.3165967763,1126.9103093626,6.5498657241,102.9544518196,4.75,3.25,-16.0414733961
,2024-10-26T16:23:33.998Z,-25.4253916478,28.3166561201,1127.177002478,6.4455413833,103.9816891737,4.75,3.25,-16.0468444898
,2024-10-26T16:23:34.998Z,-25.4254070286,28.3167118598,1126.4128423214,6.058258058,105.7779812314,4.8125,3.25,-16.1022644117
,2024-10-26T16:23:35.998Z,-25.4254187213,28.3167700302,1126.559570837,6.0033874525,104.9704737926,4.8125,3.1875,-16.1022644117
,2024-10-26T16:23:36.998Z,-25.4254278157,28.3168354929,1127.3133550171,6.1901550307,102.3282215609,4.8125,3.1875,-16.1049499586
,2024-10-26T16:23:37.998Z,-25.4254405562,28.3168848623,1125.654449987,5.7469482435,103.6136415655,4.875,3.125,-16.1128845289
,2024-10-26T16:23:38.998Z,-25.4254509917,28.3169302084,1127.2348332885,5.3815917981,102.6907759212,4.875,3.0625,-16.1128845289
,2024-10-26T16:23:39.998Z,-25.4254632292,28.3169659153,1126.854218054,4.8241729747,103.9761959258,4.875,3.125,-16.1313171461
,2024-10-26T16:23:40.998Z,-25.425471695,28.3170100041,1126.6001286984,4.586730958,100.9713893339,4.875,3.125,-16.178924568
,2024-10-26T16:23:41.998Z,-25.425480915,28.3170495667,1127.6401372438,4.2681274424,102.6193636987,4.8125,3.1875,-16.32418824
,2024-10-26T16:23:42.998Z,-25.4254808312,28.3170931526,1128.3181157597,4.4052276621,97.2524605172,4.8125,3.1875,-16.551483162
,2024-10-26T16:23:43.998Z,-25.4254929012,28.3171384987,1128.0237737186,4.6328277598,101.575646601,4.8125,3.1875,-16.5937194901
,2024-10-26T16:23:45.001Z,-25.4255014088,28.3171785642,1128.027069617,4.3957519541,103.49828336,4.8125,3.1875,-16.5937194901
,2024-10-26T16:23:46.001Z,-25.4255163705,28.3172223177,1127.6780400758,4.6260681163,106.7118333714,4.8125,3.1875,-16.4959411697
,2024-10-26T16:23:47.001Z,-25.4255243333,28.3172628861,1127.9622807986,4.6059417735,102.6907759212,4.8125,3.1875,-16.3005065993
,2024-10-26T16:23:48.002Z,-25.4255313322,28.3173076455,1128.39535575,4.7127990733,102.4435797665,4.8125,3.1875,-16.0863952711
,2024-10-26T16:23:49.002Z,-25.425538834,28.3173582722,1127.8758550173,4.8892059337,100.8010986495,4.8125,3.1875,-15.8671569898
,2024-10-26T16:23:50.002Z,-25.4255473835,28.3174073063,1129.0021367562,4.9540252697,101.1306935225,4.8125,3.1875,-15.7428894116
,2024-10-26T16:23:51.001Z,-25.4255657818,28.3174501378,1128.7248235236,4.9693450939,106.0471503776,4.8125,3.125,-15.6001892162
,2024-10-26T16:23:52.001Z,-25.4255744152,28.3174886946,1128.845673133,4.5939941416,105.4044403753,4.8125,3.125,-15.3677673411
,2024-10-26T16:23:53.001Z,-25.4255845992,28.3175316938,1128.5414739141,4.5354003916,104.3936827649,4.8125,3.1875,-15.098236091
,2024-10-26T16:23:54.002Z,-25.4255963339,28.3175777942,1128.479126502,4.6997680675,104.108033875,4.8125,3.1875,-14.9237976143
,2024-10-26T16:23:55.001Z,-25.4256088229,28.317618195,1129.4896245493,4.657119752,104.2124055848,4.8125,3.1875,-14.8180847236
,2024-10-26T16:23:56.001Z,-25.4256195517,28.3176642116,1128.9951482308,4.8623199474,103.448844129,4.8125,3.1875,-14.6437683173
,2024-10-26T16:23:57.002Z,-25.4256320827,28.3177096416,1128.9594121468,4.9205474864,104.2618448157,4.8125,3.1875,-14.545989997
,2024-10-26T16:23:58.001Z,-25.4256423086,28.3177506291,1129.528137733,4.7395782481,102.8116273746,4.8125,3.1875,-14.522186286
,2024-10-26T16:23:59.001Z,-25.425651864,28.3177923709,1129.5293584361,4.4487304697,103.4818036163,4.8125,3.1875,-14.4799499579
,2024-10-26T16:24:00.001Z,-25.4256591981,28.3178363759,1129.2715154184,4.3571624766,102.0041199359,4.8125,3.1875,-14.3874206609
,2024-10-26T16:24:01.001Z,-25.4256563483,28.3178748489,1129.2734685434,4.1852111826,95.5220874341,4.8125,3.125,-14.3874206609
,2024-10-26T16:24:02.001Z,-25.4256619222,28.3179078736,1129.6228642955,3.9320831307,96.8679331654,4.8125,3.125,-14.4482116766
,2024-10-26T16:24:03.001Z,-25.4256770516,28.3179413174,1130.3479924697,3.7891082772,103.3279926756,4.8125,3.125,-14.4482116766
,2024-10-26T16:24:04.001Z,-25.4256858945,28.3179723304,1130.3759160537,3.6222991951,104.4156557564,4.8125,3.125,-14.4482116766
,2024-10-26T16:24:05.001Z,-25.4256948212,28.3180039302,1130.275482704,3.5478210457,105.5472648203,4.8125,3.125,-14.4482116766
,2024-10-26T16:24:06.001Z,-25.4257049633,28.3180394694,1130.7608647843,3.7370605477,105.5912108033,4.875,3.125,-14.3794860906
,2024-10-26T16:24:07.001Z,-25.4257145187,28.3180781938,1130.7210393448,3.8822021493,104.8496223392,4.875,3.125,-14.2658386296
,2024-10-26T16:24:08.001Z,-25.425722733,28.3181185108,1130.6419988175,4.181777955,105.1407644769,4.875,3.125,-14.1786804265
,2024-10-26T16:24:09.001Z,-25.4257332942,28.3181634378,1131.121216347,4.4333801279,104.7452506294,4.875,3.125,-14.0466003483
,2024-10-26T16:24:10.001Z,-25.4257351382,28.3182133939,1130.8140874406,4.6298828135,100.1144426642,4.875,3.0625,-13.9197692935
,2024-10-26T16:24:11.001Z,-25.4257423885,28.3182573989,1131.1694036029,4.4949646006,100.2847333485,4.875,3.0625,-13.8140564029
,2024-10-26T16:24:12.001Z,-25.4257437715,28.3182926029,1130.5498052139,4.096633912,96.46692607,4.9375,3.0,-13.7242126528
,2024-10-26T16:24:13.001Z,-25.4257512314,28.3183428943,1130.5321660537,4.4178466807,98.7356374456,4.875,3.0625,-13.65280152
,2024-10-26T16:24:14.001Z,-25.4257668637,28.318379188,1131.1821599505,4.348739625,103.9597161821,4.875,3.0625,-13.621185309
,2024-10-26T16:24:15.001Z,-25.4257672828,28.318417158,1131.2922673725,4.0783691415,100.449530785,4.875,3.0625,-13.531341559
,2024-10-26T16:24:16.000Z,-25.4257692944,28.3184443992,1131.3977361225,3.6714172371,95.1650263218,4.875,3.0625,-13.3807067933
,2024-10-26T16:24:17.000Z,-25.4257827474,28.3184804414,1131.1389470599,3.817626954,99.8287937743,4.9375,3.0,-13.1878356995
,2024-10-26T16:24:18.000Z,-25.4257956974,28.3185219318,1131.1922612689,4.0113220224,105.1352712291,4.9375,3.0625,-13.0002136291
,2024-10-26T16:24:19.000Z,-25.4257952783,28.3185582254,1130.9259038469,3.8029174813,100.2188143739,4.875,3.125,-12.8019714415
,2024-10-26T16:24:20.000Z,-25.4258022772,28.3185865563,1131.1318059466,3.2918701179,101.6031128404,4.875,3.125,-12.6963806211
,2024-10-26T16:24:21.000Z,-25.4258075578,28.3186189104,1131.2488713763,3.2059326179,101.1636530098,4.875,3.125,-12.6857605039
,2024-10-26T16:24:22.000Z,-25.4258131737,28.318646906,1131.1906438372,2.9606323249,99.6145571068,4.875,3.125,-12.6857605039
,2024-10-26T16:24:23.000Z,-25.4258110782,28.3186682798,1131.2629704974,2.6182098394,95.7473105973,4.875,3.0625,-12.6857605039
,2024-10-26T16:24:24.000Z,-25.4258182867,28.3186842054,1131.3824468159,2.2813415532,102.2897688258,4.875,3.0625,-12.7095642149
,2024-10-26T16:24:25.000Z,-25.425818119,28.3186923359,1131.7248845602,1.6172485355,102.5204852368,4.875,3.125,-12.7174987852
,2024-10-26T16:24:26.000Z,-25.4258178256,28.3187035676,1131.4599614643,1.3098602297,100.872510872,4.875,3.125,-12.7359314024
,2024-10-26T16:24:27.000Z,-25.4258180771,28.3187099379,1131.1745610736,0.9632720949,98.1039139391,4.875,3.125,-12.7597351133
,2024-10-26T16:24:28.000Z,-25.4258143472,28.318718236,1131.5808721089,0.6612854005,86.7493705653,4.875,3.0625,-12.8390808165
,2024-10-26T16:24:29.000Z,-25.4258119583,28.3187221755,1131.4123235249,0.5518035889,76.8175783932,4.875,3.0625,-12.9843444884
,2024-10-26T16:24:30.000Z,-25.425813048,28.318726534,1131.2626348041,0.4777374268,76.7351796749,4.875,3.0625,-13.0610046447
,2024-10-26T16:24:31.000Z,-25.425813048,28.3187260311,1131.2341313861,0.0,76.7351796749,4.875,3.0625,-13.1191101135
,2024-10-26T16:24:32.000Z,-25.425813048,28.3187260311,1131.2341313861,0.0,76.7351796749,4.875,3.0625,-13.1824646057
,2024-10-26T16:24:33.000Z,-25.425813048,28.3187260311,1131.2341313861,0.0,76.7351796749,4.875,3.0625,-13.2037048401
,2024-10-26T16:24:34.000Z,-25.425813048,28.3187260311,1131.2341313861,0.0,76.7351796749,4.875,3.0625,-13.2037048401
,2024-10-26T16:24:35.000Z,-25.425813048,28.3187260311,1131.2341313861,0.0,76.7351796749,4.875,3.0625,-13.190399176
,2024-10-26T16:24:36.000Z,-25.425813048,28.3187260311,1131.2341313861,0.0,76.7351796749,4.875,3.0625,-13.1560974182
,2024-10-26T16:24:37.000Z,-25.425813048,28.3187260311,1131.2341313861,0.0,76.7351796749,4.875,3.0625,-13.1217956604
,2024-10-26T16:24:38.000Z,-25.425813048,28.3187260311,1131.2341313861,0.0,76.7351796749,4.9375,3.0625,-13.0794372619
,2024-10-26T16:24:39.000Z,-25.425813048,28.3187260311,1131.2341313861,0.0,76.7351796749,4.9375,3.0,-13.0398864806
,2024-10-26T16:24:40.000Z,-25.425813048,28.3187260311,1131.2341313861,0.0,76.7351796749,4.9375,3.0,-13.0398864806
,2024-10-26T16:24:41.000Z,-25.425813048,28.3187260311,1131.2341313861,0.0,76.7351796749,4.9375,3.0,-13.0610046447
,2024-10-26T16:24:42.000Z,-25.4258164007,28.3187240195,1132.1512456443,0.0490570068,76.7351796749,4.9375,3.0625,-13.0610046447
,2024-10-26T16:24:43.000Z,-25.4258194601,28.3187235166,1131.6318059468,0.1496887207,76.7351796749,4.9375,3.0,-13.0530700744
,2024-10-26T16:24:44.000Z,-25.4258211365,28.3187308926,1131.4256902241,0.4252319336,76.7351796749,4.9375,3.0,-13.0530700744
,2024-10-26T16:24:45.000Z,-25.4258216813,28.318730725,1131.7391057516,0.0,76.7351796749,4.9375,3.0,-13.0768737853
,2024-10-26T16:24:46.000Z,-25.4258216813,28.318730725,1131.7391057516,0.0,76.7351796749,4.9375,3.0,-13.1349792541
,2024-10-26T16:24:46.999Z,-25.4258216813,28.318730725,1131.7391057516,0.0,76.7351796749,4.9375,3.0,-13.2037048401
,2024-10-26T16:24:47.999Z,-25.4258216813,28.318730725,1131.7391057516,0.0,76.7351796749,4.9375,3.0,-13.2881774964
,2024-10-26T16:24:48.999Z,-25.4258216813,28.318730725,1131.7391057516,0.0,76.7351796749,4.9375,3.0,-13.348968512
,2024-10-26T16:24:49.999Z,-25.4258216813,28.318730725,1131.7391057516,0.0,76.7351796749,4.9375,3.0,-13.3754577699
,2024-10-26T16:24:50.999Z,-25.4258216813,28.318730725,1131.7391057516,0.0,76.7351796749,4.9375,2.9375,-13.3754577699
,2024-10-26T16:24:51.999Z,-25.4258216813,28.318730725,1131.7391057516,0.0,76.7351796749,4.9375,2.9375,-13.3621521058
,2024-10-26T16:24:52.999Z,-25.4258216813,28.318730725,1131.7391057516,0.0,76.7351796749,5.0,2.9375,-13.3542175355
,2024-10-26T16:24:53.999Z,-25.4258216813,28.318730725,1131.7391057516,0.0,76.7351796749,4.9375,2.9375,-13.3542175355
,2024-10-26T16:24:54.999Z,-25.4258216813,28.318730725,1131.7391057516,0.0,76.7351796749,4.9375,2.9375,-13.3621521058
,2024-10-26T16:24:55.999Z,-25.4258216813,28.318730725,1131.7391057516,0.0,76.7351796749,4.9375,2.9375,-13.3621521058
,2024-10-26T16:24:56.999Z,-25.4258216813,28.318730725,1131.7391057516,0.0,76.7351796749,4.9375,3.0,-13.3859558167
,2024-10-26T16:24:57.999Z,-25.4258216813,28.318730725,1131.7391057516,0.0,76.7351796749,4.9375,3.0,-13.4070739808
,2024-10-26T16:24:58.999Z,-25.4258216813,28.318730725,1131.7391057516,0.0,76.7351796749,4.9375,3.0,-13.4308776918
,2024-10-26T16:24:59.999Z,-25.4258216813,28.318730725,1131.7391057516,0.0,76.7351796749,4.9375,3.0,-13.4440612855
,2024-10-26T16:25:00.999Z,-25.4258216813,28.318730725,1131.7391057516,0.0,76.7351796749,4.9375,3.0,-13.462615973
,2024-10-26T16:25:01.999Z,-25.4258216813,28.318730725,1131.7391057516,0.0,76.7351796749,4.9375,3.0,-13.4653015199
,2024-10-26T16:25:02.999Z,-25.4258216813,28.318730725,1131.7391057516,0.0,76.7351796749,4.9375,3.0,-13.4732360902
,2024-10-26T16:25:03.999Z,-25.4258216813,28.318730725,1131.7391057516,0.0,76.7351796749,4.9375,3.0,-13.4784851136
,2024-10-26T16:25:04.999Z,-25.4258216813,28.318730725,1131.7391057516,0.0,76.7351796749,4.9375,3.0,-13.4969177308
,2024-10-26T16:25:05.999Z,-25.4258216813,28.318730725,1131.7391057516,0.0,76.7351796749,4.9375,3.0,-13.4969177308
,2024-10-26T16:25:06.999Z,-25.4258216813,28.318730725,1131.7391057516,0.0,76.7351796749,4.9375,3.0,-13.4943542543
,2024-10-26T16:25:07.999Z,-25.4258216813,28.318730725,1131.7391057516,0.0,76.7351796749,4.9375,3.0,-13.4889831605
,2024-10-26T16:25:08.999Z,-25.4258216813,28.318730725,1131.7391057516,0.0,76.7351796749,4.9375,3.0,-13.4810485902
,2024-10-26T16:25:09.999Z,-25.4258216813,28.318730725,1131.7391057516,0.0,76.7351796749,4.9375,3.0,-13.4440612855
,2024-10-26T16:25:10.999Z,-25.4258216813,28.318730725,1131.7391057516,0.0,76.7351796749,4.9375,3.0,-13.4283142152
,2024-10-26T16:25:11.999Z,-25.4258216813,28.318730725,1131.7391057516,0.0,76.7351796749,4.9375,3.0,-13.4256286683
,2024-10-26T16:25:12.999Z,-25.4258216813,28.318730725,1131.7391057516,0.0,76.7351796749,4.9375,3.0,-13.417694098
,2024-10-26T16:25:13.999Z,-25.4258216813,28.318730725,1131.7391057516,0.0,76.7351796749,4.9375,3.0,-13.4150085511
,2024-10-26T16:25:14.999Z,-25.4258216813,28.318730725,1131.7391057516,0.0,76.7351796749,4.9375,3.0,-13.4097595277
,2024-10-26T16:25:15.999Z,-25.4258216813,28.318730725,1131.7391057516,0.0,76.7351796749,4.9375,3.0,-13.4070739808
,2024-10-26T16:25:16.999Z,-25.4258216813,28.318730725,1131.7391057516,0.0,76.7351796749,4.9375,2.9375,-13.4070739808
,2024-10-26T16:25:17.998Z,-25.4258216813,28.318730725,1131.7391057516,0.0,76.7351796749,4.9375,3.0,-13.393890387
,2024-10-26T16:25:18.998Z,-25.4258216813,28.318730725,1131.7391057516,0.0,76.7351796749,4.9375,3.0,-13.393890387
,2024-10-26T16:25:19.998Z,-25.4258216813,28.318730725,1131.7391057516,0.0,76.7351796749,4.9375,3.0,-13.3859558167
,2024-10-26T16:25:20.998Z,-25.4258216813,28.318730725,1131.7391057516,0.0,76.7351796749,4.9375,2.9375,-13.3464050355
,2024-10-26T16:25:21.998Z,-25.4258216813,28.318730725,1131.7391057516,0.0,76.7351796749,4.9375,2.9375,-13.3172302308
,2024-10-26T16:25:22.998Z,-25.4258216813,28.318730725,1131.7391057516,0.0,76.7351796749,4.9375,2.9375,-13.2935485901
,2024-10-26T16:25:23.998Z,-25.4258216813,28.318730725,1131.7391057516,0.0,76.7351796749,5.0,2.9375,-13.2829284729
,2024-10-26T16:25:24.998Z,-25.4258383613,28.3187193256,1132.0574040916,0.157333374,76.7351796749,5.0,2.875,-13.2829284729
,2024-10-26T16:25:25.998Z,-25.4258374812,28.3187196609,1132.1190190818,0.0670013427,76.7351796749,5.0,2.875,-13.2935485901
,2024-10-26T16:25:26.998Z,-25.4258372298,28.3187194932,1132.1518254783,0.0,76.7351796749,5.0,2.875,-13.2961120667
,2024-10-26T16:25:27.998Z,-25.425830147,28.3187198285,1132.0379643943,0.0,76.7351796749,5.0625,2.8125,-13.304046637
,2024-10-26T16:25:28.998Z,-25.4258275067,28.3187214211,1132.0053411033,0.2892913819,76.7351796749,5.1875,2.5,-13.3172302308
,2024-10-26T16:25:29.998Z,-25.4258256627,28.3187328205,1132.3889165429,1.0410614016,79.8333714808,6.3125,2.0,-13.3172302308
,2024-10-26T16:25:30.998Z,-25.4258265847,28.3187526856,1132.6927800684,1.5673217777,85.7495994506,7.125,1.9375,-13.3119812073
,2024-10-26T16:25:31.998Z,-25.4258392833,28.3187771607,1132.5120549707,1.975143433,97.450217441,7.75,1.9375,-13.214202887
,2024-10-26T16:25:32.998Z,-25.4258636327,28.3188055754,1132.6650090723,2.2290954595,109.77706569,8.3125,2.0,-13.1534118713
,2024-10-26T16:25:33.998Z,-25.4258580588,28.3188579623,1132.5433660058,2.8570251471,100.6253147173,8.1875,2.0,-13.0213317931
,2024-10-26T16:25:34.998Z,-25.425859819,28.318886796,1132.5366521387,2.960403443,99.0817120622,8.0625,1.9375,-12.9209899962
,2024-10-26T16:25:35.998Z,-25.425865812,28.3189046495,1132.6979985743,2.879821778,100.7406729228,8.125,1.8125,-12.8443298399
,2024-10-26T16:25:36.998Z,-25.4258770857,28.3189084213,1132.7967534571,2.3966979986,105.7450217441,8.0,1.6875,-12.7862243711
,2024-10-26T16:25:37.998Z,-25.4258627526,28.3189362493,1132.1982732322,2.4497375493,90.2815289539,8.25,1.4375,-12.727996832
,2024-10-26T16:25:38.998Z,-25.4258606991,28.3189727944,1132.96191459,2.7449951178,87.4909590295,9.125,1.25,-12.7148132383
,2024-10-26T16:25:39.998Z,-25.4258645128,28.31897665,1132.5321965722,0.0,90.0068665598,8.5,1.1875,-12.6778259336
,2024-10-26T16:25:40.998Z,-25.4258608248,28.3189436253,1133.0676579983,0.5577392579,86.7493705653,9.0,1.25,-12.630340582
,2024-10-26T16:25:41.998Z,-25.4258609086,28.3189416137,1132.9887395412,0.0,86.7493705653,8.875,1.1875,-12.5827331601
,2024-10-26T16:25:42.998Z,-25.4258609086,28.3189416137,1132.9887395412,0.0,86.7493705653,8.875,1.1875,-12.5827331601
,2024-10-26T16:25:43.998Z,-25.4258609086,28.3189416137,1132.9887395412,0.0,86.7493705653,8.875,1.1875,-12.5879821835
,2024-10-26T16:25:44.998Z,-25.4258609086,28.3189416137,1132.9887395412,0.0,86.7493705653,8.9375,1.1875,-12.6408386289
,2024-10-26T16:25:45.998Z,-25.4258609086,28.3189416137,1132.9887395412,0.0,86.7493705653,9.0,1.1875,-12.6989440977
,2024-10-26T16:25:46.998Z,-25.4258609086,28.3189416137,1132.9887395412,0.0,86.7493705653,9.0625,1.1875,-12.8152771055
,2024-10-26T16:25:47.998Z,-25.4258609086,28.3189416137,1132.9887395412,0.0,86.7493705653,9.125,1.1875,-12.9156189024
,2024-10-26T16:25:48.997Z,-25.4258609086,28.3189416137,1132.9887395412,0.0,86.7493705653,9.125,1.125,-12.93417359
,2024-10-26T16:25:50.001Z,-25.4258609086,28.3189416137,1132.9887395412,0.0,86.7493705653,9.1875,1.125,-12.93417359
,2024-10-26T16:25:51.001Z,-25.4258609086,28.3189416137,1132.9887395412,0.0,86.7493705653,9.25,1.125,-12.9314880431
,2024-10-26T16:25:52.001Z,-25.4258609086,28.3189416137,1132.9887395412,0.0,86.7493705653,9.3125,1.125,-12.9235534728
,2024-10-26T16:25:53.002Z,-25.4258609086,28.3189416137,1132.9887395412,0.0,86.7493705653,9.375,1.125,-12.9235534728
,2024-10-26T16:25:54.001Z,-25.4258609086,28.3189416137,1132.9887395412,0.0,86.7493705653,9.5,1.125,-12.9288024962
,2024-10-26T16:25:55.001Z,-25.4258609086,28.3189416137,1132.9887395412,0.0,86.7493705653,9.5625,1.1875,-12.9895935119
,2024-10-26T16:25:56.002Z,-25.4258609086,28.3189416137,1132.9887395412,0.0,86.7493705653,9.6875,1.125,-13.0741882385
,2024-10-26T16:25:57.001Z,-25.4258609086,28.3189416137,1132.9887395412,0.0,86.7493705653,9.9375,1.3125,-13.1243591369
,2024-10-26T16:25:58.001Z,-25.4258609086,28.3189416137,1132.9887395412,0.0,86.7493705653,9.9375,1.3125,-13.1508483947
,2024-10-26T16:25:59.001Z,-25.4258609086,28.3189416137,1132.9887395412,0.0,86.7493705653,10.0,1.25,-13.1692810119
,2024-10-26T16:26:00.001Z,-25.4258609086,28.3189416137,1132.9887395412,0.0,86.7493705653,10.0,1.25,-13.1692810119
,2024-10-26T16:26:01.001Z,-25.4258609086,28.3189416137,1132.9887395412,0.0,86.7493705653,10.0625,1.25,-13.1613464416
,2024-10-26T16:26:02.002Z,-25.4258609086,28.3189416137,1132.9887395412,0.0,86.7493705653,10.0625,1.25,-13.1613464416
,2024-10-26T16:26:03.002Z,-25.4258609086,28.3189416137,1132.9887395412,0.0,86.7493705653,10.125,1.25,-13.1824646057
,2024-10-26T16:26:04.002Z,-25.4258609086,28.3189416137,1132.9887395412,0.0,86.7493705653,10.125,1.1875,-13.2248230042
,2024-10-26T16:26:05.002Z,-25.4258609086,28.3189416137,1132.9887395412,0.0,86.7493705653,10.1875,1.1875,-13.2802429261
,2024-10-26T16:26:06.002Z,-25.4258353438,28.3189592157,1132.4056706933,0.0608825683,86.859235523,10.125,1.1875,-13.3305358948
,2024-10-26T16:26:07.002Z,-25.4258353438,28.3189593833,1132.3778996972,0.0,86.859235523,10.1875,1.1875,-13.3754577699
,2024-10-26T16:26:08.002Z,-25.4258353438,28.3189593833,1132.3778996972,0.0,86.859235523,10.1875,1.1875,-13.4203796449
,2024-10-26T16:26:09.144Z,-25.4258353438,28.3189593833,1132.3778996972,0.0,86.859235523,10.1875,1.125,-13.4256286683
,2024-10-26T16:26:10.144Z,-25.4258353438,28.3189593833,1132.3778996972,0.0,86.859235523,10.1875,1.125,-13.4256286683
,2024-10-26T16:26:11.144Z,-25.4258353438,28.3189593833,1132.3778996972,0.0,86.859235523,10.1875,1.125,-13.4045105042
,2024-10-26T16:26:12.144Z,-25.4258353438,28.3189593833,1132.3778996972,0.0,86.859235523,10.1875,1.125,-13.4045105042
,2024-10-26T16:26:13.144Z,-25.4258353438,28.3189593833,1132.3778996972,0.0,86.859235523,10.1875,1.0625,-13.4124450746
,2024-10-26T16:26:14.144Z,-25.4258353438,28.3189593833,1132.3778996972,0.0,86.859235523,10.1875,1.125,-13.4229431214
,2024-10-26T16:26:15.144Z,-25.4258353438,28.3189593833,1132.3778996972,0.0,86.859235523,10.3125,1.1875,-13.4414978089
,2024-10-26T16:26:16.145Z,-25.4258353438,28.3189593833,1132.3778996972,0.0,86.859235523,10.3125,1.125,-13.4784851136
,2024-10-26T16:26:17.002Z,-25.4258156883,28.31895075,1132.4782414941,0.1096801758,86.859235523,10.3125,1.125,-13.4996032777
,2024-10-26T16:26:18.002Z,-25.4258231482,28.3189642448,1132.6875615626,0.2078857422,86.859235523,9.625,1.1875,-13.4996032777
,2024-10-26T16:26:19.001Z,-25.4258231901,28.318963239,1132.6429448633,0.0,86.859235523,8.5,1.1875,-13.4996032777
,2024-10-26T16:26:20.001Z,-25.4258231901,28.318963239,1132.6429448633,0.0,86.859235523,7.0,1.1875,-13.5154724184
,2024-10-26T16:26:21.001Z,-25.4258231901,28.318963239,1132.6429448633,0.0,86.859235523,6.0,1.8125,-13.5181579652
,2024-10-26T16:26:22.001Z,-25.4258231901,28.318963239,1132.6429448633,0.0,86.859235523,5.3125,2.25,-13.5207214418
,2024-10-26T16:26:23.001Z,-25.4258231901,28.318963239,1132.6429448633,0.0,86.859235523,5.1875,2.5625,-13.5365905824
,2024-10-26T16:26:24.001Z,-25.4258231901,28.318963239,1132.6429448633,0.0,86.859235523,5.0625,2.75,-13.5418396059
,2024-10-26T16:26:25.001Z,-25.4258231901,28.318963239,1132.6429448633,0.0,86.859235523,5.0,2.8125,-13.5365905824
,2024-10-26T16:26:26.001Z,-25.4258231901,28.318963239,1132.6429448633,0.0,86.859235523,5.0,2.9375,-13.507537848
,2024-10-26T16:26:27.001Z,-25.4258231901,28.318963239,1132.6429448633,0.0,86.859235523,4.9375,3.0,-13.4335632386
,2024-10-26T16:26:28.001Z,-25.4258231901,28.318963239,1132.6429448633,0.0,86.859235523,4.9375,3.0,-13.3780212464
,2024-10-26T16:26:29.001Z,-25.4258231901,28.318963239,1132.6429448633,0.0,86.859235523,4.875,3.0625,-13.3410339417
,2024-10-26T16:26:30.001Z,-25.4258231901,28.318963239,1132.6429448633,0.0,86.859235523,4.875,3.0625,-13.327850348
,2024-10-26T16:26:31.001Z,-25.4258231901,28.318963239,1132.6429448633,0.0,86.859235523,4.875,3.125,-13.327850348
,2024-10-26T16:26:32.001Z,-25.4258231901,28.318963239,1132.6429448633,0.0,86.859235523,4.875,3.125,-13.4150085511
,2024-10-26T16:26:33.001Z,-25.4258231901,28.318963239,1132.6429448633,0.0,86.859235523,4.8125,3.125,-13.4889831605
,2024-10-26T16:26:34.001Z,-25.4258231901,28.318963239,1132.6429448633,0.0,86.859235523,4.8125,3.1875,-13.5683288637
,2024-10-26T16:26:35.001Z,-25.4258231901,28.318963239,1132.6429448633,0.0,86.859235523,4.8125,3.1875,-13.6423034731
,2024-10-26T16:26:36.001Z,-25.4258231901,28.318963239,1132.6429448633,0.0,86.859235523,4.8125,3.1875,-13.7056579653
,2024-10-26T16:26:37.001Z,-25.4258231901,28.318963239,1132.6429448633,0.0,86.859235523,4.8125,3.1875,-13.766448981
,2024-10-26T16:26:38.001Z,-25.4258231901,28.318963239,1132.6429448633,0.0,86.859235523,4.8125,3.1875,-13.8245544497
,2024-10-26T16:26:39.001Z,-25.4258231901,28.318963239,1132.6429448633,0.0,86.859235523,4.8125,3.1875,-13.8483581607
,2024-10-26T16:26:40.001Z,-25.4258231901,28.318963239,1132.6429448633,0.0,86.859235523,4.8125,3.1875,-13.8510437076
,2024-10-26T16:26:41.001Z,-25.4258231901,28.318963239,1132.6429448633,0.0,86.859235523,4.8125,3.1875,-13.8483581607
,2024-10-26T16:26:42.001Z,-25.4258231901,28.318963239,1132.6429448633,0.0,86.859235523,4.8125,3.1875,-13.8404235904
,2024-10-26T16:26:43.001Z,-25.4258231901,28.318963239,1132.6429448633,0.0,86.859235523,4.8125,3.1875,-13.8272399966
,2024-10-26T16:26:44.001Z,-25.4258231901,28.318963239,1132.6429448633,0.0,86.859235523,4.8125,3.1875,-13.8167419497
,2024-10-26T16:26:45.001Z,-25.4258231901,28.318963239,1132.6429448633,0.0,86.859235523,4.8125,3.1875,-13.8167419497
,2024-10-26T16:26:46.001Z,-25.4258231901,28.318963239,1132.6429448633,0.0,86.859235523,4.8125,3.1875,-13.8589782779
,2024-10-26T16:26:47.001Z,-25.4258231901,28.318963239,1132.6429448633,0.0,86.859235523,4.8125,3.1875,-13.9039001529
,2024-10-26T16:26:48.001Z,-25.4258231901,28.318963239,1132.6429448633,0.0,86.859235523,4.8125,3.1875,-13.9435730045
,2024-10-26T16:26:49.001Z,-25.4258231901,28.318963239,1132.6429448633,0.0,86.859235523,4.8125,3.1875,-13.993743903
,2024-10-26T16:26:50.000Z,-25.4258231901,28.318963239,1132.6429448633,0.0,86.859235523,4.8125,3.1875,-14.0042419498
,2024-10-26T16:26:51.000Z,-25.4258231901,28.318963239,1132.6429448633,0.0,86.859235523,4.8125,3.1875,-14.0069274967
,2024-10-26T16:26:52.000Z,-25.4258231901,28.318963239,1132.6429448633,0.0,86.859235523,4.8125,3.1875,-14.038665778
,2024-10-26T16:26:53.000Z,-25.4258231901,28.318963239,1132.6429448633,0.0,86.859235523,4.8125,3.1875,-14.0518493717
,2024-10-26T16:26:54.000Z,-25.4258231901,28.318963239,1132.6429448633,0.0,86.859235523,4.8125,3.1875,-14.0809021061
,2024-10-26T16:26:55.000Z,-25.4258231901,28.318963239,1132.6429448633,0.0,86.859235523,4.8125,3.1875,-14.1496276921
,2024-10-26T16:26:56.000Z,-25.4258231901,28.318963239,1132.6429448633,0.0,86.859235523,4.8125,3.1875,-14.205047614
,2024-10-26T16:26:57.000Z,-25.4258231901,28.318963239,1132.6429448633,0.0,86.859235523,4.8125,3.1875,-14.2236023015
,2024-10-26T16:26:58.000Z,-25.4258231901,28.318963239,1132.6429448633,0.0,86.859235523,4.8125,3.1875,-14.2447204656
,2024-10-26T16:26:59.000Z,-25.4258231901,28.318963239,1132.6429448633,0.0,86.859235523,4.8125,3.1875,-14.2447204656
,2024-10-26T16:27:00.000Z,-25.4258231901,28.318963239,1132.6429448633,0.0,86.859235523,4.8125,3.1875,-14.2024841374
,2024-10-26T16:27:01.000Z,-25.4258231901,28.318963239,1132.6429448633,0.0,86.859235523,4.8125,3.1875,-14.152313239
,2024-10-26T16:27:02.000Z,-25.4258231901,28.318963239,1132.6429448633,0.0,86.859235523,4.8125,3.1875,-14.128509528
,2024-10-26T16:27:03.000Z,-25.4258231901,28.318963239,1132.6429448633,0.0,86.859235523,4.8125,3.1875,-14.0967712467
,2024-10-26T16:27:04.000Z,-25.4258231901,28.318963239,1132.6429448633,0.0,86.859235523,4.8125,3.25,-14.0967712467
,2024-10-26T16:27:05.000Z,-25.4258231901,28.318963239,1132.6429448633,0.0,86.859235523,4.8125,3.25,-14.1099548405
,2024-10-26T16:27:06.000Z,-25.4258231901,28.318963239,1132.6429448633,0.0,86.859235523,4.8125,3.25,-14.1496276921
,2024-10-26T16:27:07.000Z,-25.4258231901,28.318963239,1132.6429448633,0.0,86.859235523,4.8125,3.25,-14.1496276921
,2024-10-26T16:27:08.000Z,-25.4258231901,28.318963239,1132.6429448633,0.0,86.859235523,4.8125,3.25,-14.1205749577
,2024-10-26T16:27:09.000Z,-25.4258231901,28.318963239,1132.6429448633,0.0,86.859235523,4.75,3.25,-14.1205749577
,2024-10-26T16:27:10.000Z,-25.4258231901,28.318963239,1132.6429448633,0.0,86.859235523,4.8125,3.25,-14.1205749577
,2024-10-26T16:27:11.000Z,-25.4258231901,28.318963239,1132.6429448633,0.0,86.859235523,4.75,3.25,-14.1152038639
,2024-10-26T16:27:12.000Z,-25.4258231901,28.318963239,1132.6429448633,0.0,86.859235523,4.75,3.25,-14.1152038639
,2024-10-26T16:27:13.000Z,-25.4258231901,28.318963239,1132.6429448633,0.0,86.859235523,4.75,3.25,-14.1152038639
,2024-10-26T16:27:14.000Z,-25.4258231901,28.318963239,1132.6429448633,0.0,86.859235523,4.75,3.25,-14.0967712467
,2024-10-26T16:27:15.000Z,-25.4258231901,28.318963239,1132.6429448633,0.0,86.859235523,4.75,3.25,-14.0280456608
,2024-10-26T16:27:16.000Z,-25.4258231901,28.318963239,1132.6429448633,0.0,86.859235523,4.75,3.25,-14.0096130436
,2024-10-26T16:27:17.000Z,-25.4258231901,28.318963239,1132.6429448633,0.0,86.859235523,4.75,3.25,-13.9513855045
,2024-10-26T16:27:18.000Z,-25.4258231901,28.318963239,1132.6429448633,0.0,86.859235523,4.75,3.25,-13.9356384342
,2024-10-26T16:27:19.000Z,-25.4258231901,28.318963239,1132.6429448633,0.0,86.859235523,4.75,3.25,-13.925018317
,2024-10-26T16:27:20.000Z,-25.4258231901,28.318963239,1132.6429448633,0.0,86.859235523,4.75,3.25,-13.9197692935
,2024-10-26T16:27:20.999Z,-25.4258231901,28.318963239,1132.6429448633,0.0,86.859235523,4.75,3.25,-13.9039001529
,2024-10-26T16:27:21.999Z,-25.4258231901,28.318963239,1132.6429448633,0.0,86.859235523,4.75,3.25,-13.9039001529
,2024-10-26T16:27:22.999Z,-25.4258231901,28.318963239,1132.6429448633,0.0,86.859235523,4.75,3.25,-13.9223327701
,2024-10-26T16:27:23.999Z,-25.4258231901,28.318963239,1132.6429448633,0.0,86.859235523,4.75,3.25,-13.9540710514
,2024-10-26T16:27:24.999Z,-25.4258231901,28.318963239,1132.6429448633,0.0,86.859235523,4.8125,3.25,-13.9805603092
,2024-10-26T16:27:25.999Z,-25.4258231901,28.318963239,1132.6429448633,0.0,86.859235523,4.8125,3.1875,-14.059783942
,2024-10-26T16:27:26.999Z,-25.4258231901,28.318963239,1132.6429448633,0.0,86.859235523,4.8125,3.1875,-14.059783942
,2024-10-26T16:27:27.999Z,-25.4258231901,28.318963239,1132.6429448633,0.0,86.859235523,4.8125,3.1875,-14.0624694889
,2024-10-26T16:27:28.999Z,-25.4258231901,28.318963239,1132.6429448633,0.0,86.859235523,4.8125,3.1875,-14.059783942
,2024-10-26T16:27:29.999Z,-25.4258231901,28.318963239,1132.6429448633,0.0,86.859235523,4.8125,3.1875,-14.0466003483
,2024-10-26T16:27:30.999Z,-25.4258231901,28.318963239,1132.6429448633,0.0,86.859235523,4.8125,3.25,-13.9778747623
,2024-10-26T16:27:31.999Z,-25.4258231901,28.318963239,1132.6429448633,0.0,86.859235523,4.8125,3.1875,-13.9408874576
,2024-10-26T16:27:32.999Z,-25.4258884851,28.3189988621,1132.3681951073,0.0496673584,86.859235523,4.8125,3.1875,-13.9302673404
,2024-10-26T16:27:33.999Z,-25.4258921312,28.3190023825,1132.2653813866,0.2674102783,86.859235523,4.8125,3.125,-13.9143981998
,2024-10-26T16:27:34.999Z,-25.4258918379,28.3189938329,1132.1876531151,0.0,86.859235523,4.8125,3.125,-13.9091491763
,2024-10-26T16:27:35.999Z,-25.4258918379,28.3189938329,1132.1876531151,0.0,86.859235523,4.8125,3.1875,-13.9091491763
,2024-10-26T16:27:36.999Z,-25.4258918379,28.3189938329,1132.1876531151,0.0,86.859235523,4.8125,3.1875,-13.9091491763
,2024-10-26T16:27:37.999Z,-25.4258879822,28.3189934977,1131.8170476461,0.0,86.859235523,4.8125,3.125,-13.9091491763
,2024-10-26T16:27:38.999Z,-25.4258916702,28.318990564,1132.5113225488,0.1847991943,86.859235523,4.8125,3.125,-13.811370856
,2024-10-26T16:27:39.999Z,-25.4258954421,28.3189895582,1132.2193608787,0.0,86.859235523,4.8125,3.125,-13.8088073794
,2024-10-26T16:27:40.999Z,-25.4258954421,28.3189895582,1132.2193608787,0.0,86.859235523,4.8125,3.1875,-13.7691345278
,2024-10-26T16:27:41.999Z,-25.4258954421,28.3189895582,1132.2193608787,0.0,86.859235523,4.8125,3.1875,-13.7585144107
,2024-10-26T16:27:42.999Z,-25.4258954421,28.3189895582,1132.2193608787,0.0,86.859235523,4.8125,3.1875,-13.7585144107
,2024-10-26T16:27:43.999Z,-25.425895484,28.3189908155,1132.3256230858,0.1863708496,86.859235523,4.8125,3.1875,-13.7400817935
,2024-10-26T16:27:44.999Z,-25.4258954002,28.3189912346,1132.3754888085,0.0,86.859235523,4.8125,3.1875,-13.766448981
,2024-10-26T16:27:45.999Z,-25.4258954002,28.3189912346,1132.3754888085,0.0,86.859235523,4.8125,3.1875,-13.7532653872
,2024-10-26T16:27:46.999Z,-25.4258954002,28.3189912346,1132.3754888085,0.0,86.859235523,4.8125,3.1875,-13.7532653872
,2024-10-26T16:27:47.999Z,-25.4258954002,28.3189912346,1132.3754888085,0.0,86.859235523,4.8125,3.1875,-13.7532653872
,2024-10-26T16:27:48.999Z,-25.4258954002,28.3189912346,1132.3754888085,0.0,86.859235523,4.8125,3.1875,-13.7743835513
,2024-10-26T16:27:49.999Z,-25.4258954002,28.3189912346,1132.3754888085,0.0,86.859235523,4.8125,3.125,-13.7850036685
,2024-10-26T16:27:50.999Z,-25.4258954002,28.3189912346,1132.3754888085,0.0,86.859235523,4.875,3.125,-13.787567145
,2024-10-26T16:27:51.998Z,-25.4258954002,28.3189912346,1132.3754888085,0.0,86.859235523,4.8125,3.125,-13.7981872622
,2024-10-26T16:27:52.998Z,-25.4258954002,28.3189912346,1132.3754888085,0.0,86.859235523,4.8125,3.125,-13.8167419497
,2024-10-26T16:27:53.998Z,-25.4258954002,28.3189912346,1132.3754888085,0.0,86.859235523,4.8125,3.125,-13.8272399966
,2024-10-26T16:27:54.998Z,-25.4258954002,28.3189912346,1132.3754888085,0.0,86.859235523,4.8125,3.125,-13.8324890201
,2024-10-26T16:27:56.002Z,-25.4258954002,28.3189912346,1132.3754888085,0.0,86.859235523,4.8125,3.1875,-13.8378601138
,2024-10-26T16:27:57.002Z,-25.4258954002,28.3189912346,1132.3754888085,0.0,86.859235523,4.8125,3.1875,-13.8378601138
,2024-10-26T16:27:58.002Z,-25.4258954002,28.3189912346,1132.3754888085,0.0,86.859235523,4.8125,3.1875,-13.8219909732
,2024-10-26T16:27:59.002Z,-25.4258954002,28.3189912346,1132.3754888085,0.0,86.859235523,4.8125,3.1875,-13.8219909732
,2024-10-26T16:28:00.002Z,-25.4258954002,28.3189912346,1132.3754888085,0.0,86.859235523,4.8125,3.1875,-13.8431091373
,2024-10-26T16:28:01.002Z,-25.4258954002,28.3189912346,1132.3754888085,0.0,86.859235523,4.8125,3.1875,-13.8431091373
,2024-10-26T16:28:02.002Z,-25.4258954002,28.3189912346,1132.3754888085,0.0,86.859235523,4.8125,3.125,-13.856292731
,2024-10-26T16:28:03.002Z,-25.4258954002,28.3189912346,1132.3754888085,0.0,86.859235523,4.875,3.125,-13.8642273013
,2024-10-26T16:28:04.002Z,-25.4258954002,28.3189912346,1132.3754888085,0.0,86.859235523,4.875,3.125,-13.8932800357
,2024-10-26T16:28:05.001Z,-25.4258954002,28.3189912346,1132.3754888085,0.0,86.859235523,4.875,3.125,-13.9091491763
,2024-10-26T16:28:06.001Z,-25.4258954002,28.3189912346,1132.3754888085,0.0,86.859235523,4.875,3.125,-13.925018317
,2024-10-26T16:28:07.001Z,-25.4258954002,28.3189912346,1132.3754888085,0.0,86.859235523,4.875,3.125,-13.9513855045
,2024-10-26T16:28:08.001Z,-25.4258954002,28.3189912346,1132.3754888085,0.0,86.859235523,4.875,3.125,-13.9778747623
,2024-10-26T16:28:09.002Z,-25.4258954002,28.3189912346,1132.3754888085,0.0,86.859235523,4.875,3.0625,-13.9883728092
,2024-10-26T16:28:10.002Z,-25.4258954002,28.3189912346,1132.3754888085,0.0,86.859235523,4.875,3.0625,-13.993743903
,2024-10-26T16:28:11.002Z,-25.4258954002,28.3189912346,1132.3754888085,0.0,86.859235523,4.875,3.0625,-13.993743903
,2024-10-26T16:28:12.002Z,-25.4258954002,28.3189912346,1132.3754888085,0.0,86.859235523,4.875,3.125,-13.993743903
,2024-10-26T16:28:13.002Z,-25.4258954002,28.3189912346,1132.3754888085,0.0,86.859235523,4.875,3.125,-13.9963073795
,2024-10-26T16:28:14.002Z,-25.4258954002,28.3189912346,1132.3754888085,0.0,86.859235523,4.875,3.125,-14.0175476139
,2024-10-26T16:28:15.002Z,-25.4258954002,28.3189912346,1132.3754888085,0.0,86.859235523,4.875,3.125,-14.0280456608
,2024-10-26T16:28:16.002Z,-25.4258954002,28.3189912346,1132.3754888085,0.0,86.859235523,4.875,3.125,-14.0332946842
,2024-10-26T16:28:17.002Z,-25.4258954002,28.3189912346,1132.3754888085,0.0,86.859235523,4.875,3.125,-14.0439148014
,2024-10-26T16:28:18.002Z,-25.4258954002,28.3189912346,1132.3754888085,0.0,86.859235523,4.875,3.125,-14.059783942
,2024-10-26T16:28:19.002Z,-25.4258954002,28.3189912346,1132.3754888085,0.0,86.859235523,4.875,3.125,-14.059783942
,2024-10-26T16:28:20.002Z,-25.4258954002,28.3189912346,1132.3754888085,0.0,86.859235523,4.875,3.125,-14.0545349186
,2024-10-26T16:28:21.002Z,-25.4258954002,28.3189912346,1132.3754888085,0.0,86.859235523,4.875,3.125,-14.0439148014
,2024-10-26T16:28:22.002Z,-25.4258954002,28.3189912346,1132.3754888085,0.0,86.859235523,4.875,3.125,-14.0359802311
,2024-10-26T16:28:23.002Z,-25.4258954002,28.3189912346,1132.3754888085,0.0,86.859235523,4.875,3.125,-14.0096130436
,2024-10-26T16:28:24.002Z,-25.4258954002,28.3189912346,1132.3754888085,0.0,86.859235523,4.875,3.125,-13.993743903
,2024-10-26T16:28:25.001Z,-25.4258954002,28.3189912346,1132.3754888085,0.0,86.859235523,4.875,3.125,-13.9883728092
,2024-10-26T16:28:26.001Z,-25.4258954002,28.3189912346,1132.3754888085,0.0,86.859235523,4.875,3.125,-13.9883728092
,2024-10-26T16:28:27.001Z,-25.4258954002,28.3189912346,1132.3754888085,0.0,86.859235523,4.875,3.125,-13.9989929264
,2024-10-26T16:28:28.001Z,-25.4258954002,28.3189912346,1132.3754888085,0.0,86.859235523,4.875,3.125,-14.0016784733
,2024-10-26T16:28:29.001Z,-25.4258954002,28.3189912346,1132.3754888085,0.0,86.859235523,4.875,3.125,-14.0069274967
,2024-10-26T16:28:30.001Z,-25.4258954002,28.3189912346,1132.3754888085,0.0,86.859235523,4.875,3.125,-14.0069274967
,2024-10-26T16:28:31.001Z,-25.4258954002,28.3189912346,1132.3754888085,0.0,86.859235523,4.875,3.125,-13.9858093326
,2024-10-26T16:28:32.001Z,-25.4258954002,28.3189912346,1132.3754888085,0.0,86.859235523,4.875,3.125,-13.9778747623
,2024-10-26T16:28:33.001Z,-25.4258954002,28.3189912346,1132.3754888085,0.0,86.859235523,4.875,3.125,-13.9751892154
,2024-10-26T16:28:34.001Z,-25.4258954002,28.3189912346,1132.3754888085,0.0,86.859235523,4.875,3.125,-13.9646911686
,2024-10-26T16:28:35.001Z,-25.4258954002,28.3189912346,1132.3754888085,0.0,86.859235523,4.875,3.125,-13.9646911686
,2024-10-26T16:28:36.001Z,-25.4258954002,28.3189912346,1132.3754888085,0.0,86.859235523,4.8125,3.125,-13.9778747623
,2024-10-26T16:28:37.001Z,-25.4258954002,28.3189912346,1132.3754888085,0.0,86.859235523,4.8125,3.1875,-13.9778747623
,2024-10-26T16:28:38.001Z,-25.4258954002,28.3189912346,1132.3754888085,0.0,86.859235523,4.8125,3.1875,-13.9778747623
,2024-10-26T16:28:39.001Z,-25.4258954002,28.3189912346,1132.3754888085,0.0,86.859235523,4.8125,3.1875,-13.9726257389
,2024-10-26T16:28:40.001Z,-25.4258954002,28.3189912346,1132.3754888085,0.0,86.859235523,4.8125,3.1875,-13.9778747623
,2024-10-26T16:28:41.001Z,-25.4258954002,28.3189912346,1132.3754888085,0.0,86.859235523,4.8125,3.1875,-13.9805603092
,2024-10-26T16:28:42.001Z,-25.4258954002,28.3189912346,1132.3754888085,0.0,86.859235523,4.8125,3.1875,-14.0121765201
,2024-10-26T16:28:43.001Z,-25.4258954002,28.3189912346,1132.3754888085,0.0,86.859235523,4.8125,3.1875,-14.0307312077
,2024-10-26T16:28:44.001Z,-25.4258954002,28.3189912346,1132.3754888085,0.0,86.859235523,4.8125,3.1875,-14.0545349186
,2024-10-26T16:28:45.001Z,-25.4258954002,28.3189912346,1132.3754888085,0.0,86.859235523,4.8125,3.1875,-14.059783942
,2024-10-26T16:28:46.001Z,-25.4258954002,28.3189912346,1132.3754888085,0.0,86.859235523,4.8125,3.1875,-14.0570983952
,2024-10-26T16:28:47.001Z,-25.4258954002,28.3189912346,1132.3754888085,0.0,86.859235523,4.8125,3.1875,-14.0570983952
,2024-10-26T16:28:48.001Z,-25.4258954002,28.3189912346,1132.3754888085,0.0,86.859235523,4.8125,3.1875,-14.038665778
,2024-10-26T16:28:49.001Z,-25.4258954002,28.3189912346,1132.3754888085,0.0,86.859235523,4.8125,3.1875,-14.038665778
,2024-10-26T16:28:50.001Z,-25.4258954002,28.3189912346,1132.3754888085,0.0,86.859235523,4.8125,3.1875,-14.0280456608
,2024-10-26T16:28:51.001Z,-25.4258954002,28.3189912346,1132.3754888085,0.0,86.859235523,4.8125,3.1875,-13.9989929264
,2024-10-26T16:28:52.001Z,-25.4258954002,28.3189912346,1132.3754888085,0.0,86.859235523,4.8125,3.1875,-13.9620056217
,2024-10-26T16:28:53.001Z,-25.4258954002,28.3189912346,1132.3754888085,0.0,86.859235523,4.8125,3.1875,-13.9461364811
,2024-10-26T16:28:54.001Z,-25.4258954002,28.3189912346,1132.3754888085,0.0,86.859235523,4.8125,3.1875,-13.9356384342
,2024-10-26T16:28:55.001Z,-25.4258954002,28.3189912346,1132.3754888085,0.0,86.859235523,4.8125,3.1875,-13.9143981998
,2024-10-26T16:28:56.000Z,-25.4258954002,28.3189912346,1132.3754888085,0.0,86.859235523,4.8125,3.1875,-13.9143981998
,2024-10-26T16:28:57.000Z,-25.4258954002,28.3189912346,1132.3754888085,0.0,86.859235523,4.8125,3.1875,-13.9356384342
,2024-10-26T16:28:58.000Z,-25.4258954002,28.3189912346,1132.3754888085,0.0,86.859235523,4.8125,3.1875,-13.9646911686
,2024-10-26T16:28:59.000Z,-25.4258954002,28.3189912346,1132.3754888085,0.0,86.859235523,4.8125,3.1875,-13.969940192
,2024-10-26T16:29:00.000Z,-25.4258954002,28.3189912346,1132.3754888085,0.0,86.859235523,4.8125,3.1875,-14.0016784733
,2024-10-26T16:29:01.000Z,-25.4258954002,28.3189912346,1132.3754888085,0.0,86.859235523,4.8125,3.1875,-14.0201110905
,2024-10-26T16:29:02.000Z,-25.4258954002,28.3189912346,1132.3754888085,0.0,86.859235523,4.8125,3.1875,-14.0227966373
,2024-10-26T16:29:03.000Z,-25.4258954002,28.3189912346,1132.3754888085,0.0,86.859235523,4.8125,3.1875,-14.0254821842
,2024-10-26T16:29:04.000Z,-25.4258954002,28.3189912346,1132.3754888085,0.0,86.859235523,4.8125,3.1875,-14.0332946842
,2024-10-26T16:29:05.000Z,-25.4258954002,28.3189912346,1132.3754888085,0.0,86.859235523,4.8125,3.1875,-14.0466003483
,2024-10-26T16:29:06.000Z,-25.4258954002,28.3189912346,1132.3754888085,0.0,86.859235523,4.8125,3.1875,-14.0782165592
,2024-10-26T16:29:07.000Z,-25.4258954002,28.3189912346,1132.3754888085,0.0,86.859235523,4.8125,3.1875,-14.1099548405
,2024-10-26T16:29:08.000Z,-25.4258954002,28.3189912346,1132.3754888085,0.0,86.859235523,4.8125,3.1875,-14.1469421452
,2024-10-26T16:29:09.000Z,-25.4258954002,28.3189912346,1132.3754888085,0.0,86.859235523,4.8125,3.1875,-14.1496276921
,2024-10-26T16:29:10.000Z,-25.4258954002,28.3189912346,1132.3754888085,0.0,86.859235523,4.8125,3.1875,-14.1496276921
,2024-10-26T16:29:11.000Z,-25.4258954002,28.3189912346,1132.3754888085,0.0,86.859235523,4.8125,3.1875,-14.0466003483
,2024-10-26T16:29:12.000Z,-25.4258954002,28.3189912346,1132.3754888085,0.0,86.859235523,4.8125,3.1875,-14.0227966373
,2024-10-26T16:29:13.000Z,-25.4258954002,28.3189912346,1132.3754888085,0.0,86.859235523,4.8125,3.1875,-13.9567565982
,2024-10-26T16:29:14.000Z,-25.4258954002,28.3189912346,1132.3754888085,0.0,86.859235523,4.8125,3.1875,-13.9488220279
,2024-10-26T16:29:15.000Z,-25.4258954002,28.3189912346,1132.3754888085,0.0,86.859235523,4.8125,3.1875,-13.9488220279
,2024-10-26T16:29:16.000Z,-25.4258954002,28.3189912346,1132.3754888085,0.0,86.859235523,4.8125,3.1875,-13.9540710514
,2024-10-26T16:29:17.000Z,-25.4258954002,28.3189912346,1132.3754888085,0.0,86.859235523,4.8125,3.1875,-13.9540710514
,2024-10-26T16:29:18.000Z,-25.4258682009,28.3190037236,1132.7079473048,0.123840332,86.859235523,4.8125,3.1875,-13.9408874576
,2024-10-26T16:29:19.000Z,-25.4258677818,28.3190033883,1132.7712712794,0.0,86.859235523,4.875,3.125,-13.9223327701
,2024-10-26T16:29:20.000Z,-25.4258621659,28.3190122731,1132.4781804589,0.2878723145,86.859235523,5.0,2.875,-13.9064636295
,2024-10-26T16:29:21.000Z,-25.4258626688,28.3190140333,1132.9795537502,0.0,86.859235523,5.4375,2.1875,-13.8615417545
,2024-10-26T16:29:22.000Z,-25.4258653929,28.3190110158,1132.6626897364,0.0,86.859235523,5.25,2.4375,-13.8167419497
,2024-10-26T16:29:23.000Z,-25.4258653929,28.3190110158,1132.6626897364,0.0,86.859235523,5.1875,2.5,-13.7453308169
,2024-10-26T16:29:24.000Z,-25.4258626269,28.3190180566,1132.5719914941,0.2990264893,86.859235523,5.6875,2.0625,-13.7189636294
,2024-10-26T16:29:25.000Z,-25.4258591903,28.3190166317,1132.9608769924,0.3277282715,86.859235523,6.0625,1.9375,-13.6792907778
,2024-10-26T16:29:26.000Z,-25.4258664407,28.3190222476,1132.9216008693,0.4976654053,86.859235523,6.4375,1.8125,-13.5841980043
,2024-10-26T16:29:26.999Z,-25.4258814024,28.3190534283,1132.9009099513,1.4732208255,100.3286793316,6.0625,2.125,-13.4414978089
,2024-10-26T16:29:27.999Z,-25.4258881917,28.319092907,1132.4763494043,2.3737945562,103.1522087434,5.375,2.4375,-13.3991394105
,2024-10-26T16:29:28.999Z,-25.425892676,28.3191278596,1132.8376775294,3.1403961188,104.3717097734,5.125,2.6875,-13.2749939026
,2024-10-26T16:29:29.999Z,-25.4259061709,28.319164237,1132.0946660545,3.9377899179,107.7006179903,5.0625,2.8125,-13.1824646057
,2024-10-26T16:29:30.999Z,-25.4259234376,28.3192048893,1132.383698037,4.3486938486,110.9910734721,5.0625,2.8125,-13.1824646057
,2024-10-26T16:29:31.999Z,-25.4259417521,28.3192273528,1132.067352822,3.8908538827,114.7429617761,5.0625,2.75,-13.2406921448
,2024-10-26T16:29:32.999Z,-25.4259405367,28.3192496486,1131.2392888568,3.310165406,106.0910963607,5.0625,2.8125,-13.2802429261
,2024-10-26T16:29:33.999Z,-25.4259473261,28.3192895465,1132.1211858299,3.4983673103,100.9933623254,5.0,2.8125,-13.3305358948
,2024-10-26T16:29:34.999Z,-25.4259516427,28.3193341382,1132.7766728907,3.9875946054,99.7244220645,5.0,2.875,-13.3305358948
,2024-10-26T16:29:35.999Z,-25.4259611562,28.3193752095,1133.0203557522,4.307647706,100.498970016,5.0,2.9375,-13.2511901917
,2024-10-26T16:29:36.999Z,-25.4259684484,28.3194192145,1132.9323735744,4.2930145273,100.312199588,5.0,2.9375,-13.145477301
,2024-10-26T16:29:37.999Z,-25.4259785486,28.3194639739,1133.0296636135,4.3560333262,101.9601739528,5.0,2.9375,-12.9659118712
,2024-10-26T16:29:38.999Z,-25.4259831168,28.3195061349,1132.9269719631,4.3585815439,100.8450446326,4.9375,3.0,-12.8178405821
,2024-10-26T16:29:39.999Z,-25.4259919178,28.319545446,1133.1783147366,4.1973571787,102.652323186,4.9375,3.0,-12.7016296445
,2024-10-26T16:29:40.999Z,-25.4259981623,28.3195778001,1134.0254521882,3.9176788339,103.4872968642,4.9375,3.0,-12.561614996
,2024-10-26T16:29:41.999Z,-25.4260050774,28.3196193744,1133.8114018951,4.1496734628,100.449530785,4.9375,3.0,-12.4585876522
,2024-10-26T16:29:42.999Z,-25.4260137945,28.3196609486,1134.3878484286,4.2556304941,102.3062485694,4.9375,3.0,-12.3713073788
,2024-10-26T16:29:43.999Z,-25.4260190332,28.3197000921,1134.5056157626,4.2039489755,101.9107347219,4.9375,3.0,-12.2392273006
,2024-10-26T16:29:44.999Z,-25.4260363838,28.3197438456,1133.4392400297,4.2001800546,104.7232776379,4.9375,3.0,-12.1652526912
,2024-10-26T16:29:45.999Z,-25.42604552,28.3197722603,1134.0215154206,3.8322601327,105.6791027695,4.9375,3.0,-12.1071472224
,2024-10-26T16:29:46.999Z,-25.4260521837,28.3198090568,1134.3914800204,3.8141326913,100.872510872,4.9375,3.0,-12.040985113
,2024-10-26T16:29:47.999Z,-25.4260629544,28.3198477812,1134.0738225495,4.0475616464,100.6308079652,4.9375,3.0,-11.9908142145
,2024-10-26T16:29:48.999Z,-25.4260750663,28.3198929597,1134.5439153232,4.5097351084,101.4932478828,4.9375,3.0,-11.8666687066
,2024-10-26T16:29:49.999Z,-25.4260873457,28.3199353721,1134.0398870026,4.7051239024,104.8661020828,4.9375,3.0,-11.7450866753
,2024-10-26T16:29:50.999Z,-25.4260980746,28.3199923691,1134.6821599522,5.2806701672,102.7457084,4.875,3.0625,-11.5812683159
,2024-10-26T16:29:51.999Z,-25.4261057021,28.3200430796,1134.6256413974,5.3345642102,100.0595101853,4.875,3.0625,-11.4201355033
,2024-10-26T16:29:52.999Z,-25.4261230107,28.3200842347,1134.3816228426,5.0806884777,105.3440146486,4.875,3.0625,-11.2774353079
,2024-10-26T16:29:53.999Z,-25.4261326918,28.3201300837,1134.1176763093,4.9699707042,103.7344930189,4.9375,3.0625,-11.2774353079
,2024-10-26T16:29:54.999Z,-25.4261406546,28.3201767709,1134.6588445225,4.8570098888,102.4930189974,4.875,3.0625,-11.2747497611
,2024-10-26T16:29:55.999Z,-25.4261501681,28.3202189319,1134.9487309972,4.6717529307,102.3831540398,4.875,3.0625,-11.2853698783
,2024-10-26T16:29:56.999Z,-25.4261557421,28.3202654515,1135.1565557043,4.6694030772,99.7518883039,4.875,3.0625,-
,2024-10-26T16:29:57.998Z,-25.4261580052,28.3203067743,1135.352692179,4.4111175547,97.0492103456,4.9375,3.0625,-11.3382263236
,2024-10-26T16:29:58.998Z,-25.426166429,28.3203492705,1135.190582804,4.3635864267,96.0219729915,4.9375,3.0,-11.3382263236
,2024-10-26T16:29:59.998Z,-25.4261707457,28.3203936108,1135.6576543374,4.3431396494,92.6381322957,4.9375,3.0,-11.2774353079
,2024-10-26T16:30:00.998Z,-25.4261495814,28.3204323352,1135.8949285074,4.192199708,76.8230716411,4.9375,3.0,-11.1744079641
,2024-10-26T16:30:02.002Z,-25.4261134973,28.3204690479,1135.8699651285,4.3025665293,57.2671091783,4.9375,3.0,-11.0580749563
,2024-10-26T16:30:03.002Z,-25.4260692408,28.3204881586,1135.8166204019,4.2717895517,33.4264133669,4.875,3.0625,-10.9021911671
,2024-10-26T16:30:04.002Z,-25.4260183208,28.3204874881,1136.0851750895,4.7204284678,13.826504921,4.875,3.0625,-10.7780456593
,2024-10-26T16:30:05.002Z,-25.4259617848,28.3204977978,1135.8203435464,5.4915008557,9.6626230258,4.875,3.0625,-10.7093200733
,2024-10-26T16:30:06.002Z,-25.4259013513,28.3205065988,1135.7445073648,6.1576690688,7.8168917372,4.875,3.125,-10.5137634326
,2024-10-26T16:30:07.002Z,-25.4258410854,28.3205164895,1136.2008061931,6.4784088149,7.5971618219,4.875,3.125,-10.4266052294
,2024-10-26T16:30:08.001Z,-25.4257873155,28.3205280565,1135.5857244057,6.3316040053,8.3607232776,4.875,3.125,-10.3896179247
,2024-10-26T16:30:09.002Z,-25.4257375689,28.3205490951,1135.2563787024,5.9146881117,13.4749370565,4.875,3.125,-10.3896179247
,2024-10-26T16:30:10.002Z,-25.4256915523,28.3205634281,1135.4039311927,5.560852052,14.9800869764,4.875,3.125,-10.4318542529
,2024-10-26T16:30:11.001Z,-25.4256524088,28.3205806948,1135.3081365149,5.1384887707,17.6552986953,4.875,3.125,-10.542816167
,2024-10-26T16:30:12.002Z,-25.4256228207,28.3205970396,1135.4394841713,4.533203126,18.792401007,4.875,3.125,-
,2024-10-26T16:30:13.002Z,-25.4255926039,28.3206095286,1135.2284551184,4.2158050546,17.5728999771,4.875,3.125,-10.5983581592
,2024-10-26T16:30:14.002Z,-25.4255519517,28.3206205089,1135.1227117102,4.353149415,13.8100251773,4.875,3.0625,-
,2024-10-26T16:30:15.002Z,-25.4255123891,28.3206163179,1135.7351079507,4.3946685801,4.9988555733,4.875,3.0625,-10.4794616748
,2024-10-26T16:30:16.002Z,-25.425475383,28.3206177429,1136.3623052166,4.4711914072,3.609063859,4.875,3.125,-
,2024-10-26T16:30:17.002Z,-25.4254278576,28.3206229396,1136.0092473551,4.8879241954,6.5973907072,4.8125,3.125,-10.1543884324
,2024-10-26T16:30:18.002Z,-25.4253811285,28.3206395358,1136.0446782633,5.301086427,11.8379491874,4.8125,3.125,-
,2024-10-26T16:30:19.002Z,-25.4253318429,28.3206551261,1136.5000615643,5.5228118909,13.6726939803,4.875,3.125,-9.845306401
,2024-10-26T16:30:20.002Z,-25.425280839,28.3206706327,1136.4225163983,5.7722625745,14.4307621881,4.875,3.125,-9.6708679244
,2024-10-26T16:30:21.002Z,-25.4252287874,28.3206893243,1136.3929143475,5.9678802504,15.3481345845,4.875,3.125,-9.5492858931
,2024-10-26T16:30:22.002Z,-25.4251823936,28.3206956946,1136.2945561931,5.6668090833,13.5573357747,4.875,3.125,-9.4621276899
,2024-10-26T16:30:23.002Z,-25.425136335,28.3207114525,1136.5806584882,5.4127197278,14.903181506,4.875,3.0625,-
,2024-10-26T16:30:24.002Z,-25.4250829842,28.3207272105,1136.7709050703,5.4482421887,15.8974593728,4.875,3.0625,-9.3854675336
,2024-10-26T16:30:25.002Z,-25.4250321899,28.3207453154,1136.2742314861,5.54638672,18.089265278,4.875,3.0625,-9.2956237836
,2024-10-26T16:30:26.002Z,-25.4249962315,28.3207565472,1136.7062078047,4.9714508068,17.5893797207,4.875,3.0625,-9.2375183148
,2024-10-26T16:30:27.002Z,-25.4249505082,28.3207688686,1136.9814458419,5.1137084972,14.480201419,4.875,3.0625,-9.2322692914
,2024-10-26T16:30:28.002Z,-25.4248995882,28.3207724728,1137.1831670334,5.4974365247,8.9759670405,4.875,3.0625,-9.1556091351
,2024-10-26T16:30:29.002Z,-25.4248470755,28.3207728919,1137.3562627366,5.8145904554,4.7956054016,4.875,3.0625,-9.0129089397
,2024-10-26T16:30:30.001Z,-25.424798209,28.3207728919,1137.5724492601,6.002120973,2.5104142824,4.875,3.125,-8.8808288615
,2024-10-26T16:30:31.001Z,-25.4247448582,28.3207858,1137.4463506273,6.1961059584,6.2952620737,4.8125,3.125,-8.6562194864
,2024-10-26T16:30:32.001Z,-25.4246840056,28.3207963612,1137.5889287523,6.4391326919,9.701075761,4.8125,3.125,-8.5346374551
,2024-10-26T16:30:33.001Z,-25.4246257933,28.3208030667,1137.308777385,6.4849395767,10.2558937972,4.8125,3.125,-8.378753666
,2024-10-26T16:30:34.001Z,-25.4245716881,28.3208139632,1137.8425908618,6.3601684585,11.0853742275,4.875,3.125,-8.1858825721
,2024-10-26T16:30:35.001Z,-25.4245115899,28.3208246082,1137.0206304122,6.6159362808,11.5358205539,4.875,3.125,-8.1462097205
,2024-10-26T16:30:36.001Z,-25.4244602926,28.3208350856,1136.3754582928,6.3151245131,11.8434424353,4.875,3.125,-8.1066589393
,2024-10-26T16:30:37.001Z,-25.4244046368,28.320837684,1138.1823735768,6.1553955092,7.8059052414,4.875,3.0625,-8.098724369
,2024-10-26T16:30:38.001Z,-25.4243576562,28.3208396118,1137.4512334398,5.7200317396,5.1691462577,4.9375,2.9375,-
,2024-10-26T16:30:39.001Z,-25.424317926,28.3208407853,1138.633331829,5.2760314953,2.5104142824,5.125,2.6875,-8.098724369
,2024-10-26T16:30:40.001Z,-25.4242678022,28.3208540287,1137.6640019946,5.562881471,5.2130922407,5.3125,2.5625,-8.1092224158
,2024-10-26T16:30:41.001Z,-25.4242024653,28.3208793421,1138.3188481863,6.2345123305,10.9919890135,5.0625,2.75,-8.1092224158
,2024-10-26T16:30:42.001Z,-25.4241276568,28.3209073376,1138.5130925711,7.0526428239,14.156099794,5.0,2.875,-7.8634948767
,2024-10-26T16:30:43.001Z,-25.4240545666,28.3209251073,1138.5130925711,7.531372072,13.4419775692,5.0,2.9375,-7.7366638219
,2024-10-26T16:30:44.001Z,-25.4239836976,28.3209419549,1138.7926030693,7.2608184831,13.5078965438,4.9375,3.0,-
,2024-10-26T16:30:45.001Z,-25.4239149241,28.3209463135,1139.8498845639,7.1705932633,8.9210345616,4.9375,3.0,-7.6838073766
,2024-10-26T16:30:46.001Z,-25.4238433845,28.3209606465,1139.7173467221,7.375122072,9.8988326848,4.9375,3.0,-7.3826599155
,2024-10-26T16:30:47.001Z,-25.4237758264,28.3209753149,1139.1548162042,7.4824066179,10.0581368734,4.9375,3.0625,-7.0285339388
,2024-10-26T16:30:48.001Z,-25.4237069691,28.3209976107,1138.7947392998,7.5805816668,13.1508354314,4.875,3.0625,-6.7986755402
,2024-10-26T16:30:49.001Z,-25.4236351362,28.3210125305,1139.0392766534,7.7376556414,12.09063859,4.875,3.0625,-6.6031188995
,2024-10-26T16:30:50.001Z,-25.4235617526,28.3210270312,1139.0557866632,8.0193634051,11.2336919203,4.875,3.0625,-6.5159606963
,2024-10-26T16:30:51.001Z,-25.423492099,28.3210401908,1138.7702642021,8.0032501239,9.6021972991,4.875,3.0625,-6.5159606963
,2024-10-26T16:30:52.001Z,-25.4234245408,28.3210575413,1139.4502263606,7.6655731219,10.6349279011,4.9375,3.0625,-6.6427917511
,2024-10-26T16:30:53.001Z,-25.4233519536,28.3210737184,1139.5322881282,7.8362884539,12.0082398718,4.875,3.0625,-6.6427917511
,2024-10-26T16:30:54.001Z,-25.423284102,28.3210840281,1138.8481145439,7.708023073,10.5305561913,4.875,3.0625,-6.5688171417
,2024-10-26T16:30:55.001Z,-25.4232166277,28.3210950084,1138.4598699149,7.6646118181,8.9649805447,4.875,3.125,-6.4499206573
,2024-10-26T16:30:56.001Z,-25.4231483571,28.3211166337,1139.3345037043,7.7803344744,10.6349279011,4.875,3.125,-6.3785095244
,2024-10-26T16:30:57.001Z,-25.4230815953,28.3211264406,1139.9972844663,7.7031402605,9.2121766994,4.875,3.125,-6.2041931181
,2024-10-26T16:30:58.001Z,-25.4230144562,28.3211412765,1139.9794011656,7.6334228533,10.7832455939,4.8125,3.125,-5.8897399929
,2024-10-26T16:30:59.001Z,-25.4229444673,28.3211587947,1138.821564251,7.7488861102,12.8047608148,4.8125,3.125,-5.7497253444
,2024-10-26T16:31:00.001Z,-25.4228850396,28.3211779055,1139.3996587336,7.4432220476,14.9581139848,4.875,3.125,-5.6889343288
,2024-10-26T16:31:01.001Z,-25.4228345806,28.321194334,1139.7088933529,6.9436950699,16.0842298008,4.875,3.125,-5.5356140162
,2024-10-26T16:31:02.000Z,-25.4227884801,28.3212178871,1139.8669438901,6.3916473403,17.8365758754,4.875,3.125,-5.4960632349
,2024-10-26T16:31:03.000Z,-25.4227277113,28.3212319687,1139.9345098081,6.4315795913,12.8047608148,4.875,3.125,-5.4960632349
,2024-10-26T16:31:04.000Z,-25.4226557108,28.3212369979,1140.5678716248,7.0047302262,7.9267566948,4.8125,3.125,-5.4960632349
,2024-10-26T16:31:05.000Z,-25.4225814052,28.321243871,1141.3468022892,7.6276855486,7.3005264362,4.875,3.125,-5.4511413599
,2024-10-26T16:31:06.000Z,-25.422512003,28.321255019,1141.2517400333,7.8759460467,7.6356145571,4.875,3.125,-5.3163757348
,2024-10-26T16:31:07.000Z,-25.4224370269,28.321279997,1141.1406255313,8.147048952,11.3105973907,4.875,3.125,-5.0758972191
,2024-10-26T16:31:08.000Z,-25.4223699717,28.3212954197,1140.7973638124,8.1336975116,11.7500572213,4.8125,3.1875,-4.9305114769
,2024-10-26T16:31:09.000Z,-25.4223048862,28.3213121835,1141.9300847602,7.8547515887,12.0192263675,4.875,3.125,-4.7587585471
,2024-10-26T16:31:10.000Z,-25.4222391721,28.3213233315,1142.1243291451,7.7657623309,11.4314488441,4.875,3.0625,-4.5395202657
,2024-10-26T16:31:11.000Z,-25.4221741285,28.3213400115,1141.7608342719,7.7241516131,11.9313344014,4.875,3.0625,-4.3941345235
,2024-10-26T16:31:12.000Z,-25.4221052293,28.3213587031,1141.756409223,7.7922668475,12.3048752574,4.875,3.0625,-4.3598327657
,2024-10-26T16:31:13.000Z,-25.4220323067,28.3213738743,1141.3467107365,7.9930114764,11.0524147402,4.9375,3.0625,-4.2250671406
,2024-10-26T16:31:14.000Z,-25.4219611863,28.3213913925,1141.2804570744,8.1092834491,10.8546578164,4.9375,3.0625,-4.0031433124
,2024-10-26T16:31:15.000Z,-25.421887677,28.3214058094,1141.2846379826,8.0226593036,10.9480430304,4.875,3.0625,-3.8234558123
,2024-10-26T16:31:16.000Z,-25.4218145449,28.3214209806,1141.6502385687,8.0706939716,11.1567864499,4.875,3.0625,-3.7150573747
,2024-10-26T16:31:17.000Z,-25.4217469029,28.3214320448,1141.9333501411,7.8667297381,10.7557793545,4.875,3.0625,-3.5961608903
,2024-10-26T16:31:18.000Z,-25.421674609,28.3214493115,1142.1737676217,7.9477996844,11.1183337148,4.875,3.0625,-3.4139099136
,2024-10-26T16:31:19.000Z,-25.4216022313,28.3214633931,1141.6590276312,7.8509521502,10.2888532845,4.9375,3.0625,-3.308197023
,2024-10-26T16:31:20.000Z,-25.4215342121,28.3214706853,1141.551758344,7.6741943377,8.2563515678,4.9375,2.9375,-3.2474060073
,2024-10-26T16:31:21.000Z,-25.42146942,28.3214869462,1142.0415654732,7.6397247332,9.8988326848,5.0,2.875,-3.1918640151
,2024-10-26T16:31:22.000Z,-25.4214012332,28.3215014469,1143.2493901808,7.8042755145,10.261387045,5.0625,2.75,-3.1285095229
,2024-10-26T16:31:23.000Z,-25.4213279754,28.3215195518,1142.7586675243,8.1481018085,10.9755092698,5.125,2.6875,-2.914520265
,2024-10-26T16:31:24.000Z,-25.4212609621,28.3215376567,1142.2853093698,8.0916290302,11.6566720073,5.25,2.5,-2.7373962415
,2024-10-26T16:31:25.000Z,-25.4211924819,28.3215530794,1142.9772344189,8.01199341,11.7006179903,5.4375,2.375,-2.5234069835
,2024-10-26T16:31:26.000Z,-25.4211247562,28.3215725255,1142.5106511667,7.9050445575,12.2993820096,5.6875,2.3125,-2.293548585
,2024-10-26T16:31:27.000Z,-25.4210561084,28.3215912171,1142.6702275828,7.8772888201,12.3048752574,5.8125,2.1875,-2.293548585
,2024-10-26T16:31:28.000Z,-25.420983563,28.3216031194,1143.4709783156,8.060821535,11.5138475623,5.8125,2.125,-2.3464050303
,2024-10-26T16:31:29.000Z,-25.4209116882,28.3216154408,1143.386383589,8.1446990985,11.0249485008,5.8125,2.125,-2.504852296
,2024-10-26T16:31:30.000Z,-25.4208447168,28.3216280975,1142.7326665477,8.0463714618,10.5140764476,5.9375,2.0625,-2.6554870617
,2024-10-26T16:31:31.000Z,-25.4207790026,28.3216444422,1142.3542485788,8.1232910175,10.2119478141,5.875,2.0625,-2.800872804
,2024-10-26T16:31:32.000Z,-25.4207145458,28.321656093,1142.616394575,8.1017456073,9.8164339665,5.9375,2.0625,-2.8351745618
,2024-10-26T16:31:32.999Z,-25.4206484964,28.3216689173,1142.9538884716,8.1603088397,9.6131837949,6.0,2.0625,-2.8827819837
,2024-10-26T16:31:33.999Z,-25.4205817765,28.3216818255,1143.0385442334,8.2114105243,9.7889677271,6.0625,2.0625,-2.8827819837
,2024-10-26T16:31:34.999Z,-25.4205093987,28.3217041213,1143.2381902296,8.3408050556,10.777752346,5.9375,2.0625,-2.845794679
,2024-10-26T16:31:35.999Z,-25.420437021,28.3217202984,1143.1553960401,8.4476776142,10.9480430304,5.9375,2.0,-2.777069093
,2024-10-26T16:31:36.999Z,-25.4203680379,28.3217399121,1143.077637251,8.4225311298,11.2062256809,6.0,2.0,-2.7268981946
,2024-10-26T16:31:37.999Z,-25.4202978814,28.3217531555,1143.265503462,8.3813934345,9.5307850766,5.9375,2.0,-2.6740417492
,2024-10-26T16:31:38.999Z,-25.4202272639,28.3217705898,1143.2166143018,8.1361846942,9.6461432822,5.8125,2.0625,-2.6316833508
,2024-10-26T16:31:39.999Z,-25.4201567721,28.3217845038,1143.0836186963,7.7910614031,10.0910963607,5.6875,2.125,-2.6159362805
,2024-10-26T16:31:40.999Z,-25.4200967995,28.3217961546,1142.8322759227,7.1528015153,10.6349279011,5.6875,2.125,-2.6159362805
,2024-10-26T16:31:41.999Z,-25.4200331809,28.3218068835,1142.6358953074,7.1859893815,10.6294346532,5.8125,2.0625,-2.6026306164
,2024-10-26T16:31:42.999Z,-25.419967844,28.3218217194,1142.9935613232,7.5222167986,10.4591439688,5.875,2.0625,-2.6000671398
,2024-10-26T16:31:43.999Z,-25.4198976036,28.321836723,1142.9361882763,7.9392547625,9.5417715724,5.9375,2.0,-2.5524597179
,2024-10-26T16:31:44.999Z,-25.4198297521,28.3218521457,1142.8081060009,8.0212097186,9.5527580682,5.9375,2.0,-2.5497741711
,2024-10-26T16:31:45.999Z,-25.4197619844,28.3218715918,1143.227814253,7.9371337909,12.0247196154,6.0625,2.0,-2.5497741711
,2024-10-26T16:31:46.999Z,-25.4196914088,28.321888607,1143.5963750442,7.929672243,12.6234836346,6.25,1.875,-2.5313415539
,2024-10-26T16:31:47.999Z,-25.4196235154,28.3219114896,1143.7652898392,7.8583221453,12.4037537193,6.3125,1.875,-2.4653015148
,2024-10-26T16:31:48.999Z,-25.4195566697,28.321934456,1143.7992559037,7.7968292254,11.9533073929,6.3125,1.875,-2.4414978038
,2024-10-26T16:31:49.999Z,-25.4194855073,28.3219519742,1143.5528264602,7.7220001238,10.6678873884,6.375,1.875,-2.4414978038
,2024-10-26T16:31:50.999Z,-25.4194173206,28.3219645471,1143.7653203568,7.5618438738,9.6955825131,6.25,1.9375,-2.4757995616
,2024-10-26T16:31:51.999Z,-25.4193484213,28.321975695,1143.7918096146,7.5734100359,9.0803387502,6.125,1.9375,-2.4784851085
,2024-10-26T16:31:52.999Z,-25.4192762112,28.3219871782,1143.4507756789,7.6982879656,8.1794460975,6.1875,1.9375,-2.5445251476
,2024-10-26T16:31:53.999Z,-25.4192071863,28.3219938837,1143.4351506789,7.7403259295,5.9436942092,6.1875,1.9375,-2.6316833508
,2024-10-26T16:31:54.999Z,-25.4191346409,28.3219964821,1143.4521489699,7.6662292498,4.8834973678,6.125,2.0,-2.8113708509
,2024-10-26T16:31:55.999Z,-25.4190665798,28.3220114019,1143.4228826125,7.4241790788,12.9420920119,6.0625,2.0,-2.9170837415
,2024-10-26T16:31:56.999Z,-25.4189990636,28.322034955,1143.412140425,7.4174804704,17.0290684367,6.125,2.0,-3.0466003432
,2024-10-26T16:31:57.999Z,-25.4189283622,28.3220656328,1143.6871648392,7.7794799822,18.8143739986,6.0625,2.0,-3.0466003432
,2024-10-26T16:31:58.999Z,-25.4188566132,28.3220849112,1143.2796636183,8.0335388202,15.0350194552,6.0625,1.9375,-3.0016784681
,2024-10-26T16:31:59.999Z,-25.4187849479,28.3220981546,1143.3505864699,8.2137756366,10.2888532845,5.9375,2.0,-2.8642272962
,2024-10-26T16:32:00.999Z,-25.4187105166,28.322108632,1143.125092085,8.3494262714,8.3991760128,5.9375,2.0,-2.7507019055
,2024-10-26T16:32:01.999Z,-25.418634828,28.3221227974,1143.18954521,8.3549194355,8.7946898603,5.875,2.0,-2.6978454602
,2024-10-26T16:32:02.999Z,-25.4185601871,28.3221361246,1143.1306157666,8.3769226093,11.2172121766,5.9375,2.0,-2.6978454602
,2024-10-26T16:32:03.998Z,-25.4184822354,28.3221562412,1143.0090642529,8.5947265645,12.9256122682,6.0625,1.9375,-2.6978454602
,2024-10-26T16:32:04.998Z,-25.4184096063,28.3221820575,1142.8526921825,8.6950836201,14.5955596246,6.0,1.9375,-2.6978454602
,2024-10-26T16:32:05.998Z,-25.4183356779,28.3222014196,1142.662476118,8.8442382833,14.3978027008,6.0625,1.875,-2.7400817883
,2024-10-26T16:32:06.998Z,-25.4182671139,28.3222187702,1142.5220037058,8.7953491231,13.8429846646,6.0625,1.9375,-2.8562927259
,2024-10-26T16:32:08.002Z,-25.4181964125,28.3222396411,1142.2499700143,8.8227844258,14.0846875715,6.0,1.9375,-2.9858093275
,2024-10-26T16:32:09.002Z,-25.4181213945,28.3222621046,1141.996796186,8.9987335226,14.200045777,5.9375,1.9375,-3.2580261245
,2024-10-26T16:32:10.002Z,-25.4180444067,28.3222844005,1141.6181340765,9.1813964865,12.8981460288,5.875,1.9375,-3.5512390153
,2024-10-26T16:32:11.002Z,-25.4179693468,28.3222991526,1141.4965825628,9.3378601095,9.9537651636,5.75,2.0,-3.8418884295
,2024-10-26T16:32:12.002Z,-25.417891437,28.3223010805,1141.2688909123,9.1718292257,7.8059052414,5.625,2.0625,-3.950286867
,2024-10-26T16:32:13.002Z,-25.41781315,28.3223108873,1141.0383916446,8.9838562032,7.3829251544,5.5625,2.125,-4.0347595233
,2024-10-26T16:32:14.002Z,-25.4177375872,28.3223241307,1140.7581182069,8.7247314473,8.2893110551,5.5625,2.125,-4.1801452656
,2024-10-26T16:32:15.002Z,-25.4176669696,28.3223386314,1140.7800603456,8.3641204853,9.7560082398,5.5625,2.125,-4.3307800313
,2024-10-26T16:32:16.002Z,-25.4175925802,28.3223569878,1140.6495671815,8.2563781757,11.1238269626,5.625,2.125,-4.4074401875
,2024-10-26T16:32:17.002Z,-25.4175202444,28.3223729134,1140.3877873962,8.235595705,10.8326848249,5.625,2.125,-4.5395202657
,2024-10-26T16:32:18.002Z,-25.4174494173,28.3223874141,1140.2889714782,8.1345977802,10.2284275577,5.625,2.0625,-4.7297058127
,2024-10-26T16:32:19.002Z,-25.4173792608,28.3224072792,1140.1383672301,8.1231842059,10.8052185854,5.625,2.0625,-4.9014587425
,2024-10-26T16:32:20.002Z,-25.4173114931,28.3224182595,1139.9371648374,7.8547973651,8.7122911421,5.6875,2.0625,-5.0943298363
,2024-10-26T16:32:21.002Z,-25.4172540352,28.322427731,1139.6882634701,6.6327819839,7.1796749828,5.8125,2.0,-5.3955993677
,2024-10-26T16:32:22.002Z,-25.4172056716,28.3224369511,1139.4998174251,5.5274658215,7.1796749828,6.125,1.875,-5.7708435085
,2024-10-26T16:32:23.002Z,-25.417163804,28.322442567,1139.3807073176,4.9051055919,6.2952620737,6.6875,1.625,-6.1354675321
,2024-10-26T16:32:24.002Z,-25.4171270074,28.3224480991,1139.0249639093,4.2837982187,6.3501945525,7.5,1.125,-6.508026126
,2024-10-26T16:32:25.002Z,-25.4170931026,28.3224552237,1138.9539189873,3.9349517831,6.8720531013,8.375,1.125,-6.8991394075
,2024-10-26T16:32:26.001Z,-25.4170592817,28.3224626836,1139.0173345147,3.8074188241,7.3829251544,9.25,1.1875,-7.2610778842
,2024-10-26T16:32:27.001Z,-25.4170222756,28.3224764299,1139.3652043879,4.2785186777,8.9265278095,10.0,1.125,-7.5306091343
,2024-10-26T16:32:28.001Z,-25.4169791926,28.3224860691,1139.3917851985,4.7121582042,9.8164339665,11.0625,1.125,-7.6891784703
,2024-10-26T16:32:29.001Z,-25.4169367801,28.3224966303,1139.1461797296,4.623336793,10.7942320897,12.0,1.125,-7.7102966344
,2024-10-26T16:32:30.001Z,-25.4169004027,28.3225086164,1139.1697087824,4.3623809824,11.5193408102,13.0,1.1875,-7.7472839391
,2024-10-26T16:32:31.001Z,-25.4168671684,28.3225173336,1139.1496892511,4.1622314462,11.4753948271,13.75,1.1875,-7.7552185094
,2024-10-26T16:32:32.001Z,-25.4168337246,28.3225268889,1139.0505376397,4.0015716562,11.343556878,14.75,1.1875,-7.8080749548
,2024-10-26T16:32:33.001Z,-25.4168050585,28.3225349356,1139.1788640558,3.8490295419,11.4204623483,15.625,1.1875,-7.9137878454
,2024-10-26T16:32:34.001Z,-25.4167845229,28.3225386236,1139.1052861749,3.6058807381,11.2501716639,16.6875,1.1875,-8.0881042518
,2024-10-26T16:32:35.001Z,-25.4167575331,28.3225451615,1139.1122136652,3.4601287849,11.5028610666,17.6875,1.1875,-8.1990661659
,2024-10-26T16:32:36.001Z,-25.416732136,28.3225477599,1139.118012005,2.7333221441,11.1457999542,18.8125,1.1875,-8.278411869
,2024-10-26T16:32:37.001Z,-25.4166984826,28.3225487657,1138.8203130303,2.6993865973,9.65163653,20.0625,1.1875,-8.3497009316
,2024-10-26T16:32:38.001Z,-25.416665877,28.3225571476,1138.8120427666,2.6903533941,9.7560082398,21.5625,1.1875,-8.4025573769
,2024-10-26T16:32:39.001Z,-25.4166349478,28.3225696367,1138.7353520927,2.6405334478,10.6459143968,22.375,1.1875,-8.5214538613
,2024-10-26T16:32:40.001Z,-25.4166032642,28.322581036,1138.8324590264,2.7586669928,11.3051041428,23.5,1.1875,-8.6112976114
,2024-10-26T16:32:41.001Z,-25.4165851593,28.3225867357,1138.69619804,2.7246093756,11.6511787594,24.9375,1.1875,-8.6905212442
,2024-10-26T16:32:42.001Z,-25.4165599717,28.3225930222,1138.6993413505,3.1582183845,11.8159761959,26.4375,1.1875,-8.7698669474
,2024-10-26T16:32:43.001Z,-25.4165345326,28.3226020746,1138.6915898857,3.633666993,12.233463035,27.875,1.1875,-8.8041687052
,2024-10-26T16:32:44.001Z,-25.4165333172,28.32259495,1138.644836956,3.718154908,11.7994964522,27.125,1.125,-8.8041687052
,2024-10-26T16:32:45.001Z,-25.4165506259,28.3225781862,1138.5765080985,3.5070037849,10.6074616617,22.625,1.125,-8.7539978068
,2024-10-26T16:32:46.001Z,-25.4165279947,28.3225801979,1138.4650273856,3.2506103523,10.074616617,20.125,1.125,-8.7011413614
,2024-10-26T16:32:47.001Z,-25.4165143741,28.3225927707,1138.4495549734,2.861877442,10.7942320897,18.875,1.125,-8.6773376505
,2024-10-26T16:32:48.001Z,-25.4165027233,28.3225962073,1138.4303594168,2.5778198248,11.1183337148,18.3125,1.125,-8.6773376505
,2024-10-26T16:32:49.001Z,-25.4164949281,28.3226067685,1138.3934026297,2.392471314,12.1895170519,18.0625,1.125,-8.6852722208
,2024-10-26T16:32:50.001Z,-25.4164956406,28.3226097022,1138.3233037527,2.1947174077,12.7113756008,18.0625,1.125,-8.7778015177
,2024-10-26T16:32:51.001Z,-25.4165022204,28.3226099536,1138.2834172781,1.9797668461,13.3760585946,18.0625,1.125,-8.9257507365
,2024-10-26T16:32:52.001Z,-25.4164862948,28.3226221074,1138.3066106374,1.7735748295,14.6395056076,17.75,1.125,-9.044647221
,2024-10-26T16:32:53.001Z,-25.4164796731,28.3226242867,1138.2808843191,1.284667969,14.6614785992,17.25,1.125,-9.1608581585
,2024-10-26T16:32:54.001Z,-25.4165045254,28.3226219397,1138.2452092702,0.4372558594,14.6614785992,16.5625,1.125,-9.2613220257
,2024-10-26T16:32:55.001Z,-25.4165021366,28.3226165753,1138.2756963308,0.3641357422,14.6614785992,16.0,1.125,-9.3908386274
,2024-10-26T16:32:56.001Z,-25.4164974846,28.3226152342,1138.4205632742,0.3799591065,14.6614785992,15.75,1.125,-9.4779968305
,2024-10-26T16:32:57.000Z,-25.4164896894,28.3226184193,1138.4071050222,0.0,14.6614785992,15.4375,1.125,-9.4938659712
,2024-10-26T16:32:58.000Z,-25.4164896894,28.3226184193,1138.4071050222,0.0,14.6614785992,15.3125,1.125,-9.5097351118
,2024-10-26T16:32:59.000Z,-25.4164896894,28.3226184193,1138.4071050222,0.0,14.6614785992,15.1875,1.125,-9.4938659712
,2024-10-26T16:33:00.000Z,-25.4164896894,28.3226184193,1138.4071050222,0.0,14.6614785992,11.6875,0.9375,-9.438323979
,2024-10-26T16:33:01.000Z,-25.4164896894,28.3226184193,1138.4071050222,0.0,14.6614785992,10.625,0.9375,-9.3591003461
,2024-10-26T16:33:02.000Z,-25.4164896894,28.3226184193,1138.4071050222,0.0,14.6614785992,10.375,0.875,-9.3247985883
,2024-10-26T16:33:03.000Z,-25.4164896894,28.3226184193,1138.4071050222,0.0,14.6614785992,9.75,0.875,-9.3141784711
,2024-10-26T16:33:04.000Z,-25.4164896894,28.3226184193,1138.4071050222,0.0,14.6614785992,9.375,1.0,-9.3247985883
,2024-10-26T16:33:05.000Z,-25.4164896894,28.3226184193,1138.4071050222,0.0,14.6614785992,9.125,1.1875,-9.3511657758
,2024-10-26T16:33:06.000Z,-25.4165246839,28.3225952015,1138.3887334402,0.0030517578,14.6614785992,8.9375,1.25,-9.4013366742
,2024-10-26T16:33:07.000Z,-25.4165248096,28.3225956206,1138.3944707449,0.0,14.6614785992,8.75,1.3125,-9.4700622602
,2024-10-26T16:33:08.000Z,-25.4165248096,28.3225956206,1138.3944707449,0.0,14.6614785992,8.625,1.375,-9.5176696821
,2024-10-26T16:33:09.000Z,-25.4165200738,28.3225955367,1138.4016423758,0.0106964111,14.6614785992,8.5,1.4375,-9.5572204634
,2024-10-26T16:33:10.000Z,-25.4165188165,28.3225947824,1138.4078679617,0.0,14.6614785992,8.0625,1.625,-9.5572204634
,2024-10-26T16:33:11.000Z,-25.4165188165,28.3225947824,1138.4078679617,0.0,14.6614785992,7.6875,1.8125,-9.5335388227
,2024-10-26T16:33:12.000Z,-25.4165188165,28.3225947824,1138.4078679617,0.0,14.6614785992,7.4375,1.875,-9.5018005415
,2024-10-26T16:33:13.000Z,-25.4165121948,28.3225966264,1138.36328178,0.0,14.6614785992,7.25,1.9375,-9.4806823774
,2024-10-26T16:33:14.000Z,-25.4165121948,28.3225966264,1138.36328178,0.0,14.6614785992,7.1875,1.9375,-9.4251403852
,2024-10-26T16:33:15.000Z,-25.4165076686,28.3225993086,1138.3606877859,0.0915222168,14.6614785992,7.1875,1.9375,-9.4119567914
,2024-10-26T16:33:16.000Z,-25.4165077105,28.3226005659,1138.3663640554,0.0,14.6614785992,7.1875,1.875,-9.3934021039
,2024-10-26T16:33:17.000Z,-25.4165077105,28.3226005659,1138.3663640554,0.0,14.6614785992,7.375,1.8125,-9.3591003461
,2024-10-26T16:33:18.000Z,-25.4165077105,28.3226005659,1138.3663640554,0.0,14.6614785992,7.5,1.75,-9.3459167523
,2024-10-26T16:33:19.000Z,-25.4165077105,28.3226005659,1138.3663640554,0.0,14.6614785992,7.75,1.6875,-9.3459167523
,2024-10-26T16:33:20.000Z,-25.4165077105,28.3226005659,1138.3663640554,0.0,14.6614785992,6.375,2.125,-9.3829040571
,2024-10-26T16:33:21.000Z,-25.4165077105,28.3226005659,1138.3663640554,0.0,14.6614785992,6.3125,2.125,-9.3881530805
,2024-10-26T16:33:22.000Z,-25.4165077105,28.3226005659,1138.3663640554,0.0,14.6614785992,6.1875,2.1875,-9.406707768
,2024-10-26T16:33:23.000Z,-25.4165077105,28.3226005659,1138.3663640554,0.0,14.6614785992,6.125,2.1875,-9.4172058149
,2024-10-26T16:33:24.000Z,-25.4165077105,28.3226005659,1138.3663640554,0.0,14.6614785992,6.0,2.1875,-9.4251403852
,2024-10-26T16:33:25.000Z,-25.4165077105,28.3226005659,1138.3663640554,0.0,14.6614785992,5.9375,2.25,-9.4357605024
,2024-10-26T16:33:26.000Z,-25.4165143741,28.3225992248,1138.4755864676,0.0048522949,14.6614785992,5.875,2.25,-9.4568786665
,2024-10-26T16:33:27.000Z,-25.4165155057,28.3225981351,1138.4818425711,0.0,14.6614785992,5.8125,2.3125,-9.4779968305
,2024-10-26T16:33:27.999Z,-25.4165155057,28.3225981351,1138.4818425711,0.0,14.6614785992,5.75,2.3125,-9.4779968305
,2024-10-26T16:33:28.999Z,-25.4165155057,28.3225981351,1138.4818425711,0.0,14.6614785992,5.6875,2.3125,-9.4779968305
,2024-10-26T16:33:29.999Z,-25.4165155057,28.3225981351,1138.4818425711,0.0,14.6614785992,5.6875,2.3125,-9.4727478071
,2024-10-26T16:33:30.999Z,-25.4165155057,28.3225981351,1138.4818425711,0.0,14.6614785992,5.6875,2.3125,-9.4489440961
,2024-10-26T16:33:31.999Z,-25.4165155057,28.3225981351,1138.4818425711,0.0,14.6614785992,5.6875,2.3125,-9.4489440961
,2024-10-26T16:33:32.999Z,-25.4165155057,28.3225981351,1138.4818425711,0.0,14.6614785992,5.6875,2.3125,-9.4806823774
,2024-10-26T16:33:33.999Z,-25.4165112728,28.3225946147,1138.5088506278,0.0746917724,14.6614785992,5.75,2.25,-9.483245854
,2024-10-26T16:33:34.999Z,-25.4165100155,28.3225966264,1138.5226750907,0.0,14.6614785992,5.875,2.1875,-9.5413513228
,2024-10-26T16:33:35.999Z,-25.4165082973,28.3225960396,1138.5790715751,0.1063995361,14.6614785992,6.0625,2.125,-9.5942077681
,2024-10-26T16:33:36.999Z,-25.4165093869,28.3225983866,1138.5868535575,0.0,14.6614785992,6.0625,2.0625,-9.5995788618
,2024-10-26T16:33:37.999Z,-25.4165093869,28.3225983866,1138.5868535575,0.0,14.6614785992,6.125,2.0625,-9.6100769087
,2024-10-26T16:33:38.999Z,-25.4165030167,28.3225959558,1138.5407109793,0.1283874512,14.6614785992,6.25,2.0,-9.6100769087
,2024-10-26T16:33:39.999Z,-25.4165035196,28.3225974646,1138.5754399833,0.1143951416,14.6614785992,6.3125,2.0,-9.5862731978
,2024-10-26T16:33:40.999Z,-25.4165041482,28.3225929383,1138.5719304618,0.1263580322,14.6614785992,6.4375,2.0,-9.5651550337
,2024-10-26T16:33:41.999Z,-25.4165038548,28.3225884121,1138.5706487235,0.1558227539,14.6614785992,6.375,2.0,-9.5599060103
,2024-10-26T16:33:42.999Z,-25.4165063275,28.3225848917,1138.5502324637,0.1536865234,14.6614785992,6.3125,2.0,-9.5651550337
,2024-10-26T16:33:43.999Z,-25.4165034777,28.3225839697,1138.578644329,0.2110290527,14.6614785992,6.4375,2.0625,-9.573089604
,2024-10-26T16:33:44.999Z,-25.4165041901,28.3225838021,1138.5785832938,0.0,14.6614785992,6.8125,1.9375,-9.5784606978
,2024-10-26T16:33:45.999Z,-25.4165041901,28.3225838021,1138.5785832938,0.0,14.6614785992,7.25,1.8125,-9.5810241743
,2024-10-26T16:33:46.999Z,-25.416498239,28.3225859814,1138.5640569266,0.3882446289,14.6614785992,7.75,1.625,-9.5889587446
,2024-10-26T16:33:47.999Z,-25.4164912401,28.3225884959,1138.5534062918,0.5926055909,14.6614785992,8.375,1.4375,-9.6021423384
,2024-10-26T16:33:48.999Z,-25.4164766556,28.3225902561,1138.536682659,1.632110596,14.6614785992,9.125,1.125,-9.6075134322
,2024-10-26T16:33:49.999Z,-25.4164479895,28.3225969617,1138.4993291434,3.2684326179,9.5857175555,10.0625,1.125,-9.6075134322
,2024-10-26T16:33:50.999Z,-25.4164064152,28.3226045892,1138.5351262625,4.9729309093,9.4044403753,11.0,1.0625,-9.5492858931
,2024-10-26T16:33:51.999Z,-25.416363458,28.3226159886,1138.4185185965,5.0850830089,9.5912108033,11.5,1.0625,-9.4119567914
,2024-10-26T16:33:52.999Z,-25.4163170641,28.3226266336,1138.3519597586,5.5823059095,9.607690547,11.875,1.0625,-9.2983093305
,2024-10-26T16:33:53.999Z,-25.4162631685,28.3226323333,1138.4199224051,6.8025360123,9.3165484092,12.6875,1.0625,-9.1451110882
,2024-10-26T16:33:54.999Z,-25.4162071774,28.3226520308,1138.3842473562,7.6734924334,10.1789883268,11.125,1.0,-8.899383549
,2024-10-26T16:33:55.999Z,-25.4161309859,28.3226703033,1138.0404973561,8.264678957,10.3492790112,10.75,1.0,-8.6482849161
,2024-10-26T16:33:56.999Z,-25.4160561774,28.3226845525,1137.7681890063,8.6621856709,10.1350423437,10.8125,1.0,-8.5267028848
,2024-10-26T16:33:57.999Z,-25.4159804888,28.3227053397,1137.5128789476,8.765838625,10.4481574731,10.25,1.0,-8.4501647988
,2024-10-26T16:33:58.998Z,-25.4159061832,28.3227243666,1137.481964641,8.6862335225,11.2172121766,10.0,1.0,-8.4501647988
,2024-10-26T16:33:59.998Z,-25.4158353981,28.3227435611,1137.1204534103,8.3778228779,11.7775234607,10.125,1.0,-8.5320739785
,2024-10-26T16:34:00.998Z,-25.4157676304,28.322760744,1136.7562261152,8.1341400165,12.326848249,10.125,1.0,-8.7619323771
,2024-10-26T16:34:01.998Z,-25.4157000303,28.3227759991,1136.6720891523,7.9160614032,12.5026321812,9.0625,1.0,-9.0287780803
,2024-10-26T16:34:02.998Z,-25.4156369146,28.3227905836,1136.5137639569,7.7893981951,11.903868162,8.75,1.0,-9.1979675335
,2024-10-26T16:34:03.998Z,-25.415578367,28.3228055872,1136.3119206951,7.747665407,10.7942320897,8.5,1.125,-9.3908386274
,2024-10-26T16:34:04.998Z,-25.4155220406,28.3228165675,1136.2943730877,7.7740631121,10.1789883268,8.0625,1.1875,-9.6338806197
,2024-10-26T16:34:05.998Z,-25.4154611042,28.3228252009,1136.2624822185,7.9531555194,10.168001831,7.875,1.25,-9.8029480026
,2024-10-26T16:34:06.998Z,-25.4153958092,28.3228378576,1136.0916142985,8.1298980731,10.3218127718,7.625,1.3125,-9.8875427292
,2024-10-26T16:34:07.998Z,-25.4153267004,28.3228542861,1136.034790568,8.3334960956,11.1567864499,7.4375,1.375,-10.0540466355
,2024-10-26T16:34:08.998Z,-25.4152565438,28.3228752408,1135.907837443,8.5036010761,12.2938887617,7.25,1.5,-10.1650085496
,2024-10-26T16:34:09.998Z,-25.4151881894,28.3228889872,1135.7167668862,8.3450927753,12.5630579079,7.0625,1.5625,-10.2151794481
,2024-10-26T16:34:10.998Z,-25.4151173204,28.3229038231,1135.4391179603,8.1145172138,12.370794232,6.9375,1.625,-10.2337341356
,2024-10-26T16:34:11.998Z,-25.4150487145,28.3229201678,1135.1509099524,7.9316406268,11.8709086747,6.6875,1.6875,-10.3896179247
,2024-10-26T16:34:12.998Z,-25.414980402,28.3229331598,1134.8562017003,7.8143768328,9.701075761,6.75,1.6875,-10.5931091357
,2024-10-26T16:34:14.002Z,-25.414916029,28.3229456488,1134.7739873448,7.5565338152,9.234149691,6.875,1.625,-10.7832946827
,2024-10-26T16:34:15.002Z,-25.4148616305,28.3229581379,1134.4364629306,6.6887969986,9.7395284962,7.1875,1.5625,-11.0660095266
,2024-10-26T16:34:16.002Z,-25.4148076929,28.3229672741,1134.1611638582,6.2901916518,10.1075761043,7.625,1.3125,-11.5284118706
,2024-10-26T16:34:17.002Z,-25.4147542583,28.3229752369,1134.0491033112,5.8324584974,10.310826276,8.0,1.0625,-11.9036560114
,2024-10-26T16:34:18.002Z,-25.41470623,28.3229851276,1133.9004827057,5.2140197766,13.2112611581,8.25,1.0625,-12.2154235896
,2024-10-26T16:34:19.002Z,-25.414674253,28.323013207,1133.724457315,4.5899810801,30.3172350652,8.0625,1.0625,-12.5140075741
,2024-10-26T16:34:20.002Z,-25.4146545975,28.3230495844,1133.6703801665,4.3330688486,47.5440604257,7.875,1.375,-12.7386169492
,2024-10-26T16:34:21.002Z,-25.4146426532,28.3230936732,1133.5411687407,4.4848632822,66.4737926298,7.5,1.5625,-12.8363952696
,2024-10-26T16:34:22.002Z,-25.4146477662,28.3231484909,1133.5316777739,4.946258546,83.6401922636,7.125,1.6875,-12.9262390196
,2024-10-26T16:34:23.002Z,-25.4146584112,28.3232080024,1133.5541997466,5.3642425549,90.7209887846,6.9375,1.75,-12.9579773009
,2024-10-26T16:34:24.002Z,-25.4146716965,28.3232668434,1133.5091252836,5.9059600843,95.9121080338,6.6875,1.875,-12.9579773009
,2024-10-26T16:34:25.002Z,-25.414683054,28.3233391792,1133.4215093168,6.4933471694,98.0215152208,6.5625,1.875,-12.9579773009
,2024-10-26T16:34:26.002Z,-25.4146998597,28.3234084975,1133.4726567778,6.900573732,99.3124284733,6.5,1.9375,-12.955291754
,2024-10-26T16:34:27.002Z,-25.4147152405,28.3234801628,1133.5597844634,7.1842803971,100.3231860837,6.25,2.0,-12.9209899962
,2024-10-26T16:34:28.002Z,-25.4147365306,28.3235478048,1133.5217290434,7.4537811296,101.9876401922,6.3125,2.0,-12.8443298399
,2024-10-26T16:34:29.002Z,-25.4147560604,28.3236163687,1133.560242227,7.3824157732,102.0535591668,6.3125,2.0,-12.8257751524
,2024-10-26T16:34:30.002Z,-25.4147679627,28.3236893751,1133.5273442778,7.0219726578,100.8615243762,6.5625,1.875,-12.796722418
,2024-10-26T16:34:31.002Z,-25.4147774342,28.3237592802,1133.5058293852,6.7862548843,99.7738612954,6.9375,1.6875,-12.796722418
,2024-10-26T16:34:32.002Z,-25.414789588,28.3238263354,1133.2630620511,6.7221374527,100.2298008697,7.0625,1.5625,-12.841644293
,2024-10-26T16:34:33.002Z,-25.4148092017,28.3238878586,1133.3683171781,6.6224975601,101.8777752346,6.9375,1.625,-13.0265808166
,2024-10-26T16:34:34.002Z,-25.4148297373,28.3239536565,1133.3539128812,6.5859222427,103.5806820782,6.8125,1.625,-13.145477301
,2024-10-26T16:34:35.002Z,-25.4148472974,28.3240253218,1133.2089238675,6.6749572769,104.6738384069,6.6875,1.625,-13.3437194886
,2024-10-26T16:34:36.002Z,-25.4148694256,28.324096987,1133.0707707912,7.013641359,105.4813458457,6.5625,1.6875,-13.5234069887
,2024-10-26T16:34:37.002Z,-25.41489147,28.3241709993,1133.3410344632,7.3730011003,105.0254062714,6.375,1.6875,-13.607879645
,2024-10-26T16:34:38.002Z,-25.4149053002,28.3242473584,1133.5202336821,7.6562805193,101.0702677958,6.375,1.625,-13.607879645
,2024-10-26T16:34:39.002Z,-25.4149149394,28.3243268188,1133.7625737701,7.8272705096,99.5376516365,6.375,1.6875,-13.5445251527
,2024-10-26T16:34:40.002Z,-25.4149214773,28.3243939579,1134.1902165926,7.3675689714,99.466239414,6.25,1.75,-13.4229431214
,2024-10-26T16:34:41.002Z,-25.4149336729,28.3244613484,1134.1443486726,6.8458709732,100.1583886472,6.0625,1.8125,-13.1824646057
,2024-10-26T16:34:42.002Z,-25.4149435217,28.324518513,1134.3702092684,6.1416168227,100.4165712977,6.125,1.8125,-13.0715026916
,2024-10-26T16:34:43.002Z,-25.4149527837,28.3245729953,1134.5316777744,5.4120483411,99.8562600137,6.25,1.6875,-12.910369879
,2024-10-26T16:34:44.002Z,-25.4149619199,28.324625466,1134.7259221592,4.9973449718,99.2629892423,6.375,1.625,-12.8681335509
,2024-10-26T16:34:45.002Z,-25.4149726488,28.3246826306,1134.7542424717,5.1776275646,99.6145571068,6.3125,1.75,-12.8681335509
,2024-10-26T16:34:46.002Z,-25.4149806954,28.3247316648,1135.0182195226,5.4199981702,100.1913481345,5.9375,1.9375,-12.8468933165
,2024-10-26T16:34:47.002Z,-25.4149923462,28.3247875721,1135.0950017492,5.8173980726,101.2625314717,5.75,2.0,-12.6805114805
,2024-10-26T16:34:48.002Z,-25.4150034523,28.324843647,1135.1372380774,5.9062652601,101.5207141222,5.6875,2.0625,-12.5509948788
,2024-10-26T16:34:49.002Z,-25.41501284,28.3249064274,1135.3230290931,6.1170349135,101.0482948043,5.5,2.1875,-12.426849371
,2024-10-26T16:34:50.002Z,-25.4150196293,28.3249723092,1135.4241948646,6.4383544936,100.2298008697,5.375,2.3125,-12.2365417537
,2024-10-26T16:34:51.002Z,-25.4150261672,28.325038191,1135.4682622474,6.7216949478,99.5870908674,5.25,2.375,-12.0225524958
,2024-10-26T16:34:52.002Z,-25.415037399,28.3251045756,1135.8140569253,6.9628753678,99.933165484,5.25,2.375,-11.8930358942
,2024-10-26T16:34:53.002Z,-25.4150489241,28.3251791746,1135.9891057535,7.2813262956,100.2517738612,5.25,2.375,-11.7212829644
,2024-10-26T16:34:54.002Z,-25.4150596948,28.325250756,1136.0883184001,7.5608978289,100.2462806134,5.25,2.375,-11.4596862846
,2024-10-26T16:34:55.002Z,-25.4150724772,28.3253221698,1136.1964116618,7.5900268572,100.1144426642,5.25,2.4375,-11.1928405813
,2024-10-26T16:34:56.002Z,-25.4150833737,28.3253979422,1136.1743779704,7.6705474871,100.1199359121,5.25,2.4375,-10.9021911671
,2024-10-26T16:34:57.002Z,-25.4150899116,28.3254706972,1136.369080119,7.52912903,100.0045777065,5.25,2.375,-10.6485290576
,2024-10-26T16:34:58.001Z,-25.4151031131,28.3255419433,1136.5657659101,7.2830963151,100.5154497596,5.3125,2.375,-10.4028015185
,2024-10-26T16:34:59.001Z,-25.4151106149,28.3256058973,1136.809631877,6.9443969742,100.2462806134,5.375,2.3125,-10.1861267137
,2024-10-26T16:35:00.001Z,-25.4151223496,28.3256659117,1137.2088933518,6.7317810074,100.4385442893,5.4375,2.3125,-9.9880065964
,2024-10-26T16:35:01.001Z,-25.4151335813,28.3257286083,1137.387482219,6.8056335465,100.7406729228,5.5,2.25,-9.7897644088
,2024-10-26T16:35:02.001Z,-25.4151459865,28.3257915564,1137.5554814867,7.021743776,101.4602883955,5.5625,2.25,-9.6311950728
,2024-10-26T16:35:03.001Z,-25.4151594395,28.3258539178,1137.7675481372,6.9523468033,101.9931334401,5.625,2.1875,-9.4753112837
,2024-10-26T16:35:04.001Z,-25.4151710484,28.3259166982,1138.0891728932,6.9027557389,101.9162279697,5.6875,2.1875,-9.2956237836
,2024-10-26T16:35:05.001Z,-25.4151820287,28.3259850946,1138.4134526785,7.0747833268,101.7788967727,5.6875,2.125,-9.065765385
,2024-10-26T16:35:06.001Z,-25.4151947692,28.3260523174,1138.6163640556,7.1994934098,101.6910048065,5.625,2.25,-8.8411560099
,2024-10-26T16:35:07.001Z,-25.4152077192,28.3261295986,1139.1549993097,7.3796234148,101.3229571984,5.5,2.25,-8.5346374551
,2024-10-26T16:35:08.001Z,-25.4152213398,28.3262006771,1139.2393804133,7.4533081072,101.3339436942,5.4375,2.3125,-8.2677917518
,2024-10-26T16:35:09.001Z,-25.4152340384,28.3262751084,1139.4989934505,7.4882507341,101.3119707026,5.375,2.3125,-8.0458679236
,2024-10-26T16:35:10.001Z,-25.4152454378,28.3263502103,1139.7708440366,7.4866333025,101.2075989929,5.4375,2.3125,-7.8212585485
,2024-10-26T16:35:11.001Z,-25.4152570467,28.3264238034,1139.9735723081,7.4355468767,101.1142137788,5.375,2.375,-7.6891784703
,2024-10-26T16:35:12.001Z,-25.4152702902,28.3264928703,1140.0098577085,7.3503723161,100.8889906157,5.375,2.375,-7.5728454625
,2024-10-26T16:35:13.001Z,-25.4152844556,28.3265636135,1140.4096074646,7.2263031022,100.5374227512,5.4375,2.375,-7.5306091343
,2024-10-26T16:35:14.001Z,-25.4152979085,28.3266368713,1140.6601872987,7.1615448014,100.3231860837,5.4375,2.375,-7.3720397983
,2024-10-26T16:35:15.001Z,-25.4153112357,28.3267061897,1140.8718572207,6.919815065,100.4275577935,5.5,2.375,-7.3218688998
,2024-10-26T16:35:16.001Z,-25.4153197434,28.3267707303,1141.1787419864,6.206192018,100.1474021515,5.5,2.3125,-7.2293396029
,2024-10-26T16:35:17.001Z,-25.415331017,28.3268226143,1141.507629926,5.4616699231,100.2572671091,5.5625,2.3125,-7.152801517
,2024-10-26T16:35:18.001Z,-25.4153414106,28.3268745821,1141.7404790472,5.1475982678,100.2957198443,5.625,2.3125,-7.0074157747
,2024-10-26T16:35:19.001Z,-25.4153492896,28.3269304056,1141.849152143,5.4122161877,100.1528953994,5.625,2.25,-6.9413757356
,2024-10-26T16:35:20.001Z,-25.4153566657,28.3269905038,1142.1945500924,5.5868530286,100.3067063401,5.625,2.25,-6.7934265168
,2024-10-26T16:35:21.001Z,-25.4153696995,28.3270506021,1142.474030073,5.7017059339,101.0812542915,5.6875,2.25,-6.5820007354
,2024-10-26T16:35:22.001Z,-25.4153806379,28.3271121253,1142.7305303172,5.730056764,101.0592813,5.75,2.125,-6.3600769072
,2024-10-26T16:35:23.001Z,-25.4153919535,28.327173397,1143.1212163526,5.7790222181,101.1252002746,5.875,2.125,-6.1327819852
,2024-10-26T16:35:24.001Z,-25.4154046101,28.3272415418,1143.4323430617,6.0278625502,101.0812542915,5.875,2.125,-5.7998962429
,2024-10-26T16:35:25.001Z,-25.4154149199,28.3273062501,1143.6978765091,6.2151947035,101.0043488212,5.9375,2.0625,-5.4933776881
,2024-10-26T16:35:26.001Z,-25.4154272413,28.3273686953,1143.79098564,6.4017486587,101.3119707026,6.0,2.0,-5.2265319848
,2024-10-26T16:35:27.001Z,-25.4154386826,28.3274386004,1143.9869695268,6.8364715592,100.9878690775,6.0,2.0625,-5.0732116722
,2024-10-26T16:35:28.001Z,-25.4154498305,28.3275131993,1143.9881291948,7.3089904802,100.4000915541,5.875,2.125,-4.9225769065
,2024-10-26T16:35:29.000Z,-25.4154633254,28.3275945038,1144.228424605,7.7072448748,100.3616388189,5.8125,2.125,-4.8169860862
,2024-10-26T16:35:30.000Z,-25.4154777842,28.3276565299,1144.3927007282,7.6318664568,101.108720531,5.75,2.125,-4.7165222189
,2024-10-26T16:35:31.000Z,-25.4154915305,28.327731045,1144.6046453083,7.6274108904,101.3284504463,5.75,2.125,-4.6187438986
,2024-10-26T16:35:32.000Z,-25.4155050253,28.3278073203,1144.7827153768,7.6430206316,101.152666514,5.8125,2.0625,-4.4152526876
,2024-10-26T16:35:33.000Z,-25.4155160895,28.3278823383,1145.0679021445,7.5858612078,100.4110780498,5.8125,2.0,-4.1695251484
,2024-10-26T16:35:34.000Z,-25.4155319313,28.3279502318,1145.190338668,7.5395050066,100.6747539482,5.9375,1.875,-3.9766540545
,2024-10-26T16:35:35.000Z,-25.4155432887,28.3280118387,1145.2824102012,7.5199890154,100.5813687342,5.9375,1.875,-3.7969665545
,2024-10-26T16:35:36.000Z,-25.4155531794,28.3280833364,1145.239166793,7.8485260028,100.8065918974,5.875,1.9375,-3.6385192888
,2024-10-26T16:35:37.000Z,-25.4155642016,28.3281627968,1145.3440862267,8.2220153827,100.9768825818,5.75,2.0,-3.4402771012
,2024-10-26T16:35:38.000Z,-25.4155789956,28.3282415867,1145.4515081017,8.5543518086,101.3504234378,5.625,2.0625,-3.1575622573
,2024-10-26T16:35:39.000Z,-25.4156012496,28.3283259087,1145.5710454553,8.8509216329,101.9107347219,5.5,2.0625,-2.86959839
,2024-10-26T16:35:40.000Z,-25.4156220367,28.3284062073,1145.7438665003,8.9122924825,101.9272144655,5.4375,2.125,-2.5497741711
,2024-10-26T16:35:41.000Z,-25.4156361183,28.3284881823,1145.7500920862,8.9358520528,101.4053559166,5.375,2.125,-2.2511901865
,2024-10-26T16:35:42.000Z,-25.4156515829,28.3285709955,1146.0368047328,8.9671325704,101.3998626688,5.375,2.125,-1.9659118661
,2024-10-26T16:35:43.000Z,-25.4156669637,28.3286515456,1146.2044683071,8.8854064962,101.4493018997,5.375,2.1875,-1.7624206551
,2024-10-26T16:35:44.000Z,-25.4156828893,28.328735197,1146.453980026,8.8885345479,101.5262073701,5.375,2.1875,-1.6224060066
,2024-10-26T16:35:45.000Z,-25.4156947916,28.3288160824,1146.7545476531,8.8457641622,101.6195925841,5.3125,2.1875,-1.4136657721
,2024-10-26T16:35:46.000Z,-25.415713609,28.3288969677,1146.841217575,8.7713165303,101.8667887388,5.3125,2.25,-1.2154235845
,2024-10-26T16:35:47.000Z,-25.4157276906,28.3289791104,1147.1213689423,8.6888885518,101.6031128404,5.3125,2.3125,-0.9934997563
,2024-10-26T16:35:48.000Z,-25.4157452507,28.3290642705,1147.5119023898,8.6358032246,101.4712748912,5.3125,2.3125,-0.795379639
,2024-10-26T16:35:49.000Z,-25.4157626431,28.3291438986,1147.6806035617,8.5433502217,101.8448157473,5.3125,2.3125,-0.6077575686
,2024-10-26T16:35:50.000Z,-25.415776599,28.3292296455,1147.8698430638,8.4996032734,101.9436942092,5.3125,2.3125,-0.4729919435
,2024-10-26T16:35:51.000Z,-25.4157912673,28.329313213,1148.1511235815,8.3822631855,102.0370794232,5.3125,2.3125,-0.3620300294
,2024-10-26T16:35:52.000Z,-25.4158064805,28.3293899913,1148.2607732397,8.1950225849,102.0810254062,5.25,2.375,-0.19821167
,2024-10-26T16:35:53.000Z,-25.4158221966,28.3294686973,1148.4139104468,8.0926818866,101.905241474,5.25,2.375,-0.039642334
,2024-10-26T16:35:54.000Z,-25.4158357752,28.3295471519,1148.6085515602,8.0673522968,101.482261387,5.25,2.375,0.1558532715
,2024-10-26T16:35:55.000Z,-25.4158504855,28.3296308033,1148.9707646951,8.1962280292,101.295490959,5.25,2.375,0.4491882326
,2024-10-26T16:35:56.000Z,-25.4158645252,28.3297135327,1149.1688237773,8.3745117206,101.482261387,5.25,2.4375,0.7926940921
,2024-10-26T16:35:57.000Z,-25.4158822948,28.3297998663,1149.3486638652,8.5569610615,102.4930189974,5.25,2.375,1.1598815923
,2024-10-26T16:35:58.000Z,-25.4158997292,28.3298893012,1149.6148686993,8.7475433369,102.4985122453,5.25,2.375,1.5192565925
,2024-10-26T16:35:59.000Z,-25.4159186304,28.3299756348,1149.7660527814,8.8197937032,101.8063630121,5.25,2.375,1.976409913
,2024-10-26T16:35:59.999Z,-25.4159361904,28.3300691769,1149.7702642072,8.9371032735,101.2790112153,5.25,2.375,2.2432556162
,2024-10-26T16:36:00.999Z,-25.4159533734,28.3301610425,1150.1913152328,8.998916628,101.6525520714,5.25,2.3125,2.5101013195
,2024-10-26T16:36:01.999Z,-25.4159689218,28.3302528244,1150.1937261215,9.0298919698,101.7019913023,5.3125,2.25,2.7242126477
,2024-10-26T16:36:02.999Z,-25.4159837997,28.3303389065,1150.633881151,8.9877319356,101.2185854886,5.3125,2.25,2.8721618665
,2024-10-26T16:36:03.999Z,-25.4159991385,28.3304279223,1150.8083196276,9.0273284933,100.8450446326,5.3125,2.25,3.05709839
,2024-10-26T16:36:04.999Z,-25.4160159443,28.3305214644,1150.9791875476,9.1114196798,100.6912336919,5.3125,2.25,3.3688659683
,2024-10-26T16:36:05.999Z,-25.4160310736,28.3306078818,1151.30426079,9.108871462,100.5978484779,5.3125,2.25,3.6066589372
,2024-10-26T16:36:06.999Z,-25.4160500167,28.3306971491,1151.245880663,9.1058807394,100.7241931792,5.3125,2.25,3.8101501482
,2024-10-26T16:36:07.999Z,-25.4160658585,28.3307797108,1151.5684209463,9.0426483175,100.4879835202,5.3125,2.25,3.9898376483
,2024-10-26T16:36:08.999Z,-25.4160789762,28.3308618535,1151.4671941397,8.999206545,100.1419089036,5.3125,2.3125,4.0004577655
,2024-10-26T16:36:09.999Z,-25.4160898726,28.3309424874,1152.3247686029,8.7383422871,99.8287937743,5.3125,2.3125,4.0796813983
,2024-10-26T16:36:10.999Z,-25.4161062593,28.3310220316,1152.4010625483,8.0006866473,100.0485236896,5.3125,2.3125,4.026824953
,2024-10-26T16:36:11.999Z,-25.4161171557,28.3310957924,1152.3003545404,7.3497161882,99.9002059967,5.3125,2.3125,4.0374450702
,2024-10-26T16:36:12.999Z,-25.4161306087,28.331164524,1152.332581103,7.018051149,100.0814831769,5.3125,2.3125,4.0320739764
,2024-10-26T16:36:13.999Z,-25.4161462409,28.3312364407,1152.5991216304,7.152603151,100.3506523231,5.25,2.3125,4.0374450702
,2024-10-26T16:36:14.999Z,-25.4161599034,28.331308106,1152.9556584958,7.5110321062,101.0537880521,5.3125,2.3125,4.1352233905
,2024-10-26T16:36:15.999Z,-25.4161734821,28.3313845489,1153.1531072264,7.9099578875,101.8283360036,5.3125,2.3125,4.140472414
,2024-10-26T16:36:16.999Z,-25.4161916289,28.3314663563,1153.2196050291,8.2232513446,102.2403295948,5.3125,2.3125,4.3360290547
,2024-10-26T16:36:17.999Z,-25.4162058363,28.3315479961,1153.2598882323,8.3470916767,102.2018768596,5.3125,2.25,4.4971618673
,2024-10-26T16:36:18.999Z,-25.4162197502,28.3316274565,1153.453491748,8.3681793232,102.1029983978,5.3125,2.25,4.6900329611
,2024-10-26T16:36:20.002Z,-25.4162332451,28.3317109403,1153.4570317871,8.4139404316,101.8997482261,5.3125,2.3125,4.8486022971
,2024-10-26T16:36:21.003Z,-25.4162443092,28.331791658,1153.5679631836,8.421218874,101.6635385671,5.3125,2.3125,4.9648132347
,2024-10-26T16:36:22.003Z,-25.4162554571,28.3318755608,1153.6269841797,8.4454650898,101.388876173,5.3125,2.3125,5.0758972191
,2024-10-26T16:36:23.002Z,-25.4162657669,28.3319610562,1153.7474370606,8.4577789326,101.0922407873,5.25,2.375,5.2211608911
,2024-10-26T16:36:24.003Z,-25.4162780883,28.3320514132,1153.6979070313,8.468093874,100.8175783932,5.25,2.375,5.3374938989
,2024-10-26T16:36:25.003Z,-25.4162923794,28.332139507,1154.217987598,8.3910827656,100.6582742046,5.25,2.375,5.4986267115
,2024-10-26T16:36:26.002Z,-25.416309269,28.332226092,1154.1929937015,8.3426055927,100.9274433508,5.25,2.375,5.7311706569
,2024-10-26T16:36:27.003Z,-25.4163277091,28.332308989,1154.3830571781,8.3023681659,101.1911192492,5.3125,2.3125,5.8605651882
,2024-10-26T16:36:28.003Z,-25.4163422937,28.3323931434,1154.1999517093,8.1901550312,101.3998626688,5.3125,2.3125,5.9240417508
,2024-10-26T16:36:29.003Z,-25.4163575487,28.3324736934,1154.5274968755,8.0923767108,102.5040054932,5.3125,2.25,5.9372253445
,2024-10-26T16:36:30.003Z,-25.4163714627,28.3325557523,1154.6918340337,8.0847473163,102.8445868619,5.3125,2.1875,5.9372253445
,2024-10-26T16:36:31.003Z,-25.4163901124,28.3326389008,1155.1476445808,8.1295623798,102.6742961776,5.3125,2.1875,5.8580017117
,2024-10-26T16:36:32.003Z,-25.4164088041,28.3327220492,1155.2480168953,8.0200347919,102.1689173723,5.375,2.1875,5.8580017117
,2024-10-26T16:36:33.002Z,-25.4164235981,28.3328072094,1155.6280217783,7.985229494,101.7239642938,5.3125,2.1875,6.0218200711
,2024-10-26T16:36:34.002Z,-25.4164350813,28.332889352,1155.863586964,7.9189758319,101.2515449759,5.375,2.125,6.2622985869
,2024-10-26T16:36:35.002Z,-25.4164454749,28.3329721652,1155.7201238291,7.8637084979,100.4275577935,5.375,2.1875,6.5132751495
,2024-10-26T16:36:36.002Z,-25.4164589697,28.3330558166,1155.9016729015,7.6045227068,100.1748683909,5.375,2.1875,6.7167663605
,2024-10-26T16:36:37.002Z,-25.4164727999,28.3331307508,1156.0563054699,7.1489410417,100.5813687342,5.3125,2.1875,6.7220153839
,2024-10-26T16:36:38.002Z,-25.4164839478,28.3332019132,1156.1463018079,6.438690187,100.9054703593,5.375,2.1875,6.7220153839
,2024-10-26T16:36:39.002Z,-25.4164947605,28.333272405,1156.2148137708,5.9298248304,100.4879835202,5.375,2.1875,6.5159606963
,2024-10-26T16:36:40.002Z,-25.4165043997,28.3333311621,1156.0940557141,5.5061492932,99.8068207827,5.4375,2.125,6.2992858916
,2024-10-26T16:36:41.002Z,-25.416515841,28.3333954513,1156.030762257,5.6940155042,99.6749828336,5.5,2.125,6.1618347196
,2024-10-26T16:36:42.002Z,-25.4165318923,28.3334634286,1156.0630193371,6.1278228774,100.4330510414,5.5,2.125,6.1037292508
,2024-10-26T16:36:43.002Z,-25.416543166,28.3335370217,1156.2414861341,6.6748962417,100.7132066834,5.375,2.125,6.1037292508
,2024-10-26T16:36:44.002Z,-25.4165559903,28.3336148896,1156.3956304213,7.2199249284,101.0757610437,5.375,2.125,6.2859802275
,2024-10-26T16:36:45.002Z,-25.4165693175,28.3336940985,1156.400421681,7.6811828631,101.3833829251,5.375,2.125,6.4789733916
,2024-10-26T16:36:46.002Z,-25.4165842792,28.3337733075,1156.5554814955,8.0495147723,101.6470588235,5.375,2.1875,6.7008972199
,2024-10-26T16:36:47.002Z,-25.4166032642,28.3338620719,1156.5812383315,8.505783083,101.9601739528,5.3125,2.1875,6.9334411653
,2024-10-26T16:36:48.002Z,-25.416620489,28.3339496628,1156.6867681167,8.8421783467,101.9876401922,5.3125,2.1875,7.0839538607
,2024-10-26T16:36:49.002Z,-25.4166345706,28.3340416961,1156.8417058609,9.0370941183,101.6086060883,5.3125,2.1875,7.2477722201
,2024-10-26T16:36:50.002Z,-25.4166498257,28.3341318015,1156.7301641128,9.068725588,101.5591668574,5.3125,2.25,7.3958435093
,2024-10-26T16:36:51.002Z,-25.4166657513,28.3342162073,1156.7317510269,8.6202087422,101.3669031815,5.3125,2.3125,7.5093688999
,2024-10-26T16:36:52.002Z,-25.4166801682,28.3342970088,1156.6140752456,8.1805725116,101.1636530098,5.3125,2.3125,7.5834655797
,2024-10-26T16:36:53.002Z,-25.4166934954,28.3343773075,1156.7014470718,8.1581268329,100.7901121538,5.3125,2.25,7.6600036656
,2024-10-26T16:36:54.002Z,-25.4167072836,28.3344540857,1156.8003850601,8.2190399189,100.6802471961,5.3125,2.1875,7.6626892125
,2024-10-26T16:36:55.002Z,-25.4167201079,28.3345361445,1156.8418279312,8.3831024189,100.2682536049,5.375,2.125,7.6626892125
,2024-10-26T16:36:56.002Z,-25.4167398473,28.3346178681,1157.227417531,8.574432375,100.2407873655,5.375,2.125,7.6361999547
,2024-10-26T16:36:57.002Z,-25.4167555634,28.334699424,1157.0730596208,8.6398925801,100.1474021515,5.4375,2.125,7.6361999547
,2024-10-26T16:36:58.002Z,-25.4167739198,28.334784668,1157.1647039079,8.8199462911,100.779125658,5.4375,2.125,7.6520690953
,2024-10-26T16:36:59.002Z,-25.4167904321,28.3348679841,1157.1895452165,8.9081268331,100.965896086,5.4375,2.125,7.6838073766
,2024-10-26T16:37:00.002Z,-25.416808076,28.334950462,1157.2323308611,8.8522644063,101.0428015564,5.375,2.25,7.7498474157
,2024-10-26T16:37:01.001Z,-25.4168250075,28.335029671,1157.363709035,8.4759216328,101.0373083085,5.3125,2.25,7.8608093298
,2024-10-26T16:37:02.001Z,-25.4168409331,28.3351048567,1157.3883367205,7.9650268573,101.0208285648,5.3125,2.3125,7.9665222205
,2024-10-26T16:37:03.001Z,-25.4168523325,28.3351711575,1157.27682549,7.1142425553,101.0757610437,5.25,2.3125,7.9665222205
,2024-10-26T16:37:04.001Z,-25.4168670846,28.3352350276,1157.1786199236,6.5991058364,101.202105745,5.25,2.375,7.9454040564
,2024-10-26T16:37:05.001Z,-25.4168739159,28.335297389,1157.2148748064,6.6191864029,99.9716182192,5.25,2.375,7.8423767126
,2024-10-26T16:37:06.001Z,-25.4168793222,28.3353688028,1157.1946111345,7.1721496598,96.7525749599,5.3125,2.3125,7.7709655797
,2024-10-26T16:37:07.001Z,-25.4168851895,28.3354421445,1157.2087407732,7.5605011003,95.8406958113,5.3125,2.25,7.712860111
,2024-10-26T16:37:08.001Z,-25.4168904701,28.3355144803,1157.3687444354,7.8959503192,97.7853055619,5.3125,2.3125,7.712860111
,2024-10-26T16:37:09.001Z,-25.416902582,28.3355939407,1157.2539067888,8.3661956806,99.9276722362,5.3125,2.3125,7.8053894079
,2024-10-26T16:37:10.001Z,-25.4169173341,28.3356786818,1157.3267522479,8.7368621846,100.8340581368,5.3125,2.25,7.9480896033
,2024-10-26T16:37:11.001Z,-25.4169298651,28.3357620817,1157.4441228534,8.7160034199,101.0867475394,5.3125,2.25,8.1409606971
,2024-10-26T16:37:12.001Z,-25.4169460841,28.3358459845,1157.2624822283,8.2406005878,101.2790112153,5.3125,2.1875,8.3073425331
,2024-10-26T16:37:13.001Z,-25.416962764,28.3359178175,1157.0080266618,7.1041564957,101.4108491645,5.375,2.125,8.3127136269
,2024-10-26T16:37:14.001Z,-25.4169744987,28.3359717131,1156.9059758805,5.7696838392,101.2845044632,5.4375,2.0625,8.3127136269
,2024-10-26T16:37:15.001Z,-25.416981791,28.3360131197,1157.1537175798,4.482345582,100.8395513847,5.5,2.0,8.119842533
,2024-10-26T16:37:16.001Z,-25.4169815395,28.3360362537,1156.7463384292,2.7221679693,98.949874113,5.625,1.9375,7.8449401891
,2024-10-26T16:37:17.001Z,-25.4169820843,28.3360416182,1156.7115789077,0.9783020021,98.6642252231,5.875,1.875,7.4460144077
,2024-10-26T16:37:18.001Z,-25.4169814976,28.3360414505,1156.7351079605,0.3828277588,98.6642252231,6.0625,1.8125,7.0866394075
,2024-10-26T16:37:19.001Z,-25.4169807013,28.3360355832,1156.8179937027,0.114944458,98.6642252231,6.0,1.8125,6.8409118684
,2024-10-26T16:37:20.001Z,-25.4169752531,28.3360328172,1156.8926702164,0.1249847412,98.6642252231,6.125,1.75,6.7061462433
,2024-10-26T16:37:21.001Z,-25.4169684637,28.3360232618,1156.8590398453,0.3511505127,98.6642252231,6.1875,1.75,6.5766296417
,2024-10-26T16:37:22.001Z,-25.4169640632,28.3360089287,1156.8840947769,0.4720001221,98.6642252231,6.25,1.75,6.552948001
,2024-10-26T16:37:23.001Z,-25.4169646919,28.3359884769,1156.8901372574,0.618423462,98.6642252231,6.25,1.75,6.552948001
,2024-10-26T16:37:24.001Z,-25.4169617582,28.3359616548,1156.8450627945,0.7513732911,98.6642252231,6.1875,1.8125,6.5475769073
,2024-10-26T16:37:25.001Z,-25.4169573158,28.3359346651,1156.8193975113,0.7962188722,98.6642252231,6.125,1.9375,6.5212097198
,2024-10-26T16:37:26.001Z,-25.4169519095,28.3358973656,1156.785706105,0.8474578859,98.6642252231,6.125,2.0,6.4867858916
,2024-10-26T16:37:27.001Z,-25.416944701,28.3358630836,1156.7767949722,0.9091186525,98.6642252231,6.125,2.0625,6.4577331573
,2024-10-26T16:37:28.001Z,-25.4169304099,28.3358293884,1156.6589055679,0.9182128908,98.6642252231,6.1875,2.0625,6.4234313994
,2024-10-26T16:37:29.001Z,-25.4169245007,28.3357815277,1156.612305226,0.9629211428,98.6642252231,6.3125,2.0625,6.373260501
,2024-10-26T16:37:30.001Z,-25.4169204773,28.3357417137,1156.5529790541,0.8229217531,98.6642252231,6.3125,2.0625,6.3256530791
,2024-10-26T16:37:31.001Z,-25.4169177113,28.3357065097,1156.5812383315,0.6640625001,98.6642252231,6.375,2.0625,6.3124694853
,2024-10-26T16:37:32.000Z,-25.4169131851,28.3356783465,1156.5761418959,0.5002746583,98.6642252231,6.375,2.0625,-
,2024-10-26T16:37:33.000Z,-25.4169085331,28.3356625047,1156.536713185,0.3783874512,98.6642252231,6.4375,2.0625,6.3097839384
,2024-10-26T16:37:34.000Z,-25.4169079045,28.3356430587,1156.5734563491,0.3688659668,98.6642252231,6.5625,2.0,-
,2024-10-26T16:37:35.000Z,-25.4169024982,28.3356240318,1156.5959478042,0.5028686524,98.6642252231,6.6875,2.0,6.3415222197
,2024-10-26T16:37:36.000Z,-25.416907192,28.3356053401,1156.5748906752,0.5737457276,98.6642252231,6.625,2.0,-
,2024-10-26T16:37:37.000Z,-25.4169041745,28.3355796077,1156.6077581069,0.6407318116,98.6642252231,6.5625,2.0,6.3547058135
,2024-10-26T16:37:38.000Z,-25.4169048032,28.3355483432,1156.6235051772,0.6295013429,98.6642252231,6.5,2.0625,-
,2024-10-26T16:37:39.000Z,-25.4169029173,28.3355203476,1156.6649785659,0.4854125977,98.6642252231,6.4375,2.0625,6.3229675322
,2024-10-26T16:37:40.000Z,-25.4169043422,28.335496543,1156.8346257828,0.4532928467,98.6642252231,6.4375,2.0625,-
,2024-10-26T16:37:41.000Z,-25.4169032944,28.3354758397,1156.809509816,0.5697021485,98.6642252231,6.5625,2.0625,6.2886657744
,2024-10-26T16:37:42.000Z,-25.4168991035,28.3354577348,1156.802490773,0.6342315675,98.6642252231,6.625,2.0625,-
,2024-10-26T16:37:43.000Z,-25.4168981396,28.3354346846,1156.8778997086,0.6377868653,98.6642252231,6.625,2.0,6.2437438993
,2024-10-26T16:37:44.000Z,-25.4168964632,28.3354098741,1156.9363713883,0.4866485596,98.6642252231,6.6875,1.9375,-
,2024-10-26T16:37:45.000Z,-25.4168952478,28.3353924398,1157.0055242204,0.4215545655,98.6642252231,6.5,2.0,6.2094421415
,2024-10-26T16:37:46.000Z,-25.4168921046,28.3353781905,1157.0627446794,0.4256896973,98.6642252231,6.5625,1.9375,-
,2024-10-26T16:37:47.000Z,-25.4168908473,28.3353615105,1157.1453557634,0.3411560059,98.6642252231,6.5625,1.9375,6.1829528837
,2024-10-26T16:37:48.000Z,-25.4168920627,28.3353470099,1157.2290349627,0.2824859619,98.6642252231,6.5,2.0,-
,2024-10-26T16:37:49.000Z,-25.4168921465,28.3353351075,1157.3374944354,0.1044311523,98.6642252231,6.5,2.0,6.2384948759
,2024-10-26T16:37:50.000Z,-25.4168901768,28.3353290726,1157.4904180194,0.0399627685,98.6642252231,6.5,2.0,-
,2024-10-26T16:37:51.000Z,-25.4168887099,28.3353365325,1157.4667974139,0.7818145753,98.6642252231,6.5625,1.9375,6.2992858916
,2024-10-26T16:37:52.000Z,-25.4168808309,28.3353522066,1157.4467168475,1.9292144779,98.6642252231,6.5,2.0,-
,2024-10-26T16:37:53.000Z,-25.4168574035,28.3353652824,1157.4017644549,1.6165161136,98.6642252231,6.5625,1.9375,6.3864440947
,2024-10-26T16:37:54.000Z,-25.4168264324,28.3353682999,1157.4075627948,1.3105316165,98.6642252231,6.5625,1.9375,-
,2024-10-26T16:37:55.000Z,-25.4167925695,28.3353634384,1157.4053655291,1.3495635989,98.6642252231,6.625,1.875,6.394378665
,2024-10-26T16:37:56.000Z,-25.4167561501,28.3353498597,1157.3743596698,1.5818786624,98.6642252231,6.5625,1.875,-
,2024-10-26T16:37:57.000Z,-25.4167180125,28.3353294079,1157.2744146013,1.6247863773,98.6642252231,6.4375,2.0,6.4023132354
,2024-10-26T16:37:58.000Z,-25.416674678,28.3353118059,1157.2010503435,1.6446380619,98.6642252231,6.5,1.9375,-
,2024-10-26T16:37:59.000Z,-25.4166312179,28.3352962155,1157.0930486345,1.6880493167,98.6642252231,6.3125,2.0,6.394378665
,2024-10-26T16:38:00.000Z,-25.4165860813,28.3352871631,1156.9626165055,1.7855529789,98.6642252231,6.1875,2.125,6.394378665
,2024-10-26T16:38:01.000Z,-25.4165485723,28.3352750931,1156.8489690445,1.8195037846,98.6642252231,6.0625,2.125,6.373260501
,2024-10-26T16:38:02.000Z,-25.4165069561,28.3352632746,1156.8208318375,1.8203582767,98.6642252231,6.125,2.125,-
,2024-10-26T16:38:02.999Z,-25.4164637055,28.3352559824,1156.6867375991,1.8534088139,98.6642252231,6.1875,2.125,6.3335876494
,2024-10-26T16:38:03.999Z,-25.4164228437,28.3352467623,1156.6030278823,1.8380279545,98.6642252231,6.25,2.125,6.2754821806
,2024-10-26T16:38:04.999Z,-25.4163836583,28.3352382127,1156.5450444838,1.8395385746,98.6642252231,6.4375,2.125,6.214691165
,2024-10-26T16:38:05.999Z,-25.4163465684,28.3352312558,1156.5258794447,1.874450684,98.6642252231,6.4375,2.125,6.1142272977
,2024-10-26T16:38:06.999Z,-25.4162775015,28.3352088761,1156.5469060561,4.4898681651,357.7587548638,6.3125,2.1875,6.0402526883
,2024-10-26T16:38:07.999Z,-25.4162198341,28.3351994884,1156.5021062514,5.6068878186,353.5509269855,6.375,2.1875,5.8711853054
,2024-10-26T16:38:08.999Z,-25.4161645554,28.3351948783,1156.46054131,5.9371185316,353.292744335,6.4375,2.1875,5.8156433132
,2024-10-26T16:38:09.999Z,-25.4161057564,28.3351840657,1156.3732000013,6.2545776381,352.7159533073,6.375,2.25,5.7919616726
,2024-10-26T16:38:10.999Z,-25.4160481727,28.3351740074,1156.1998296399,6.508422853,352.2435339894,6.1875,2.25,5.7627868679
,2024-10-26T16:38:11.999Z,-25.4159888288,28.3351613507,1156.1603704114,6.678131105,351.6447699702,5.9375,2.3125,5.7470397975
,2024-10-26T16:38:12.999Z,-25.4159290239,28.3351467662,1156.1718450208,6.8199768082,350.7383840695,5.6875,2.375,5.7100524928
,2024-10-26T16:38:13.999Z,-25.4158679618,28.3351337742,1155.8994146007,6.8992462174,350.0901808194,5.5625,2.4375,-
,2024-10-26T16:38:14.999Z,-25.4158064805,28.3351215367,1155.871979298,6.9337615982,349.8539711604,5.4375,2.4375,5.6413269069
,2024-10-26T16:38:15.999Z,-25.4157431133,28.3351072874,1155.7578740733,6.983474733,349.5188830395,5.375,2.5,5.6043396022
,2024-10-26T16:38:16.999Z,-25.4156815063,28.3350914456,1155.6437078135,6.9924621598,349.0080109864,5.3125,2.5,-
,2024-10-26T16:38:17.999Z,-25.4156173429,28.3350762744,1155.585510792,7.0403594987,348.8761730373,5.25,2.5625,5.593719485
,2024-10-26T16:38:18.999Z,-25.4155515868,28.3350603488,1155.1604619636,7.0623016373,348.7772945754,5.25,2.5625,5.593719485
,2024-10-26T16:38:19.999Z,-25.4154935421,28.3350484465,1155.083252491,6.8548278824,349.029983978,5.25,2.5625,5.5382995631
,2024-10-26T16:38:20.999Z,-25.4154300492,28.335035706,1154.7282415045,7.030715944,349.5243762874,5.3125,2.5625,5.4430847193
,2024-10-26T16:38:21.999Z,-25.4153616529,28.3350229655,1154.5556340825,7.3103637712,349.826504921,5.375,2.5625,5.2951355005
,2024-10-26T16:38:22.999Z,-25.4152910354,28.3350064531,1154.4578252446,7.4821777361,349.403524834,5.3125,2.5625,5.1630554223
,2024-10-26T16:38:23.999Z,-25.4152237706,28.3349931259,1154.1133733401,7.4057006853,349.1123826962,5.25,2.5625,5.0520935082
,2024-10-26T16:38:24.999Z,-25.4151549971,28.3349783737,1153.875671924,7.4128723161,349.0629434653,5.1875,2.5625,4.9120788597
,2024-10-26T16:38:26.003Z,-25.4150898697,28.3349657171,1153.6096501953,7.470825197,349.3650720988,5.1875,2.5625,4.8617858909
,2024-10-26T16:38:27.003Z,-25.4150236527,28.3349536471,1153.5541997559,7.4421691911,349.590295262,5.125,2.625,4.7746276877
,2024-10-26T16:38:28.003Z,-25.4149579385,28.3349399846,1153.4235540039,7.4046478288,349.8319981689,5.125,2.625,4.647796633
,2024-10-26T16:38:29.003Z,-25.4148918472,28.3349218797,1153.2023320799,7.4092712419,349.6891737239,5.125,2.625,4.4998474142
,2024-10-26T16:38:30.003Z,-25.4148247501,28.3349098098,1153.3347173339,7.4037475603,349.6122682536,5.125,2.625,4.3914489766
,2024-10-26T16:38:31.003Z,-25.4147550127,28.3348990809,1153.2100225096,7.4361877458,349.4859235523,5.125,2.625,4.3571472188
,2024-10-26T16:38:32.003Z,-25.4146877479,28.334883323,1153.1395879393,7.4753723161,348.6509498741,5.1875,2.5625,4.3069763203
,2024-10-26T16:38:33.003Z,-25.4146232491,28.3348664753,1153.1526494627,7.5119018572,348.5905241474,5.1875,2.625,4.2620544453
,2024-10-26T16:38:34.003Z,-25.414560301,28.3348487895,1153.0956121092,7.5500488298,348.9915312428,5.1875,2.5625,4.2566833515
,2024-10-26T16:38:35.002Z,-25.4144929105,28.3348367196,1153.1795659666,7.6389007586,349.6232547493,5.1875,2.5625,4.1087341327
,2024-10-26T16:38:36.003Z,-25.4144265259,28.33482356,1153.1227727537,7.6809539812,349.5793087663,5.1875,2.5625,3.9422302264
,2024-10-26T16:38:37.003Z,-25.4143580038,28.3348127473,1152.9800115232,7.7076416033,349.4364843213,5.125,2.625,3.7731628435
,2024-10-26T16:38:38.003Z,-25.4142865481,28.3347958159,1153.0133367185,7.7646942156,349.0244907301,5.125,2.625,3.6120300309
,2024-10-26T16:38:39.003Z,-25.4142200377,28.334781399,1152.8416448239,7.617309572,349.1728084229,5.125,2.625,3.4085388199
,2024-10-26T16:38:40.003Z,-25.4141534435,28.3347680718,1152.6200261714,7.4868011492,349.216754406,5.125,2.625,3.2579040542
,2024-10-26T16:38:41.003Z,-25.4140886514,28.3347545769,1152.560303271,7.2884063737,349.1178759441,5.125,2.625,3.0650329604
,2024-10-26T16:38:42.003Z,-25.4140243202,28.3347420879,1152.4215703608,7.1519317643,349.3321126115,5.125,2.625,2.8800964368
,2024-10-26T16:38:43.003Z,-25.4139610369,28.334729515,1152.5159001948,7.0071258561,349.0464637216,5.1875,2.625,2.6924743664
,2024-10-26T16:38:44.003Z,-25.4139006034,28.3347166069,1152.5539861324,6.8504486099,348.6344701304,5.1875,2.5,2.4969177257
,2024-10-26T16:38:45.003Z,-25.4138420977,28.3347053752,1152.1449590326,6.6515960708,348.5465781643,5.25,2.5,2.3542175303
,2024-10-26T16:38:46.003Z,-25.4137861485,28.3346936405,1152.1385198236,6.3799133315,348.6344701304,5.375,2.4375,2.2273864756
,2024-10-26T16:38:47.003Z,-25.4137324624,28.3346833308,1152.2577520014,6.3140258803,348.7718013275,5.4375,2.4375,2.111175538
,2024-10-26T16:38:48.003Z,-25.4136750882,28.3346675728,1152.1276250482,6.3259429946,348.3543144884,5.4375,2.4375,1.9737243661
,2024-10-26T16:38:49.003Z,-25.4136206897,28.3346551676,1152.1681218744,5.8870239271,348.1620508125,5.3125,2.5,1.9183044442
,2024-10-26T16:38:50.003Z,-25.4135718651,28.3346462827,1152.0113530755,5.3868865979,348.370794232,5.25,2.5,1.8310241707
,2024-10-26T16:38:51.003Z,-25.4135269381,28.3346400801,1151.8663640617,4.9861755382,348.7443350881,5.1875,2.5625,1.749114991
,2024-10-26T16:38:52.003Z,-25.4134849029,28.3346365597,1151.6803899405,4.5431213389,349.1728084229,5.125,2.625,1.6646423347
,2024-10-26T16:38:53.003Z,-25.4134480225,28.3346338775,1151.7180791495,3.9190673837,349.9693293659,5.125,2.6875,1.5113220221
,2024-10-26T16:38:54.003Z,-25.4134167999,28.334635051,1151.7664495109,3.2923278816,359.0661478599,5.125,2.625,1.3924255377
,2024-10-26T16:38:55.003Z,-25.4133959709,28.3346502222,1151.5603337881,2.7513122564,15.8974593728,5.125,2.625,1.3184509283
,2024-10-26T16:38:56.003Z,-25.4133787461,28.3346777149,1151.3210759755,2.7549743658,39.9139391165,5.1875,2.5625,1.2841491705
,2024-10-26T16:38:57.002Z,-25.4133689811,28.3347152658,1151.3187871572,3.0215454108,64.6884870679,5.1875,2.5,1.2550964361
,2024-10-26T16:38:58.002Z,-25.4133767763,28.3347640485,1151.2333074208,3.8345947274,90.0727855344,5.1875,2.5,1.2338562017
,2024-10-26T16:38:59.002Z,-25.4133973539,28.3348199558,1151.3895574209,4.8968353282,103.0862897688,5.1875,2.5,1.2181091314
,2024-10-26T16:39:00.002Z,-25.4134188116,28.3348766174,1151.2780461904,5.6720733655,105.9262989242,5.1875,2.5,1.196868897
,2024-10-26T16:39:01.002Z,-25.4134358268,28.334940739,1151.0807805653,6.4204406753,106.4866102082,5.1875,2.5,1.196868897
,2024-10-26T16:39:02.002Z,-25.4134543927,28.3350112308,1151.2119756337,7.0452728287,106.3053330281,5.1875,2.5,1.2127380376
,2024-10-26T16:39:03.002Z,-25.4134717014,28.3350800462,1151.1311345692,6.7458953873,105.9153124284,5.1875,2.5,1.3184509283
,2024-10-26T16:39:04.002Z,-25.4134858249,28.3351429105,1151.0727849598,6.2786560073,105.3879606317,5.1875,2.5,1.4268493658
,2024-10-26T16:39:05.002Z,-25.4134977272,28.3352038469,1151.0980535145,6.0684509291,104.7397573815,5.1875,2.5,1.4268493658
,2024-10-26T16:39:06.002Z,-25.4135099228,28.3352604248,1151.0747991199,5.9738159193,104.5859464408,5.1875,2.5,1.4056091315
,2024-10-26T16:39:07.002Z,-25.4135245493,28.3353202716,1151.1600347157,6.1017761244,105.1078049897,5.25,2.4375,1.3211364752
,2024-10-26T16:39:08.002Z,-25.4135414388,28.3353854828,1151.1201177235,6.2984771743,104.9265278095,5.25,2.4375,1.2603454595
,2024-10-26T16:39:09.002Z,-25.4135549337,28.3354470898,1151.1803899403,6.4871368423,104.1245136186,5.25,2.375,1.151947022
,2024-10-26T16:39:10.002Z,-25.4135725776,28.3355081938,1151.1233831043,6.6968383804,104.3717097734,5.3125,2.3125,1.1149597173
,2024-10-26T16:39:11.002Z,-25.4135888804,28.3355760873,1151.1500554676,6.9597778336,105.0199130235,5.3125,2.3125,1.0965271001
,2024-10-26T16:39:12.002Z,-25.413604806,28.3356469982,1151.2401128407,7.2351684587,105.887846189,5.3125,2.3125,1.0965271001
,2024-10-26T16:39:13.002Z,-25.4136212345,28.3357167356,1151.1893010731,7.4459075945,106.2229343099,5.3125,2.25,1.1123962407
,2024-10-26T16:39:14.002Z,-25.4136389203,28.33578882,1151.2177739735,7.5753784197,106.3602655069,5.3125,2.25,1.1361999517
,2024-10-26T16:39:15.002Z,-25.4136558099,28.3358598985,1151.3974614736,7.6087341326,106.1899748226,5.3125,2.25,1.1493835454
,2024-10-26T16:39:16.002Z,-25.413671023,28.3359295521,1151.3696599599,7.5078277605,105.8933394369,5.3125,2.25,1.2048034673
,2024-10-26T16:39:17.002Z,-25.4136864457,28.3359938413,1151.3627629873,7.0053863541,105.7120622568,5.3125,2.25,1.2048034673
,2024-10-26T16:39:18.002Z,-25.4137004854,28.3360510897,1151.4191899892,6.4338684097,105.7669947356,5.3125,2.25,1.196868897
,2024-10-26T16:39:19.002Z,-25.4137120524,28.3361127805,1151.0972600575,6.400131227,105.5527580682,5.3125,2.3125,1.1228942876
,2024-10-26T16:39:20.002Z,-25.4137291096,28.3361738846,1151.1049504871,6.560867311,105.9208056763,5.3125,2.3125,1.0225524907
,2024-10-26T16:39:21.002Z,-25.4137472983,28.3362335637,1151.0250859852,6.6730346695,106.1295490959,5.3125,2.3125,0.9115905765
,2024-10-26T16:39:22.002Z,-25.4137646908,28.3362939973,1151.0894475575,6.7611999527,106.0526436255,5.3125,2.3125,0.8376159671
,2024-10-26T16:39:23.002Z,-25.4137817061,28.3363570292,1151.0387578602,6.8736114517,105.7065690089,5.3125,2.3125,0.8058776859
,2024-10-26T16:39:24.002Z,-25.4137991404,28.3364244197,1151.0985723133,6.9785919205,105.2396429388,5.3125,2.25,0.7900085452
,2024-10-26T16:39:25.002Z,-25.4138171615,28.3364907205,1151.1813054677,7.0821380631,104.9155413138,5.3125,2.25,0.779388428
,2024-10-26T16:39:26.002Z,-25.4138342606,28.3365606256,1151.1723027821,6.9196777359,104.9265278095,5.375,2.125,0.7530212405
,2024-10-26T16:39:27.002Z,-25.4138493899,28.3366249148,1151.2109075184,6.4692230239,104.7232776379,5.375,2.0625,0.7080993655
,2024-10-26T16:39:28.001Z,-25.4138589872,28.3366803192,1151.2236943837,5.9307403578,102.0151064316,5.5,2.0,0.599700928
,2024-10-26T16:39:29.001Z,-25.4138490966,28.3367314488,1151.3197637197,5.3889160168,84.0851453421,5.625,2.0,0.4834899904
,2024-10-26T16:39:30.001Z,-25.4138276808,28.3367784713,1151.3174443837,5.2350158703,66.5726710917,5.75,1.9375,0.3804626466
,2024-10-26T16:39:31.001Z,-25.4137871543,28.3368125856,1151.2763066884,5.5710144055,46.5717555504,5.9375,1.9375,0.2933044434
,2024-10-26T16:39:32.001Z,-25.4137422692,28.3368513938,1151.1780095692,6.2044067397,41.1718928816,6.25,1.875,0.2112731934
,2024-10-26T16:39:33.001Z,-25.4136930255,28.3368911241,1151.0678716297,6.6759490982,38.5626001373,6.375,1.8125,0.2007751465
,2024-10-26T16:39:34.001Z,-25.4136416864,28.3369284235,1150.9789739246,6.7959136978,35.8654154268,6.4375,1.875,0.1875915528
,2024-10-26T16:39:35.001Z,-25.4135854438,28.3369445168,1150.8131719226,6.788085939,31.9157701991,6.25,2.0,0.1875915528
,2024-10-26T16:39:36.001Z,-25.4135363678,28.3369764518,1150.6090093248,6.8365173355,31.5147631036,6.3125,2.0,0.1452331543
,2024-10-26T16:39:37.001Z,-25.4134840647,28.3370134998,1150.3998723618,6.9485626236,32.1794460975,6.4375,2.0,0.0844421387
,2024-10-26T16:39:38.001Z,-25.4134273611,28.3370560799,1150.2373662582,7.0902404801,32.9539940489,6.5,2.0,0.0104675293
,2024-10-26T16:39:39.001Z,-25.4133748904,28.3370993305,1150.0129705062,7.1762847917,33.8164339665,6.5,2.0,-0.0898132324
,2024-10-26T16:39:40.001Z,-25.4133230064,28.3371398151,1149.9056707014,7.1591339127,34.640421149,6.625,1.9375,-0.219329834
,2024-10-26T16:39:41.001Z,-25.4132641654,28.3371837363,1149.5906682599,7.2558898942,35.2336919203,6.625,1.875,-0.3064880372
,2024-10-26T16:39:42.001Z,-25.4132118205,28.3372289986,1149.3315740215,7.2696838395,36.4147402151,6.6875,1.75,-0.3540954591
,2024-10-26T16:39:43.001Z,-25.4131605232,28.3372787871,1149.0463567362,7.2582397477,37.7056534676,6.6875,1.625,-0.4729919435
,2024-10-26T16:39:44.001Z,-25.4131130397,28.3373304196,1149.0777288065,7.0953063981,42.0727855344,6.6875,1.5625,-0.5971374514
,2024-10-26T16:39:45.001Z,-25.4130697891,28.3373815492,1148.9704290018,6.9715271012,46.8793774319,6.8125,1.5625,-0.636810303
,2024-10-26T16:39:46.001Z,-25.4130291369,28.3374354448,1148.7361455544,6.8941650406,48.3405813687,6.75,1.5625,-0.7187194827
,2024-10-26T16:39:47.001Z,-25.4129877722,28.3374888376,1148.6253057106,6.8036041275,48.2746623941,6.8125,1.5625,-0.9247741703
,2024-10-26T16:39:48.001Z,-25.4129488802,28.3375361953,1148.4472051246,6.5761566177,47.9011215381,6.9375,1.5,-1.1573181157
,2024-10-26T16:39:49.001Z,-25.412911455,28.3375829663,1148.3611455542,6.1972808852,48.6097505149,6.9375,1.5,-1.3819274908
,2024-10-26T16:39:50.001Z,-25.4128780531,28.3376361076,1148.1027227025,5.9759826674,51.8562600137,6.6875,1.75,-1.6355896003
,2024-10-26T16:39:51.001Z,-25.4128464533,28.3376843036,1147.9978337865,5.7466278089,53.295490959,6.75,1.6875,-1.989715577
,2024-10-26T16:39:52.001Z,-25.4128172005,28.3377311584,1147.8278813938,5.3533782971,52.2298008697,6.9375,1.6875,-2.2803649912
,2024-10-26T16:39:53.001Z,-25.4127897078,28.3377721459,1147.4211431124,4.9491271984,52.0540169375,7.125,1.625,-2.4996032726
,2024-10-26T16:39:54.001Z,-25.4127712676,28.3378111217,1147.2679448701,4.3884277353,61.3376058594,7.3125,1.5625,-2.7268981946
,2024-10-26T16:39:55.001Z,-25.4127630534,28.3378445655,1147.058380661,3.9053497323,71.6539253833,7.375,1.4375,-2.9778747572
,2024-10-26T16:39:56.001Z,-25.4127625085,28.3378807754,1146.8790898895,3.4771118172,80.8276493476,7.5,1.5,-3.2131042495
,2024-10-26T16:39:57.001Z,-25.4127616284,28.3379163146,1146.9231877899,3.2202911384,87.419546807,7.6875,1.4375,-3.4164733902
,2024-10-26T16:39:58.001Z,-25.4127643107,28.3379516863,1147.1615605927,3.0883178718,93.2863355458,7.875,1.4375,-3.5723571793
,2024-10-26T16:39:59.000Z,-25.4127689626,28.3379781731,1146.7054448699,2.5151367193,97.7248798352,7.5,1.625,-3.6569519059
,2024-10-26T16:40:00.000Z,-25.4127824156,28.3380034864,1146.5600591276,2.4180145269,101.1306935225,7.1875,1.6875,-3.815521242
,2024-10-26T16:40:01.000Z,-25.4127916357,28.3380235192,1146.5223088835,2.1361236577,97.3073929961,6.9375,1.8125,-3.950286867
,2024-10-26T16:40:02.000Z,-25.4127872352,28.33804724,1146.4504705045,1.8598175053,82.3053330281,6.875,1.875,-4.0031433124
,2024-10-26T16:40:03.000Z,-25.4127716867,28.3380677756,1146.3653569791,2.200195313,66.1716639963,6.625,1.9375,-4.1034851093
,2024-10-26T16:40:04.000Z,-25.4127551744,28.3380631656,1146.1054082485,1.7751312259,39.4250400549,6.4375,2.0,-4.2012634296
,2024-10-26T16:40:05.000Z,-25.412734052,28.3380526882,1146.2093511196,1.7613067631,1.8896772716,6.5,2.0,-4.2568054219
,2024-10-26T16:40:06.000Z,-25.4127009435,28.3380368464,1146.257141647,2.5905303961,339.3673609521,6.4375,2.0,-4.2647399922
,2024-10-26T16:40:07.000Z,-25.4126743309,28.338009689,1146.4108892057,3.3310241706,328.1556420233,6.3125,1.9375,-4.2963562031
,2024-10-26T16:40:08.000Z,-25.4126463354,28.3379844595,1146.3725286099,3.4571685799,324.326848249,6.25,1.9375,-4.3254089375
,2024-10-26T16:40:09.000Z,-25.4126079462,28.3379585594,1146.3628850553,4.3751373301,323.9368276493,6.25,1.875,-4.2963562031
,2024-10-26T16:40:10.000Z,-25.412562684,28.3379228525,1146.2874150845,5.3114013684,323.6072327763,6.3125,1.75,-4.2699890156
,2024-10-26T16:40:11.000Z,-25.412511261,28.3378784284,1146.1894536587,6.2413940444,323.4149691004,6.4375,1.6875,-4.1669616718
,2024-10-26T16:40:12.000Z,-25.412455689,28.3378285561,1146.1058965297,6.9732666031,323.3545433737,6.5,1.6875,-4.0110778827
,2024-10-26T16:40:13.000Z,-25.412402422,28.3377765045,1145.9081426234,6.9475708023,323.4918745708,6.5625,1.625,-3.9026794451
,2024-10-26T16:40:14.000Z,-25.4123393482,28.3377213516,1145.6167607873,7.0402069108,324.233463035,6.5,1.6875,-3.7758483904
,2024-10-26T16:40:15.000Z,-25.4122752266,28.3376661148,1145.5881963342,7.2619171159,324.5960173952,6.25,1.75,-3.7758483904
,2024-10-26T16:40:16.000Z,-25.41221714,28.3376144823,1145.4615483849,7.5957946795,324.8542000457,6.0,1.875,-3.7785339373
,2024-10-26T16:40:17.000Z,-25.4121584667,28.3375639394,1145.3527227013,7.8787689227,324.5905241474,5.875,1.9375,-3.8207702654
,2024-10-26T16:40:18.000Z,-25.4120929202,28.3375131451,1145.0723882285,8.211868288,324.7278553444,5.75,2.0,-3.8577575701
,2024-10-26T16:40:19.000Z,-25.4120344564,28.3374609258,1144.8845830526,8.274368288,324.233463035,5.75,2.0,-3.9106140154
,2024-10-26T16:40:20.000Z,-25.4119718855,28.3374118917,1144.7832646932,8.3442230244,324.184023804,5.875,1.9375,-3.9106140154
,2024-10-26T16:40:21.000Z,-25.4119138408,28.3373610974,1144.6702581013,8.4140777607,324.2279697871,6.0,1.875,-3.8656921404
,2024-10-26T16:40:22.000Z,-25.4118593166,28.3373087943,1144.6396489705,8.27270508,323.4973678187,5.9375,1.875,-3.8656921404
,2024-10-26T16:40:23.000Z,-25.4118011881,28.3372558207,1144.7587895955,8.1464538593,322.9755092698,6.0,1.875,-3.8656921404
,2024-10-26T16:40:24.000Z,-25.4117405031,28.3372059483,1144.7112432088,8.1121215839,323.3655298695,6.0,1.9375,-3.8763122576
,2024-10-26T16:40:25.000Z,-25.411687278,28.3371567466,1144.7688909139,8.0166473407,323.8159761959,6.0625,2.0,-3.9026794451
,2024-10-26T16:40:26.000Z,-25.4116368189,28.3371119872,1144.7926030721,7.8734588641,323.8709086747,6.0625,2.0,-3.929168703
,2024-10-26T16:40:27.000Z,-25.4115887068,28.3370668087,1144.9695439901,7.71902466,323.3051041428,6.0625,2.0,-3.9555358905
,2024-10-26T16:40:28.000Z,-25.4115392955,28.3370192834,1145.1250005332,7.6127014177,322.777752346,6.0,2.0,-3.9661560077
,2024-10-26T16:40:29.000Z,-25.4114977213,28.3369762842,1145.0743413535,7.4306945818,321.9537651636,5.9375,2.0625,-3.9766540545
,2024-10-26T16:40:29.999Z,-25.4114512436,28.3369327821,1145.2196660606,7.2561035173,322.1295490959,5.875,2.125,-3.9898376483
,2024-10-26T16:40:30.999Z,-25.4114035925,28.3368974105,1145.357513961,7.0770568864,330.561684596,5.6875,2.25,-3.9898376483
,2024-10-26T16:40:32.003Z,-25.4113381717,28.3368772101,1145.3110967247,7.2416839616,341.0647745479,5.5625,2.25,-3.929168703
,2024-10-26T16:40:33.003Z,-25.4112668417,28.336868912,1145.3871465294,7.5266876238,353.3202105745,5.4375,2.3125,-3.9106140154
,2024-10-26T16:40:34.003Z,-25.4111965595,28.3368745279,1145.1937871543,7.9063873309,2.2137788967,5.5,2.3125,-3.8260192888
,2024-10-26T16:40:35.003Z,-25.4111259839,28.3368857596,1145.083130416,8.2561950702,5.1416800183,5.5,2.3125,-3.7864685076
,2024-10-26T16:40:36.003Z,-25.4110499181,28.3368984163,1145.0828862754,8.5985107441,6.558937972,5.4375,2.3125,-3.7150573747
,2024-10-26T16:40:37.003Z,-25.4109746905,28.336915683,1144.9646611776,8.8951416036,8.1849393453,5.4375,2.25,-3.6939392107
,2024-10-26T16:40:38.003Z,-25.4108945595,28.3369353805,1144.680847701,9.2661895773,9.4923323414,5.5,2.25,-3.6067810075
,2024-10-26T16:40:39.004Z,-25.4108154763,28.3369575925,1144.3350530231,9.3963928244,10.2009613183,5.5,2.1875,-3.6067810075
,2024-10-26T16:40:40.004Z,-25.4107309867,28.33697729,1144.0830388628,9.4730682395,10.1515220874,5.5625,2.125,-3.6120300309
,2024-10-26T16:40:41.004Z,-25.4106463294,28.3369988315,1143.8225102982,9.5408477805,10.2229343099,5.5625,2.125,-3.6385192888
,2024-10-26T16:40:42.003Z,-25.4105596606,28.3370173555,1143.5044866164,9.6105651877,9.9153124284,5.5625,2.1875,-3.7574157732
,2024-10-26T16:40:43.003Z,-25.4104749614,28.3370402381,1143.334442671,9.6284942649,10.1020828564,5.625,2.1875,-3.9634704608
,2024-10-26T16:40:44.004Z,-25.4103920644,28.3370585945,1143.1229253369,9.582626345,10.217441062,5.6875,2.125,-4.1352233905
,2024-10-26T16:40:45.003Z,-25.4103104666,28.3370818962,1143.2101140577,9.5354461692,11.0249485008,5.75,2.0625,-4.1352233905
,2024-10-26T16:40:46.003Z,-25.4102302937,28.3371020966,1142.974548872,9.4719390891,11.3929961089,5.75,2.0625,-4.0876159687
,2024-10-26T16:40:47.003Z,-25.4101478158,28.3371254821,1142.7485662059,9.4314575217,11.6951247425,5.8125,2.0,-3.9925231952
,2024-10-26T16:40:48.003Z,-25.4100665951,28.3371465206,1142.5941472605,9.3734741232,11.7335774776,5.8125,2.0,-3.9925231952
,2024-10-26T16:40:49.003Z,-25.4099865898,28.3371663019,1142.4298406198,9.3009643576,11.8873884184,5.8125,2.0,-4.0215759296
,2024-10-26T16:40:50.003Z,-25.4099066265,28.3371839039,1142.3613286569,9.2505950949,11.9203479056,5.75,2.0,-4.0533142108
,2024-10-26T16:40:51.003Z,-25.4098275013,28.3372014221,1142.1763616158,9.1856689474,12.3103685053,5.75,2.0,-4.1379089374
,2024-10-26T16:40:52.003Z,-25.4097471189,28.3372200299,1141.9986577583,9.1614074728,12.8706797894,5.875,1.9375,-4.3518981953
,2024-10-26T16:40:53.003Z,-25.4096686224,28.3372398112,1141.7394414496,9.0891113302,13.0849164568,5.875,1.9375,-4.4549255391
,2024-10-26T16:40:54.003Z,-25.409591425,28.3372621071,1141.5622869085,8.9994506856,13.0684367132,5.8125,1.9375,-4.5342712423
,2024-10-26T16:40:55.003Z,-25.409519634,28.3372817207,1141.3240972111,8.528137209,12.5191119249,5.8125,1.9375,-4.7799987815
,2024-10-26T16:40:56.003Z,-25.4094457056,28.3372994904,1141.180512006,8.2080078144,11.8379491874,5.8125,1.9375,-5.1049499535
,2024-10-26T16:40:57.003Z,-25.4093731184,28.3373137396,1140.899323041,8.0525817889,11.8983749141,5.875,1.9375,-5.4008483911
,2024-10-26T16:40:58.003Z,-25.4093114275,28.3373268992,1140.7875981874,7.0112457291,12.1455710688,5.875,1.9375,-5.6413269069
,2024-10-26T16:40:59.003Z,-25.4092527961,28.3373404779,1140.6206365174,6.4201660171,12.3103685053,6.0,1.875,-5.9056091336
,2024-10-26T16:41:00.003Z,-25.4092004092,28.3373509553,1140.4490972107,5.9343566908,12.7113756008,6.125,1.75,-6.1883239774
,2024-10-26T16:41:01.003Z,-25.409145424,28.3373661265,1140.4581609314,5.8789825453,16.7269398031,6.25,1.75,-6.4762878448
,2024-10-26T16:41:02.003Z,-25.4090947973,28.3373999894,1140.5728765076,6.1384735121,29.1966124971,6.125,1.8125,-6.645477298
,2024-10-26T16:41:03.003Z,-25.409050457,28.3374384623,1140.5100713318,6.3070983901,39.4305333028,5.875,2.0,-6.7378845246
,2024-10-26T16:41:04.003Z,-25.4090155464,28.3374904301,1140.5371404236,6.4671325698,50.9883268482,6.0,1.9375,-6.7378845246
,2024-10-26T16:41:05.003Z,-25.4089819768,28.3375509475,1140.2565312926,6.71914673,60.2829022659,5.9375,2.0,-6.690399173
,2024-10-26T16:41:06.003Z,-25.4089636205,28.3376247082,1140.0751042906,6.893844606,66.9517051956,5.8125,2.0625,-6.666595462
,2024-10-26T16:41:07.003Z,-25.4089464795,28.3376993072,1139.9694219175,7.0325469987,71.5715266651,5.5,2.125,-6.666595462
,2024-10-26T16:41:08.003Z,-25.4089301767,28.3377709724,1139.9699101988,6.9131927506,74.1918059052,5.375,2.1875,-6.8172302277
,2024-10-26T16:41:09.003Z,-25.4089149635,28.3378391173,1139.9169011655,6.705261232,76.2902265964,5.3125,2.25,-7.1104431185
,2024-10-26T16:41:10.003Z,-25.4089067074,28.337901311,1139.8222661557,6.1234741225,78.4106202792,5.3125,2.25,-7.4143981968
,2024-10-26T16:41:11.003Z,-25.4089027679,28.3379573021,1139.4788518489,5.5803680432,82.168001831,5.3125,2.25,-7.7445983922
,2024-10-26T16:41:12.003Z,-25.4089013429,28.3380127065,1139.5411382259,5.2539672863,83.6292057679,5.3125,2.3125,-8.1171569862
,2024-10-26T16:41:13.003Z,-25.4088932125,28.3380686976,1139.2134709894,4.949371339,79.2950331883,5.3125,2.3125,-8.5214538613
,2024-10-26T16:41:14.003Z,-25.4088695336,28.3381147143,1139.1646428644,4.8259735118,61.2497138933,5.3125,2.25,-8.9389343303
,2024-10-26T16:41:15.003Z,-25.4088269535,28.3381526843,1139.1839299738,5.3034820568,43.2593270771,5.375,2.1875,-9.3591003461
,2024-10-26T16:41:16.003Z,-25.4087807693,28.3381768242,1139.2332768976,5.8589782728,24.796520943,5.5625,2.0625,-9.6681823775
,2024-10-26T16:41:17.002Z,-25.408727167,28.3381856252,1139.2376714289,6.3040313735,13.0519569695,5.8125,2.0,-9.8188171432
,2024-10-26T16:41:18.002Z,-25.4086721817,28.338188475,1139.2405705988,6.7020416275,8.0036621652,6.0625,1.9375,-9.8716735885
,2024-10-26T16:41:19.002Z,-25.4086066771,28.3381914087,1139.3709416926,7.1487579362,6.1799038681,6.125,1.9375,-9.8716735885
,2024-10-26T16:41:20.002Z,-25.4085329583,28.3381876368,1139.2278142511,7.4502258318,4.6637674525,6.0625,2.0,-9.7897644088
,2024-10-26T16:41:21.002Z,-25.4084651068,28.3381919954,1139.2284246027,7.4708404558,4.4000915541,6.125,2.0625,-9.755462651
,2024-10-26T16:41:22.002Z,-25.4083966685,28.3382038139,1139.2579656183,7.4509735124,5.762417029,6.0625,2.125,-9.7527771041
,2024-10-26T16:41:23.002Z,-25.4083309963,28.3382168897,1139.2235417902,7.4512786882,8.058594644,6.125,2.125,-9.7527771041
,2024-10-26T16:41:24.002Z,-25.40826721,28.3382263612,1139.2588811457,7.4048309343,9.9702449073,6.1875,2.125,-9.7527771041
,2024-10-26T16:41:25.002Z,-25.4082013702,28.3382423707,1139.1258550226,7.4377594011,11.1952391851,6.1875,2.0625,-9.7527771041
,2024-10-26T16:41:26.002Z,-25.4081376258,28.3382572066,1139.064697796,7.4351501482,12.1675440604,6.3125,2.0,-9.7475280807
,2024-10-26T16:41:27.002Z,-25.4080717022,28.3382687737,1138.8652654229,7.4396057146,12.7553215838,6.375,2.0,-9.6919860884
,2024-10-26T16:41:28.002Z,-25.408004144,28.3382840287,1138.7334905204,7.4687042253,13.1837949187,6.3125,1.9375,-9.6919860884
,2024-10-26T16:41:29.002Z,-25.4079390585,28.3382981103,1138.7247624931,7.4448852556,13.0574502174,6.375,1.875,-9.7237243697
,2024-10-26T16:41:30.002Z,-25.4078715423,28.3383165505,1138.6599736747,7.4665985124,13.0409704737,6.375,1.875,-9.776580815
,2024-10-26T16:41:31.002Z,-25.407806834,28.3383322247,1138.8360906182,7.4560241716,12.8377203021,6.375,1.8125,-9.845306401
,2024-10-26T16:41:32.002Z,-25.4077523936,28.3383486532,1138.8192143974,7.3417663591,13.1123826962,6.4375,1.8125,-9.9351501511
,2024-10-26T16:41:33.002Z,-25.4076944746,28.3383612261,1138.8985906182,7.2239837663,12.9585717555,6.4375,1.8125,-9.9721374558
,2024-10-26T16:41:34.002Z,-25.4076396989,28.3383761458,1138.9609990655,7.0902099625,13.3540856031,6.4375,1.75,-9.9959411667
,2024-10-26T16:41:35.002Z,-25.4075818218,28.3383944184,1138.784882122,7.0302276627,14.3648432135,6.5,1.75,-10.0434265183
,2024-10-26T16:41:36.002Z,-25.4075210949,28.3384123557,1138.7507329521,6.876556398,14.7658503089,6.5,1.6875,-10.1094665574
,2024-10-26T16:41:37.002Z,-25.4074680375,28.3384292871,1138.5402837332,6.3931579604,13.9308766308,6.5,1.75,-10.1518249558
,2024-10-26T16:41:38.002Z,-25.4074108729,28.3384322208,1138.2794805105,5.9765777601,2.433508812,6.5625,1.6875,-10.3261413622
,2024-10-26T16:41:39.002Z,-25.4073589889,28.3384302091,1138.1719365651,5.700393678,0.3790341039,6.5625,1.6875,-10.5348815967
,2024-10-26T16:41:40.002Z,-25.4073070211,28.3384285327,1138.3030400808,5.7306976331,2.389562829,6.625,1.625,-10.6723327686
,2024-10-26T16:41:41.002Z,-25.4072568974,28.3384452127,1138.1282353932,5.9422302259,15.0405127031,6.5,1.75,-10.7145690967
,2024-10-26T16:41:42.002Z,-25.4072071508,28.3384748847,1138.0657964283,6.1680603041,27.230029755,6.4375,1.75,-10.7489929249
,2024-10-26T16:41:43.002Z,-25.4071616789,28.3385169618,1138.0306096607,6.3980102553,41.2433051041,6.4375,1.8125,-10.7489929249
,2024-10-26T16:41:44.002Z,-25.4071319651,28.3385773953,1137.9666753345,6.6035919204,53.8722819867,6.375,1.875,-10.6617126514
,2024-10-26T16:41:45.002Z,-25.4070980603,28.3386338894,1137.7372746997,6.2191162123,60.5960173952,6.0,2.0,-10.6617126514
,2024-10-26T16:41:46.002Z,-25.4070797877,28.3386876174,1137.6545415453,5.7646789564,63.7216754406,5.8125,2.0625,-10.6643981983
,2024-10-26T16:41:47.002Z,-25.4070606351,28.3387374897,1137.5229497484,5.2980499279,64.8203250171,5.5625,2.125,-10.8018493702
,2024-10-26T16:41:48.001Z,-25.4070482718,28.3387779743,1137.3111272385,4.8218078624,65.292744335,5.5,2.125,-11.026336675
,2024-10-26T16:41:49.001Z,-25.4070318013,28.338820722,1137.0964971115,4.6558990489,65.0235751888,5.5,2.125,-11.2456970267
,2024-10-26T16:41:50.001Z,-25.4070149118,28.3388640564,1136.9860539962,4.6287841807,63.0020599679,5.5,2.125,-11.5072937065
,2024-10-26T16:41:51.001Z,-25.4069903947,28.3389019426,1136.9797063399,4.5701599131,57.2671091783,5.5,2.125,-11.7450866753
,2024-10-26T16:41:52.001Z,-25.4069647461,28.3389378172,1136.8989263106,4.2928466806,51.5980773632,5.5,2.125,-11.9538269098
,2024-10-26T16:41:53.001Z,-25.4069383012,28.3389637173,1136.8299260664,3.9411163339,47.2364385442,5.625,2.125,-12.1123962458
,2024-10-26T16:41:54.001Z,-25.4069139518,28.338986516,1136.9286199141,3.5503234871,44.484321355,5.9375,2.0625,-12.2630310115
,2024-10-26T16:41:55.001Z,-25.4068932066,28.3390141763,1136.9103093673,3.1603393562,46.2366674296,6.25,2.0,-12.3871765194
,2024-10-26T16:41:56.001Z,-25.4068804242,28.3390420042,1136.8974004317,2.9972686774,59.667658503,6.5,1.9375,-12.4611511288
,2024-10-26T16:41:57.001Z,-25.4068725033,28.3390706703,1136.7680974531,3.1390228278,75.9990844586,6.5625,1.875,-12.5035095273
,2024-10-26T16:41:58.001Z,-25.4068721261,28.3391026892,1136.6573796796,3.0838012702,89.1828793774,6.75,1.875,-12.5906677304
,2024-10-26T16:41:59.001Z,-25.4068744311,28.3391330317,1136.6372075605,3.0801849372,91.9844357976,7.0625,1.8125,-12.683074957
,2024-10-26T16:42:00.001Z,-25.40687682,28.3391637095,1136.4786077069,3.1446228034,92.154726482,7.0,1.8125,-12.7782898008
,2024-10-26T16:42:01.001Z,-25.4068791669,28.339199584,1136.3640447186,3.4607238777,92.671091783,6.9375,1.8125,-12.8813171446
,2024-10-26T16:42:02.001Z,-25.4068826873,28.3392371349,1136.2085576579,3.3954467781,93.3522545204,6.875,1.75,-12.9870300353
,2024-10-26T16:42:03.001Z,-25.4068897281,28.3392693214,1135.9770207926,3.3348999031,95.4726482032,6.8125,1.75,-13.0821228088
,2024-10-26T16:42:04.001Z,-25.4068892252,28.3393026814,1135.9977117106,3.232543946,97.4776836804,6.625,1.8125,-13.1746521057
,2024-10-26T16:42:05.001Z,-25.4069038935,28.3393425793,1135.9350591227,3.1902008064,100.4220645456,6.4375,1.8125,-13.2802429261
,2024-10-26T16:42:06.001Z,-25.4069153348,28.33937376,1135.862549357,3.1507568366,102.3392080567,6.25,1.9375,-13.4150085511
,2024-10-26T16:42:07.001Z,-25.406926818,28.3394046892,1135.7974248453,3.2633361824,104.4870679789,6.0625,2.0,-13.5815124574
,2024-10-26T16:42:08.001Z,-25.4069393489,28.3394336906,1135.7278752847,3.240646363,106.8931105516,6.0,2.0,-13.6924743716
,2024-10-26T16:42:09.001Z,-25.4069505388,28.3394647036,1135.6926579995,3.1895599372,109.3321126115,6.125,1.9375,-13.7480163638
,2024-10-26T16:42:10.001Z,-25.4069627345,28.3394928668,1135.4777532142,2.9604949958,111.1448844129,6.375,1.875,-13.8589782779
,2024-10-26T16:42:11.001Z,-25.4069755169,28.3395170067,1135.3919988197,2.7211151129,112.3698786907,6.625,1.75,-13.9356384342
,2024-10-26T16:42:12.001Z,-25.4070000339,28.3395264782,1135.2400212805,2.2736053472,117.8796063172,6.3125,1.9375,-14.0096130436
,2024-10-26T16:42:13.001Z,-25.4070193961,28.3395292443,1135.1423345129,1.5583343509,123.9880979629,6.0625,2.0,-14.1205749577
,2024-10-26T16:42:14.001Z,-25.4070344836,28.3395361174,1135.1187139074,1.1682128908,123.6365300984,6.0625,2.0625,-14.2447204656
,2024-10-26T16:42:15.001Z,-25.4070517922,28.3395416495,1135.1059575598,1.3768157962,123.6365300984,6.0625,2.125,-14.3293151922
,2024-10-26T16:42:16.001Z,-25.4070723278,28.3395429906,1135.0447087804,1.3101959231,123.6365300984,6.0,2.125,-14.3742370672
,2024-10-26T16:42:17.001Z,-25.4070933245,28.3395434097,1134.8875737706,1.2366943362,123.6365300984,6.0,2.0625,-14.4032898016
,2024-10-26T16:42:18.001Z,-25.4071170872,28.3395368718,1134.7630925694,1.2412414553,123.6365300984,5.9375,2.0625,-14.4429626532
,2024-10-26T16:42:19.000Z,-25.4071455857,28.3395299986,1134.7190251865,1.3393249514,123.6365300984,5.75,2.1875,-14.5036315985
,2024-10-26T16:42:20.000Z,-25.4071686778,28.3395229578,1134.6886601963,1.4040832522,123.6365300984,5.6875,2.25,-14.590911872
,2024-10-26T16:42:21.000Z,-25.4071926501,28.3395199403,1134.7121587315,1.4598693851,123.6365300984,5.625,2.25,-14.6780700751
,2024-10-26T16:42:22.000Z,-25.4072157422,28.3395174258,1134.6994023838,1.4918518069,123.6365300984,5.5,2.3125,-14.7969665596
,2024-10-26T16:42:23.000Z,-25.4072408041,28.3395134025,1134.6845403233,1.5378112796,123.6365300984,5.375,2.375,-14.8656921455
,2024-10-26T16:42:24.000Z,-25.407262597,28.3395079542,1134.6968389072,1.561508179,123.6365300984,5.3125,2.4375,-14.9185485909
,2024-10-26T16:42:25.000Z,-25.4072845157,28.3395051044,1134.7568364659,1.5876770023,123.6365300984,5.3125,2.4375,-14.9369812081
,2024-10-26T16:42:26.000Z,-25.4073074402,28.3395030927,1134.7446904698,1.6723480228,123.6365300984,5.25,2.4375,-14.9369812081
,2024-10-26T16:42:27.000Z,-25.4073317477,28.3395017516,1134.9388127843,1.767242432,123.6365300984,5.25,2.5,-14.8815612862
,2024-10-26T16:42:28.000Z,-25.4073539179,28.3394996561,1134.9682927648,1.7800292972,123.6365300984,5.25,2.5,-14.8128357002
,2024-10-26T16:42:29.000Z,-25.4073770519,28.339502506,1135.0521855871,1.9230651859,123.6365300984,5.25,2.5,-14.7388610908
,2024-10-26T16:42:30.000Z,-25.4074059695,28.339500662,1135.1330266516,2.3578643804,163.0835431448,5.3125,2.4375,-14.667449958
,2024-10-26T16:42:31.000Z,-25.4074303189,28.339502506,1135.1410832922,2.4686584478,165.1544975967,5.375,2.375,-14.5961608954
,2024-10-26T16:42:32.000Z,-25.4074509384,28.3395128157,1135.1822209875,2.4920654302,161.9684138246,5.3125,2.375,-14.5777282782
,2024-10-26T16:42:33.000Z,-25.4074685823,28.3395282384,1135.1920476477,2.48954773,156.5630579079,5.375,2.3125,-14.5777282782
,2024-10-26T16:42:34.000Z,-25.4074846756,28.3395447508,1135.1424871008,2.4728088384,149.6195925841,5.375,2.3125,-14.6040954657
,2024-10-26T16:42:35.000Z,-25.4075004755,28.3395667114,1135.1401067297,2.3930053716,139.6603341725,5.375,2.3125,-14.6490173408
,2024-10-26T16:42:36.000Z,-25.4075110786,28.3395888396,1135.2547307532,2.2134704594,129.6461432822,5.4375,2.25,-14.6860046455
,2024-10-26T16:42:37.003Z,-25.4075197538,28.3396069445,1135.0445561926,2.1115570073,123.8068207827,5.4375,2.25,-14.704559333
,2024-10-26T16:42:38.003Z,-25.4075277586,28.3396253009,1134.9826665441,2.0381469731,120.7910276951,5.4375,2.25,-14.7282409736
,2024-10-26T16:42:39.003Z,-25.4075315723,28.3396434058,1134.9698186437,1.9164123539,117.9510185397,5.5,2.25,-14.7282409736
,2024-10-26T16:42:40.004Z,-25.4075320333,28.3396666237,1134.8036504307,1.8427581791,114.2485694666,5.5625,2.1875,-14.7441101142
,2024-10-26T16:42:41.004Z,-25.4075399542,28.3396839742,1134.6170964756,1.770355225,114.3694209201,5.625,2.125,-14.7520446846
,2024-10-26T16:42:42.004Z,-25.4075450672,28.339705851,1134.6454778232,1.7572479252,113.2213321126,5.6875,2.0625,-14.8577575752
,2024-10-26T16:42:43.003Z,-25.4075500963,28.3397239559,1134.5117803134,1.7654113773,112.1886015106,5.75,2.0625,-14.915863044
,2024-10-26T16:42:44.003Z,-25.4075569276,28.3397381213,1134.381165079,1.7969512943,112.6225680933,5.6875,2.0,-14.9634704659
,2024-10-26T16:42:45.003Z,-25.4075617891,28.3397563938,1134.4550176181,1.8365325932,111.7436484321,5.75,2.0,-14.9634704659
,2024-10-26T16:42:46.004Z,-25.4075685784,28.3397744987,1134.2149053133,1.8695068363,110.9691004806,5.625,2.0,-14.9369812081
,2024-10-26T16:42:47.004Z,-25.4075750744,28.3397958726,1134.1365972078,1.8816986088,110.0682078278,5.75,1.875,-14.9079284737
,2024-10-26T16:42:48.004Z,-25.4075819056,28.3398169112,1134.0938115632,1.8641204838,109.3321126115,5.875,1.8125,-14.9079284737
,2024-10-26T16:42:49.004Z,-25.4075871862,28.3398399614,1133.9444890534,1.8820495609,108.2114900434,5.9375,1.8125,-14.9423523018
,2024-10-26T16:42:50.003Z,-25.4075916706,28.3398643527,1133.8122563873,1.9124755863,106.5030899519,5.9375,1.8125,-15.0506286691
,2024-10-26T16:42:51.003Z,-25.4075921735,28.3398925998,1133.7265019927,1.9754486088,103.2236209658,5.9375,1.875,-15.2673034739
,2024-10-26T16:42:52.003Z,-25.4075912515,28.3399256245,1133.7181096587,2.1188049321,99.6914625772,5.875,1.875,-15.3888855052
,2024-10-26T16:42:53.003Z,-25.4075884435,28.3399546258,1133.6267705474,2.2278747563,97.076676585,5.75,1.9375,-15.468109138
,2024-10-26T16:42:54.003Z,-25.4075807741,28.3399873991,1133.8199162994,2.310653687,94.2421606775,5.5625,2.0625,-15.468109138
,2024-10-26T16:42:55.003Z,-25.407576164,28.3400109522,1133.6251531157,2.0003967289,92.7260242618,5.5,2.1875,-15.3518982005
,2024-10-26T16:42:56.003Z,-25.4075691652,28.3400292248,1133.460632852,1.7811584476,90.3419546807,5.4375,2.25,-15.264617927
,2024-10-26T16:42:57.003Z,-25.4075605318,28.3400428035,1133.4895635161,1.6902618412,88.0512703135,5.375,2.25,-15.1906433176
,2024-10-26T16:42:58.003Z,-25.407552569,28.340059232,1133.3095708402,1.6584930423,86.6999313344,5.3125,2.25,-15.1906433176
,2024-10-26T16:42:59.003Z,-25.4075476237,28.340076834,1133.2568059476,1.6757965091,86.2439917601,5.3125,2.25,-15.2514343332
,2024-10-26T16:43:00.003Z,-25.4075461987,28.3400964476,1133.0910649807,1.7574920658,86.9691004806,5.3125,2.25,-15.4707946849
,2024-10-26T16:43:01.003Z,-25.4075475398,28.3401133791,1132.9578862697,1.766952515,88.6500343327,5.3125,2.25,-15.6451110912
,2024-10-26T16:43:02.003Z,-25.4075518146,28.340128718,1132.8233037501,1.7010345462,91.0450904097,5.3125,2.3125,-15.8354187085
,2024-10-26T16:43:03.003Z,-25.4075564247,28.3401405365,1132.6648564844,1.6033782962,93.604943923,5.3125,2.25,-16.0230407789
,2024-10-26T16:43:04.003Z,-25.4075612862,28.3401550371,1132.669373086,1.6348724369,96.3680476081,5.3125,2.25,-16.2159118727
,2024-10-26T16:43:05.003Z,-25.4075667344,28.340169454,1132.5511785059,1.6144409183,99.2135500114,5.3125,2.25,-16.3189392165
,2024-10-26T16:43:06.003Z,-25.4075762479,28.3401869722,1132.3210454491,1.6887817386,102.9929045548,5.375,2.1875,-16.4194030838
,2024-10-26T16:43:07.003Z,-25.4075859709,28.3401971981,1132.3480840233,1.6118927005,106.9095902952,5.375,2.125,-16.5700378495
,2024-10-26T16:43:08.003Z,-25.4075935146,28.3402138781,1132.2742009667,1.6807708744,107.9862668802,5.375,2.0625,-16.6360778886
,2024-10-26T16:43:09.003Z,-25.407600262,28.3402240202,1132.1871037987,1.580459595,109.4145113298,5.375,2.0625,-16.6597595292
,2024-10-26T16:43:10.003Z,-25.4076074705,28.3402337432,1132.1259465721,1.5454101566,110.6120393682,5.4375,2.0625,-16.7416687089
,2024-10-26T16:43:11.003Z,-25.4076150561,28.3402414546,1132.065186074,1.3550109866,112.3259327077,5.5,2.0,-16.7416687089
,2024-10-26T16:43:12.003Z,-25.407621552,28.3402569611,1132.0421147849,1.3934173587,112.3259327077,5.5,2.0,-16.7496032792
,2024-10-26T16:43:13.003Z,-25.4076228093,28.3402705398,1131.9672246482,1.3858032229,112.3259327077,5.5625,2.0,-16.7734069902
,2024-10-26T16:43:14.003Z,-25.4076237733,28.340283867,1131.963837197,1.3858032229,112.3259327077,5.6875,2.0,-16.7972107011
,2024-10-26T16:43:15.003Z,-25.4076224321,28.3403010499,1131.8857121969,1.4331665042,112.3259327077,5.875,1.9375,-16.8130798418
,2024-10-26T16:43:16.003Z,-25.407620169,28.3403168917,1131.7750554586,1.4766387942,112.3259327077,6.1875,1.8125,-16.8870544512
,2024-10-26T16:43:17.003Z,-25.407616481,28.3403342422,1131.6751103902,1.4509887698,112.3259327077,6.5,1.6875,-16.9610290606
,2024-10-26T16:43:18.002Z,-25.4076124996,28.3403494973,1131.6399541402,1.4131927493,112.3259327077,6.6875,1.5625,-17.0191345294
,2024-10-26T16:43:19.002Z,-25.4076117033,28.3403673508,1131.7323308492,1.3731079104,112.3259327077,7.0,1.4375,-17.0851745685
,2024-10-26T16:43:20.002Z,-25.4076114099,28.3403830249,1131.6313176656,1.3919372561,112.3259327077,7.375,1.1875,-17.1380310138
,2024-10-26T16:43:21.002Z,-25.4076136731,28.3404008784,1131.6069341206,1.4362792972,112.3259327077,7.8125,1.125,-17.1777038654
,2024-10-26T16:43:22.002Z,-25.4076142179,28.3404165525,1131.5652776265,1.4301757815,112.3259327077,8.125,1.125,-17.2278747638
,2024-10-26T16:43:23.002Z,-25.4076125834,28.3404301312,1131.5374761128,1.4149932864,112.3259327077,8.3125,1.125,-17.2675476154
,2024-10-26T16:43:24.002Z,-25.4076083925,28.3404415306,1131.5787969136,1.278518677,112.3259327077,8.0625,1.125,-17.2913513264
,2024-10-26T16:43:25.002Z,-25.4076050397,28.3404613957,1131.4251714252,1.4796142581,112.3259327077,8.0625,1.125,-17.3256530842
,2024-10-26T16:43:26.002Z,-25.4076042015,28.3404841107,1131.464905312,1.7174987796,112.3259327077,8.125,1.125,-
,2024-10-26T16:43:27.002Z,-25.4076018127,28.3405000363,1131.4144292377,1.8262786869,112.3259327077,7.875,1.125,-17.3097839436
,2024-10-26T16:43:28.002Z,-25.4075985856,28.3405215778,1131.2865300678,1.9461822514,112.3259327077,7.5,1.125,-17.2913513264
,2024-10-26T16:43:29.002Z,-25.4075888207,28.340551585,1131.3008733295,2.3027343755,85.0464637216,6.75,1.5625,-17.2807312092
,2024-10-26T16:43:30.002Z,-25.4075827857,28.3405870404,1131.2865300678,2.5408325201,86.0682078278,6.6875,1.625,-17.2807312092
,2024-10-26T16:43:31.002Z,-25.4075832887,28.340606235,1131.1882329486,2.5943298345,88.1940947585,6.5625,1.625,-17.2807312092
,2024-10-26T16:43:32.002Z,-25.4075847974,28.3406323027,1131.2602849506,2.691085816,92.0448615243,6.4375,1.625,-17.3467712483
,2024-10-26T16:43:33.002Z,-25.4075951071,28.3406608012,1131.2165837787,2.8704223639,98.6916914625,6.375,1.6875,-17.3732605061
,2024-10-26T16:43:34.002Z,-25.4076150142,28.3406903055,1131.1373296282,3.1023864753,111.0185397116,6.0625,1.8125,-17.375946053
,2024-10-26T16:43:35.002Z,-25.4076397408,28.3407162056,1131.2467656634,3.2584228523,120.4779125658,6.0,1.875,-17.4445495686
,2024-10-26T16:43:36.002Z,-25.4076634197,28.3407351487,1131.3329778217,3.206069947,128.0476081483,6.0625,1.875,-17.5370788655
,2024-10-26T16:43:37.002Z,-25.4076897388,28.340750739,1131.409637978,2.998962403,134.0462348363,6.0,1.875,-17.6189880453
,2024-10-26T16:43:38.002Z,-25.4077140463,28.3407682572,1131.5847783589,2.8403015143,138.5012588693,5.9375,1.9375,-17.7642517172
,2024-10-26T16:43:39.002Z,-25.4077429639,28.3407858592,1131.9119878317,2.5651397711,142.3245593957,5.75,2.0625,-17.8858337485
,2024-10-26T16:43:40.002Z,-25.4077684449,28.3407979291,1132.0328374412,2.350006104,146.5653467612,5.6875,2.125,-17.8990173423
,2024-10-26T16:43:41.002Z,-25.4077917466,28.3408054728,1132.14953666,2.339660645,153.1242847333,5.6875,2.0625,-17.9202575767
,2024-10-26T16:43:42.002Z,-25.4078192811,28.3408156988,1132.325684121,2.64138794,158.8647287708,5.75,2.0625,-17.9202575767
,2024-10-26T16:43:43.002Z,-25.4078515096,28.3408108373,1132.5008855371,3.0193023688,163.5120164797,5.6875,2.125,-17.9123230063
,2024-10-26T16:43:44.002Z,-25.4078901082,28.3408256732,1132.7286687403,3.9175720223,156.8761730373,5.75,2.0625,-17.814544686
,2024-10-26T16:43:45.002Z,-25.4079274915,28.3408603743,1132.8520818263,4.1736145029,141.2973220416,5.875,2.0,-17.7564392172
,2024-10-26T16:43:46.002Z,-25.4079500807,28.3408944048,1132.8975835353,3.7683563241,129.6241702906,6.0625,1.9375,-17.700897225
,2024-10-26T16:43:47.002Z,-25.4079676408,28.3409233224,1132.9887090236,3.4188690193,123.0872053101,6.25,1.875,-17.6031189046
,2024-10-26T16:43:48.002Z,-25.407981471,28.3409521561,1132.8965154201,3.230377198,120.6701762417,6.0625,2.0,-17.5475769124
,2024-10-26T16:43:49.001Z,-25.4079978157,28.3409773857,1133.1933599026,3.0340271003,122.0489814602,5.875,2.0625,-17.5132751546
,2024-10-26T16:43:50.001Z,-25.4080206564,28.3409975022,1132.9856572658,2.8276672369,129.464866102,5.9375,2.0625,-17.4524841389
,2024-10-26T16:43:51.001Z,-25.408044922,28.3410179541,1132.9282537013,2.5975189215,144.0219729915,5.875,2.0625,-17.4524841389
,2024-10-26T16:43:52.001Z,-25.4080701934,28.3410314489,1132.8807683498,2.6246185308,156.7663080796,5.6875,2.125,-17.5212097249
,2024-10-26T16:43:53.001Z,-25.4081053555,28.3410253302,1132.7142644434,3.1846008308,175.2346074616,5.625,2.1875,-17.6031189046
,2024-10-26T16:43:54.001Z,-25.4081440799,28.3410143499,1132.8003850489,3.5592956551,185.0235751888,5.4375,2.25,-17.6982116781
,2024-10-26T16:43:55.001Z,-25.4081796611,28.341001777,1132.9501042873,3.6617889412,190.1872281986,5.4375,2.3125,-17.8277282797
,2024-10-26T16:43:56.001Z,-25.4082164576,28.340986941,1132.7519231349,3.6575775155,194.9828336003,5.375,2.375,-17.8964538657
,2024-10-26T16:43:57.001Z,-25.4082475126,28.3409757093,1132.6745000391,3.3696899421,197.6855115587,5.3125,2.375,-17.9228210532
,2024-10-26T16:43:58.001Z,-25.4082785675,28.3409631364,1132.8181462794,3.1676940925,198.0096131837,5.25,2.375,-17.9572448814
,2024-10-26T16:43:59.001Z,-25.4083051801,28.340954084,1132.8824773341,2.9600219733,196.0210574502,5.25,2.375,-17.9624939048
,2024-10-26T16:44:00.001Z,-25.4083362769,28.3409478814,1132.8504338771,2.9651947028,192.3405813687,5.25,2.5,-17.9836120689
,2024-10-26T16:44:01.001Z,-25.4083651107,28.3409426846,1132.7613835841,3.1584777839,188.9127946898,5.1875,2.5,-17.9836120689
,2024-10-26T16:44:02.001Z,-25.4083930224,28.3409413435,1132.676605752,3.27659607,184.1116960402,5.1875,2.5625,-17.936004647
,2024-10-26T16:44:03.001Z,-25.4084255861,28.3409446962,1132.7871099024,3.4851989754,175.921263447,5.1875,2.5625,-17.8567810141
,2024-10-26T16:44:04.001Z,-25.4084604548,28.3409558442,1132.7938237696,3.5870361336,170.6752117189,5.125,2.625,-17.769622811
,2024-10-26T16:44:05.001Z,-25.4084941501,28.3409666568,1132.8809209376,3.5716094979,170.482948043,5.125,2.625,-17.6744079672
,2024-10-26T16:44:06.001Z,-25.4085258337,28.3409634717,1132.9356389552,3.487686158,178.1734950789,5.0625,2.75,-17.6269226156
,2024-10-26T16:44:07.001Z,-25.4085542483,28.3409503121,1133.0131536037,3.4389038093,192.7800411993,5.125,2.6875,-17.5529480062
,2024-10-26T16:44:08.001Z,-25.4085855128,28.3409306146,1133.0079656154,3.6146698006,204.4422064545,5.125,2.6875,-17.5027771077
,2024-10-26T16:44:09.001Z,-25.4086151009,28.3409114201,1133.0682683498,3.5874023445,209.1938658731,5.125,2.6875,-17.5027771077
,2024-10-26T16:44:10.001Z,-25.4086438928,28.3408913035,1133.2675176175,3.6428070076,211.7756923781,5.125,2.6875,-17.5212097249
,2024-10-26T16:44:11.001Z,-25.4086755764,28.340872109,1133.5314641508,3.9295806893,210.699015793,5.125,2.625,-17.5343933187
,2024-10-26T16:44:12.001Z,-25.4087134207,28.3408593685,1133.807068399,4.4036865244,202.2998397802,5.1875,2.5625,-17.5397644124
,2024-10-26T16:44:13.001Z,-25.4087566294,28.3408553452,1133.8838811432,4.7306518565,191.9230945296,5.1875,2.5,-17.5397644124
,2024-10-26T16:44:14.001Z,-25.4087995866,28.3408527468,1133.9218450104,4.8982086193,187.0395971618,5.25,2.4375,-17.5159607015
,2024-10-26T16:44:15.001Z,-25.4088430887,28.3408587817,1134.0613408601,5.0600433361,182.2384985122,5.25,2.4375,-17.4683532796
,2024-10-26T16:44:16.001Z,-25.4088907817,28.3408663255,1134.0953374421,5.152572633,179.343556878,5.25,2.4375,-17.3705749592
,2024-10-26T16:44:17.001Z,-25.4089358345,28.3408655711,1134.1294560945,4.977218629,178.964522774,5.1875,2.5,-17.2886657795
,2024-10-26T16:44:18.001Z,-25.4089794204,28.3408635594,1134.0454412019,4.8519897472,180.0851453421,5.1875,2.5,-17.2411804279
,2024-10-26T16:44:19.001Z,-25.4090187734,28.340856351,1133.9566960846,4.6803588878,182.5351338979,5.1875,2.5625,-17.1962585529
,2024-10-26T16:44:20.000Z,-25.4090552347,28.3408514057,1133.9721990143,4.4789276133,184.732433051,5.1875,2.5625,-17.1908874591
,2024-10-26T16:44:21.000Z,-25.4090942943,28.3408427723,1133.8943791901,4.3521728525,188.3744563973,5.1875,2.5625,-17.1856384357
,2024-10-26T16:44:22.000Z,-25.4091354914,28.3408265952,1133.9786687409,4.4081573496,194.0819409475,5.1875,2.5625,-17.1829528888
,2024-10-26T16:44:23.000Z,-25.4091758084,28.3408088256,1133.8892522369,4.5129241953,197.2845044632,5.1875,2.5,-17.1803894122
,2024-10-26T16:44:24.000Z,-25.4092156643,28.3407889605,1133.8641057526,4.6013031016,199.1027695124,5.25,2.4375,-17.1539001544
,2024-10-26T16:44:25.000Z,-25.4092558555,28.3407675028,1133.8789372955,4.7331390391,199.9157701991,5.25,2.4375,-17.079925545
,2024-10-26T16:44:26.000Z,-25.4092935741,28.340761384,1133.884399942,4.7687225352,189.9125658045,5.3125,2.3125,-17.011199959
,2024-10-26T16:44:27.000Z,-25.4093319632,28.3407634795,1133.9803472077,4.7923278819,178.9370565346,5.4375,2.25,-16.9161071856
,2024-10-26T16:44:28.000Z,-25.4093688436,28.3407705203,1134.1437078035,4.9133758556,172.9054703593,5.3125,2.3125,-16.8103942949
,2024-10-26T16:44:29.000Z,-25.4094076518,28.3407728672,1134.2892766512,5.0073547374,173.246051728,5.25,2.375,-16.6651306229
,2024-10-26T16:44:30.000Z,-25.4094537523,28.3407708556,1134.295441202,5.2440032971,176.5090409704,5.25,2.5,-16.5224304276
,2024-10-26T16:44:31.000Z,-25.4095015291,28.3407690116,1134.4625859774,5.4483947766,179.2996108949,5.25,2.4375,-16.3717956619
,2024-10-26T16:44:32.000Z,-25.4095493898,28.3407657426,1134.5781255283,5.618438722,181.4200045777,5.25,2.4375,-16.279266365
,2024-10-26T16:44:33.000Z,-25.4096027825,28.3407621384,1134.6057439365,5.9040069593,182.5351338979,5.1875,2.5,-16.2211608962
,2024-10-26T16:44:34.000Z,-25.4096569715,28.3407553491,1134.8957829991,6.0680389418,183.2932021057,5.1875,2.5,-16.1287536696
,2024-10-26T16:44:35.000Z,-25.4097099451,28.3407493141,1134.9656377355,6.1641845717,183.7436484321,5.1875,2.5625,-16.0151062086
,2024-10-26T16:44:36.000Z,-25.4097648047,28.3407427762,1135.1094060461,6.2675933852,184.2105745021,5.1875,2.5625,-15.9331970289
,2024-10-26T16:44:37.000Z,-25.4098218435,28.3407365736,1135.2545171302,6.436447145,184.2490272373,5.1875,2.5,-15.8063659741
,2024-10-26T16:44:38.000Z,-25.4098823609,28.3407312092,1135.3721013587,6.531860353,184.2215609979,5.1875,2.5,-15.6663513256
,2024-10-26T16:44:39.000Z,-25.4099425429,28.3407240846,1135.3880010169,6.6292114273,184.3479056992,5.1875,2.5,-15.5632019115
,2024-10-26T16:44:40.000Z,-25.4099987436,28.3407189716,1135.4949346107,6.6665191665,185.012588693,5.25,2.5,-15.4601745677
,2024-10-26T16:44:41.000Z,-25.4100524297,28.3407133557,1135.4816899818,6.4110260024,185.5674067292,5.25,2.375,-15.3360290598
,2024-10-26T16:44:42.000Z,-25.4101003742,28.3407107573,1135.4965520424,6.0039215101,185.1004806591,5.375,2.375,-15.2382507395
,2024-10-26T16:44:43.004Z,-25.4101468937,28.3407016211,1135.4903874916,5.7268829359,185.4740215152,5.4375,2.375,-15.1563415597
,2024-10-26T16:44:44.004Z,-25.410191695,28.3406954184,1135.5867925209,5.526062013,186.1881437399,5.4375,2.375,-15.07443238
,2024-10-26T16:44:45.004Z,-25.4102406034,28.3406869527,1135.6298223061,5.7129364026,187.9624628061,5.375,2.375,-15.0163269112
,2024-10-26T16:44:46.004Z,-25.4102955887,28.3406751342,1135.8185735269,5.8885803236,188.1821927214,5.25,2.375,-14.9555358956
,2024-10-26T16:44:47.004Z,-25.4103515798,28.3406705242,1136.0111699625,5.9082946791,185.9903868162,5.25,2.4375,-14.8841247627
,2024-10-26T16:44:48.004Z,-25.4104077805,28.3406720329,1136.2305303142,5.9307403578,180.700389105,5.1875,2.5,-14.7599792549
,2024-10-26T16:44:49.004Z,-25.4104635201,28.3406804987,1136.1695561931,5.9639434828,176.5035477225,5.1875,2.5,-14.6172790595
,2024-10-26T16:44:50.004Z,-25.4105257558,28.3406820912,1136.2879338787,6.0188140883,175.1192492561,5.1875,2.5625,-14.5485534735
,2024-10-26T16:44:51.004Z,-25.4105857283,28.3406852763,1136.4830937909,5.9561767591,173.9327077134,5.125,2.625,-14.477264411
,2024-10-26T16:44:52.004Z,-25.410644234,28.3406931553,1136.6617742109,5.9261322035,171.8507667658,5.125,2.6875,-14.3583679266
,2024-10-26T16:44:53.004Z,-25.4106985906,28.340706734,1136.8776250411,5.7799835218,169.6534676127,5.0625,2.75,-14.2288513249
,2024-10-26T16:44:54.004Z,-25.4107498879,28.3407196421,1137.0049138595,5.5530853284,169.6150148775,5.0625,2.75,-14.0861511296
,2024-10-26T16:44:55.004Z,-25.4108022328,28.3407238331,1137.2184148361,5.4939117444,173.3778896772,5.125,2.6875,-13.8088073794
,2024-10-26T16:44:56.004Z,-25.4108551646,28.3407177143,1137.2742314866,5.7284545911,180.2938887617,5.125,2.6875,-13.5735778871
,2024-10-26T16:44:57.004Z,-25.4109122872,28.3407084104,1137.5029607347,5.914016725,184.4193179217,5.125,2.6875,-13.4070739808
,2024-10-26T16:44:58.004Z,-25.4109681945,28.3406982683,1137.6773686938,5.9767456068,186.4847791256,5.1875,2.5625,-13.2776794495
,2024-10-26T16:44:59.004Z,-25.4110234732,28.3406859469,1137.833466106,5.910110475,186.8747997253,5.1875,2.5625,-13.1560974182
,2024-10-26T16:45:00.004Z,-25.4110771593,28.340681253,1137.9526677662,5.7728118909,184.2215609979,5.1875,2.5625,-13.0610046447
,2024-10-26T16:45:01.004Z,-25.4111247266,28.3406789899,1138.1481938893,5.628997804,182.2714579995,5.1875,2.5625,-12.9262390196
,2024-10-26T16:45:02.004Z,-25.4111723358,28.3406790737,1138.4122319754,5.3929901135,181.0849164568,5.1875,2.5,-12.7465515196
,2024-10-26T16:45:03.004Z,-25.4112201545,28.3406801634,1138.6086431083,5.2844543469,180.326848249,5.1875,2.5,-12.5509948788
,2024-10-26T16:45:04.004Z,-25.4112693563,28.3406810016,1138.8508000908,5.2247161877,179.810482948,5.1875,2.5,-12.3370056209
,2024-10-26T16:45:05.004Z,-25.4113149539,28.3406846896,1139.1314397394,5.0088195812,179.294117647,5.1875,2.5625,-12.1255798396
,2024-10-26T16:45:06.004Z,-25.4113622278,28.340685444,1139.2024846613,4.8442382823,178.8931105516,5.1875,2.5625,-11.9458923395
,2024-10-26T16:45:07.004Z,-25.4114079092,28.3406883776,1139.353119427,4.7788238536,178.4261844815,5.1875,2.5625,-11.7424011285
,2024-10-26T16:45:08.004Z,-25.4114542192,28.3406887967,1139.3385625422,4.7248229991,179.0634012359,5.1875,2.5,-11.5865173393
,2024-10-26T16:45:09.004Z,-25.4114944523,28.3406874556,1139.5211797298,4.1547088632,180.5685511558,5.25,2.4375,-
,2024-10-26T16:45:10.004Z,-25.4115277704,28.3406862822,1139.7265630307,3.6518402108,182.1231403067,5.375,2.3125,-11.4385681205
,2024-10-26T16:45:11.004Z,-25.411554341,28.3406857793,1139.7997136655,3.2205963142,183.3591210803,5.625,2.3125,-
,2024-10-26T16:45:12.004Z,-25.4115748767,28.3406841029,1140.1324468199,2.727905274,184.1556420233,5.875,2.25,-11.2879333548
,2024-10-26T16:45:13.004Z,-25.411584935,28.3406874556,1140.2793279235,1.90171814,183.0130464637,5.75,2.1875,-
,2024-10-26T16:45:14.004Z,-25.4115921015,28.3406849411,1140.3260198181,1.2484130862,184.0512703135,5.6875,2.125,-11.2350769095
,2024-10-26T16:45:15.004Z,-25.4115929397,28.3406869527,1140.4174199646,0.6111450196,184.0512703135,5.6875,2.125,-
,2024-10-26T16:45:16.004Z,-25.4115952866,28.3406861145,1140.4944463318,0.6134796144,184.0512703135,5.6875,2.125,-11.1744079641
,2024-10-26T16:45:17.004Z,-25.4115962924,28.3406847734,1140.5650945252,0.5565795899,184.0512703135,5.625,2.1875,-
,2024-10-26T16:45:18.004Z,-25.4116003996,28.3406827618,1140.5980840272,0.531112671,184.0512703135,5.5625,2.25,-11.095062261
,2024-10-26T16:45:19.003Z,-25.4116009863,28.3406831809,1140.6552739686,0.4708251954,184.0512703135,5.5625,2.25,-
,2024-10-26T16:45:20.003Z,-25.4116042133,28.3406841867,1140.697784955,0.4500122071,184.0512703135,5.5625,2.25,-11.1241149954
,2024-10-26T16:45:21.003Z,-25.4116033332,28.3406838514,1140.6972356386,0.0,184.0512703135,5.625,2.1875,-
,2024-10-26T16:45:22.003Z,-25.4116033332,28.3406838514,1140.6972356386,0.0,184.0512703135,5.5625,2.25,-11.1531677298
,2024-10-26T16:45:23.003Z,-25.4116033332,28.3406838514,1140.6972356386,0.0,184.0512703135,5.5625,2.25,-
,2024-10-26T16:45:24.003Z,-25.4116033332,28.3406838514,1140.6972356386,0.0,184.0512703135,5.125,2.625,-11.2060241751
,2024-10-26T16:45:25.003Z,-25.4116033332,28.3406838514,1140.6972356386,0.0,184.0512703135,5.0625,2.75,-
,2024-10-26T16:45:26.003Z,-25.4115903413,28.3406815883,1140.5220342225,0.0168609619,184.0512703135,5.0625,2.8125,-11.2166442923
,2024-10-26T16:45:27.003Z,-25.4115897126,28.3406825103,1140.5395513123,0.0263366699,184.0512703135,5.0,2.8125,-
,2024-10-26T16:45:28.003Z,-25.4115903413,28.3406827618,1140.5630193299,0.0377349853,184.0512703135,5.0,2.875,-11.229827886
,2024-10-26T16:45:29.003Z,-25.4115899641,28.3406825941,1140.5637517518,0.0,184.0512703135,5.0,2.875,-
,2024-10-26T16:45:30.003Z,-25.4115899641,28.3406825941,1140.5637517518,0.0,184.0512703135,5.0,2.9375,-11.2245788626
,2024-10-26T16:45:31.003Z,-25.4115899641,28.3406825941,1140.5637517518,0.0,184.0512703135,5.0,2.9375,-
,2024-10-26T16:45:32.003Z,-25.4115899641,28.3406825941,1140.5637517518,0.0,184.0512703135,5.0,2.9375,-11.2007751517
,2024-10-26T16:45:33.003Z,-25.4115861503,28.3406799957,1140.6126103944,0.0075073242,184.0512703135,5.0,2.9375,-
,2024-10-26T16:45:34.003Z,-25.4115851026,28.3406799957,1140.6269231385,0.0381622314,184.0512703135,4.9375,2.9375,-11.1955261282
,2024-10-26T16:45:35.003Z,-25.4115861503,28.3406795766,1140.6587224549,0.2518920899,184.0512703135,4.9375,2.9375,-
,2024-10-26T16:45:36.003Z,-25.4115965858,28.3406773135,1140.7247319765,1.1401214602,184.0512703135,4.9375,2.9375,-11.2377624564
,2024-10-26T16:45:37.003Z,-25.4116158223,28.3406711109,1140.8529058046,2.0817871098,188.9567406729,5.0,2.9375,-
,2024-10-26T16:45:38.003Z,-25.4116368609,28.3406643216,1140.9665227481,2.2819061284,193.1316090638,5.0,2.9375,-11.2642517142
,2024-10-26T16:45:39.003Z,-25.4116519902,28.3406612203,1141.014557416,1.7378387455,193.2030212863,5.0,2.875,-11.2799987845
,2024-10-26T16:45:40.003Z,-25.411667832,28.3406542633,1141.1745915958,2.0054473881,193.4941634241,5.0,2.8125,-11.2799987845
,2024-10-26T16:45:41.003Z,-25.4116825003,28.3406515811,1141.3265080998,1.7169494632,189.2094300755,5.0625,2.75,-11.2325134329
,2024-10-26T16:45:42.003Z,-25.4116928939,28.3406560235,1141.431458051,1.3820953372,182.9196612497,5.125,2.6875,-11.1347351126
,2024-10-26T16:45:43.003Z,-25.4116918461,28.3406639863,1141.411926801,0.183883667,182.9196612497,5.1875,2.5625,-11.0026550344
,2024-10-26T16:45:44.003Z,-25.4116907984,28.3406642378,1141.443970258,0.0789489746,182.9196612497,5.25,2.5,-10.8863220265
,2024-10-26T16:45:45.003Z,-25.4116888706,28.3406624776,1141.4395757268,0.0908660888,182.9196612497,5.3125,2.375,-10.7621765186
,2024-10-26T16:45:46.003Z,-25.4116868589,28.3406597115,1141.4525762151,0.0905761718,182.9196612497,5.4375,2.375,-10.7225036671
,2024-10-26T16:45:47.003Z,-25.4116861045,28.3406591248,1141.5285344671,0.0,182.9196612497,5.6875,2.25,-10.7225036671
,2024-10-26T16:45:48.003Z,-25.4116861045,28.3406591248,1141.5285344671,0.0,182.9196612497,6.0625,2.125,-10.7436218311
,2024-10-26T16:45:49.003Z,-25.4116861045,28.3406591248,1141.5285344671,0.0,182.9196612497,6.5,2.0,-10.815032964
,2024-10-26T16:45:50.002Z,-25.4116861045,28.3406591248,1141.5285344671,0.0,182.9196612497,6.9375,1.9375,-10.8942565968
,2024-10-26T16:45:51.002Z,-25.4116861045,28.3406591248,1141.5285344671,0.0,182.9196612497,7.25,1.875,-10.928680425
,2024-10-26T16:45:52.002Z,-25.4116861045,28.3406591248,1141.5285344671,0.0,182.9196612497,7.625,1.8125,-10.928680425
,2024-10-26T16:45:53.002Z,-25.4116861045,28.3406591248,1141.5285344671,0.0,182.9196612497,5.125,2.625,-10.9153747609
,2024-10-26T16:45:54.002Z,-25.4116861045,28.3406591248,1141.5285344671,0.0,182.9196612497,5.125,2.6875,-10.8018493702
,2024-10-26T16:45:55.002Z,-25.4117034551,28.3406516649,1141.5116582464,0.0072021484,182.9196612497,5.0625,2.75,-10.6380310108
,2024-10-26T16:45:56.002Z,-25.4117050057,28.3406509105,1141.5286260198,0.0,182.9196612497,5.0625,2.8125,-10.429168706
,2024-10-26T16:45:57.002Z,-25.4117050057,28.3406509105,1141.5286260198,0.0,182.9196612497,5.0,2.8125,-10.3182067919
,2024-10-26T16:45:58.002Z,-25.4117050057,28.3406509105,1141.5286260198,0.0,182.9196612497,5.0,2.875,-10.2231140184
,2024-10-26T16:45:59.002Z,-25.4117050057,28.3406509105,1141.5286260198,0.0,182.9196612497,5.0,2.875,-10.1570739793
,2024-10-26T16:46:00.002Z,-25.4117050057,28.3406509105,1141.5286260198,0.0,182.9196612497,5.0,2.9375,-10.1570739793
,2024-10-26T16:46:01.002Z,-25.4117050057,28.3406509105,1141.5286260198,0.0,182.9196612497,5.0,2.9375,-10.2945251512
,2024-10-26T16:46:02.002Z,-25.4117061373,28.3406512458,1141.5481267522,0.0037536621,182.9196612497,5.0,2.9375,-10.4239196825
,2024-10-26T16:46:03.002Z,-25.4117065564,28.3406509105,1141.5612493108,0.0,182.9196612497,4.9375,2.9375,-10.6167907764
,2024-10-26T16:46:04.002Z,-25.4117065564,28.3406509105,1141.5612493108,0.0,182.9196612497,4.9375,2.9375,-10.8678894093
,2024-10-26T16:46:05.002Z,-25.4117074784,28.3406509944,1141.575775678,0.0162353515,182.9196612497,4.9375,2.9375,-11.0475769094
,2024-10-26T16:46:06.002Z,-25.4117073108,28.3406504914,1141.5860906194,0.0,182.9196612497,4.9375,2.9375,-11.1136169485
,2024-10-26T16:46:07.002Z,-25.4117065145,28.3406518326,1141.5874028753,0.0612335205,182.9196612497,5.0,2.9375,-11.1136169485
,2024-10-26T16:46:08.002Z,-25.4117083585,28.3406537604,1141.6173101019,0.2161254883,182.9196612497,5.0,2.9375,-
,2024-10-26T16:46:09.002Z,-25.4117105378,28.3406500724,1141.6333318304,0.4388275147,177.7065690089,6.6875,8.0,-10.8837585499
,2024-10-26T16:46:10.002Z,-25.411715064,28.3406583704,1141.6535344671,0.7088165284,177.7065690089,6.625,6.875,-10.8175964405
,2024-10-26T16:46:11.002Z,-25.4117405869,28.3407254257,1141.703095014,2.883651734,121.5381094071,5.125,2.625,-
,2024-10-26T16:46:12.002Z,-25.4117550876,28.3407504037,1141.7918706488,3.1051940925,119.4616617074,5.1875,2.5,-10.7594909718
,2024-10-26T16:46:13.002Z,-25.411768331,28.3407737054,1141.8627019477,2.9630889899,122.4664682993,5.3125,2.3125,-10.6062927295
,2024-10-26T16:46:14.001Z,-25.4117876094,28.3407939896,1141.9934087349,2.9333648688,131.4039826047,5.4375,2.1875,-10.4873962451
,2024-10-26T16:46:15.001Z,-25.4118049599,28.3408113402,1142.1370549752,2.8018188483,138.8308537422,5.8125,2.0625,-10.4134216357
,2024-10-26T16:46:16.001Z,-25.411820215,28.3408272658,1142.0754705025,2.3723754888,141.3687342641,6.125,2.0,-10.3816833544
,2024-10-26T16:46:17.001Z,-25.4118357215,28.3408439458,1142.237762983,2.1730499272,141.8027008468,6.4375,1.9375,-10.3816833544
,2024-10-26T16:46:18.001Z,-25.4118498869,28.3408550099,1142.2930608346,1.9601440434,141.5500114442,6.8125,1.8125,-10.4345397997
,2024-10-26T16:46:19.001Z,-25.4118608253,28.3408606258,1142.661102827,1.6080017093,141.841153582,7.0625,1.6875,-10.4715271044
,2024-10-26T16:46:20.001Z,-25.4118755355,28.3408698459,1142.615021284,1.3013458254,142.2751201647,7.3125,1.5625,-10.4715271044
,2024-10-26T16:46:21.001Z,-25.4118884437,28.340877641,1142.7122808055,1.0794982912,142.2751201647,7.6875,1.375,-10.466278081
,2024-10-26T16:46:22.001Z,-25.4119007232,28.3408793174,1142.9585271435,1.0081787111,142.2751201647,8.0,1.25,-10.3816833544
,2024-10-26T16:46:23.001Z,-25.4119186604,28.3408889566,1143.1302800733,1.1678924563,142.2751201647,8.125,1.1875,-10.2707214403
,2024-10-26T16:46:24.001Z,-25.4119435966,28.340896165,1143.2297978956,1.2631988528,142.2751201647,8.3125,1.25,-10.1597595262
,2024-10-26T16:46:25.001Z,-25.4119683232,28.3409056366,1143.4613957961,1.3141937258,142.2751201647,8.375,1.4375,-10.0329284714
,2024-10-26T16:46:26.001Z,-25.4119927565,28.3409081511,1143.3613286574,1.5722351077,142.2751201647,8.625,1.375,-9.9245300339
,2024-10-26T16:46:27.001Z,-25.4120149685,28.3409169521,1143.4673772414,1.841751099,142.2751201647,8.9375,1.25,-9.800384526
,2024-10-26T16:46:28.001Z,-25.4120223446,28.3409416788,1143.5425115188,1.7879028324,142.2751201647,9.1875,1.125,-9.7157897994
,2024-10-26T16:46:29.001Z,-25.412026787,28.3409602866,1143.6595769485,1.4895019534,142.2751201647,9.375,1.125,-9.6338806197
,2024-10-26T16:46:30.001Z,-25.4120363843,28.3409783077,1143.6074224075,1.3657989505,142.2751201647,9.375,1.125,-9.5413513228
,2024-10-26T16:46:31.000Z,-25.4120523099,28.3409905453,1143.5289006789,1.2155609133,142.2751201647,8.9375,1.125,-9.4648132368
,2024-10-26T16:46:32.000Z,-25.4120660981,28.3409995139,1143.3942876418,1.0570220949,142.2751201647,8.6875,1.125,-9.4092712446
,2024-10-26T16:46:33.000Z,-25.4120698281,28.3410073091,1143.2625127394,0.8880004884,142.2751201647,8.5,1.1875,-9.3114929242
,2024-10-26T16:46:34.000Z,-25.4120724265,28.3410306946,1143.2060552198,0.8546752931,142.2751201647,8.0625,1.5625,-9.2586364789
,2024-10-26T16:46:35.000Z,-25.41206153,28.3410434351,1143.1479192334,0.8238525392,142.2751201647,8.0625,1.5,-9.2084655804
,2024-10-26T16:46:36.000Z,-25.4120523937,28.3410570137,1143.0523992139,0.7070159913,142.2751201647,7.8125,1.5625,-9.1424255413
,2024-10-26T16:46:37.000Z,-25.412037893,28.3410629649,1142.8511052685,0.4994506837,142.2751201647,7.75,1.5,-9.0684509319
,2024-10-26T16:46:38.000Z,-25.4120216321,28.3410602827,1142.6108403758,0.4026184082,142.2751201647,7.75,1.5,-9.0049743694
,2024-10-26T16:46:39.000Z,-25.4120019766,28.3410543315,1142.2369390084,0.3539123535,142.2751201647,7.75,1.5,-9.0049743694
,2024-10-26T16:46:40.000Z,-25.4119840812,28.3410524037,1142.1358037545,0.3371429444,142.2751201647,7.4375,1.6875,-9.1662292523
,2024-10-26T16:46:41.000Z,-25.4119754478,28.3410512302,1142.0280156685,0.3307800293,142.2751201647,7.1875,1.75,-9.414520268
,2024-10-26T16:46:42.000Z,-25.4119705444,28.3410421778,1141.9180608344,0.3254089356,142.2751201647,7.125,1.75,-9.7157897994
,2024-10-26T16:46:43.000Z,-25.4119620368,28.3410285153,1141.9346013618,0.3210754395,142.2751201647,7.125,1.75,-10.0592956589
,2024-10-26T16:46:44.000Z,-25.4119576782,28.3410213068,1142.0609136177,0.3263702393,142.2751201647,7.375,1.625,-10.3102722215
,2024-10-26T16:46:45.000Z,-25.4119520204,28.3410107456,1142.0364995552,0.303100586,142.2751201647,7.6875,1.4375,-10.3102722215
,2024-10-26T16:46:46.000Z,-25.4119500926,28.3409993463,1142.0442205025,0.2376098633,142.2751201647,7.875,1.3125,-10.3102722215
,2024-10-26T16:46:47.000Z,-25.4119467817,28.3409887851,1142.0779424263,0.1598358154,142.2751201647,7.875,1.1875,-10.2072448777
,2024-10-26T16:46:48.000Z,-25.4119430518,28.3409783077,1142.0455022407,0.0512084961,142.2751201647,8.0,1.125,-10.0778503464
,2024-10-26T16:46:49.003Z,-25.411942507,28.3409755417,1142.0225225044,0.1605529785,142.2751201647,8.125,1.125,-10.0011901902
,2024-10-26T16:46:50.003Z,-25.4119439319,28.3409747873,1142.234222944,0.1466674805,142.2751201647,8.25,1.125,-10.0011901902
,2024-10-26T16:46:51.003Z,-25.4119437642,28.340977218,1142.2446904733,0.1269226074,142.2751201647,8.375,1.125,-10.0011901902
,2024-10-26T16:46:52.003Z,-25.4119363463,28.3409755417,1142.2676091744,0.0349731445,142.2751201647,7.625,1.125,-10.0011901902
,2024-10-26T16:46:53.003Z,-25.4119440576,28.3409762122,1142.3322148874,0.0762329101,142.2751201647,7.125,1.5,-9.9959411667
,2024-10-26T16:46:54.003Z,-25.4119447282,28.3409778886,1142.3409429147,0.0552520752,142.2751201647,6.5625,1.75,-9.9272155807
,2024-10-26T16:46:55.003Z,-25.4119422136,28.340975374,1142.2947087838,0.0534210205,142.2751201647,6.25,1.875,-9.8927917526
,2024-10-26T16:46:56.003Z,-25.41194016,28.3409742844,1142.3161321237,0.0,142.2751201647,5.9375,2.0625,-9.8927917526
,2024-10-26T16:46:57.003Z,-25.4119398667,28.3409736976,1142.4032903268,0.0253448486,142.2751201647,5.625,2.25,-9.9007263229
,2024-10-26T16:46:58.004Z,-25.4119354242,28.3409728594,1142.3664250925,0.042388916,142.2751201647,5.5,2.3125,-9.9113464401
,2024-10-26T16:46:59.003Z,-25.4119359691,28.3409723565,1142.3018498971,0.0553741455,142.2751201647,5.5,2.3125,-9.9403991745
,2024-10-26T16:47:00.003Z,-25.4119368492,28.3409694229,1142.2575688912,0.05859375,142.2751201647,5.5625,2.25,-9.9747009323
,2024-10-26T16:47:01.004Z,-25.4119391123,28.3409675788,1142.2830205514,0.0652313232,142.2751201647,5.5,2.25,-10.0196228074
,2024-10-26T16:47:02.003Z,-25.4119348375,28.3409643099,1142.3070989206,0.0651092529,142.2751201647,5.375,2.3125,-10.0751647996
,2024-10-26T16:47:03.003Z,-25.4119316943,28.3409633879,1142.3384709909,0.0657806396,142.2751201647,5.3125,2.375,-10.1597595262
,2024-10-26T16:47:04.003Z,-25.4119344184,28.3409642261,1142.1905828072,0.0628204345,142.2751201647,5.3125,2.375,-10.2257995653
,2024-10-26T16:47:05.003Z,-25.4119331611,28.3409664892,1142.2669072701,0.0530548095,142.2751201647,5.3125,2.3125,-10.3235778856
,2024-10-26T16:47:06.003Z,-25.411939699,28.3409682494,1142.6147771433,0.3274536133,142.2751201647,5.375,2.3125,-10.3235778856
,2024-10-26T16:47:07.003Z,-25.4119373521,28.340963807,1142.877686079,0.0619354248,142.2751201647,5.5,2.25,-10.3182067919
