ROS Timestamp,Latitude,Longitude,PSIS (Yaw Angle),Velocity
1729956477960000000,-25.4074883217,28.3384085838,4.598632981805217,1.9099273686
1729956478960000000,-25.4075111624,28.3384141997,4.486746550838059,2.0288391118
1729956479960000000,-25.4075310694,28.3384136968,4.542929454476973,2.0931243901
1729956480960999936,-25.407554874,28.3384021297,4.503716472243491,2.1376342778
1729956481960999936,-25.4075713025,28.3383812588,4.386269276069757,2.0931243901
1729956482911000064,-25.4075902456,28.3383726254,4.259809805248776,2.1376342778
1729956483860999936,-25.4076204205,28.3383660876,4.46555811789558,2.8269348151
1729956484811000064,-25.4076625396,28.3383546882,4.445903689147597,4.9364471447
1729956485760999936,-25.407706796,28.3383453004,4.4778301514550405,5.1278686535
1729956486711000064,-25.4077528965,28.3383388464,4.563830261632002,5.1278686535
1729956487660999936,-25.4077963985,28.3383316379,4.563830261632002,5.1278686535
1729956488609999872,-25.4078471929,28.3383154609,4.486554800313092,5.2917633068
1729956489560000000,-25.4079020943,28.3382993676,4.476583773046249,5.9350280775
1729956490509999872,-25.4079655034,28.3382722941,4.4050608274571355,6.8229980484
1729956491460000000,-25.4080192734,28.3382663429,4.537752190318584,6.8229980484
1729956492410000128,-25.4080686428,28.3382526804,4.522603898893354,6.4241943374
1729956493360000000,-25.4081204848,28.3382345755,4.418770989948609,6.4046630874
1729956494309999872,-25.4081789905,28.3382282891,4.5198235162900655,6.4241943374
1729956495260000000,-25.4082356941,28.3382248525,4.560570502718043,6.491210939
1729956496210000128,-25.4082947446,28.3382158838,4.533725429306505,6.6028594986
1729956497160000000,-25.4083474668,28.3382039815,4.501031964902686,6.491210939
1729956498109999872,-25.408404799,28.3381910734,4.509948364285704,6.6028594986
1729956499060000000,-25.4084619636,28.3381878883,4.60198861598166,6.6311492935
1729956500009999872,-25.4085189186,28.3381863796,4.657883893834869,6.6185302749
1729956501000000000,-25.4085778015,28.3381890618,4.706684402285261,6.6185302749
1729956502000000000,-25.4086383607,28.3381825239,4.6988226307860685,6.5667724624
1729956503000000000,-25.4086953577,28.3381730523,4.643502604507758,6.5292205825
1729956504000000000,-25.408755414,28.338168107,4.625765681002459,6.5667724624
1729956505000000000,-25.408805915,28.3381535225,4.549065471256704,6.0006256117
1729956506000000000,-25.4088502971,28.3381353338,4.431714150343707,6.0006256117
1729956507000000000,-25.4088751495,28.3381063324,4.2050650305436195,5.0005798351
1729956508000000000,-25.4089025164,28.3380759899,4.09375385114787,4.453628541
1729956509000000000,-25.4089150893,28.3380255308,3.7336463663882125,4.5762939463
1729956510000000000,-25.4089194898,28.3379705455,3.446979332460352,4.8645477306
1729956510999000064,-25.4089165561,28.3379057534,3.2272332315363697,5.5989532483
1729956511999000064,-25.4089184001,28.3378320765,3.2074829275259042,6.578308107
1729956512999000064,-25.4089257343,28.3377524484,3.2503391697215327,7.1609497086
1729956513999000064,-25.4089377204,28.3376795259,3.301536559727025,7.1683349626
1729956514999000064,-25.4089522211,28.3376127221,3.3584864654640607,6.9779968277
1729956515999000064,-25.4089731758,28.3375454154,3.412464238074587,6.9534454361
1729956516999000064,-25.4089955136,28.3374795337,3.476700663735916,6.7198791519
1729956517999000064,-25.4090249341,28.3374225367,3.6222393117317253,6.5354156509
1729956518999000064,-25.4090661731,28.3373777774,3.802005428324104,6.3747711196
1729956519999000064,-25.409112064,28.3373377119,3.950995585757094,6.30168152
1729956520999000064,-25.4091682646,28.3373100516,4.137472970704103,6.4759216323
1729956521999000064,-25.4092334758,28.3372838162,4.261727310493205,7.0679321305
1729956522999000064,-25.4093118047,28.3372674715,4.385598149234119,8.0549011249
1729956523999000064,-25.409399228,28.3372381348,4.404389700621498,9.0837860128
1729956524999000064,-25.409486316,28.337221874,4.458463348492762,9.2969818136
1729956525999000064,-25.4095671175,28.3372072056,4.4988268338725526,9.1863098165
1729956526999000064,-25.4096449854,28.3371917829,4.508318484828726,9.0710296651
1729956527999000064,-25.4097233143,28.3371746838,4.509277237450068,9.0115356466
1729956528999000064,-25.4098007631,28.3371545673,4.5022783433114775,8.9982299825
1729956529999000064,-25.4098782957,28.3371365462,4.500552588592016,8.893737795
1729956530999000064,-25.4099528527,28.3371164296,4.494512447074768,8.7136230489
1729956531999000064,-25.410028667,28.3371020966,4.513303998462147,8.6630859395
1729956532999000064,-25.4101038946,28.3370866739,4.517139008949259,8.5923767109
1729956533999000064,-25.4101786192,28.3370715026,4.509564863237516,8.577255251
1729956534999000064,-25.4102520866,28.3370526433,4.4964299523174525,8.4625854511
1729956535999000064,-25.4103268532,28.3370372206,4.497963956511948,8.5321197529
1729956536997999872,-25.4104010331,28.3370265756,4.5198235162900655,8.4258117695
1729956537997999872,-25.4104770569,28.3370119911,4.525288406234157,8.4525756855
1729956538997999872,-25.4105527874,28.3369988315,4.535547059288451,8.3880767841
1729956539997999872,-25.4106248299,28.3369818162,4.5266306599054325,8.3311157245
1729956540997999872,-25.4106970819,28.3369664774,4.522508023630869,8.2116699237
1729956541997999872,-25.4107661488,28.3369531501,4.519440015241877,8.0546417255
1729956542997999872,-25.4108358443,28.3369446844,4.537368689270397,7.8949127215
1729956543997999872,-25.4109033605,28.3369275853,4.5236585267771785,7.7759094256
1729956544997999872,-25.4109725112,28.3369075526,4.502374218573961,7.8003692645
1729956545997999872,-25.4110354174,28.3368936386,4.496334077054969,7.5903625505
1729956546997999872,-25.4110940069,28.3368797247,4.489622808702084,7.1432495133
1729956547997999872,-25.4111520097,28.336859189,4.4715982594128265,6.8269500748
1729956548997999872,-25.4112057796,28.3368508909,4.508318484828726,6.6951904312
1729956549997999872,-25.4112564482,28.3368422576,4.575622918880792,6.4057922378
1729956550997999872,-25.4113138223,28.336842509,4.6854959693427825,6.4047241225
1729956551997999872,-25.4113736691,28.3368605301,4.868905345899053,6.4567260757
1729956552997999872,-25.411435318,28.3368797247,4.973505256941919,6.6074981704
1729956553997999872,-25.4114959192,28.3369137552,5.067463013880556,6.9427795426
1729956554997999872,-25.4115419777,28.336965723,5.228725204873006,6.9655914322
1729956555997999872,-25.4115906766,28.3370202054,5.309068674582655,7.3417511003
1729956556997999872,-25.4116402136,28.3370709159,5.351349665205129,7.420623781
1729956557997999872,-25.4116871942,28.337114837,5.380016368598613,7.1753234879
1729956558997999872,-25.4117357673,28.3371564113,5.385289508019485,7.0584716813
1729956559997999872,-25.4117874417,28.3372011707,5.385385383280222,7.1790008561
1729956560997999872,-25.4118376074,28.3372460138,5.390562647438611,7.1876068131
1729956561997999872,-25.4118868511,28.3372880072,5.386727636951498,7.0804901139
1729956562997999872,-25.4119378131,28.3373306711,5.384618381183848,7.1395721452
1729956563997999872,-25.4119856318,28.3373738379,5.394493533188207,7.1046752946
1729956564996999936,-25.4120362166,28.3374158312,5.383755503823243,7.1371612565
1729956565996999936,-25.4120842868,28.3374642786,5.40350580783371,7.2102508561
1729956566996999936,-25.4121384339,28.3375056014,5.385193632757002,7.1465606706
1729956567996999936,-25.4121894797,28.3375492711,5.384618381183848,7.2054290788
1729956568996999936,-25.4122425372,28.337595623,5.38318025225009,7.2815551774
1729956569996999936,-25.4122941697,28.3376347665,5.364005199814523,7.1509704606
1729956570996999936,-25.412341737,28.3376804479,5.375701981800829,7.0527954117
1729956571996999936,-25.4123860773,28.3377201781,5.379057615977271,6.7520141617
1729956572996999936,-25.4124326387,28.3377607465,5.384426630658881,6.5359649673
1729956573996999936,-25.4124787811,28.3378079366,5.402163554162435,6.689346315
1729956574996999936,-25.4125211097,28.3378464934,5.399287296296663,6.5596160903
1729956575996999936,-25.4125653243,28.3378842119,5.391042023749283,6.4552917495
1729956576996999936,-25.4126157414,28.3379188292,5.360841316161301,6.4391632095
1729956577996999936,-25.4126670387,28.337958308,5.352787794138888,6.5576324478
1729956578996999936,-25.4127105827,28.3380049952,5.384139004873176,6.5676574722
1729956579996999936,-25.4127546715,28.3380535264,5.410888203022231,6.6145019546
1729956580996999936,-25.4128096148,28.3380952683,5.38183799858056,6.8759765641
1729956581996999936,-25.412857266,28.3381355852,5.382221499628747,6.9356689469
1729956582996999936,-25.4129044142,28.3381779138,5.3928636537312284,7.0269317643
1729956583996999936,-25.4129650153,28.3382266127,5.389508019554786,7.8273315447
1729956584996999936,-25.4130273348,28.3382803407,5.374647353917004,8.1884460468
1729956585996999936,-25.4130830744,28.33833717,5.377427736520292,8.2032775898
1729956586996999936,-25.4131363414,28.3383929096,5.40590268938881,8.339691164
1729956587996999936,-25.4131938413,28.3384458833,5.401971803639213,8.4997711201
1729956588996999936,-25.4132548196,28.3385050595,5.405135687290689,8.7193908711
1729956589996999936,-25.4133203242,28.3385615535,5.400437799442972,8.8385467549
1729956590996999936,-25.4133883433,28.3386143595,5.385289508019485,8.8951416036
1729956591996999936,-25.4134476034,28.3386719432,5.392192526895591,8.7659912129
1729956592996999936,-25.4135057738,28.3387201391,5.387878140097807,8.5512390156
1729956593996000000,-25.4135641957,28.3387659882,5.376277233373983,8.3942718525
1729956594996000000,-25.4136136489,28.3388178721,5.390562647438611,8.0736694354
1729956595996000000,-25.4136698076,28.3388668225,5.39200077637237,8.0179748553
1729956596996000000,-25.4137289001,28.3389163595,5.3798246180736475,8.0775909442
1729956597996000000,-25.4137856456,28.3389683273,5.373305100245728,8.1187744159
1729956598996000000,-25.4138430197,28.3390220553,5.379728742812909,8.1925659198
1729956599996000000,-25.4138968315,28.3390710894,5.370141216594253,8.0817718524
1729956600996000000,-25.4139550019,28.339113418,5.321724209192048,7.9990844745
1729956601996000000,-25.4140117055,28.3391524777,5.26707530974763,7.8469848651
1729956602996000000,-25.4140757432,28.3391844128,5.2343818453420665,7.687118532
1729956603996000000,-25.4141413316,28.3392140847,5.2071532708823405,7.6747741717
1729956604996000000,-25.4142012203,28.339238476,5.185773087414894,7.4594573991
1729956606000000000,-25.4142547388,28.3392730095,5.201209004627577,7.3361969011
1729956607000000000,-25.4143090116,28.3393105604,5.199099748858181,7.4292755144
1729956608000000000,-25.4143671401,28.339337634,5.157489885071344,7.2622833268
1729956609000000000,-25.414419988,28.3393613547,5.124796420667526,6.6981353775
1729956610000000000,-25.4144722072,28.339376526,5.086062814744714,6.1887817397
1729956611000000000,-25.4145180982,28.3393804655,5.10744299821216,5.5300445569
1729956612000000000,-25.414560762,28.3394046054,5.262569172424879,5.0821990978
1729956613000000000,-25.4145889672,28.3394462634,5.428145750215114,4.9020233165
1729956614000000000,-25.4146002408,28.3395102173,5.614143758849706,5.508193971
1729956615000000000,-25.4146245483,28.339555312,5.557769104685826,5.8246917738
1729956616000000000,-25.4146739177,28.3395937011,5.399191421035924,6.3536071792
1729956617000000000,-25.4147297831,28.3396199365,5.306480042504333,6.4724426284
1729956618000000000,-25.4147892946,28.339656733,5.323449963909765,6.8524322525
1729956619000000000,-25.4148534162,28.3397045937,5.351541415730096,7.6356353777
1729956620000000000,-25.4149176635,28.3397641052,5.389891520602974,8.2812194843
1729956621000000000,-25.4149790609,28.3398237843,5.398520294200289,8.7009124776
1729956622000000000,-25.4150350939,28.3398932703,5.470426740837589,8.938949587
1729956622999000064,-25.4150889058,28.3399656061,5.537922925414621,9.0456848165
1729956623999000064,-25.4151406221,28.3400316555,5.544346567980057,9.0015869161
1729956624999000064,-25.4152000917,28.3401008062,5.497942941084765,9.3762207053
1729956625999000064,-25.4152639618,28.340156043,5.450101185253968,9.3216094992
1729956626999000064,-25.4153349984,28.3402144648,5.419996352928471,9.4669036887
1729956627999000064,-25.4154001258,28.3402740602,5.42546124287431,9.3644409201
1729956628999000064,-25.4154700309,28.3403338231,5.404464560455052,9.4041900656
1729956629999000064,-25.4155331047,28.3403920774,5.409737699875923,9.147933962
1729956630999000064,-25.4155981902,28.3404509183,5.409545949350956,9.0692749044
1729956631999000064,-25.4156638205,28.3405025509,5.39171315058492,9.0267334005
1729956632999000064,-25.4157294089,28.3405582067,5.385481258542707,9.0536193868
1729956633999000064,-25.4157884594,28.3406128567,5.388549266933444,8.9538116475
1729956634999000064,-25.4158517847,28.3406690993,5.392288402158074,8.9514160177
1729956635999000064,-25.4159147747,28.3407240846,5.386823512213982,8.9083404561
1729956636999000064,-25.4159755854,28.3407796566,5.382988501726868,8.7283630391
1729956637999000064,-25.4160388688,28.3408260085,5.362854696668215,8.5352172871
1729956638999000064,-25.4161019845,28.3408782278,5.360553690375597,8.5700073262
1729956639999000064,-25.4161653098,28.3409314528,5.365155702960831,8.6858215352
1729956640999000064,-25.4162334127,28.3409859352,5.3617041935219065,8.890914919
1729956641999000064,-25.4162924213,28.3410412558,5.385577133805189,8.7230529805
1729956642999000064,-25.4163544055,28.3410935588,5.381358622269889,8.6762695332
1729956643999000064,-25.4164151324,28.3411467001,5.375222605490158,8.5662078877
1729956644999000064,-25.4164727999,28.3411991708,5.38931626902982,8.4590148945
1729956645999000064,-25.4165312637,28.3412527312,5.398999670510959,8.5997161885
1729956646999000064,-25.416594547,28.3413062916,5.391617275322437,8.7795410176
1729956647999000064,-25.416655693,28.341356583,5.387111137999685,8.8713684102
1729956648999000064,-25.416719144,28.3414131608,5.391809025847404,9.0514984151
1729956649999000064,-25.4167804576,28.3414663859,5.39123377427425,8.9522552511
1729956650999000064,-25.4168434057,28.3415180184,5.38318025225009,8.8418579122
1729956651999000064,-25.4169045936,28.3415692319,5.3789617407147885,8.6948089619
1729956652997999872,-25.416967416,28.3416232113,5.380399869646801,8.7152709981
1729956653997999872,-25.4170303222,28.3416776099,5.381646248055593,8.6977539082
1729956654997999872,-25.4170900432,28.3417304997,5.385864759592639,8.5131835957
1729956655997999872,-25.4171495967,28.3417890054,5.3999584231323015,8.5670471211
1729956656997999872,-25.4172098206,28.3418427334,5.40024604891975,8.5572662373
1729956657997999872,-25.4172693741,28.3418973834,5.39947904682163,8.5491027851
1729956658997999872,-25.4173312325,28.3419541288,5.405710938863844,8.6159362813
1729956659997999872,-25.4173934681,28.3420066834,5.396698664218341,8.6534576436
1729956660997999872,-25.4174508423,28.3420630936,5.401875928376731,8.5688781758
1729956661997999872,-25.4175108986,28.3421158996,5.395931662120221,8.3310394306
1729956662997999872,-25.4175693205,28.3421639279,5.3890286432441155,8.1375274677
1729956663997999872,-25.4176309275,28.3422149737,5.385577133805189,8.1313781757
1729956664997999872,-25.4176858708,28.3422686179,5.387878140097807,7.9399566668
1729956665997999872,-25.417740898,28.3423220944,5.382125624366265,7.7640075701
1729956666997999872,-25.417796931,28.3423664347,5.365155702960831,7.5203094499
1729956667997999872,-25.4178470967,28.342411194,5.3626629461432485,7.0552215592
1729956668997999872,-25.417903004,28.3424514272,5.348569282601841,6.7794189468
1729956669997999872,-25.4179509066,28.3424932529,5.342720891609561,6.2187500014
1729956670997999872,-25.4179898405,28.3425280378,5.319710828685136,5.4414367688
1729956671997999872,-25.4180308281,28.342545053,5.046849832511232,4.564819337
1729956672997999872,-25.4180715222,28.3425521776,4.832856247318793,3.9387664804
1729956673997999872,-25.4181004817,28.3425370064,4.502374218573961,3.0449371344
1729956674997999872,-25.4181125097,28.3425085079,4.0752499255461965,2.7610015875
1729956675997999872,-25.4181278905,28.3424696997,3.7974034157388705,3.2806091316
1729956676997999872,-25.4181428103,28.3424145468,3.7068971682391574,3.8441467294
1729956677997999872,-25.4181781819,28.342382025,3.9886745637960797,4.3231811533
1729956678997999872,-25.4182242405,28.3423712123,4.356547944792448,4.9159240734
1729956679997999872,-25.4182773398,28.3423628304,4.4682426252363845,5.5580139173
1729956680997999872,-25.4183398688,28.3423499223,4.4682426252363845,6.133636476
1729956681996999936,-25.4183944769,28.3423230164,4.29624240487897,6.3094635024
1729956682996999936,-25.4184407869,28.3422915004,4.163742792542487,6.3176269545
1729956683996999936,-25.4184892343,28.3422420472,4.0211762776749325,6.4548034682
1729956684996999936,-25.4185316887,28.3421974555,3.9722798939620563,5.9745025648
1729956685996999936,-25.4185707483,28.3421501816,3.95252958995159,5.4189758313
1729956686996999936,-25.4186014261,28.3421135526,3.9531048415247447,4.8670349132
1729956687996999936,-25.4186313076,28.3420841322,3.9804292912469537,4.488281251
1729956688996999936,-25.4186621949,28.3420615848,4.023860785015737,4.3723144541
1729956689996999936,-25.418693208,28.3420409654,4.0647036467061985,4.361831666
1729956690996999936,-25.4187278671,28.3420190886,4.111586649913907,4.4296569834
1729956691996999936,-25.4187625682,28.3419987206,4.142458484337525,4.5255432139
1729956692996999936,-25.4187986104,28.341975838,4.1513748837205435,4.6777954112
1729956693996999936,-25.4188382568,28.341952201,4.163455166755037,4.846862794
1729956694996999936,-25.4188786576,28.3419273906,4.175439574528793,4.9782104503
1729956695996999936,-25.4189200642,28.3419005685,4.183684847076174,5.1232299816
1729956696996999936,-25.4189635243,28.3418755066,4.196532132208789,5.2556915295
1729956697996999936,-25.4190093733,28.3418518696,4.222801954047172,5.3565063489
1729956698996999936,-25.4190556414,28.3418347705,4.31225357366306,5.4293823254
1729956699996999936,-25.4191059748,28.3418353573,4.561433380078647,5.5363159192
1729956700996999936,-25.4191558052,28.3418403864,4.65673339068856,5.5661468518
1729956701996999936,-25.4192028696,28.3418540489,4.762292054352767,5.5769958509
1729956702996999936,-25.4192542087,28.3418695554,4.845703532451408,5.7424469007
1729956703996999936,-25.4193069728,28.3418831341,4.874945487418046,5.9015960707
1729956704996999936,-25.4193577252,28.3418962937,4.880026876312206,5.9845123304
1729956705996999936,-25.4194119561,28.3419064358,4.829500613142351,6.0704040541
1729956706996999936,-25.4194663128,28.3419094533,4.736789234610758,6.1463470473
1729956707996999936,-25.4195172329,28.3419049271,4.649926247073194,6.1030578627
1729956708996999936,-25.4195741041,28.3418908455,4.577828049910925,6.1850128188
1729956709996999936,-25.4196269939,28.341879027,4.542066577116369,6.1828613295
1729956710996999936,-25.4196810152,28.3418659512,4.515796755277985,6.1738891615
1729956711996000000,-25.4197336117,28.3418502771,4.4687220015470555,6.1020660414
1729956712996000000,-25.419783484,28.3418265563,4.390391912342575,6.1817321791
1729956713996000000,-25.4198340688,28.3418010753,4.340249150220907,6.268981935
1729956714996000000,-25.4198851565,28.3417722415,4.291544517032998,6.5595855728
1729956715996000000,-25.4199348612,28.3417360317,4.278697231900383,6.9738006608
1729956716996000000,-25.4199993599,28.3417167533,4.446574815983235,7.4362640398
1729956717996000000,-25.4200657446,28.341698397,4.476679648308731,7.7176055926
1729956718996000000,-25.4201287346,28.3416812979,4.4759126462106105,7.6783599871
1729956719996000000,-25.4201923952,28.3416593373,4.429988395624244,7.5895233171
1729956720996000000,-25.420255469,28.3416324314,4.381475512959557,7.5338134783
1729956721996000000,-25.4203170341,28.3416056931,4.363067462620365,7.4115448015
1729956722996000000,-25.4203794792,28.341583062,4.414264852627603,7.4162902849
1729956723996000000,-25.4204426369,28.3415706568,4.493937195501614,7.2928619401
1729956724996000000,-25.4205034895,28.3415561561,4.499689711231412,6.7097015396
1729956725996000000,-25.420555122,28.3415387217,4.446383065458268,5.9273681654
1729956726996000000,-25.4206005938,28.3415160068,4.385502273971636,5.280975343
1729956727996000000,-25.4206368875,28.3414984886,4.374476618820967,4.201019288
1729956728996000000,-25.4206595605,28.3414891847,4.390391912342575,2.872222901
1729956729996000000,-25.4206716724,28.3414812219,4.379462132454389,1.8855133061
1729956730996000000,-25.4206797609,28.3414779529,4.381187887173851,1.4192352298
1729956731996000000,-25.4206888972,28.3414768633,4.381379637697073,0.9909362795
1729956732996000000,-25.4206951836,28.3414709121,4.381379637697073,0.7588958742
1729956733996000000,-25.4207003804,28.3414657992,4.381379637697073,0.5896606446
1729956734996000000,-25.4207003804,28.3414693196,4.381379637697073,0.2930603028
1729956735996000000,-25.4207028531,28.3414657992,4.381379637697073,0.2010803223
1729956736996000000,-25.4207016796,28.3414663859,4.381379637697073,0.2277069092
1729956737996000000,-25.4207012186,28.3414642904,4.381379637697073,0.2267150879
1729956738996000000,-25.4207037332,28.3414592613,4.381379637697073,0.443725586
1729956739996000000,-25.4207080498,28.3414611891,4.381379637697073,0.9713439943
1729956740994999808,-25.4207197845,28.341462614,4.381379637697073,1.7174224857
1729956741994999808,-25.4207412841,28.3414660506,4.556639616968447,2.2142181401
1729956742994999808,-25.4207633704,28.341458926,4.512441121101543,2.4930114751
1729956743994999808,-25.4207855824,28.3414512147,4.496334077054969,2.6405029303
1729956744994999808,-25.4208073754,28.3414471913,4.497005203890606,2.6430053717
1729956745994999808,-25.4208328145,28.3414383903,4.486171299264903,2.576141358
1729956746994999808,-25.4208467284,28.3414349538,4.484445544545442,1.9217224125
1729956747994999808,-25.4208578764,28.341433445,4.495375324433627,1.6031951908
1729956748994999808,-25.420869611,28.3414296732,4.486171299264903,1.4543609622
1729956749994999808,-25.4208806332,28.3414295893,4.501894842261544,1.3203125003
1729956750994999808,-25.4208906077,28.3414302599,4.501894842261544,1.3069915774
1729956751994999808,-25.4208982352,28.3414252308,4.501894842261544,1.2507171633
1729956752994999808,-25.420911311,28.3414191958,4.501894842261544,1.6975708011
1729956753994999808,-25.420925183,28.3414105624,4.501894842261544,1.890945435
1729956754994999808,-25.4209394742,28.3413915355,4.122037053491422,2.0343780522
1729956755994999808,-25.4209520051,28.3413696587,3.826741245967992,1.9856414799
1729956756994999808,-25.4209591297,28.3413554933,3.760683190322972,1.6076812747
1729956757994999808,-25.4209641589,28.3413437587,3.741699888410627,1.4919128421
1729956758994999808,-25.4209723312,28.3413277492,3.7324958632419043,1.9500732426
1729956759994999808,-25.4209856166,28.3413108178,3.7406452605268017,2.1226348881
1729956760994999808,-25.4209932441,28.3412969038,3.7292361043279447,1.5998992923
1729956761994999808,-25.4209926154,28.3412964009,3.728660852754791,0.19921875
1729956762994999808,-25.4209903104,28.3412965685,3.728660852754791,0.2124328613
1729956763994999808,-25.4209882149,28.3412954789,3.728660852754791,0.182144165
1729956764994999808,-25.4209897656,28.3412938025,3.728660852754791,0.1994018555
1729956765994999808,-25.4209937889,28.3412978258,3.728660852754791,0.2197418213
1729956766994999808,-25.4209987761,28.3413004242,3.728660852754791,0.2580871582
1729956767994999808,-25.4210005363,28.3413015977,3.728660852754791,0.0
1729956768994999808,-25.4210005363,28.3413015977,3.728660852754791,0.0
1729956769993999872,-25.4210005363,28.3413015977,3.728660852754791,0.0
1729956770993999872,-25.4210005363,28.3413015977,3.728660852754791,0.0
1729956771993999872,-25.4210005363,28.3413015977,3.728660852754791,0.0
1729956772993999872,-25.4210005363,28.3413015977,3.728660852754791,0.0
1729956773993999872,-25.4210005363,28.3413015977,3.728660852754791,0.0
1729956774993999872,-25.4210005363,28.3413015977,3.728660852754791,0.0
1729956775993999872,-25.4210005363,28.3413015977,3.728660852754791,0.0
1729956776993999872,-25.4210005363,28.3413015977,3.728660852754791,0.0
1729956777993999872,-25.4210005363,28.3413015977,3.728660852754791,0.0
1729956778993999872,-25.4210005363,28.3413015977,3.728660852754791,0.0
1729956779993999872,-25.4210005363,28.3413015977,3.728660852754791,0.0
1729956780993999872,-25.4210005363,28.3413015977,3.728660852754791,0.0
1729956781993999872,-25.4210005363,28.3413015977,3.728660852754791,0.0
1729956782993999872,-25.4210005363,28.3413015977,3.728660852754791,0.0
1729956783993999872,-25.4210005363,28.3413015977,3.728660852754791,0.0
1729956784993999872,-25.4210005363,28.3413015977,3.728660852754791,0.0
1729956785993999872,-25.4210005363,28.3413015977,3.728660852754791,0.0
1729956786993999872,-25.4210005363,28.3413015977,3.728660852754791,0.0
1729956787993999872,-25.4210005363,28.3413015977,3.728660852754791,0.0
1729956788993999872,-25.4210005363,28.3413015977,3.728660852754791,0.0
1729956789993999872,-25.4210005363,28.3413015977,3.728660852754791,0.0
1729956790993999872,-25.4210005363,28.3413015977,3.728660852754791,0.0
1729956791993999872,-25.4210005363,28.3413015977,3.728660852754791,0.0
1729956792993999872,-25.4210005363,28.3413015977,3.728660852754791,0.0
1729956793993999872,-25.4210005363,28.3413015977,3.728660852754791,0.0
1729956794993999872,-25.4210005363,28.3413015977,3.728660852754791,0.0
1729956795993999872,-25.4210005363,28.3413015977,3.728660852754791,0.0
1729956796993999872,-25.4209857004,28.3412994184,3.728660852754791,0.0079803466
1729956797993999872,-25.4209853232,28.341299586,3.728660852754791,0.0120849609
1729956798992999936,-25.4209852394,28.3412996698,3.728660852754791,0.0
1729956799992999936,-25.4209852394,28.3412996698,3.728660852754791,0.0
1729956800992999936,-25.4209852394,28.3412996698,3.728660852754791,0.0
1729956801992999936,-25.4209852394,28.3412996698,3.728660852754791,0.0
1729956802992999936,-25.4209852394,28.3412996698,3.728660852754791,0.0
1729956803992999936,-25.4209852394,28.3412996698,3.728660852754791,0.0
1729956804992999936,-25.4209852394,28.3412996698,3.728660852754791,0.0
1729956805992999936,-25.4209852394,28.3412996698,3.728660852754791,0.0
1729956806992999936,-25.4209852394,28.3412996698,3.728660852754791,0.0
1729956807992999936,-25.4209852394,28.3412996698,3.728660852754791,0.0
1729956808992999936,-25.4209829763,28.3413021006,3.728660852754791,0.0076904296
1729956809992999936,-25.4209834373,28.3413020168,3.728660852754791,0.0138397216
1729956810992999936,-25.4209831439,28.3413023521,3.728660852754791,0.0160217285
1729956811992999936,-25.4209834792,28.3413032741,3.728660852754791,0.0
1729956812992999936,-25.4209834373,28.3413036093,3.728660852754791,0.0192260742
1729956813992999936,-25.4209820123,28.3413042799,3.728660852754791,0.0270233154
1729956814992999936,-25.4209823476,28.3413062916,3.728660852754791,0.0
1729956815992999936,-25.4209825153,28.3413055372,3.728660852754791,0.0970153808
1729956816992999936,-25.4209829343,28.3412995022,3.728660852754791,0.5784454347
1729956817992999936,-25.4209882569,28.3412821517,3.728660852754791,1.8139953617
1729956818992999936,-25.4209903523,28.3412484564,3.3390237872410453,3.1028289802
1729956819992999936,-25.4209948367,28.3412033618,3.257913315435021,4.28869629
1729956820992999936,-25.4209930345,28.3411515616,3.1680781947692003,4.8424682628
1729956821992999936,-25.4209890531,28.3411030304,3.0803523298710314,4.8586273204
1729956822992999936,-25.4209750973,28.3410453629,3.012952020556481,5.7372741712
1729956823992999936,-25.4209642846,28.3409847617,2.9996253591131956,5.9987182631
1729956824992999936,-25.4209560284,28.3409260046,3.002789242764671,5.8186798109
1729956825992999936,-25.4209501192,28.3408744559,3.005857251155409,5.7709503187
1729956826992999936,-25.4209411087,28.3408175428,2.995694473363598,5.762893678
1729956827992000000,-25.4209350318,28.3407628089,2.9880244523893724,5.7064819349
1729956828992000000,-25.4209234228,28.3407055605,2.9652061399881684,5.6836090101
1729956829992000000,-25.4209129455,28.3406509105,2.9467022143882393,5.5354156507
1729956830992000000,-25.4208988639,28.3405959253,2.9290611661454244,5.4076538098
1729956831992000000,-25.4208854109,28.3405499086,2.9234045256763648,5.156478883
1729956832992000000,-25.4208803818,28.3405043111,3.041139347637549,4.892364503
1729956833992000000,-25.420890943,28.340453852,3.273061606860253,4.8032073985
1729956834992000000,-25.420907581,28.3404064942,3.3910840546071417,4.6934509288
1729956835992000000,-25.4209271109,28.3403604776,3.4694141438116226,4.7685699473
1729956836992000000,-25.4209450481,28.3403183166,3.527418677432483,4.7307739268
1729956837992000000,-25.4209528433,28.3402733058,3.3923304330159336,4.6795959483
1729956838992000000,-25.4209546873,28.3402229306,3.2498597934108617,4.9088134777
1729956839992000000,-25.4209521728,28.3401697055,3.1754605899577233,5.0699768078
1729956840992000000,-25.4209479399,28.3401154746,3.1350012293154492,5.3057708752
1729956841992000000,-25.4209461797,28.3400572203,3.144876381319809,5.4766693127
1729956842992000000,-25.4209541425,28.3400024027,3.2596390701544844,5.5021057141
1729956843992000000,-25.4209735466,28.3399505187,3.403164337641636,5.5267333997
1729956844992000000,-25.4209941661,28.339903161,3.472002775889944,5.5063476575
1729956845992000000,-25.4210114747,28.339854043,3.4887809467721556,5.4853973401
1729956846992000000,-25.4210276937,28.3398031649,3.4870551920526927,5.4887695325
1729956847992000000,-25.4210381292,28.3397542984,3.432789793656462,5.4167938245
1729956848992000000,-25.4210436612,28.3397008218,3.3079602022942054,5.4346313489
1729956849992000000,-25.4210426973,28.3396443278,3.197799526044765,5.531921388
1729956850992000000,-25.4210394703,28.3395911865,3.1326043477603487,5.5512542737
1729956851992000000,-25.4210308369,28.3395319265,3.079968828822843,5.6856689466
1729956852992000000,-25.4210245924,28.3394696489,3.058013393782243,5.8338775648
1729956853992000000,-25.4210200243,28.3394140769,3.0776678225302265,5.8519134535
1729956854992000000,-25.4210222874,28.3393595945,3.183993488290808,5.7901153577
1729956855992000000,-25.4210362852,28.3393041902,3.3163972253665532,5.7984619154
1729956856992000000,-25.4210537195,28.3392455168,3.3764151394925808,5.8403625501
1729956857991000064,-25.4210678011,28.3391942196,3.3938644372104294,5.7225189222
1729956858991000064,-25.4210788233,28.3391442634,3.3721007526947964,5.5640106214
1729956859991000064,-25.4210802902,28.3390925471,3.2594473196295177,5.3201599133
1729956860991000064,-25.42107019,28.3390397411,3.0363455845290934,5.3446655285
1729956861991000064,-25.4210628558,28.3389844206,3.0195674136468815,5.3793182385
1729956862991000064,-25.421057659,28.3389301058,3.049672245972379,5.3903045666
1729956863991000064,-25.4210607603,28.3388789762,3.1568607890935656,5.309188844
1729956864991000064,-25.4210749257,28.3388270922,3.303645815496421,5.2469177258
1729956865991000064,-25.4210949166,28.3387831711,3.451677220306324,5.1475372326
1729956866991000064,-25.4211152427,28.3387405072,3.519940406981478,5.0675048839
1729956867991000064,-25.4211350659,28.3386958316,3.5359515757655684,5.0539093029
1729956868991000064,-25.4211543443,28.3386524134,3.5373897046993266,5.0320587169
1729956869991000064,-25.4211710243,28.3386053909,3.5281856795288586,5.0033569347
1729956870991000064,-25.4211840581,28.3385584522,3.477084164785849,4.9266510021
1729956871991000064,-25.4211900512,28.3385065683,3.345543305070708,4.9787292492
1729956872991000064,-25.4211882072,28.3384551872,3.215152948500131,5.0559387218
1729956873991000064,-25.4211828008,28.3383972682,3.122729195755989,5.228744508
1729956874991000064,-25.4211741675,28.3383452166,3.067984421049087,5.3408966076
1729956875991000064,-25.4211703537,28.3382892255,3.050535123332983,5.4180755627
1729956876991000064,-25.4211625166,28.3382333182,3.039509468180569,5.5175018323
1729956877991000064,-25.4211558949,28.338176908,3.030976569847484,5.5944061292
1729956878991000064,-25.4211473454,28.3381209169,3.027045684097888,5.6494140638
1729956879991000064,-25.4211439088,28.3380629979,3.0619442795318395,5.6643219007
1729956880991000064,-25.42114613,28.3380023968,3.1206199399883383,5.7596282972
1729956881991000064,-25.4211501952,28.3379409574,3.168749321604839,5.8142852796
1729956882991000064,-25.42116281,28.3378780932,3.2786223720668293,5.9344635023
1729956883991000064,-25.4211807892,28.3378210124,3.3817841541759353,5.9540710463
1729956884991000064,-25.4212002771,28.3377701342,3.448033960344177,5.890213014
1729956885991000064,-25.4212239141,28.3377196752,3.506326119750742,5.6689910901
1729956886990000128,-25.4212444078,28.3376698867,3.5197486564565112,5.8071441663
1729956887990000128,-25.4212670809,28.3376175836,3.5471689814412035,5.9348144545
1729956888990000128,-25.4212886224,28.3375666216,3.592230354666966,6.0408782973
1729956889990000128,-25.4213016143,28.3375078645,3.5267475505968457,6.2400665297
1729956890990000128,-25.4213144805,28.3374506161,3.485712938381418,6.1944580092
1729956891990000128,-25.4213262152,28.3373905178,3.441130941466326,6.2239379897
1729956892990000128,-25.4213345552,28.3373319283,3.391179929869625,6.1906738295
1729956893990000128,-25.4213420151,28.3372740094,3.3745935095123802,6.217407228
1729956894990000128,-25.4213552585,28.3372138273,3.3779491436870774,6.227676393
1729956895990000128,-25.4213612935,28.337161189,3.404314840787944,6.1523132338
1729956896990000128,-25.4213807814,28.3371061199,3.517543525426378,6.0608825697
1729956897990000128,-25.4214024486,28.3370536492,3.547456607228653,5.9818573011
1729956898990000128,-25.4214236548,28.337001849,3.573247052754621,5.87010193
1729956899990000128,-25.4214505607,28.3369523958,3.637291727894474,5.8077087415
1729956900990000128,-25.421485178,28.336908307,3.7636553234512267,5.7374572767
1729956901990000128,-25.421525453,28.336872181,3.9476399515806517,5.6253662122
1729956902990000128,-25.4215649318,28.3368413355,4.029229799699092,5.231781007
1729956903990000128,-25.4215995491,28.3368113283,4.014369134059565,4.8047332774
1729956904990000128,-25.4216261616,28.3367784713,3.888484914813483,4.353729249
1729956905990000128,-25.4216402851,28.3367362265,3.606228142945889,4.4198303232
1729956906990000128,-25.421651433,28.3366896231,3.479864547389137,4.7472229014
1729956907990000128,-25.4216620361,28.336639164,3.415723996988546,4.9963989269
1729956908990000128,-25.4216679035,28.3365848493,3.3070973249353464,5.1506652844
1729956909990000128,-25.4216565879,28.3365292773,3.0151571515866147,5.2509613049
1729956910990000128,-25.4216430092,28.3364709392,2.917652009946567,5.3463592541
1729956911990000128,-25.4216238147,28.336415032,2.827433388230814,5.4809265149
1729956912990000128,-25.4215975793,28.3363605496,2.728394242396271,5.6481018079
1729956913990000128,-25.4215630459,28.3363147006,2.627725217104748,5.8209228529
1729956914990000128,-25.4215336254,28.3362660017,2.5998255158093846,5.9839477552
1729956915989000192,-25.4215022771,28.336214453,2.6045234036553566,6.154327394
1729956916989000192,-25.421470803,28.3361636587,2.6246572087140096,6.2857971206
1729956917989000192,-25.4214414664,28.3361101821,2.6543785399913196,6.3709411635
1729956918989000192,-25.4214157339,28.3360492457,2.6974265327119147,6.5222167983
1729956919989000192,-25.4213933123,28.3359906562,2.728394242396271,6.5735015884
1729956920989000192,-25.4213746626,28.3359361738,2.7586908252467346,6.5368652358
1729956921989000192,-25.4213527858,28.3358774167,2.7763318734878046,6.526657106
1729956922989000192,-25.421337866,28.3358159773,2.786590526542098,6.5040588394
1729956923989000192,-25.4213203479,28.3357576393,2.7735514908845165,6.4555053725
1729956924989000192,-25.4213013209,28.3357028216,2.770291731970558,6.3384094253
1729956925989000192,-25.4212884966,28.3356433101,2.841239425986516,6.219863893
1729956926989000192,-25.4212792765,28.3355833795,2.9048047248139524,6.1212158217
1729956927989000192,-25.4212761333,28.3355245386,2.941429074967368,5.9045257582
1729956928989000192,-25.421274415,28.3354600817,2.937785815005221,5.4178466809
1729956929989000192,-25.421258699,28.3354089521,2.834719908156852,5.2312927258
1729956930989000192,-25.4212384986,28.3353581578,2.7635804636176724,5.1483154308
1729956931989000192,-25.4212173343,28.3353097942,2.7281066166105656,5.0715789806
1729956932989000192,-25.4211979721,28.3352669627,2.712191323087213,4.7324523936
1729956933989000192,-25.421180873,28.3352217004,2.7144923293798304,4.3986358652
1729956934989000192,-25.4211658694,28.3351818025,2.722354100879024,4.0363311776
1729956935989000192,-25.4211527936,28.3351434134,2.7362560138954635,3.7086792
1729956936989000192,-25.421142442,28.3351089638,2.757636197362909,3.4113159187
1729956937989000192,-25.4211364489,28.3350766097,2.79128841438807,3.1660919196
1729956938989000192,-25.421125762,28.3350407351,2.7963698032839743,3.6732177742
1729956939989000192,-25.4211114289,28.3349932097,2.799533686937196,4.6819000255
1729956940989000192,-25.4210934497,28.3349520546,2.8151613546730987,4.8249664317
1729956941989000192,-25.4210843135,28.3349026013,2.88754717762107,4.7811431895
1729956942989000192,-25.4210778594,28.3348432575,2.9326085508468323,5.0728149425
1729956943989000192,-25.4210763507,28.3347774595,2.967315395757564,5.4076232922
1729956944988000000,-25.4210801225,28.3347129189,3.008637633758696,5.6001739514
1729956945988000000,-25.4210834753,28.3346472886,3.054082508032647,5.7527313245
1729956946988000000,-25.4210875405,28.3345868551,3.0992397565208925,5.6822967542
1729956947988000000,-25.4210952519,28.3345262539,3.143150626600347,5.61228943
1729956948988000000,-25.4211009935,28.3344643116,3.173255458925844,5.6051025403
1729956949988000000,-25.4211074475,28.3344050516,3.1888831266617466,5.5522766126
1729956950988000000,-25.4211200204,28.3343484737,3.204319043874429,5.5231018079
1729956951988000000,-25.4211297853,28.3342860285,3.2119890648486544,5.5662689221
1729956952988000000,-25.4211408494,28.3342239186,3.2324104956930126,5.550003053
1729956953988000000,-25.4211495666,28.3341631498,3.2494762923626745,5.5558471692
1729956954988000000,-25.4211642768,28.3340972681,3.2972221729292417,5.5650177014
1729956955988000000,-25.4211962119,28.3340406064,3.6418937404779625,5.4856872571
1729956956988000000,-25.4212394625,28.3340031393,3.981771544918229,5.6170654309
1729956957988000000,-25.4212929809,28.3339775745,4.215898935169322,5.9213104261
1729956958988000000,-25.4213460384,28.3339547757,4.237566744422471,5.9505004896
1729956959988000000,-25.4213972518,28.3339301329,4.18732810703832,5.8312377943
1729956960988000000,-25.4214386165,28.3338873852,4.025874165522649,5.5417938245
1729956961988000000,-25.4214722279,28.333834244,3.8272206222786633,5.4853210461
1729956962988000000,-25.4214985052,28.3337785881,3.6815860990221156,5.3317108166
1729956963988000000,-25.421512964,28.333720753,3.424640396371564,5.2958831799
1729956964988000000,-25.4215150595,28.333653614,3.1962655218502687,5.4717407239
1729956965988000000,-25.421503241,28.3335920908,2.926951910377774,5.7272796644
1729956966988000000,-25.4214923026,28.3335237783,2.8727823872440266,6.1044464125
1729956967988000000,-25.4214763351,28.3334608302,2.8239818787936333,6.2986907973
1729956968988000000,-25.4214551289,28.3333962057,2.7845771460351854,6.4975280776
1729956969988000000,-25.421428181,28.3333377,2.755143440545326,6.5513458267
1729956970988000000,-25.4214024067,28.3332740814,2.718231464604461,6.5666198745
1729956971988000000,-25.4213719804,28.3332171683,2.609988293599449,6.5149078384
1729956972988000000,-25.4213333398,28.333170062,2.4821865691089378,6.4524078384
1729956973987000064,-25.4212877003,28.3331250511,2.314308985026087,6.4916839614
1729956974987000064,-25.421236906,28.3330768552,2.291682423151595,6.5465087905
1729956975987000064,-25.4211916018,28.3330336046,2.2882309137126695,6.4745788589
1729956976987000064,-25.4211451661,28.3330014181,2.270398114946633,6.3240051284
1729956977987000064,-25.4210947489,28.3329711594,2.247579802547174,6.3105163588
1729956978987000064,-25.4210464273,28.332936123,2.23684177318221,6.3322143569
1729956979987000064,-25.420999321,28.3329080437,2.2201594775624818,6.2878417983
1729956980987000064,-25.4209513346,28.3328755219,2.2725073707142833,6.269561769
1729956981987000064,-25.4209267756,28.3328193631,2.5934977485046877,6.3855285659
1729956982987000064,-25.4209136579,28.3327579238,2.8457455633092663,6.5483856216
1729956983987000064,-25.4209007498,28.3326922097,2.957631994276425,6.7236633316
1729956984987000064,-25.4208898533,28.3326298483,2.963959761581122,6.7178192154
1729956985987000064,-25.4208614806,28.3325662297,2.7438301596072066,6.6777648941
1729956986987000064,-25.420820996,28.3325130884,2.4908153427062523,6.5617218032
1729956987987000064,-25.4207768234,28.332461875,2.401459598351102,6.5549469009
1729956988987000064,-25.420737638,28.3324165289,2.3783536601659394,6.4559936538
1729956989987000064,-25.4206983268,28.3323760443,2.3604249861374194,6.4266510024
1729956990987000064,-25.4206572555,28.3323316202,2.3467148236442004,6.463211061
1729956991987000064,-25.4206080956,28.3322888725,2.314021359240382,6.5612487808
1729956992987000064,-25.4205597321,28.3322491423,2.281807271147234,6.6752014175
1729956993987000064,-25.4205105722,28.3322124295,2.264645599216835,6.6626739517
1729956994987000064,-25.4204641784,28.3321712744,2.2750960027943496,6.4611969009
1729956995987000064,-25.4204243224,28.3321339749,2.2892855415964943,6.1721649184
1729956996987000064,-25.4203818262,28.3321051412,2.109231799216665,5.7334899915
1729956997987000064,-25.4203283077,28.3320930712,1.8124019874969948,5.6899261487
1729956998987000064,-25.4202700954,28.3321017046,1.5112577889795398,5.8228759779
1729956999987000064,-25.4202156549,28.3321179655,1.316343380961929,5.9395294203
1729957000987000064,-25.4201650282,28.3321398422,1.257475969980464,6.0025024428
1729957001987000064,-25.4201071512,28.332163563,1.2469296911404664,6.2266387953
1729957002987000064,-25.4200538423,28.3321864456,1.2646666146440197,6.2207641616
1729957003986000128,-25.419999779,28.3322021198,1.3313957971246775,5.9549865736
1729957004986000128,-25.4199470988,28.3322083224,1.4080960068704333,5.6960906995
1729957005986000128,-25.4199022975,28.3322115075,1.4429946023061313,5.351211549
1729957006986000128,-25.4198564904,28.3322124295,1.4616902784310264,5.0903320324
1729957007986000128,-25.419814036,28.3322133515,1.4593892721384094,4.9188995372
1729957008986000128,-25.4197670974,28.3322187159,1.434557579233784,5.0371856701
1729957009986000128,-25.4197243078,28.3322245833,1.4137526473394926,5.1978149426
1729957010986000128,-25.4196775367,28.3322338034,1.4143278989126469,5.2991943371
1729957011986000128,-25.419623683,28.3322495614,1.4143278989126469,5.3198089611
1729957012986000128,-25.4195731401,28.3322602902,1.4078083810847288,5.1877899182
1729957013986000128,-25.4195288418,28.3322759643,1.3754984177290979,4.9414367687
1729957014986000128,-25.4194850883,28.332289543,1.3317792981728651,4.803176881
1729957015986000128,-25.4194487108,28.332305301,1.2779932760873054,4.5655822764
1729957016986000128,-25.4194139259,28.3323207237,1.2325484018133552,4.3647918711
1729957017986000128,-25.4193778837,28.3323441092,1.180200508661554,4.4193573008
1729957018986000128,-25.4193420092,28.3323634714,1.1574780715245787,4.4831848154
1729957019986000128,-25.4193068052,28.3323819116,1.1726263629480653,4.5165863047
1729957020986000128,-25.4192662787,28.3323949036,1.301195089536697,4.5881652842
1729957021986000128,-25.4192217708,28.3323965799,1.5785622230333518,4.756515504
1729957022986000128,-25.4191773886,28.3323779721,1.8653251322219506,4.8226013194
1729957023986000128,-25.4191335931,28.3323561792,2.131283109519748,4.8677673351
1729957024986000128,-25.4191066453,28.3323109169,2.4577383772525003,4.8084106456
1729957025986000128,-25.4191002332,28.3322599549,2.8351992844692693,4.8118438731
1729957026986000128,-25.4191017,28.3322089929,3.111991166391024,4.9917144787
1729957027986000128,-25.4191093694,28.3321539238,3.2364372567050923,5.1702423107
1729957028986000128,-25.4191221938,28.332098268,3.269705972683811,5.3495941174
1729957029986000128,-25.4191277677,28.3320336435,3.257913315435021,5.6048278821
1729957030986000128,-25.4191289831,28.3319740482,3.2448742797774397,5.6905059827
1729957031986000128,-25.4191329226,28.3319175542,3.245449531350594,5.6031799329
1729957032984999936,-25.4191377841,28.3318663407,3.260118446465155,5.2354278576
1729957033984999936,-25.4191389995,28.3318076674,3.2127560669467754,5.2404022228
1729957034984999936,-25.4191379517,28.3317530174,3.140657869784508,5.3005523693
1729957035984999936,-25.4191316234,28.3316987865,3.042769227094528,5.3712615979
1729957036984999936,-25.4191186314,28.3316443041,2.927239536165223,5.3202819836
1729957037984999936,-25.4191023286,28.3315945994,2.881219410316374,5.2374572766
1729957038984999936,-25.4190860678,28.3315390274,2.848717696435776,5.3293914807
1729957039984999936,-25.4190680886,28.331487814,2.794739923826995,5.346878053
1729957040984999936,-25.419048894,28.3314366006,2.7740308671951874,5.5419921887
1729957041984999936,-25.4190342676,28.3313867282,2.8199551177815536,5.558898927
1729957042984999936,-25.41902576,28.3313322459,2.8846709197552993,5.6282653821
1729957043984999936,-25.4190216109,28.331273824,2.9931058412835316,5.7381896986
1729957044984999936,-25.4190237064,28.3312148992,3.1151550500442453,5.875167848
1729957045984999936,-25.4190348962,28.3311552201,3.246887660282607,5.9494781507
1729957046984999936,-25.4190483492,28.3310975526,3.3478443113615803,6.0954589857
1729957047984999936,-25.4190638976,28.3310330119,3.362896727524329,6.4310455337
1729957048984999936,-25.419074375,28.3309667949,3.3488030639846667,6.7414093033
1729957049984999936,-25.4190837208,28.3308991529,3.325697125797759,6.981521608
1729957050984999936,-25.4190908454,28.3308303375,3.2848542641072975,7.1289672868
1729957051984999936,-25.4190867802,28.3307627794,3.166160689524771,7.1465606706
1729957052984999936,-25.4190748779,28.3307000827,3.0239776757071497,6.8015594498
1729957053984999936,-25.419063269,28.3306358774,2.9972284775580946,6.7544403091
1729957054984999936,-25.4190540489,28.3305723425,3.005761375892926,6.6328735367
1729957055984999936,-25.4190509476,28.330510987,3.0607937763855313,6.4122009292
1729957056984999936,-25.41904332,28.3304533195,3.0463166117959366,6.1769561781
1729957057984999936,-25.4190365307,28.3303958196,3.0311683203707047,5.9443359388
1729957058984999936,-25.4190219462,28.3303496354,2.882561663987649,5.248779298
1729957059984999936,-25.4189944955,28.3303101566,2.5888957359194538,4.6166534434
1729957060984999936,-25.4189561902,28.3302767966,2.313446107667228,4.5529632578
1729957061984000000,-25.4189001571,28.3302505613,2.0514190161207715,5.253051759
1729957062984000000,-25.4188471416,28.3302401677,1.943463470901465,5.5780792249
1729957063984000000,-25.4187934555,28.3302206379,1.9488324855848196,5.8144836439
1729957064984000000,-25.4187448824,28.3301791474,2.21143482870443,6.2142639174
1729957065984000000,-25.4187099298,28.3301244974,2.483816448567663,6.3680419936
1729957066984000000,-25.4186818086,28.3300643154,2.606536784162269,6.5071563735
1729957067984000000,-25.4186582135,28.3300033789,2.679689609206616,6.6169586197
1729957068984000000,-25.4186365882,28.329942694,2.7184232151294268,6.7153625503
1729957069984000000,-25.4186143342,28.3298746329,2.7515001805831787,6.9629974381
1729957070984000000,-25.4185962712,28.3298024647,2.797040930119613,7.1600646989
1729957071984000000,-25.4185855424,28.329732392,2.884862670280265,7.2097473161
1729957072984000000,-25.4185855843,28.3296603076,3.012280893720843,7.1823272721
1729957073984000000,-25.4185922479,28.3295862116,3.1287693372732357,7.2080230729
1729957074984000000,-25.4186049884,28.3295022249,3.192238760838189,7.4422760027
1729957075984000000,-25.4186159687,28.3294261173,3.2161117011232174,7.4362792986
1729957076984000000,-25.4186189862,28.3293480817,3.1919511350524847,7.4247131364
1729957077984000000,-25.41861907,28.3292659391,3.1491907681193387,7.6293792742
1729957078984000000,-25.418611652,28.329187233,3.0973222512782086,7.7769927996
1729957079984000000,-25.4186057009,28.3291093651,3.066258666329624,7.8487396258
1729957080984000000,-25.4186007136,28.3290278092,3.055712387489627,7.9904785174
1729957081984000000,-25.418592667,28.3289450798,3.0547536348682844,8.1880188007
1729957082984000000,-25.4185879312,28.3288601712,3.0696143005060663,8.3274230976
1729957083984000000,-25.4185841175,28.3287786152,3.081119331969152,8.3867492695
1729957084984000000,-25.4185799684,28.3286952153,3.0840914650956606,8.4490814228
1729957085984000000,-25.4185782082,28.3286111448,3.0923367376447866,8.4486084004
1729957086984000000,-25.4185752327,28.3285264038,3.09828100389955,8.3941040058
1729957087984000000,-25.4185687786,28.3284470272,3.0862007208650564,8.2482910175
1729957088984000000,-25.4185613606,28.3283649683,3.062615406367478,8.2010040302
1729957089984000000,-25.4185498774,28.3282837477,3.030976569847484,8.1183929462
1729957090983000064,-25.418536173,28.3282070533,3.001926365405812,7.9767608661
1729957091983000064,-25.4185255699,28.3281285987,3.0037479953860124,7.968444826
1729957092983000064,-25.418521337,28.3280446958,3.0901316066146527,8.0622100848
1729957093983000064,-25.4185253603,28.3279683367,3.188691376138525,8.037750246
1729957094983000064,-25.4185357958,28.3278928157,3.2824573825539423,8.0121917743
1729957095983000064,-25.4185518472,28.3278098349,3.3297238868098384,8.0341949481
1729957096983000064,-25.4185673537,28.3277275246,3.345543305070708,8.0922088641
1729957097983000064,-25.4185841175,28.3276513331,3.357911213890907,7.9074554461
1729957098983000064,-25.4186029768,28.327569861,3.3701832474503672,7.7076568621
1729957099983000064,-25.4186212074,28.3274961841,3.3659647359150657,7.3628082292
1729957100983000064,-25.4186282901,28.32742301,3.2649122095736103,7.016174318
1729957101983000064,-25.4186165554,28.3273590561,2.947756842272064,6.6612396255
1729957102983000064,-25.4185892724,28.3272971139,2.79128841438807,6.8024597183
1729957103983000064,-25.4185553676,28.3272304777,2.724559231909157,7.1237030045
1729957104983000064,-25.4185251927,28.327162249,2.6970430316619822,7.3236236589
1729957105983000064,-25.4184994603,28.3270999715,2.6963719048263437,7.3925323503
1729957106983000064,-25.4184798466,28.3270294797,2.798574934314108,7.4597015398
1729957107983000064,-25.4184707941,28.3269538749,2.924267403036969,7.5583953875
1729957108983000064,-25.4184691178,28.3268775158,3.0561917638002973,7.5430755632
1729957109983000064,-25.4184710037,28.3268032521,3.159737046959337,7.5304718035
1729957110983000064,-25.4184833251,28.3267294076,3.254078304947908,7.6114196795
1729957111983000064,-25.4185013881,28.3266540543,3.3363392799002405,7.6753082293
1729957112983000064,-25.4185206665,28.3265890107,3.365485359604395,7.6007995623
1729957113983000064,-25.4185303057,28.3265176807,3.297605673979174,7.6168823259
1729957114983000064,-25.4185295932,28.3264375497,3.172967833140139,7.7901000994
1729957115983000064,-25.418524606,28.3263590113,3.0942542428874704,7.9953002948
1729957116983000064,-25.4185160983,28.326278545,3.048329992301104,8.171936037
1729957117983000064,-25.4185080517,28.3261978273,3.0384548402967444,8.1590271015
1729957118983000064,-25.4185001727,28.326121971,3.06597104054392,8.0094757098
1729957119983000064,-25.4184980772,28.3260450252,3.126564206243102,7.9022521991
1729957120982000128,-25.4184998374,28.3259653971,3.160791674843162,7.8939209002
1729957121982000128,-25.4185012205,28.3258844279,3.1703792010618175,8.0421905536
1729957122982000128,-25.4185007175,28.3258081526,3.1507247723138354,8.1204376239
1729957123982000128,-25.4184982449,28.3257309553,3.1152509253049825,8.2299041767
1729957124982000128,-25.4184919585,28.3256510757,3.0845708414063315,8.3299407978
1729957125982000128,-25.4184837861,28.3255721182,3.0735451862556626,8.3585968037
1729957126982000128,-25.4184808105,28.3254906461,3.075654442023313,8.204345705
1729957127982000128,-25.4184746917,28.3254088387,3.0729699346825083,8.0832366962
1729957128982000128,-25.4184689082,28.3253303003,3.074983315189421,7.9181823748
1729957129982000128,-25.4184656393,28.3252464813,3.078626575151568,7.6914367693
1729957130982000128,-25.418460233,28.325169703,3.0745998141394884,7.4221191423
1729957131982000128,-25.4184552038,28.325101642,3.08226983511546,7.1240539567
1729957132982000128,-25.4184628313,28.3250355087,3.2632823301166307,6.8817138687
1729957133982000128,-25.4184749013,28.3249713872,3.323204368981921,6.6715850845
1729957134982000128,-25.4184950178,28.3249081876,3.419750758000626,6.6976318374
1729957135982000128,-25.4185232649,28.3248486761,3.5621255223414687,6.681533815
1729957136982000128,-25.4185600614,28.3247940261,3.6940498831065427,6.809066774
1729957137982000128,-25.4186007136,28.3247437347,3.7973075404781325,7.0027465836
1729957138982000128,-25.4186448444,28.3246874921,3.826165994394838,7.1377258317
1729957139982000128,-25.4186893523,28.3246328421,3.809675449298331,7.1725463883
1729957140982000128,-25.4187314713,28.3245754261,3.78378912850988,7.2189178483
1729957141982000128,-25.4187669268,28.3245171719,3.7665315813169977,7.2069244401
1729957142982000128,-25.4188056093,28.3244650364,3.8488884315318126,7.0800018327
1729957143982000128,-25.4188592954,28.3244289942,4.10957326940874,6.9632110611
1729957144982000128,-25.4189158313,28.3244036809,4.240634752813209,6.7587738052
1729957145982000128,-25.4189733731,28.3243807145,4.273040591431323,6.60195923
1729957146982000128,-25.4190194316,28.3243414033,4.061827388840427,6.3867797866
1729957147982000128,-25.4190566054,28.3242912796,3.772667598096728,6.2244110121
1729957148982000128,-25.4190721119,28.3242239729,3.4464999561496805,6.3681793227
1729957149982000128,-25.4190818768,28.3241536487,3.3438175503512455,6.8154144302
1729957150980999936,-25.4190969642,28.3240930476,3.371525501121642,6.8215332047
1729957151980999936,-25.4191159073,28.3240273334,3.442473195137601,6.8989715592
1729957152980999936,-25.4191424361,28.3239602782,3.493287084094906,7.0534362809
1729957153980999936,-25.4191692162,28.3238946479,3.510352880762822,7.1584472672
1729957154980999936,-25.4191913445,28.3238242399,3.4799604226516205,7.2728424089
1729957155980999936,-25.4192038754,28.3237537481,3.373922382676743,7.347991945
1729957156980999936,-25.4192122992,28.3236802388,3.269226596371395,7.3760223405
1729957157980999936,-25.4192110838,28.3236019518,3.1540804064902774,7.4910583513
1729957158980999936,-25.4192057194,28.3235223238,3.0969387502282753,7.681045534
1729957159980999936,-25.4191961221,28.3234471381,3.075079190451904,7.7104034441
1729957160980999936,-25.419187866,28.323363822,3.0635741589888195,7.853210451
1729957161980999936,-25.4191780591,28.3232848645,3.0501516222830505,7.8711700457
1729957162980999936,-25.419168881,28.3232055716,3.0527402543631172,7.6987762469
1729957163980999936,-25.4191728624,28.3231315594,3.2159199505982516,7.2816467302
1729957164980999936,-25.4191907996,28.3230657615,3.4372959309792126,6.9671325699
1729957165980999936,-25.4192234052,28.32300625,3.667013059170038,6.8776397721
1729957166980999936,-25.4192693381,28.3229563777,3.9080434682989824,6.8440551773
1729957167980999936,-25.4193193361,28.322913127,4.019067021907281,6.8123779312
1729957168980999936,-25.4193700466,28.3228693735,4.024819537638824,6.8231201187
1729957169980999936,-25.4194151413,28.3228206747,3.947064700007498,6.8756561295
1729957170980999936,-25.4194564641,28.3227638453,3.8545450720008723,7.0022583024
1729957171980999936,-25.4194925062,28.3227087762,3.811976455590948,7.0729827897
1729957172980999936,-25.4195275007,28.3226448223,3.7471647783564648,7.0886383073
1729957173980999936,-25.4195562087,28.3225800302,3.6418937404779625,7.1190032975
1729957174980999936,-25.4195757804,28.3225097899,3.5272269269075163,7.1170501725
1729957175980999936,-25.4195853777,28.3224297427,3.389454175150162,7.2356872575
1729957176980999936,-25.4195882276,28.3223477677,3.296455170832866,7.2324981706
1729957177980999936,-25.4195914965,28.3222740069,3.2501474191983117,6.9478302018
1729957178980000000,-25.4195941368,28.32220494,3.284566638321593,6.6175994888
1729957179980000000,-25.4196203303,28.3221483622,3.5748769322116005,6.2314147963
1729957180980000000,-25.4196578812,28.3221026808,3.834986518515373,5.6984863294
1729957181980000000,-25.4196997488,28.3220685665,4.0551161204875426,5.3853912366
1729957182980000000,-25.4197404429,28.3220430017,4.14188323276437,5.047317506
1729957183980000000,-25.4197818914,28.322022466,4.280327111357362,4.5925903331
1729957184980000000,-25.4198164668,28.3220106475,4.3437965349223155,3.9061889657
1729957185980000000,-25.4198462645,28.3219999187,4.35022017748775,3.4624328621
1729957186980000000,-25.419876565,28.3219875135,4.346193416477416,3.1867370612
1729957187980000000,-25.4199086258,28.3219812271,4.309281440536551,2.8810882575
1729957188980000000,-25.4199319275,28.3219574224,4.042556461142378,2.6837158209
1729957189980000000,-25.419943285,28.3219243139,3.720415580205665,2.4165496831
1729957190980000000,-25.4199435364,28.3218907863,3.4021097097578106,2.479278565
1729957191980000000,-25.4199396389,28.3218615335,3.2440114024185815,2.871429444
1729957192980000000,-25.419944668,28.3218346276,3.308918954915548,2.7746276861
1729957193980000000,-25.4199653294,28.3218093142,3.6767923359136603,2.786285401
1729957194980000000,-25.4199958814,28.3217926342,4.127693693960481,3.1201019294
1729957195980000000,-25.4200310854,28.3217951488,4.4715982594128265,3.4049072273
1729957196980000000,-25.4200686783,28.3217926342,4.554817986988247,3.5433654793
1729957197980000000,-25.4201043852,28.3217801452,4.550695350713683,3.6898345955
1729957198980000000,-25.4201411398,28.3217702545,4.538710942939927,3.8157043465
1729957199980000000,-25.4201777687,28.3217600286,4.525288406234157,3.9986114511
1729957200980000000,-25.4202102905,28.3217513953,4.521836896796977,4.1006469736
1729957201980000000,-25.4202470033,28.3217433486,4.531136797228183,4.2441101084
1729957202980000000,-25.4202884937,28.3217314463,4.530945046703216,4.4511413584
1729957203980000000,-25.4203282239,28.3217254952,4.538135691366771,4.5333404551
1729957204980000000,-25.4203697562,28.3217190411,4.545518086555295,4.5207061778
1729957205980000000,-25.4204106599,28.3217125032,4.547243841274757,4.4481506358
1729957206980000000,-25.4204501387,28.3217047919,4.539190319252344,4.3467865
1729957207979000064,-25.4204872705,28.3216989246,4.534684181929593,3.9682464608
1729957208979000064,-25.4205210915,28.3216845915,4.470256005741552,3.7663574227
1729957209979000064,-25.4205529427,28.3216762096,4.508126734303759,3.3174133308
1729957210979000064,-25.4205787171,28.3216665704,4.520974019436373,3.1253204352
1729957211979000064,-25.4206053296,28.3216550034,4.4633529868637005,3.0851745612
1729957212979000064,-25.4206262006,28.321651483,4.506784480634228,2.5502777105
1729957213979000064,-25.4206298467,28.3216509801,4.508126734303759,1.2346038821
1729957214979000064,-25.4206238955,28.3216500581,4.508126734303759,0.1653900146
1729957215979000064,-25.4206215067,28.3216524888,4.508126734303759,0.1667175293
1729957216979000064,-25.4206176091,28.3216549196,4.508126734303759,0.0593414306
1729957217979000064,-25.4206153041,28.3216555063,4.508126734303759,0.0204620361
1729957218979000064,-25.4206146335,28.3216562607,4.508126734303759,0.0342559814
1729957219979000064,-25.420613502,28.3216550872,4.508126734303759,0.0541839599
1729957220979000064,-25.4206122447,28.3216529917,4.508126734303759,0.0893402099
1729957221979000064,-25.4206091015,28.321654249,4.508126734303759,0.0437927246
1729957222979000064,-25.4206095625,28.3216538299,4.508126734303759,0.1016998291
1729957223979000064,-25.4206089757,28.3216537461,4.508126734303759,0.0913696289
1729957224979000064,-25.4206098558,28.3216535785,4.508126734303759,0.1139984131
1729957225979000064,-25.4206102749,28.3216522374,4.508126734303759,0.1503753662
1729957226979000064,-25.4206088919,28.3216508962,4.508126734303759,0.1271820068
1729957227979000064,-25.4206077185,28.3216557578,4.508126734303759,0.0352935791
1729957228979000064,-25.4206075089,28.3216556739,4.508126734303759,0.0518798828
1729957229979000064,-25.4206092691,28.3216565121,4.508126734303759,0.0751037597
1729957230979000064,-25.4206097301,28.3216554225,4.508126734303759,0.0486755371
1729957231979000064,-25.4206107359,28.3216538299,4.508126734303759,0.046508789
1729957232979000064,-25.4206107778,28.321653327,4.508126734303759,0.0375518798
1729957233979000064,-25.4206101911,28.3216521535,4.508126734303759,0.0317840576
1729957234979000064,-25.4206095625,28.3216516506,4.508126734303759,0.0732421875
1729957235979000064,-25.4206095625,28.3216511477,4.508126734303759,0.0267028808
1729957236977999872,-25.4206097301,28.3216513153,4.508126734303759,0.0356140136
1729957237977999872,-25.4206091434,28.3216522374,4.508126734303759,0.0241394043
1729957238977999872,-25.4206091015,28.3216519021,4.508126734303759,0.0119171142
1729957239977999872,-25.4206091015,28.3216519859,4.508126734303759,0.0
1729957240977999872,-25.4206083052,28.3216516506,4.508126734303759,0.0159606933
1729957241977999872,-25.4206088919,28.3216509801,4.508126734303759,0.0389404296
1729957242977999872,-25.4206097301,28.3216519021,4.508126734303759,0.0084838867
1729957243977999872,-25.4206103168,28.3216517344,4.508126734303759,0.0572509765
1729957244977999872,-25.4206137115,28.3216499742,4.508126734303759,0.260925293
1729957245977999872,-25.4206134601,28.3216499742,4.508126734303759,0.2348480225
1729957246977999872,-25.4206157651,28.3216503933,4.508126734303759,0.3218078614
1729957247977999872,-25.4206202913,28.3216517344,4.508126734303759,0.5503997804
1729957248977999872,-25.4206319422,28.3216519021,4.508126734303759,1.3514709475
1729957249977999872,-25.4206599377,28.3216521535,4.68808460142285,2.9221344
1729957250977999872,-25.4207020149,28.3216480464,4.671306430540638,4.6298522959
1729957251977999872,-25.420745475,28.3216402512,4.646378862371784,5.0052337658
1729957252977999872,-25.4207884323,28.3216310311,4.6246151778561515,5.4270629895
1729957253977999872,-25.420836251,28.3216230683,4.613781273230448,6.0844573988
1729957254977999872,-25.4208840279,28.3216130939,4.600646362310385,6.1197052016
1729957255977999872,-25.4209317628,28.3216025327,4.591825838189848,6.068893434
1729957256977999872,-25.4209790787,28.3215927258,4.581758935660522,5.9845733656
1729957257977999872,-25.421029412,28.321579231,4.561049879028714,5.9552917494
1729957258977999872,-25.4210787814,28.3215663228,4.545038710244623,6.0003356947
1729957259977999872,-25.4211294081,28.3215554264,4.541683076068181,6.0386505141
1729957260977999872,-25.4211822141,28.3215432726,4.538710942939927,5.9253387464
1729957261977999872,-25.4212276859,28.3215346392,4.537943940843551,5.627548219
1729957262977999872,-25.4212760914,28.3215267603,4.537943940843551,5.4382781995
1729957263977999872,-25.4213228205,28.3215130978,4.528068788837445,5.2933654797
1729957264977999872,-25.4213710584,28.3214979265,4.515317378967314,5.1912841808
1729957265977999872,-25.4214164883,28.3214874491,4.509277237450068,5.058166505
1729957266976999936,-25.4214575177,28.3214769718,4.511098867432013,4.8703308116
1729957267976999936,-25.4214971222,28.321468506,4.519727641027581,4.6811523448
1729957268976999936,-25.4215378163,28.3214596212,4.524521404137783,4.5474700938
1729957269976999936,-25.4215758283,28.3214498982,4.523466776253957,4.2157287607
1729957270976999936,-25.4216096073,28.3214447014,4.529219291983754,3.656021119
1729957271976999936,-25.4216404527,28.3214392532,4.535642934550935,3.2763671882
1729957272976999936,-25.421670418,28.3214381635,4.5543386106758295,2.8414916998
1729957273976999936,-25.4217000481,28.3214325477,4.552037604383212,2.4695587163
1729957274976999936,-25.4217312707,28.3214245849,4.546668589701603,2.1960449223
1729957275976999936,-25.4217625352,28.3214177955,4.547339716537241,2.0301666264
1729957276976999936,-25.4217903631,28.32141109,4.537752190318584,1.978469849
1729957277976999936,-25.4218249803,28.3214064799,4.545518086555295,2.1029968266
1729957278976999936,-25.4218665546,28.3213977628,4.546572714439121,2.3320922856
1729957279976999936,-25.4219005851,28.3213860281,4.525288406234157,2.3741302495
1729957280976999936,-25.4219364177,28.3213738743,4.505729852750403,2.3904266362
1729957281976999936,-25.4219754774,28.3213630617,4.502757719622149,2.4610137945
1729957282976999936,-25.4220161296,28.3213551827,4.5165637573761055,2.5366363531
1729957283976999936,-25.4220693966,28.3213440348,4.5236585267771785,2.8508605963
1729957284976999936,-25.4221149104,28.3213347309,4.526055408332278,2.9990539557
1729957285976999936,-25.4221593345,28.3213207331,4.511194742694496,3.1989593513
1729957286976999936,-25.4222009925,28.3213075735,4.495567074958593,3.3112640388
1729957287976999936,-25.4222400103,28.3212967608,4.4883764302950375,3.24824524
1729957288976999936,-25.422280453,28.3212853614,4.484829045593629,3.3351898201
1729957289976999936,-25.4223227816,28.3212756384,4.497101079153089,3.4840240486
1729957290976999936,-25.4223604582,28.3212664183,4.5069762311574495,3.4858551033
1729957291976999936,-25.4223977996,28.3212617245,4.524137903089595,3.5229492195
1729957292976999936,-25.4224369431,28.3212574497,4.542066577116369,3.5634155281
1729957293976999936,-25.4224761285,28.321248062,4.541491325543214,3.6680145272
1729957294976999936,-25.4225145595,28.3212416079,4.543600581312611,3.7550659188
1729957295976000000,-25.4225591093,28.3212316334,4.5399573213487185,4.0485839853
1729957296976000000,-25.4226015637,28.3212256823,4.554817986988247,4.3821105967
1729957297976000000,-25.4226442695,28.3212179709,4.569486902101062,4.6258850108
1729957298976000000,-25.4226837482,28.3212132771,4.592113463977299,4.3599395762
1729957299976000000,-25.4227230174,28.3212089185,4.612439019559173,4.1530303964
1729957300976000000,-25.4227572994,28.3212050628,4.6201090405334,3.8857421884
1729957301976000000,-25.4227872228,28.3212036379,4.620588416845817,3.6634368905
1729957302976000000,-25.4228162661,28.3211996146,4.587990827702735,3.6486053475
1729957303976000000,-25.4228444293,28.3211965133,4.554434485938313,3.8418731698
1729957304976000000,-25.4228738498,28.3211847786,4.516947258424293,3.9909210214
1729957305976000000,-25.4229000852,28.3211720381,4.487321802411213,3.9708709726
1729957306976000000,-25.4229285836,28.3211566992,4.464119988961821,3.8980255136
1729957307976000000,-25.4229560763,28.3211465571,4.464215864224304,3.8562011727
1729957308976000000,-25.4229841976,28.3211396002,4.482240413515307,3.6567535408
1729957309976000000,-25.4229964351,28.3211330623,4.482240413515307,2.8721771246
1729957310976000000,-25.4230064515,28.3211301286,4.494895948122956,1.9600830082
1729957311976000000,-25.4230087146,28.321129458,4.490102185014501,1.2084503176
1729957312976000000,-25.4230049847,28.3211292904,4.490102185014501,0.8253326417
1729957313976000000,-25.4230044398,28.3211255186,4.490102185014501,0.8215484621
1729957314976000000,-25.4230033083,28.3211241775,4.490102185014501,0.7749481202
1729957315976000000,-25.4230056552,28.3211213276,4.490102185014501,0.8071441652
1729957316976000000,-25.423008086,28.3211229202,4.490102185014501,0.819458008
1729957317976000000,-25.4230111035,28.3211266082,4.490102185014501,0.8269653322
1729957318976000000,-25.4230101395,28.3211272788,4.490102185014501,0.7969512941
1729957319976000000,-25.4230022186,28.321131805,4.490102185014501,0.8217163087
1729957320976000000,-25.4230052361,28.3211340681,4.490102185014501,0.753768921
1729957321976000000,-25.4229968961,28.3211288713,4.490102185014501,0.5013732911
1729957322976000000,-25.4229996622,28.3211337328,4.490102185014501,0.3005828858
1729957323976000000,-25.4229992431,28.3211350739,4.490102185014501,0.0459594726
1729957324974999808,-25.4229990754,28.3211329784,4.490102185014501,0.0687408447
1729957325974999808,-25.4229977343,28.3211324755,4.490102185014501,0.0
1729957326974999808,-25.4229974829,28.3211304639,4.490102185014501,0.1317749023
1729957327974999808,-25.4229994107,28.3211297933,4.490102185014501,0.1329498291
1729957328974999808,-25.4229998717,28.3211280331,4.490102185014501,0.1396636963
1729957329974999808,-25.4230002489,28.3211292066,4.490102185014501,0.1087493896
1729957330974999808,-25.4229995783,28.3211282846,4.490102185014501,0.1438293457
1729957331974999808,-25.4230010452,28.3211269435,4.490102185014501,0.1912231445
1729957332974999808,-25.4230024701,28.3211262729,4.490102185014501,0.2239074707
1729957333974999808,-25.4230038112,28.3211252671,4.490102185014501,0.1813964844
1729957334974999808,-25.4230052361,28.3211267758,4.490102185014501,0.2264404297
1729957335974999808,-25.4230070382,28.3211261053,4.490102185014501,0.2938995362
1729957336974999808,-25.4230039788,28.321131805,4.490102185014501,0.2186584473
1729957337974999808,-25.4230023444,28.3211307992,4.490102185014501,0.3037261963
1729957338974999808,-25.4230030568,28.3211322241,4.490102185014501,0.1961669922
1729957339974999808,-25.4230040208,28.321133649,4.490102185014501,0.2677307129
1729957340974999808,-25.423004356,28.3211330623,4.490102185014501,0.3998413086
1729957341974999808,-25.4230008775,28.3211352416,4.490102185014501,0.1797943115
1729957342974999808,-25.4229963094,28.3211356607,4.490102185014501,0.106765747
1729957343974999808,-25.4229911964,28.3211359121,4.490102185014501,0.0
1729957344974999808,-25.4229920765,28.3211371694,4.490102185014501,0.0883636474
1729957345974999808,-25.4229927471,28.3211398516,4.490102185014501,0.1530761719
1729957346974999808,-25.4229929985,28.3211430367,4.490102185014501,0.0
1729957347974999808,-25.4229929985,28.3211430367,4.490102185014501,0.0
1729957348974999808,-25.4229929985,28.3211430367,4.490102185014501,0.0
1729957349974999808,-25.4229958903,28.321164662,4.490102185014501,0.4138336182
1729957350974999808,-25.4229939206,28.3211636562,4.490102185014501,0.4489746094
1729957351974999808,-25.4229910707,28.3211546038,4.490102185014501,0.2660217285
1729957352974999808,-25.4229914898,28.3211434558,4.490102185014501,0.1228179931
1729957353973999872,-25.4229948426,28.3211390972,4.490102185014501,0.1734466553
1729957354973999872,-25.4229910288,28.3211250156,4.490102185014501,0.1990966797
1729957355973999872,-25.422996938,28.3211289551,4.490102185014501,0.320388794
1729957356973999872,-25.4229983211,28.3211247642,4.490102185014501,0.3145751953
1729957357973999872,-25.4230033502,28.321128536,4.490102185014501,0.7526702882
1729957358973999872,-25.4229942139,28.3211286199,4.490102185014501,0.0221557617
1729957359973999872,-25.4229913222,28.3211301286,4.490102185014501,0.0462341308
1729957360973999872,-25.4229908193,28.3211300448,4.490102185014501,0.0
1729957361973999872,-25.4229908193,28.3211300448,4.490102185014501,0.0
1729957362973999872,-25.4229908193,28.3211300448,4.490102185014501,0.0
1729957363973999872,-25.4229908193,28.3211300448,4.490102185014501,0.0
1729957364973999872,-25.4229908193,28.3211300448,4.490102185014501,0.0
1729957365973999872,-25.4229908193,28.3211300448,4.490102185014501,0.0
1729957366973999872,-25.4229908193,28.3211300448,4.490102185014501,0.0
1729957367973999872,-25.4229908193,28.3211300448,4.490102185014501,0.0
1729957368973999872,-25.4229908193,28.3211300448,4.490102185014501,0.0
1729957369973999872,-25.4229908193,28.3211300448,4.490102185014501,0.0
1729957370973999872,-25.4229908193,28.3211300448,4.490102185014501,0.0
1729957371973999872,-25.4229908193,28.3211300448,4.490102185014501,0.0
1729957372973999872,-25.4229908193,28.3211300448,4.490102185014501,0.0
1729957373973999872,-25.4229908193,28.3211300448,4.490102185014501,0.0
1729957374973999872,-25.4229908193,28.3211300448,4.490102185014501,0.0
1729957375973999872,-25.422985371,28.3211435396,4.490102185014501,0.0307159423
1729957376973999872,-25.4229856225,28.3211454675,4.490102185014501,0.0257415771
1729957377973999872,-25.4229880113,28.3211462219,4.490102185014501,0.0305328369
1729957378973999872,-25.4229901068,28.3211447131,4.490102185014501,0.0481414795
1729957379973999872,-25.422990023,28.3211447131,4.490102185014501,0.0
1729957380973999872,-25.422990023,28.3211447131,4.490102185014501,0.0
1729957381973999872,-25.422990023,28.3211447131,4.490102185014501,0.0
1729957382972999936,-25.422990023,28.3211447131,4.490102185014501,0.0
1729957383972999936,-25.422990023,28.3211447131,4.490102185014501,0.0
1729957384972999936,-25.422990023,28.3211447131,4.490102185014501,0.0
1729957385972999936,-25.422990023,28.3211447131,4.490102185014501,0.0
1729957386972999936,-25.422990023,28.3211447131,4.490102185014501,0.0
1729958827431000064,-25.4230139952,28.3211504128,5.697075860639421,0.1241149902
1729958828380999936,-25.4230134504,28.3211494908,4.009862996738558,0.0229187011
1729958829331000064,-25.4230114387,28.321148485,4.724133700003111,0.0014343261
1729958831231000064,-25.4230115645,28.3211451322,4.112641277797732,0.0548858642
1729958832180999936,-25.4230116064,28.3211443778,4.024148410803186,0.0794067382
1729958835030999808,-25.4230215808,28.3211412765,4.883382510488648,0.7282104493
1729958835980999936,-25.4230336927,28.3211351577,4.454244836957461,1.1686553957
1729958836977999872,-25.4230514623,28.3211333137,4.487801178721884,1.1686553957
1729958837977999872,-25.4230725847,28.3211325594,4.557598369591535,1.4505310061
1729958838977999872,-25.4230938328,28.3211302962,4.6304635688501765,1.8434753422
1729958839977999872,-25.4231130693,28.321126692,4.609179260645215,2.0144805912
1729958840977999872,-25.4231334373,28.3211226687,4.594893846580587,2.0531616215
1729958841977999872,-25.4231536377,28.3211193998,4.594222719744949,2.0531616215
1729958842977999872,-25.4231768556,28.321111437,4.540149071873685,2.1578979497
1729958843977999872,-25.4232079944,28.321099367,4.491923814994701,2.2750244145
1729958844977999872,-25.4232322181,28.3210982774,4.580991933564146,2.4266357427
1729958845977999872,-25.4232514545,28.3210909013,4.49949796070819,2.4266357427
1729958846977999872,-25.4232688051,28.3210857883,4.434973909257666,2.0538330082
1729958847977999872,-25.4232889636,28.3210843634,4.517234884211744,2.0375671391
1729958848977999872,-25.4233034223,28.3210734669,4.259042803152401,1.9042663578
1729958849977999872,-25.423334603,28.3210792504,4.610809140102194,1.7276611332
1729958850977999872,-25.4233455414,28.3210624028,4.319923594639032,1.5669708255
1729958851977999872,-25.4233670829,28.3210688569,4.768428071132497,1.7344818119
1729958852977999872,-25.4233825894,28.3210734669,4.725092452624452,1.7969512943
1729958853977999872,-25.4234024964,28.3210704495,4.549065471256704,2.1994018559
1729958854977999872,-25.423423074,28.321067432,4.532574926160196,2.2355194097
1729958855977999872,-25.4234463757,28.3210518416,4.288668259167227,2.5920257574
1729958856977999872,-25.4234806577,28.3210360836,4.330949249789701,3.4287109382
1729958857976999936,-25.4235100782,28.3210294619,4.457121094823232,3.3780670173
1729958858976999936,-25.4235432705,28.3210212477,4.45721697008397,3.5645904549
1729958859976999936,-25.423583797,28.3210084234,4.504962850652283,4.123184205
1729958860976999936,-25.4236202583,28.3209966049,4.4548200885306155,4.1779022226
1729958861976999936,-25.4236620002,28.3209893964,4.522124522582682,4.2944488535
1729958862976999936,-25.4237011855,28.3209841158,4.500169087542083,4.5367889414
1729958863976999936,-25.423742676,28.3209797573,4.522508023630869,4.7050933848
1729958864976999936,-25.4237839988,28.3209688608,4.478788904076382,4.5941314707
1729958865976999936,-25.4238216754,28.3209611494,4.509277237450068,4.446105958
1729958866976999936,-25.4238497129,28.3209643346,4.609179260645215,3.8192596444
1729958867976999936,-25.4238880182,28.3209612333,4.58904545558656,4.0161743173
1729958868976999936,-25.4239188636,28.3209500853,4.484733170331146,3.7512054452
1729958869976999936,-25.4239560373,28.3209401947,4.504483474341612,3.8603515633
1729958870976999936,-25.4239992041,28.3209351655,4.578595052009047,4.3842010508
1729958871976999936,-25.424036755,28.3209324833,4.610713264839711,4.2344207773
1729958872976999936,-25.4240743898,28.3209147975,4.492882567617789,4.2651824961
1729958873976999936,-25.4241216637,28.3208978661,4.498347457561882,4.9422149669
1729958874976999936,-25.4241570354,28.3208848741,4.497388704938794,4.5211792002
1729958875976999936,-25.424191485,28.3208771628,4.497772205988728,4.2548675547
1729958876976999936,-25.4242255574,28.3208647575,4.447245942817127,4.1916961679
1729958877976999936,-25.4242584564,28.3208645061,4.560570502718043,4.0420684823
1729958878976999936,-25.424292445,28.3208577167,4.495567074958593,3.9778289804
1729958879976999936,-25.424329493,28.320851598,4.501798967000807,4.1384735117
1729958880976999936,-25.4243737495,28.3208401148,4.495662950221077,4.480392457
1729958881976999936,-25.4244200595,28.3208360914,4.519631765766844,4.6919250499
1729958882976999936,-25.4244726559,28.3208232671,4.482815665088461,4.7705230723
1729958883976999936,-25.4245216901,28.3208137118,4.510331865333893,5.0295562755
1729958884976999936,-25.4245628033,28.320801558,4.489910434489534,5.0191345226
1729958885976999936,-25.4246099934,28.3207883146,4.4749538935892685,5.0249481212
1729958886976999936,-25.4246573512,28.3207838722,4.550024223878045,5.2021179211
1729958887976999936,-25.424700518,28.3207702935,4.518864763668723,5.0129394542
1729958888976000000,-25.4247411283,28.3207632527,4.550215974403011,4.9516601574
1729958889976000000,-25.4247809004,28.3207607381,4.613014271132328,4.4957275401
1729958890976000000,-25.4248265399,28.3207513504,4.562008631651802,4.6957092296
1729958891976000000,-25.4248664377,28.3207454831,4.561721005864351,4.7344360362
1729958892976000000,-25.424910317,28.3207414598,4.576581671502133,4.7199401866
1729958893976000000,-25.424948748,28.3207367659,4.56287150901066,4.4876251231
1729958894976000000,-25.4249883525,28.320734419,4.622026545777829,4.2428436289
1729958895976000000,-25.4250246042,28.3207334131,4.626149182052393,4.0788116464
1729958896976000000,-25.4250551982,28.320725115,4.562296257437506,3.7822570809
1729958897976000000,-25.4250895221,28.3207134642,4.4729405130823565,3.8157043465
1729958898976000000,-25.4251260672,28.3206990473,4.416661734180958,3.908630372
1729958899976000000,-25.4251680186,28.3206893243,4.457025219560749,4.3693389902
1729958900976000000,-25.4252035579,28.3206823673,4.485212546641817,4.2343139658
1729958901976000000,-25.4252450483,28.3206728958,4.491923814994701,4.4398956309
1729958902976000000,-25.4252864968,28.3206569702,4.472844637819873,4.5294952403
1729958903976000000,-25.4253252631,28.3206462413,4.508510235353691,4.3538818369
1729958904976000000,-25.4253692262,28.3206373565,4.497963956511948,4.539855958
1729958905976000000,-25.4254125606,28.3206308186,4.5036205969810075,4.5759887705
1729958906976000000,-25.4254571943,28.3206185811,4.4964299523174525,4.6998138438
1729958907976000000,-25.4254986009,28.3206101991,4.524617279400265,4.7100067149
1729958908976000000,-25.425540678,28.3206060082,4.574951792045154,4.7267456065
1729958909976000000,-25.4255822523,28.3206029069,4.603906121224342,4.7232513438
1729958910976000000,-25.4256174143,28.3206009791,4.621451294204675,4.3654174814
1729958911976000000,-25.4256553425,28.3205974587,4.604001996486827,4.4248352061
1729958912976000000,-25.4256942345,28.3205848858,4.499689711231412,4.427734376
1729958913976000000,-25.4257343838,28.3205619194,4.361341707900903,4.7404937755
1729958914976000000,-25.4257768801,28.320546329,4.373613741460363,4.8600921642
1729958915976000000,-25.4258147663,28.3205370251,4.467571498400747,4.621963502
1729958916976000000,-25.4258520238,28.320525961,4.453573710121823,4.570312501
1729958917976000000,-25.4258912511,28.3205202613,4.514933877919126,4.488784791
1729958918976000000,-25.4259301432,28.3205140587,4.536409936649056,4.3121032724
1729958919974999808,-25.4259721365,28.3205047548,4.530273919869326,4.440246583
1729958920974999808,-25.4260078015,28.3204946127,4.516755507901072,4.284576417
1729958921974999808,-25.4260434246,28.3204895836,4.567185895808445,4.2775115976
1729958922974999808,-25.4260804307,28.3204842191,4.5864568235082395,4.2091674814
1729958923974999808,-25.4261197837,28.3204874043,4.700836011292981,4.2685699472
1729958924974999808,-25.4261541495,28.3204730712,4.515988505802952,4.0924987802
1729958925974999808,-25.4261753138,28.3204434831,4.11733916564545,3.8087158211
1729958926974999808,-25.4261895631,28.3204098717,3.8258783686073876,3.61543274
1729958927974999808,-25.4261894792,28.3203656152,3.4216682632433097,3.6808929451
1729958928974999808,-25.4261852464,28.3203226161,3.176035841529132,3.829559327
1729958929974999808,-25.4261715001,28.3202760965,2.96808239785394,4.1272125253
1729958930974999808,-25.426159011,28.320233265,2.910940741593683,4.185470582
1729958931974999808,-25.4261425825,28.3201940377,2.9356765592358256,4.0006256112
1729958932974999808,-25.4261302611,28.320150787,2.921966396744352,4.2923583994
1729958933974999808,-25.4261142517,28.3201094643,2.898572832771739,4.4837188731
1729958934974999808,-25.4261026846,28.3200640343,2.904037722715832,4.702697755
1729958935974999808,-25.4260942608,28.3200203646,2.9249385298726067,4.6412353526
1729958936974999808,-25.426087681,28.3199768625,2.9431548296868306,4.5344085703
1729958937974999808,-25.4260823166,28.3199259006,2.96645251839696,4.7477264415
1729958938974999808,-25.4260761978,28.3198770341,2.98438119242548,4.8401031505
1729958939974999808,-25.4260669358,28.3198253177,2.946222838077569,4.9685668956
1729958940974999808,-25.4260581348,28.3197809775,2.890327560224358,4.8392791759
1729958941974999808,-25.426062661,28.3197716736,2.9117077436900587,3.0868988044
1729958942974999808,-25.4260675225,28.3197922092,2.8527444574478555,1.0877685549
1729958943974999808,-25.4260720069,28.3198021837,2.7547599394971374,0.0865783691
1729958944974999808,-25.4260754015,28.3198077157,2.7547599394971374,0.3052978516
1729958945974999808,-25.4260767845,28.319819618,2.7547599394971374,0.3267974854
1729958946974999808,-25.4260754015,28.3198240604,2.7547599394971374,0.0618896484
1729958947974999808,-25.4260691989,28.3198172711,2.7547599394971374,0.5381469727
1729958948974999808,-25.426068696,28.3198129125,2.7547599394971374,0.6241302491
1729958949974999808,-25.4260667682,28.3198180255,2.7547599394971374,0.4641418458
1729958950973999872,-25.4260671873,28.3198193666,2.7547599394971374,0.0
1729958951973999872,-25.426068235,28.3198190313,2.7547599394971374,0.3609771729
1729958952973999872,-25.4260673968,28.3198230546,2.7547599394971374,0.2471923828
1729958953973999872,-25.4260681512,28.3198243119,2.7547599394971374,0.2030944824
1729958954973999872,-25.4260671873,28.3198233899,2.7547599394971374,0.3143920899
1729958955973999872,-25.4260673968,28.3198278323,2.7547599394971374,0.1317596435
1729958956973999872,-25.4260674387,28.319828419,2.7547599394971374,0.0
1729958957973999872,-25.4260674387,28.319828419,2.7547599394971374,0.0
1729958958973999872,-25.4260674387,28.319828419,2.7547599394971374,0.0
1729958959973999872,-25.4260674387,28.319828419,2.7547599394971374,0.0
1729958960973999872,-25.4260674387,28.319828419,2.7547599394971374,0.0
1729958961973999872,-25.4260674387,28.319828419,2.7547599394971374,0.0
1729958962973999872,-25.4260674387,28.319828419,2.7547599394971374,0.0
1729958963973999872,-25.4260674387,28.319828419,2.7547599394971374,0.0
1729958965142999808,-25.4260687798,28.319831688,2.7547599394971374,0.1165466308
1729958966142999808,-25.4260712106,28.319830766,2.7547599394971374,0.1702880859
1729958967142999808,-25.426071965,28.3198314365,2.7547599394971374,0.0
1729958968142999808,-25.426071965,28.3198314365,2.7547599394971374,0.0
1729958969142999808,-25.426071965,28.3198314365,2.7547599394971374,0.0
1729958970142999808,-25.426071965,28.3198314365,2.7547599394971374,0.0
1729958971142999808,-25.426071965,28.3198314365,2.7547599394971374,0.0
1729958972142999808,-25.426071965,28.3198314365,2.7547599394971374,0.0
1729958973144000000,-25.426071965,28.3198314365,2.7547599394971374,0.0
1729958974142999808,-25.426071965,28.3198314365,2.7547599394971374,0.0
1729958975144999936,-25.426071965,28.3198314365,2.7547599394971374,0.0
1729958976142999808,-25.426071965,28.3198314365,2.7547599394971374,0.0
1729958977142999808,-25.426071965,28.3198314365,2.7547599394971374,0.0
1729958978142999808,-25.426071965,28.3198314365,2.7547599394971374,0.0
1729958979144000000,-25.426071965,28.3198314365,2.7547599394971374,0.0
1729958980142999808,-25.426071965,28.3198314365,2.7547599394971374,0.0
1729958981142999808,-25.4260704143,28.3198354598,2.7547599394971374,0.0569610595
1729958982142999808,-25.4260715878,28.3198379744,2.7547599394971374,0.1034545898
1729958983142999808,-25.4260738928,28.3198384773,2.7547599394971374,0.1044464111
1729958983972999936,-25.4260737671,28.3198393993,2.7547599394971374,0.0266265869
1729958984972999936,-25.426072426,28.3198373877,2.7547599394971374,0.0
1729958985972999936,-25.426072426,28.3198373877,2.7547599394971374,0.0
1729958986972999936,-25.426072426,28.3198373877,2.7547599394971374,0.0
1729958987972999936,-25.426072426,28.3198373877,2.7547599394971374,0.0
1729958988972999936,-25.426072426,28.3198373877,2.7547599394971374,0.0
1729958989972999936,-25.426072426,28.3198373877,2.7547599394971374,0.0
1729958990972999936,-25.426072426,28.3198373877,2.7547599394971374,0.0
1729958991972999936,-25.426072426,28.3198373877,2.7547599394971374,0.0
1729958992972999936,-25.426072426,28.3198373877,2.7547599394971374,0.0
1729958993972999936,-25.426072426,28.3198373877,2.7547599394971374,0.0
1729958994972999936,-25.426072426,28.3198373877,2.7547599394971374,0.0
1729958995972999936,-25.426072426,28.3198373877,2.7547599394971374,0.0
1729958996972999936,-25.4260685703,28.3198259883,2.7547599394971374,0.0
1729958997972999936,-25.4260684446,28.3198252339,2.7547599394971374,0.0205230712
1729958998972999936,-25.4260672292,28.3198258206,2.7547599394971374,0.0
1729958999972999936,-25.4260672292,28.3198258206,2.7547599394971374,0.0
1729959000972999936,-25.4260672292,28.3198258206,2.7547599394971374,0.0
1729959001972999936,-25.4260672292,28.3198258206,2.7547599394971374,0.0
1729959002972999936,-25.4260672292,28.3198258206,2.7547599394971374,0.0
1729959003972999936,-25.4260672292,28.3198258206,2.7547599394971374,0.0
1729959004972999936,-25.4260672292,28.3198258206,2.7547599394971374,0.0
1729959005972999936,-25.4260672292,28.3198258206,2.7547599394971374,0.0
1729959006972999936,-25.4260672292,28.3198258206,2.7547599394971374,0.0
1729959007972999936,-25.4260672292,28.3198258206,2.7547599394971374,0.0
1729959008972999936,-25.4260672292,28.3198258206,2.7547599394971374,0.0
1729959009972999936,-25.4260672292,28.3198258206,2.7547599394971374,0.0
1729959010972999936,-25.4260672292,28.3198258206,2.7547599394971374,0.0
1729959011972999936,-25.4260672292,28.3198258206,2.7547599394971374,0.0
1729959012972000000,-25.4260672292,28.3198258206,2.7547599394971374,0.0
1729959013972000000,-25.4260672292,28.3198258206,2.7547599394971374,0.0
1729959014972000000,-25.4260672292,28.3198258206,2.7547599394971374,0.0
1729959015972000000,-25.4260672292,28.3198258206,2.7547599394971374,0.0
1729959016972000000,-25.4260672292,28.3198258206,2.7547599394971374,0.0
1729959017972000000,-25.4260672292,28.3198258206,2.7547599394971374,0.0
1729959018972000000,-25.4260672292,28.3198258206,2.7547599394971374,0.0
1729959019972000000,-25.4260672292,28.3198258206,2.7547599394971374,0.0
1729959020972000000,-25.4260672292,28.3198258206,2.7547599394971374,0.0
1729959021972000000,-25.4260672292,28.3198258206,2.7547599394971374,0.0
1729959022972000000,-25.4260672292,28.3198258206,2.7547599394971374,0.0
1729959023972000000,-25.4260672292,28.3198258206,2.7547599394971374,0.0
1729959024972000000,-25.4260672292,28.3198258206,2.7547599394971374,0.0
1729959025972000000,-25.4260672292,28.3198258206,2.7547599394971374,0.0
1729959026972000000,-25.4260672292,28.3198258206,2.7547599394971374,0.0
1729959027972000000,-25.4260672292,28.3198258206,2.7547599394971374,0.0
1729959028972000000,-25.4260672292,28.3198258206,2.7547599394971374,0.0
1729959029972000000,-25.4260672292,28.3198258206,2.7547599394971374,0.0
1729959030972000000,-25.4260672292,28.3198258206,2.7547599394971374,0.0
1729959031972000000,-25.4260672292,28.3198258206,2.7547599394971374,0.0
1729959032972000000,-25.4260672292,28.3198258206,2.7547599394971374,0.0
1729959033972000000,-25.4260672292,28.3198258206,2.7547599394971374,0.0
1729959034972000000,-25.4260672292,28.3198258206,2.7547599394971374,0.0
1729959035972000000,-25.4260672292,28.3198258206,2.7547599394971374,0.0
1729959036972000000,-25.4260672292,28.3198258206,2.7547599394971374,0.0
1729959037972000000,-25.4260672292,28.3198258206,2.7547599394971374,0.0
1729959038972000000,-25.4260672292,28.3198258206,2.7547599394971374,0.0
1729959039972000000,-25.4260672292,28.3198258206,2.7547599394971374,0.0
1729959040972000000,-25.4260672292,28.3198258206,2.7547599394971374,0.0
1729959041972000000,-25.4260672292,28.3198258206,2.7547599394971374,0.0
1729959042972000000,-25.4260672292,28.3198258206,2.7547599394971374,0.0
1729959043971000064,-25.4260672292,28.3198258206,2.7547599394971374,0.0
1729959044971000064,-25.4260672292,28.3198258206,2.7547599394971374,0.0
1729959045971000064,-25.4260672292,28.3198258206,2.7547599394971374,0.0
1729959046971000064,-25.4260672292,28.3198258206,2.7547599394971374,0.0
1729959047971000064,-25.4260672292,28.3198258206,2.7547599394971374,0.0
1729959048971000064,-25.4260672292,28.3198258206,2.7547599394971374,0.0
1729959049971000064,-25.426063164,28.3198314365,2.7547599394971374,0.0
1729959050971000064,-25.426063164,28.3198314365,2.7547599394971374,0.0
1729959051971000064,-25.426063164,28.3198314365,2.7547599394971374,0.0
1729959052971000064,-25.426063164,28.3198314365,2.7547599394971374,0.0
1729959053971000064,-25.426063164,28.3198314365,2.7547599394971374,0.0
1729959054971000064,-25.426063164,28.3198314365,2.7547599394971374,0.0
1729959055971000064,-25.426063164,28.3198314365,2.7547599394971374,0.0
1729959056971000064,-25.426063164,28.3198314365,2.7547599394971374,0.0
1729959057971000064,-25.426063164,28.3198314365,2.7547599394971374,0.0
1729959058971000064,-25.426063164,28.3198314365,2.7547599394971374,0.0
1729959059971000064,-25.426063164,28.3198314365,2.7547599394971374,0.0
1729959060971000064,-25.426063164,28.3198314365,2.7547599394971374,0.0
1729959061971000064,-25.426063164,28.3198314365,2.7547599394971374,0.0
1729959062971000064,-25.426063164,28.3198314365,2.7547599394971374,0.0
1729959063971000064,-25.426063164,28.3198314365,2.7547599394971374,0.0
1729959064971000064,-25.426063164,28.3198314365,2.7547599394971374,0.0
1729959065971000064,-25.426063164,28.3198314365,2.7547599394971374,0.0
1729959066971000064,-25.426063164,28.3198314365,2.7547599394971374,0.0
1729959067971000064,-25.426063164,28.3198314365,2.7547599394971374,0.0
1729959068971000064,-25.426063164,28.3198314365,2.7547599394971374,0.0
1729959069971000064,-25.426063164,28.3198314365,2.7547599394971374,0.0
1729959070971000064,-25.426063164,28.3198314365,2.7547599394971374,0.0
1729959071971000064,-25.426063164,28.3198314365,2.7547599394971374,0.0
1729959072971000064,-25.426063164,28.3198314365,2.7547599394971374,0.0
1729959073971000064,-25.426063164,28.3198314365,2.7547599394971374,0.0
1729959074970000128,-25.426063164,28.3198314365,2.7547599394971374,0.0
1729959075970000128,-25.426063164,28.3198314365,2.7547599394971374,0.0
1729959076970000128,-25.426063164,28.3198314365,2.7547599394971374,0.0
1729959077970000128,-25.426063164,28.3198314365,2.7547599394971374,0.0
1729959078970000128,-25.426063164,28.3198314365,2.7547599394971374,0.0
1729959079970000128,-25.426063164,28.3198314365,2.7547599394971374,0.0
1729959080970000128,-25.426063164,28.3198314365,2.7547599394971374,0.0
1729959081970000128,-25.426063164,28.3198314365,2.7547599394971374,0.0
1729959082970000128,-25.426063164,28.3198314365,2.7547599394971374,0.0
1729959083970000128,-25.426063164,28.3198314365,2.7547599394971374,0.0
1729959084970000128,-25.426063164,28.3198314365,2.7547599394971374,0.0
1729959085970000128,-25.426063164,28.3198314365,2.7547599394971374,0.0
1729959086970000128,-25.426063164,28.3198314365,2.7547599394971374,0.0
1729959087970000128,-25.426063164,28.3198314365,2.7547599394971374,0.0
1729959088970000128,-25.426063164,28.3198314365,2.7547599394971374,0.0
1729959089970000128,-25.426063164,28.3198314365,2.7547599394971374,0.0
1729959090970000128,-25.426063164,28.3198314365,2.7547599394971374,0.0
1729959091970000128,-25.426063164,28.3198314365,2.7547599394971374,0.0
1729959092970000128,-25.426063164,28.3198314365,2.7547599394971374,0.0
1729959093970000128,-25.426063164,28.3198314365,2.7547599394971374,0.0
1729959094970000128,-25.426063164,28.3198314365,2.7547599394971374,0.0
1729959095970000128,-25.426063164,28.3198314365,2.7547599394971374,0.0
1729959096970000128,-25.426063164,28.3198314365,2.7547599394971374,0.0
1729959097970000128,-25.426063164,28.3198314365,2.7547599394971374,0.0
1729959098970000128,-25.426063164,28.3198314365,2.7547599394971374,0.0
1729959099970000128,-25.426063164,28.3198314365,2.7547599394971374,0.0
1729959100970000128,-25.426063164,28.3198314365,2.7547599394971374,0.0
1729959101970000128,-25.426063164,28.3198314365,2.7547599394971374,0.0
1729959102970000128,-25.426063164,28.3198314365,2.7547599394971374,0.0
1729959103970000128,-25.426063164,28.3198314365,2.7547599394971374,0.0
1729959104970000128,-25.426063164,28.3198314365,2.7547599394971374,0.0
1729959105970000128,-25.426063164,28.3198314365,2.7547599394971374,0.0
1729959106969000192,-25.426063164,28.3198314365,2.7547599394971374,0.0
1729959107969000192,-25.426063164,28.3198314365,2.7547599394971374,0.0
1729959108969000192,-25.426063164,28.3198314365,2.7547599394971374,0.0
1729959109969000192,-25.426063164,28.3198314365,2.7547599394971374,0.0
1729959110969000192,-25.426063164,28.3198314365,2.7547599394971374,0.0
1729959111969000192,-25.426063164,28.3198314365,2.7547599394971374,0.0
1729959112969000192,-25.426063164,28.3198314365,2.7547599394971374,0.0
1729959113969000192,-25.426063164,28.3198314365,2.7547599394971374,0.0
1729959114969000192,-25.426063164,28.3198314365,2.7547599394971374,0.0
1729959115969000192,-25.426063164,28.3198314365,2.7547599394971374,0.0
1729959116969000192,-25.426063164,28.3198314365,2.7547599394971374,0.0
1729959117969000192,-25.426063164,28.3198314365,2.7547599394971374,0.0
1729959118969000192,-25.426063164,28.3198314365,2.7547599394971374,0.0
1729959119969000192,-25.426063164,28.3198314365,2.7547599394971374,0.0
1729959120969000192,-25.426063164,28.3198314365,2.7547599394971374,0.0
1729959121969000192,-25.426063164,28.3198314365,2.7547599394971374,0.0
1729959122969000192,-25.426063164,28.3198314365,2.7547599394971374,0.0
1729959123969000192,-25.426063164,28.3198314365,2.7547599394971374,0.0
1729959124969000192,-25.426063164,28.3198314365,2.7547599394971374,0.0
1729959125969000192,-25.426063164,28.3198314365,2.7547599394971374,0.0
1729959126969000192,-25.4260632478,28.3198274132,2.7547599394971374,0.0614471435
1729959127969000192,-25.4260639183,28.3198277485,2.7547599394971374,0.0
1729959128969000192,-25.4260624096,28.3198295925,2.7547599394971374,0.0213928222
1729959129969000192,-25.4260614457,28.319828419,2.7547599394971374,0.0
1729959130969000192,-25.4260614457,28.319828419,2.7547599394971374,0.0
1729959131969000192,-25.4260614457,28.319828419,2.7547599394971374,0.0
1729959132969000192,-25.4260614457,28.319828419,2.7547599394971374,0.0
1729959133969000192,-25.4260614457,28.319828419,2.7547599394971374,0.0
1729959134969000192,-25.4260614457,28.319828419,2.7547599394971374,0.0
1729959135969000192,-25.4260614457,28.319828419,2.7547599394971374,0.0
1729959136969000192,-25.4260614457,28.319828419,2.7547599394971374,0.0
1729959137968000000,-25.4260614457,28.319828419,2.7547599394971374,0.0
1729959138968000000,-25.4260614457,28.319828419,2.7547599394971374,0.0
1729959139968000000,-25.4260614457,28.319828419,2.7547599394971374,0.0
1729959140968000000,-25.4260614457,28.319828419,2.7547599394971374,0.0
1729959141968000000,-25.4260614457,28.319828419,2.7547599394971374,0.0
1729959142968000000,-25.4260614457,28.319828419,2.7547599394971374,0.0
1729959143968000000,-25.4260614457,28.319828419,2.7547599394971374,0.0
1729959144968000000,-25.4260614457,28.319828419,2.7547599394971374,0.0
1729959145968000000,-25.4260614457,28.319828419,2.7547599394971374,0.0
1729959146968000000,-25.4260614457,28.319828419,2.7547599394971374,0.0
1729959147968000000,-25.4260614457,28.319828419,2.7547599394971374,0.0
1729959148968000000,-25.4260614457,28.319828419,2.7547599394971374,0.0
1729959149968000000,-25.4260614457,28.319828419,2.7547599394971374,0.0
1729959150968000000,-25.4260614457,28.319828419,2.7547599394971374,0.0
1729959151968000000,-25.4260614457,28.319828419,2.7547599394971374,0.0
1729959152968000000,-25.4260614457,28.319828419,2.7547599394971374,0.0
1729959153968000000,-25.4260614457,28.319828419,2.7547599394971374,0.0
1729959154968000000,-25.4260614457,28.319828419,2.7547599394971374,0.0
1729959155968000000,-25.4260614457,28.319828419,2.7547599394971374,0.0
1729959156968000000,-25.4260614457,28.319828419,2.7547599394971374,0.0
1729959157968000000,-25.4260614457,28.319828419,2.7547599394971374,0.0
1729959158968000000,-25.4260614457,28.319828419,2.7547599394971374,0.0
1729959159968000000,-25.4260614457,28.319828419,2.7547599394971374,0.0
1729959160968000000,-25.4260614457,28.319828419,2.7547599394971374,0.0
1729959161968000000,-25.4260614457,28.319828419,2.7547599394971374,0.0
1729959162968000000,-25.4260614457,28.319828419,2.7547599394971374,0.0
1729959163968000000,-25.4260614457,28.319828419,2.7547599394971374,0.0
1729959164968000000,-25.4260614457,28.319828419,2.7547599394971374,0.0
1729959165968000000,-25.4260614457,28.319828419,2.7547599394971374,0.0
1729959166968000000,-25.4260614457,28.319828419,2.7547599394971374,0.0
1729959167968000000,-25.4260614457,28.319828419,2.7547599394971374,0.0
1729959168967000064,-25.4260614457,28.319828419,2.7547599394971374,0.0
1729959169967000064,-25.4260614457,28.319828419,2.7547599394971374,0.0
1729959170967000064,-25.4260614457,28.319828419,2.7547599394971374,0.0
1729959171967000064,-25.4260614457,28.319828419,2.7547599394971374,0.0
1729959172967000064,-25.4260614457,28.319828419,2.7547599394971374,0.0
1729959173967000064,-25.4260614457,28.319828419,2.7547599394971374,0.0
1729959174967000064,-25.4260614457,28.319828419,2.7547599394971374,0.0
1729959175967000064,-25.4260614457,28.319828419,2.7547599394971374,0.0
1729959176967000064,-25.4260614457,28.319828419,2.7547599394971374,0.0
1729959177967000064,-25.4260614457,28.319828419,2.7547599394971374,0.0
1729959178967000064,-25.4260614457,28.319828419,2.7547599394971374,0.0
1729959179967000064,-25.4260614457,28.319828419,2.7547599394971374,0.0
1729959180967000064,-25.4260614457,28.319828419,2.7547599394971374,0.0
1729959181967000064,-25.4260614457,28.319828419,2.7547599394971374,0.0
1729959182967000064,-25.4260614457,28.319828419,2.7547599394971374,0.0
1729959183967000064,-25.4260614457,28.319828419,2.7547599394971374,0.0
1729959184967000064,-25.4260614457,28.319828419,2.7547599394971374,0.0
1729959185967000064,-25.4260614457,28.319828419,2.7547599394971374,0.0
1729959186967000064,-25.4260614457,28.319828419,2.7547599394971374,0.0
1729959187967000064,-25.4260614457,28.319828419,2.7547599394971374,0.0
1729959188967000064,-25.4260614457,28.319828419,2.7547599394971374,0.0
1729959189967000064,-25.4260614457,28.319828419,2.7547599394971374,0.0
1729959190967000064,-25.4260614457,28.319828419,2.7547599394971374,0.0
1729959191967000064,-25.4260614457,28.319828419,2.7547599394971374,0.0
1729959192967000064,-25.4260614457,28.319828419,2.7547599394971374,0.0
1729959193967000064,-25.4260614457,28.319828419,2.7547599394971374,0.0
1729959194967000064,-25.4260614457,28.319828419,2.7547599394971374,0.0
1729959195967000064,-25.4260614457,28.319828419,2.7547599394971374,0.0
1729959196967000064,-25.4260614457,28.319828419,2.7547599394971374,0.0
1729959197967000064,-25.4260614457,28.319828419,2.7547599394971374,0.0
1729959198967000064,-25.4260614457,28.319828419,2.7547599394971374,0.0
1729959199966000128,-25.4260614457,28.319828419,2.7547599394971374,0.0
1729959200966000128,-25.4260614457,28.319828419,2.7547599394971374,0.0
1729959201966000128,-25.4260614457,28.319828419,2.7547599394971374,0.0
1729959202966000128,-25.4260614457,28.319828419,2.7547599394971374,0.0
1729959203966000128,-25.4260614457,28.319828419,2.7547599394971374,0.0
1729959204966000128,-25.4260614457,28.319828419,2.7547599394971374,0.0
1729959205966000128,-25.4260614457,28.319828419,2.7547599394971374,0.0
1729959206966000128,-25.4260614457,28.319828419,2.7547599394971374,0.0
1729959207966000128,-25.4260614457,28.319828419,2.7547599394971374,0.0
1729959208966000128,-25.4260614457,28.319828419,2.7547599394971374,0.0
1729959209966000128,-25.4260614457,28.319828419,2.7547599394971374,0.0
1729959210966000128,-25.4260614457,28.319828419,2.7547599394971374,0.0
1729959211966000128,-25.4260614457,28.319828419,2.7547599394971374,0.0
1729959212966000128,-25.4260614457,28.319828419,2.7547599394971374,0.0
1729959213966000128,-25.4260614457,28.319828419,2.7547599394971374,0.0
1729959214966000128,-25.4260614457,28.319828419,2.7547599394971374,0.0
1729959215966000128,-25.4260614457,28.319828419,2.7547599394971374,0.0
1729959216966000128,-25.4260712525,28.3198448476,2.7547599394971374,0.0099334716
1729959217966000128,-25.4260712106,28.3198449314,2.7547599394971374,0.0
1729959218966000128,-25.4260712106,28.3198449314,2.7547599394971374,0.0
1729959219966000128,-25.4260712106,28.3198449314,2.7547599394971374,0.0
1729959220966000128,-25.4260712106,28.3198449314,2.7547599394971374,0.0
1729959221966000128,-25.4260712106,28.3198449314,2.7547599394971374,0.0
1729959222966000128,-25.4260712106,28.3198449314,2.7547599394971374,0.0
1729959223966000128,-25.4260712106,28.3198449314,2.7547599394971374,0.0
1729959224966000128,-25.4260712106,28.3198449314,2.7547599394971374,0.0
1729959225966000128,-25.4260712106,28.3198449314,2.7547599394971374,0.0
1729959226966000128,-25.4260712106,28.3198449314,2.7547599394971374,0.0
1729959227966000128,-25.4260712106,28.3198449314,2.7547599394971374,0.0
1729959228966000128,-25.4260712106,28.3198449314,2.7547599394971374,0.0
1729959229966000128,-25.4260712106,28.3198449314,2.7547599394971374,0.0
1729959230964999936,-25.4260712106,28.3198449314,2.7547599394971374,0.0
1729959231964999936,-25.4260678997,28.3198391479,2.7547599394971374,0.0302276611
1729959232964999936,-25.4260668939,28.3198352922,2.7547599394971374,0.2828979492
1729959233964999936,-25.4260642536,28.3198305983,2.7547599394971374,0.3195648194
1729959234964999936,-25.426067774,28.3198342026,2.7547599394971374,0.0212554931
1729959235964999936,-25.4260650499,28.3198363818,2.7547599394971374,0.0
1729959236964999936,-25.4260650499,28.3198363818,2.7547599394971374,0.0
1729959237964999936,-25.4260630382,28.3198356275,2.7547599394971374,0.2577362061
1729959238964999936,-25.4260634154,28.3198365495,2.7547599394971374,0.0
1729959239964999936,-25.4260634154,28.3198365495,2.7547599394971374,0.0
1729959240964999936,-25.4260634154,28.3198365495,2.7547599394971374,0.0
1729959241964999936,-25.4260634154,28.3198365495,2.7547599394971374,0.0
1729959242964999936,-25.4260634154,28.3198365495,2.7547599394971374,0.0
1729959243964999936,-25.4260634154,28.3198365495,2.7547599394971374,0.0
1729959244964999936,-25.4260603141,28.3198356275,2.7547599394971374,0.0383758545
1729959245964999936,-25.4260544049,28.3198311012,2.7547599394971374,0.1226348877
1729959246964999936,-25.4260516388,28.3198188637,2.7547599394971374,0.3884277344
1729959247964999936,-25.4260485794,28.3198111523,2.7547599394971374,0.5554656983
1729959248964999936,-25.4260398623,28.3197822348,2.856387717411748,1.4361114505
1729959249964999936,-25.426027038,28.3197646328,2.818900489897729,1.7996826176
1729959250964999936,-25.4260249425,28.3197396547,2.842102303345375,2.0405120854
1729959251964999936,-25.4260258645,28.319714509,2.9031748453569737,2.1815948491
1729959252964999936,-25.4260245234,28.3196902853,2.9188025130928765,2.3289337163
1729959253964999936,-25.426025613,28.3196659778,2.9327044261093156,2.3291931157
1729959254964999936,-25.4260204582,28.3196399939,2.9144881262933464,2.4932708746
1729959255964999936,-25.4260140879,28.3196119983,2.9008738390643565,2.5944824224
1729959256964999936,-25.4260083044,28.3195915465,2.8543743369048356,2.4241485601
1729959257964999936,-25.4259934684,28.3195688315,2.747185793783649,2.4862060552
1729959258964999936,-25.4259886488,28.3195411712,2.732612753933317,2.3049926763
1729959259964999936,-25.4259867629,28.3195118346,2.845074436473629,2.4099273687
1729959260964999936,-25.4259849189,28.3194899578,2.8655917425804702,2.1167602543
1729959261964000000,-25.4259882297,28.3194685001,2.918131386257239,1.8336334232
1729959262964000000,-25.4259905767,28.3194461204,3.0063366274660797,1.8890533451
1729959263964000000,-25.4259865114,28.3194311168,2.988983205010714,1.8249053959
1729959264964000000,-25.4259791354,28.3194119223,2.9334714282056913,1.8133544926
1729959265964000000,-25.425973729,28.3193855193,2.9265684093295854,2.101882935
1729959266964000000,-25.4259666463,28.3193619661,2.906722230056636,2.2689056401
1729959267964000000,-25.4259599827,28.3193419334,2.9095984879224077,2.3130187993
1729959268964000000,-25.425954283,28.3193191346,2.9342384303038123,2.3424682622
1729959269964000000,-25.4259491282,28.3192957491,2.9237880267262972,2.3426666265
1729959270964000000,-25.4259426322,28.3192737885,2.895600699643484,2.2719726567
1729959271964000000,-25.4259348789,28.3192461282,2.8715360088352346,2.416122437
1729959272964000000,-25.4259307299,28.319227688,2.862811359977182,2.2494201665
1729959273964000000,-25.4259254912,28.3192060627,2.90096971432684,2.2347259526
1729959274964000000,-25.4259236472,28.3191778995,2.9122829952632125,2.4582672124
1729959275964000000,-25.4259173188,28.3191479761,2.8587845989651024,2.7274627691
1729959276964000000,-25.4259085178,28.319132302,2.7743184929826374,2.5488128668
1729959277964000000,-25.4259042431,28.3191027139,2.8010676911316925,2.6424407965
1729959278964000000,-25.4258972023,28.3190773167,2.796561553808941,2.6737823492
1729959279964000000,-25.425896406,28.3190499079,2.8651123662697997,2.6824493414
1729959280964000000,-25.4258979147,28.319020655,2.929924043506028,2.699401856
1729959281964000000,-25.4258897843,28.3189940006,2.911324242641871,2.7577056891
1729959282964000000,-25.4258848809,28.3189634905,2.8893688076012713,2.8338775641
1729959283964000000,-25.4258841265,28.3189390991,2.9499619733021984,2.7778167731
1729959284964000000,-25.4258820729,28.3189147916,2.952742355905486,2.743896485
1729959285964000000,-25.4258735653,28.3188914899,2.911803618952542,2.6805572516
1729959286964000000,-25.4258653091,28.3188657575,2.904133597978315,2.7353210455
1729959287964000000,-25.4258623336,28.3188413661,2.910461365283012,2.7182312018
1729959288964000000,-25.4258575978,28.3188091796,2.9160221304895884,2.8086090094
1729959289964000000,-25.4258466594,28.3187735565,2.8814111608413397,3.1325531013
1729959290964000000,-25.4258391576,28.3187401966,2.89531307385778,3.3805236824
1729959291964000000,-25.4258430552,28.3187116981,2.9433465802117973,3.288894654
1729959292963000064,-25.4258376488,28.3186838702,2.953221732216157,3.1945495612
1729959293963000064,-25.4258272553,28.3186520189,2.9003944627536855,3.2484130866
1729959294963000064,-25.4258157721,28.3186127078,2.8742205161777847,3.4499511726
1729959295963000064,-25.4258054204,28.3185650986,2.9031748453569737,3.8101501473
1729959296963000064,-25.4257973738,28.3185239434,2.9097902384473744,3.8891143807
1729959297963000064,-25.4257902911,28.3184785974,2.929540542456095,4.0758514413
1729959298963000064,-25.4257840466,28.3184264619,2.9339508045181084,4.3918609629
1729959299963000064,-25.4257811129,28.318382876,2.9603165016172297,4.3544158945
1729959300963000064,-25.4257722281,28.3183462471,2.927623037213411,4.1939086923
1729959301963000064,-25.4257594457,28.3183138091,2.8742205161777847,4.0312500009
1729959302963000064,-25.425750519,28.3182746656,2.8730700130314766,4.0797729501
1729959303963000064,-25.4257441906,28.3182289843,2.910173739495562,4.3916625986
1729959304963000064,-25.4257362278,28.3181866557,2.9237880267262972,4.534362794
1729959305963000064,-25.4257237388,28.3181472607,2.8839997929196612,4.4974212656
1729959306963000064,-25.4257058853,28.318105435,2.7991501858872625,4.5288696299
1729959307963000064,-25.4256953241,28.3180695605,2.8177499867514197,4.3779144297
1729959308963000064,-25.4256876128,28.3180265613,2.8667422457267793,4.3679504404
1729959309963000064,-25.425674998,28.3179849871,2.8493888232714135,4.2724609384
1729959310963000064,-25.425666658,28.3179419041,2.7850565223458563,4.4069671641
1729959311963000064,-25.425646751,28.3178816382,2.842294053870341,4.8555755626
1729959312963000064,-25.4256353935,28.3178233002,2.872111260408389,4.9603729259
1729959313963000064,-25.425624078,28.3177688178,2.8785349029755682,4.8707122814
1729959314963000064,-25.4256115889,28.3177249804,2.844499184900475,4.8708038341
1729959315963000064,-25.4255991837,28.3176741023,2.870769006738859,5.1226654064
1729959316963000064,-25.4256046319,28.317625152,2.8981893317235516,5.0810394298
1729959317963000064,-25.4255890416,28.3175664786,2.911803618952542,5.5949096692
1729959318963000064,-25.4255737027,28.3175181989,2.8977099554128807,5.5210418714
1729959319963000064,-25.42556201,28.3174664825,2.9327044261093156,5.5133209241
1729959320963000064,-25.4255484313,28.3174122516,2.896175951216639,5.5972900403
1729959321963000064,-25.4255325476,28.3173553385,2.8571547195081237,5.8203277601
1729959322963000064,-25.4255193461,28.3173023649,2.860222727898861,5.7300720228
1729959323963000064,-25.4255107127,28.3172493913,2.8981893317235516,5.5566406262
1729959324961999872,-25.4255034205,28.3171906341,2.9511124764485066,5.7670288099
1729959325961999872,-25.4254915601,28.3171359841,2.95283823116797,5.82713318
1729959326961999872,-25.4254798673,28.3170930688,2.9327044261093156,5.338485719
1729959327961999872,-25.4254666658,28.3170498181,2.8959842006934178,5.0050811779
1729959328961999872,-25.4254581163,28.31699894,2.9221581472693186,5.0585174572
1729959329961999872,-25.4254520394,28.316953091,2.942100201803006,5.0023498546
1729959330961999872,-25.4254438251,28.3169098404,2.8805482834807354,4.8032226573
1729959331961999872,-25.425428151,28.3168662545,2.832514777126719,4.9484100353
1729959332961999872,-25.425415159,28.3168030549,2.855620715313627,5.5349426282
1729959333961999872,-25.4254038015,28.3167442139,2.883424541346507,5.9058532728
1729959334961999872,-25.4253985629,28.316681182,2.9387445676265624,6.1819763197
1729959335961999872,-25.4253948748,28.3166173119,3.004802623269838,6.3915405288
1729959336961999872,-25.4253718665,28.3165552859,2.896847078052277,6.7168884292
1729959337961999872,-25.4253657477,28.316487141,2.9255137814457606,6.8241729752
1729959338961999872,-25.425350325,28.3164279647,2.9200488914999227,6.6621551529
1729959339961999872,-25.4253412306,28.3163678665,2.928390039309786,6.2891845717
1729959340961999872,-25.4253232515,28.3163103666,2.9087356105635487,6.2609405532
1729959341961999872,-25.4253090022,28.3162478376,2.9155427541789165,6.3554840102
1729959342961999872,-25.4252984829,28.3161910083,2.910461365283012,6.2032928481
1729959343961999872,-25.4252818448,28.3161361907,2.8847667950177818,5.9974365248
1729959344961999872,-25.4252742173,28.3160850611,2.905571726910328,5.7338714612
1729959345961999872,-25.4252582917,28.3160247952,2.8955048243810015,6.0648345961
1729959346961999872,-25.4252420308,28.3159657866,2.908543860038583,6.1599884047
1729959347961999872,-25.4252263986,28.3159056045,2.9200488914999227,6.4306182876
1729959348961999872,-25.4252155021,28.3158410639,2.940470322346026,6.4689178481
1729959349961999872,-25.4252055695,28.3157787863,2.950920725923541,6.4442443862
1729959350961999872,-25.4251904821,28.3157178499,2.91161186842932,6.503143312
1729959351961999872,-25.4251749756,28.315657584,2.8827534145108693,6.5105896011
1729959352961999872,-25.4251635343,28.315591367,2.9279106629991154,6.71813965
1729959353961999872,-25.4251512129,28.3155285865,2.9290611661454244,6.5454864517
1729959354961999872,-25.4251453875,28.3154642135,2.9732596620123277,6.5277252212
1729959355960999936,-25.4251442559,28.3154202923,3.0103633884781593,5.5820922864
1729959356960999936,-25.4251297552,28.3153828252,2.9248426546101234,5.0037078869
1729959357960999936,-25.4251233431,28.3153475374,2.9136252489344874,4.5250854502
1729959358960999936,-25.425120577,28.3152984195,2.952934106428708,5.1543273937
1729959359960999936,-25.4250972334,28.3152499721,2.8688515014944302,5.6426849378
1729959360960999936,-25.4250834871,28.3151783906,2.891382188108184,6.5195312515
1729959361960999936,-25.4250688188,28.3151011095,2.9095026126599244,7.1948852555
1729959362960999936,-25.4250527674,28.3150341381,2.907968608465428,7.1313476579
1729959363960999936,-25.4250425415,28.3149590362,2.9356765592358256,7.3067474382
1729959364960999936,-25.425024269,28.3148808331,2.922349897792539,7.7096099871
1729959366000000000,-25.4250048229,28.3148051445,2.891957439681338,7.6503143328
1729959367000000000,-25.42499137,28.3147397656,2.9103654900205287,7.3136444108
1729959368000000000,-25.4249772046,28.3146734648,2.9275271619509278,7.2147064225
1729959369000000000,-25.4249671044,28.3145977762,2.9351013076626713,7.328536989
1729959370000000000,-25.4249559145,28.3145279549,2.9393198191997176,7.0586090104
1729959371000000000,-25.4249485385,28.3144661803,2.960891753190384,6.5510253921
1729959372000000000,-25.4249368038,28.3144178167,2.9438259565224683,5.6985931409
1729959373000000000,-25.4249261169,28.314385714,2.8883141797174456,4.6811523448
1729959374000000000,-25.4249133764,28.314369537,2.829638519262693,3.4997100838
1729959375000000000,-25.4249108618,28.314339865,2.9160221304895884,3.0416870124
1729959376000000000,-25.4249135021,28.3143155575,3.0516856264775463,2.5870971685
1729959377000000000,-25.4249010969,28.3142995481,2.914967502605762,2.2468109136
1729959378000000000,-25.4248951038,28.3142983746,2.763963964665861,1.4849395755
1729959379000000000,-25.424893637,28.314305583,2.670006207727222,0.8139495851
1729959380000000000,-25.424894559,28.3143072594,2.676333975030174,0.0
1729959381000000000,-25.424894559,28.3143072594,2.676333975030174,0.0
1729959382000000000,-25.424894559,28.3143072594,2.676333975030174,0.0
1729959383000000000,-25.4248966126,28.3143277113,2.681607114451045,0.1402130127
1729959384000000000,-25.4249022285,28.3143304773,2.681607114451045,0.3262786865
1729959385000000000,-25.4249035276,28.3143163957,3.068176171574053,1.0992279055
1729959386000000000,-25.4249032762,28.3142938484,3.0363455845290934,1.9589538578
1729959387000000000,-25.424895942,28.3142555431,2.934430180828779,2.9999389655
1729959388000000000,-25.4248803936,28.3142067604,2.8451703117361125,3.8847045907
1729959389000000000,-25.4248767894,28.3141584806,2.9024078432588527,4.2438964853
1729959390000000000,-25.4248651385,28.3140951973,2.9103654900205287,4.9944610607
1729959390999000064,-25.4248527752,28.3140454088,2.88917705707805,5.0215454113
1729959391999000064,-25.4248369753,28.3139913455,2.8744122667010052,5.2267303478
1729959392999000064,-25.4248283839,28.3139501903,2.8977099554128807,4.8978729259
1729959393999000064,-25.4248094827,28.3139113821,2.8670298715142284,4.8167572032
1729959394999000064,-25.4247969518,28.3138662875,2.8752751440616096,4.7726593028
1729959395999000064,-25.4247959878,28.3138336819,2.945743461765152,4.1523742685
1729959396999000064,-25.4247912521,28.3138002381,2.9602206263547464,3.746154786
1729959397999000064,-25.4247783439,28.3137602564,2.9099819889723415,3.83317566
1729959398999000064,-25.42477277,28.3137237951,2.9175561346840837,3.7223358162
1729959399999000064,-25.424765813,28.313694207,2.8885059302424123,3.4016418464
1729959400999000064,-25.4247672379,28.3136679717,2.9329920518950208,2.9510650641
1729959401999000064,-25.4247619992,28.3136399761,2.946798089648978,2.8648834235
1729959402999000064,-25.4247565929,28.3136058618,2.9541804848374995,3.1660919196
1729959403999000064,-25.4247443134,28.313570071,2.8871636765711375,3.3368988044
1729959404999000064,-25.4247314891,28.3135402315,2.8463208148824215,3.3739318855
1729959405999000064,-25.4247221014,28.3135040216,2.8650164910073164,3.4430542
1729959406999000064,-25.4247098638,28.3134659678,2.8614691063059072,3.5895996102
1729959407999000064,-25.4247078521,28.3134229686,2.9350054324019332,3.7543182381
1729959408999000064,-25.4247011047,28.3133859206,2.9290611661454244,3.8058471688
1729959409999000064,-25.4246890347,28.313349627,2.885054420803487,3.947692872
1729959410999000064,-25.42467642,28.3133169376,2.8646329899591287,3.8286132821
1729959411999000064,-25.4246661102,28.3132851701,2.8702896304281884,3.6782379158
1729959412999000064,-25.4246576026,28.313245859,2.894546071759659,3.7629699715
1729959413999000064,-25.4246455327,28.3132074699,2.873549389342147,3.8951263436
1729959414999000064,-25.4246422637,28.3131779656,2.914296375770125,3.6063842781
1729959415999000064,-25.4246383661,28.3131309431,2.9389363181515296,4.0015258798
1729959416999000064,-25.4246358516,28.313095823,2.9566732416550825,3.8986816415
1729959417999000064,-25.424624536,28.3130572662,2.9308827961273702,3.9700775155
1729959418999000064,-25.4246150645,28.3130166978,2.920911768860527,4.0363464364
1729959419999000064,-25.4246107478,28.3129788116,2.9735472877997777,3.9243469247
1729959420999000064,-25.424603246,28.3129350581,2.95628974060515,4.1971588144
1729959421997999872,-25.4245950317,28.3128939867,2.948236218582736,4.2098083505
1729959422997999872,-25.4245858535,28.3128599562,2.923979777249519,3.9546966561
1729959423997999872,-25.4245760048,28.3128244169,2.90096971432684,3.8731994637
1729959424997999872,-25.4245626776,28.3127862793,2.883712167133957,3.9624633798
1729959425997999872,-25.424555511,28.3127413523,2.905571726910328,4.1850738535
1729959426997999872,-25.4245501885,28.3127001971,2.9386486923640804,4.2541809091
1729959427997999872,-25.4245399207,28.3126640711,2.9255137814457606,4.0364685067
1729959428997999872,-25.4245397531,28.3126271069,2.9624257573848802,3.734725953
1729959429997999872,-25.4245316645,28.3125948366,2.9387445676265624,3.5722808846
1729959430997999872,-25.4245267611,28.3125630692,2.9439218317849516,3.4380950935
1729959431997999872,-25.4245196784,28.3125318885,2.9125706210506626,3.3540191658
1729959432997999872,-25.4245171638,28.3125113528,2.9480444680577693,2.9922485358
1729959433997999872,-25.4245162837,28.3124895599,2.972205034128503,2.8236236578
1729959434997999872,-25.4245099973,28.3124531824,2.950728975398574,3.257354737
1729959435997999872,-25.4245004419,28.3124183137,2.917939635732272,3.5125885017
1729959436997999872,-25.4244881205,28.3123785835,2.8810276597914073,3.8167266854
1729959437997999872,-25.4244750867,28.3123373445,2.845362062259334,3.9785461435
1729959438997999872,-25.4244668724,28.3122994583,2.854086711119131,3.9705352792
1729959439997999872,-25.4244677106,28.3122525197,2.9359641850232756,4.1916351328
1729959440997999872,-25.4244639387,28.3122109454,2.952646480643003,4.2454681406
1729959441997999872,-25.4244551796,28.3121796809,2.905763477435295,3.9342193612
1729959442997999872,-25.4244545929,28.3121448122,2.95120835171099,3.9337158212
1729959443997999872,-25.4244572751,28.3121017292,3.0062407522035963,4.1194610605
1729959444997999872,-25.4244444508,28.3120712191,2.94104557391918,3.9401092538
1729959445997999872,-25.4244264297,28.3120325785,2.8665504952018126,4.1068725595
1729959446997999872,-25.4244238313,28.3119910881,2.9157345047021384,4.2443389902
1729959447997999872,-25.4244157009,28.3119442333,2.9097902384473744,4.3938293467
1729959448997999872,-25.4244036729,28.3119038325,2.891957439681338,4.2898712168
1729959450000999936,-25.4244002363,28.31186888,2.948619719630923,3.9580841073
1729959451000999936,-25.4243967997,28.3118345142,2.970575154671523,3.769805909
1729959452000999936,-25.4243947461,28.3118000645,2.9892708307964186,3.6965484627
1729959453000999936,-25.4243872024,28.3117675428,2.9819843108703794,3.7657623299
1729959454000999936,-25.4243766831,28.3117281478,2.9675071462807847,4.1285247812
1729959455000999936,-25.4243613862,28.3116786946,2.9428672039011268,4.633972169
1729959456000000000,-25.4243599612,28.3116283193,2.974985416731791,4.7140655528
1729959457000999936,-25.4243541358,28.3115831409,2.976423545663803,4.7274475108
1729959458000999936,-25.424339677,28.3115433268,2.9403744470835425,4.7203826915
1729959459000999936,-25.4243226199,28.3114947118,2.901065589587577,4.8172149669
1729959460000999936,-25.4243154114,28.311449701,2.9092149868742205,4.7341766368
1729959461000999936,-25.4243072391,28.311401505,2.91698088311093,4.8917846691
1729959462000999936,-25.4242957559,28.3113592603,2.9112283673793877,4.7998046886
1729959463000999936,-25.4242823867,28.3113205359,2.8793977803344273,4.6339569102
1729959464000999936,-25.4242703587,28.3112795484,2.8623319836665115,4.5222015391
1729959465000999936,-25.4242592527,28.3112368006,2.8600309773738943,4.5348815928
1729959466000999936,-25.4242589174,28.3111895267,2.9317456734862293,4.5859222422
1729959467000999936,-25.4242486496,28.3111469466,2.939895070772872,4.6408386241
1729959468000999936,-25.424245674,28.3111024387,2.9538928590517948,4.5436553965
1729959469000999936,-25.4242242582,28.3110659775,2.894833697547109,4.4287567148
1729959470000999936,-25.4242223723,28.3110193741,2.9208158935980437,4.4449768076
1729959471000999936,-25.4242058599,28.3109682445,2.8966553275273097,4.7750854503
1729959472000999936,-25.4241903953,28.310927257,2.8999150864430137,4.7427368175
1729959473000999936,-25.4241810914,28.3108769655,2.9188025130928765,4.9665069591
1729959474000999936,-25.4241724161,28.3108358942,2.914008749982676,4.667968751
1729959475000999936,-25.4241662554,28.3107867763,2.924555028822673,4.8233947765
1729959476000999936,-25.4241538083,28.3107400891,2.9145840015558298,4.8456420909
1729959477000999936,-25.4241464322,28.3106930666,2.916213881012809,4.8353424083
1729959478000999936,-25.4241385952,28.310648894,2.9292529166703902,4.7772521983
1729959479000999936,-25.4241322249,28.3106032964,2.9279106629991154,4.7074432384
1729959480000999936,-25.4241220828,28.3105509933,2.929444667195357,5.0696411144
1729959481000999936,-25.424112737,28.3105087485,2.928102413524082,4.7959899913
1729959482000999936,-25.4241045646,28.3104653303,2.932225049798645,4.6299438487
1729959483000999936,-25.424089561,28.3104122728,2.9141046252451583,4.7815551768
1729959484000999936,-25.4240773654,28.3103639093,2.909023236349254,4.7942962657
1729959485000000000,-25.4240694026,28.3103146237,2.9174602594216013,4.8544464122
1729959486000000000,-25.4240567459,28.3102724627,2.908543860038583,4.7085266124
1729959487000000000,-25.4240466457,28.3102289606,2.9020243422106646,4.6076507579
1729959488000000000,-25.4240357492,28.3101822734,2.90096971432684,4.5941314707
1729959489000000000,-25.4240248527,28.3101306409,2.904325348503282,4.6619567881
1729959490000000000,-25.4240154231,28.3100757394,2.9092149868742205,4.7861785899
1729959491000000000,-25.4240054486,28.3100244422,2.9095026126599244,4.7487792979
1729959492000000000,-25.4239956837,28.3099759948,2.914296375770125,4.7688751231
1729959493000000000,-25.4239806382,28.309924027,2.9046129742889857,4.8982086193
1729959494000000000,-25.4239728011,28.3098685388,2.909886113709858,5.0332489025
1729959495000000000,-25.4239656346,28.3098175768,2.9156386294396546,4.9790039074
1729959496000000000,-25.4239557859,28.3097698838,2.9160221304895884,4.8252716075
1729959497000000000,-25.4239489965,28.3097247053,2.921966396744352,4.6540679942
1729959498000000000,-25.4239392735,28.3096781858,2.915159253128984,4.6427917491
1729959499000000000,-25.4239284609,28.3096320015,2.912474745788179,4.6768798839
1729959500000000000,-25.4239169776,28.3095847275,2.914775752080797,4.7760314952
1729959501000000000,-25.4239067936,28.3095341847,2.918514887305426,4.9574890148
1729959502000000000,-25.4238938017,28.3094883356,2.917652009946567,4.9379119884
1729959503000000000,-25.4238859646,28.3094436601,2.9266642845920687,4.7239074718
1729959504000000000,-25.4238817317,28.3093989846,2.9383610665783753,4.5504760752
1729959505000000000,-25.4238750681,28.3093597573,2.9186107625679094,4.3556671152
1729959506000000000,-25.4238608189,28.30932514,2.8614691063059072,4.0815734872
1729959507000000000,-25.4238461506,28.3092845716,2.866933996251745,3.9676666269
1729959508000000000,-25.4238368047,28.3092419077,2.9384569418391133,3.9566040048
1729959509000000000,-25.4238341644,28.309201004,2.9693287762627314,4.2826080332
1729959510000000000,-25.4238300992,28.3091559094,2.9674112710200475,4.5950775157
1729959511000000000,-25.4238194542,28.3091124911,2.954755736410654,4.5610198985
1729959512000000000,-25.4238027323,28.3090771195,2.916597382062742,4.3854522715
1729959513000000000,-25.4237933865,28.3090365511,2.911324242641871,4.2973327646
1729959514000000000,-25.4237858428,28.3089938872,2.9122829952632125,4.2737579355
1729959515000000000,-25.4237793468,28.3089432605,2.9105572405437505,4.4956207285
1729959515999000064,-25.4237679474,28.3089058772,2.887834803406775,4.19444275
1729959516999000064,-25.4237599008,28.3088668175,2.89531307385778,3.9198913583
1729959517999000064,-25.4237522732,28.3088301048,2.908831485826032,3.8445739755
1729959518999000064,-25.4237451067,28.3087909613,2.9042294732407985,3.5771331795
1729959519999000064,-25.4237441009,28.308756344,2.917364384159118,3.2189636237
1729959520999000064,-25.4237413768,28.3087212239,2.9197612657142176,3.0536651618
1729959521999000064,-25.4237304803,28.3086872772,2.875466894584831,2.9098815924
1729959522999000064,-25.4237258703,28.3086532466,2.856483592672486,2.768630982
1729959523999000064,-25.4237141356,28.3086167854,2.8201468683065207,2.6842803961
1729959524999000064,-25.4237066757,28.3085852694,2.8254200077256466,2.4622344976
1729959525999000064,-25.4236974137,28.3085521609,2.8402806733634285,2.4634857183
1729959526999000064,-25.4236891156,28.3085144423,2.852648582185372,2.5875244146
1729959527999000064,-25.4236823682,28.3084754665,2.876521522468656,2.3565063482
1729959528999000064,-25.4236858467,28.3084434476,2.9423878275887096,1.7149200443
1729959529999000064,-25.4236830387,28.3084250074,2.971054530982194,1.4134368899
1729959530999000064,-25.4236786801,28.308411764,2.9716297825553477,1.2904968264
1729959531999000064,-25.4236743215,28.3083909769,2.9716297825553477,1.3115692141
1729959532999000064,-25.4236721003,28.3083715309,2.9716297825553477,1.4302978518
1729959533999000064,-25.4236669874,28.3083519172,2.9716297825553477,1.6740264896
1729959534999000064,-25.4236579768,28.3083241731,2.840664174413362,2.292572022
1729959535999000064,-25.4236487567,28.3082995303,2.712766574660368,2.2944946294
1729959536999000064,-25.4236349266,28.3082786594,2.61478205670965,2.2442626958
1729959537999000064,-25.4236186238,28.3082579561,2.5781577065544887,2.2413635259
1729959538999000064,-25.4236007703,28.3082396835,2.536356092242685,2.2259063725
1729959539999000064,-25.4235827073,28.3082298767,2.468764032404914,2.0944824223
1729959540999000064,-25.4235721461,28.3082049825,2.52139955134242,2.0417785649
1729959541999000064,-25.4235693382,28.3081826866,2.685729750725608,2.0184173588
1729959542999000064,-25.4235690868,28.3081593011,2.8923409407295253,2.0484771733
1729959543999000064,-25.423569883,28.3081313055,3.0357703329559396,2.3072357183
1729959544999000064,-25.423568039,28.30810331,3.0710524294398245,2.4519195562
1729959545999000064,-25.4235704698,28.3080721293,3.093295490266129,2.6139526373
1729959546997999872,-25.4235709308,28.3080458101,3.104129394891831,2.6241455084
1729959547997999872,-25.4235701764,28.3080116958,3.0785306998890847,2.7249908453
1729959548997999872,-25.4235729424,28.307973139,3.0599308990266723,2.9794769294
1729959549997999872,-25.4235685,28.3079381865,3.0078706316605754,3.2656097419
1729959550997999872,-25.4235607887,28.3078976181,2.969712277310919,3.4729919441
1729959551997999872,-25.4235537479,28.3078553733,2.953413482741124,3.6216888436
1729959552997999872,-25.4235406302,28.3078222648,2.9254179061832772,3.6705627449
1729959553997999872,-25.4235391634,28.3077822831,2.9361559355482414,3.7980651864
1729959554997999872,-25.4235302785,28.3077480849,2.9171726336358965,3.7691497811
1729959555997999872,-25.4235205974,28.3077082709,2.9143922510326083,3.7945251473
1729959556997999872,-25.4235137243,28.3076767549,2.9188025130928765,3.4880828865
1729959557997999872,-25.4235090723,28.3076474183,2.922829274103211,3.2458190925
1729959558997999872,-25.4235048395,28.3076185007,2.915446878916434,3.1006469733
1729959559997999872,-25.4235007323,28.3075949475,2.9049006000764357,2.8824768073
1729959560997999872,-25.4234949907,28.3075703886,2.894546071759659,2.719589234
1729959561997999872,-25.4234876566,28.3075437341,2.879301905073689,2.6921539312
1729959562997999872,-25.4234812863,28.3075221926,2.869043252019396,2.560440064
1729959563997999872,-25.4234780593,28.3074966278,2.8780555266648977,2.4897460943
1729959564997999872,-25.4234736169,28.3074684646,2.8860131734248284,2.6739501959
1729959565997999872,-25.4234708089,28.3074414749,2.897134703839726,2.9200744635
1729959566997999872,-25.4234639777,28.3074169159,2.89502544807033,3.0419769294
1729959567997999872,-25.4234583199,28.307390932,2.902503718521335,3.0115661628
1729959568997999872,-25.4234449089,28.3073698934,2.889752308651204,2.9377288825
1729959569997999872,-25.4234394606,28.3073445801,2.9075851074172405,3.0705261237
1729959570997999872,-25.4234358145,28.3073161654,2.925322030920794,3.2430572517
1729959571997999872,-25.4234263429,28.3072830569,2.9270477856402572,3.4139862068
1729959572997999872,-25.4234187573,28.3072510381,2.9233086504156267,3.2479705818
1729959573997999872,-25.4234117165,28.3072324302,2.918994263616097,3.0259857184
1729959575000999936,-25.4234104592,28.3072100505,2.9351013076626713,2.9147949225
1729959576000999936,-25.4234098725,28.3071967233,2.9439218317849516,2.7337799078
1729959577000999936,-25.4234071065,28.3071768582,2.9208158935980437,2.7131347662
1729959578000999936,-25.4233983055,28.3071569093,2.8468960664555754,2.6325683599
1729959579000999936,-25.4233860679,28.3071450908,2.7608000810143842,2.73803711
1729959580000999936,-25.423372573,28.3071305063,2.737310641779289,2.7589263922
1729959581000999936,-25.4233690526,28.3071165085,2.8609897299952367,2.7033538824
1729959582000999936,-25.4233729083,28.3070955537,3.0123767689833265,2.6900177008
1729959583000999936,-25.4233758839,28.3070723359,3.1626133048251077,2.4852752691
1729959584000999936,-25.4233810388,28.3070698213,3.356952461269564,1.4148712161
1729959585000999936,-25.4233859841,28.3070668876,3.356952461269564,0.7307586671
1729959586000999936,-25.4233842239,28.3070690669,3.356952461269564,0.6787719728
1729959587000999936,-25.4233811226,28.3070766106,3.356952461269564,0.5962982179
1729959588000999936,-25.4233802425,28.3070789576,3.356952461269564,0.3376159668
1729959589000999936,-25.4233809549,28.3070849087,3.356952461269564,0.3013000488
1729959590000999936,-25.4233801167,28.3070963081,3.356952461269564,0.3517608643
1729959591000999936,-25.4233775184,28.3071131557,3.356952461269564,0.2224578857
1729959592000999936,-25.4233717348,28.3071258962,3.356952461269564,0.1684265137
1729959593000999936,-25.4233635625,28.3071372956,3.356952461269564,0.1981811523
1729959594000999936,-25.4233542167,28.3071427439,3.356952461269564,0.0482940673
1729959595000999936,-25.4233483912,28.3071465995,3.356952461269564,0.1009216308
1729959596000999936,-25.4233455414,28.3071480245,3.356952461269564,0.0818023681
1729959597000999936,-25.4233433621,28.3071483597,3.356952461269564,0.0950622558
1729959598000999936,-25.423346631,28.3071476054,3.356952461269564,0.1553192139
1729959599000999936,-25.4233484332,28.3071460966,3.356952461269564,0.1423797607
1729959600000999936,-25.4233576532,28.3071501199,3.356952461269564,0.4706573487
1729959601000000000,-25.4233664962,28.3071550653,3.356952461269564,0.7162017823
1729959602000000000,-25.4233830923,28.3071647883,3.356952461269564,0.5731811524
1729959603000000000,-25.4233926896,28.3071748466,3.356952461269564,0.5227355958
1729959604000000000,-25.4233991437,28.3071891796,3.356952461269564,0.4808502198
1729959605000000000,-25.4233989341,28.3072045185,3.356952461269564,0.503768921
1729959606000000000,-25.4234027479,28.3072255571,3.356952461269564,0.5024566651
1729959607000000000,-25.4234057235,28.3072437458,3.356952461269564,0.5287322999
1729959608000000000,-25.4234076513,28.3072585818,3.356952461269564,0.547531128
1729959609000000000,-25.4234128481,28.3072819673,3.356952461269564,0.6298217774
1729959610000000000,-25.4234193441,28.3073064424,3.356952461269564,0.7028503419
1729959611000000000,-25.4234261334,28.3073330131,3.356952461269564,0.7409057618
1729959612000000000,-25.423433258,28.3073544707,3.356952461269564,0.6991424562
1729959613000000000,-25.4234382872,28.3073824663,3.356952461269564,0.697998047
1729959614000000000,-25.4234445736,28.307403002,3.356952461269564,0.6770019532
1729959615000000000,-25.4234516144,28.3074275609,3.356952461269564,0.6440887452
1729959616000000000,-25.4234628461,28.307451617,3.356952461269564,0.6040344239
1729959617000000000,-25.4234703479,28.307475254,3.356952461269564,0.570175171
1729959618000000000,-25.4234745808,28.3075018246,3.356952461269564,0.6062164308
1729959619000000000,-25.4234782269,28.3075273894,3.356952461269564,0.6371765138
1729959620000000000,-25.4234852258,28.3075501044,3.356952461269564,0.6611480714
1729959621000000000,-25.4234904226,28.3075760883,3.356952461269564,0.6555023194
1729959622000000000,-25.4234985949,28.3076042515,3.356952461269564,0.6602783204
1729959623000000000,-25.4235066416,28.3076272179,3.356952461269564,0.6854705812
1729959624000000000,-25.4235149816,28.3076570574,3.356952461269564,0.7103881837
1729959625000000000,-25.423522651,28.307692932,3.356952461269564,0.7960357667
1729959626000000000,-25.423526842,28.3077213466,3.356952461269564,0.8170928956
1729959627000000000,-25.4235331284,28.3077553772,3.356952461269564,0.8548736574
1729959628000000000,-25.4235413846,28.3077946883,3.356952461269564,0.8988189699
1729959629000000000,-25.4235494312,28.3078210913,3.356952461269564,0.8963928224
1729959630000000000,-25.4235588608,28.3078609891,3.356952461269564,0.8861236574
1729959631000000000,-25.4235669075,28.3079010546,3.356952461269564,0.9405059816
1729959632000000000,-25.4235748703,28.3079368454,3.356952461269564,0.9423065187
1729959632999000064,-25.4235827493,28.3079798445,3.356952461269564,0.9744415285
1729959633999000064,-25.4235899996,28.3080230952,3.356952461269564,0.9559020998
1729959634999000064,-25.4235881556,28.3080608137,3.356952461269564,0.9333648683
1729959635999000064,-25.4235819111,28.308106998,3.356952461269564,0.7666320802
1729959636999000064,-25.4235737806,28.308138011,3.356952461269564,0.6580505372
1729959637999000064,-25.4235684162,28.3081661742,3.356952461269564,0.5972442628
1729959638999000064,-25.4235687515,28.3081893921,3.356952461269564,0.7050323487
1729959639999000064,-25.423576379,28.3082108498,3.356952461269564,0.8531951906
1729959640999000064,-25.4235933524,28.3082375881,3.356952461269564,1.0652008059
1729959641999000064,-25.4236156482,28.3082638234,3.356952461269564,1.1273345949
1729959642999000064,-25.4236349266,28.3082919866,3.356952461269564,1.0066375734
1729959643999000064,-25.4236465774,28.3083201498,3.356952461269564,0.7006835939
1729959644999000064,-25.423652361,28.3083465528,3.356952461269564,0.6304779054
1729959645999000064,-25.423656971,28.3083642386,3.356952461269564,0.5716857911
1729959646999000064,-25.423658354,28.3083841875,3.356952461269564,0.4922332764
1729959647999000064,-25.4236632155,28.3083984368,3.356952461269564,0.5032348633
1729959648999000064,-25.4236670712,28.3084172961,3.356952461269564,0.6174926759
1729959649999000064,-25.423669963,28.3084378317,3.356952461269564,0.6752777101
1729959650999000064,-25.4236731062,28.3084632289,3.356952461269564,0.7389526368
1729959651999000064,-25.4236762494,28.3084860277,3.356952461269564,0.7598571779
1729959652999000064,-25.4236809433,28.3085158672,3.356952461269564,0.785095215
1729959653999000064,-25.4236840026,28.3085467126,3.356952461269564,0.7663726808
1729959654999000064,-25.4236910434,28.3085778933,3.356952461269564,0.7331237794
1729959655999000064,-25.4236972461,28.3086012788,3.356952461269564,0.768890381
1729959656999000064,-25.4237047898,28.3086335492,3.356952461269564,0.7712249757
1729959657999000064,-25.4237135489,28.3086632211,3.356952461269564,0.8175506593
1729959658999000064,-25.4237241101,28.3086885344,3.356952461269564,0.8276214601
1729959659999000064,-25.4237289716,28.3087166138,3.356952461269564,0.2948303223
1729959660999000064,-25.4237381917,28.3087390773,3.356952461269564,0.274017334
1729959661999000064,-25.4237483757,28.3087707609,3.356952461269564,0.2450561524
1729959662999000064,-25.4237578053,28.3088076413,3.356952461269564,0.2260131836
1729959663997999872,-25.4237650557,28.3088289313,3.356952461269564,0.1652832031
1729959664997999872,-25.4237752397,28.3088586871,5.522295257678719,1.1596221926
1729959665997999872,-25.4237842921,28.3088922985,5.89237376970522,2.2026214604
1729959666997999872,-25.4237923807,28.308926329,5.9824006408960075,2.7983551031
1729959667997999872,-25.4238000501,28.3089552466,6.018257988953047,2.9873809821
1729959668997999872,-25.4238064623,28.3089904506,6.045870064460961,3.1836395271
1729959669997999872,-25.4238110304,28.3090262413,6.084891296169476,3.2888031013
1729959670997999872,-25.4238202505,28.3090570029,6.078371778341558,3.3292541511
1729959671997999872,-25.4238306021,28.3090882674,6.0440484344790155,3.414550782
1729959672997999872,-25.4238380201,28.3091216274,6.054594713320758,3.3918762214
1729959673997999872,-25.4238419177,28.3091598489,6.0847954209069925,3.4671783455
1729959674997999872,-25.4238516407,28.3091928736,6.0394464218955255,3.4535217293
1729959675997999872,-25.4238580948,28.3092235513,6.0628399858681385,3.3828277595
1729959676997999872,-25.4238689493,28.3092520498,5.9815377635371485,3.264450074
1729959677997999872,-25.4238764092,28.309280213,5.962075085312387,3.113983155
1729959678997999872,-25.4238824861,28.3093087953,5.980579010914061,2.9698486335
1729959679997999872,-25.4238845816,28.3093377128,6.049800950210557,2.9746398932
1729959680997999872,-25.4238860065,28.3093654569,6.107709608568934,2.9069519049
1729959681997999872,-25.4238912871,28.3093925305,6.093903570814978,2.8831176764
1729959682997999872,-25.4238986632,28.3094203584,6.049800950210557,2.9565582282
1729959683997999872,-25.4239016807,28.3094579093,6.094478822388132,3.3313903816
1729959684997999872,-25.4239048239,28.3094947059,6.133308303571681,3.5841522225
1729959685997999872,-25.4239147564,28.3095383756,6.090068560327864,4.1373291025
1729959686997999872,-25.4239249824,28.3095888347,6.079234655700417,4.6239929209
1729959687997999872,-25.4239393154,28.3096367792,6.042993806595189,4.7387084971
1729959688997999872,-25.4239416624,28.3096839693,6.087959304560214,4.7131958018
1729959689997999872,-25.4239523074,28.3097279743,6.071277008940486,4.7606506358
1729959690997999872,-25.4239648383,28.3097796906,6.058333848545388,4.9767913829
1729959691997999872,-25.4239750642,28.3098319937,6.050472077046194,5.1228179943
1729959692997999872,-25.4239864217,28.3098849673,6.035036159835259,5.2899780285
1729959693997999872,-25.4239985336,28.309939282,6.045198937625323,5.4646148694
1729959694996999936,-25.4240073765,28.3099968657,6.0780841525541085,5.6769714368
1729959695996999936,-25.4240235535,28.310060652,6.048458696541028,5.7848052991
1729959696996999936,-25.4240338633,28.3101181519,6.054498838058274,5.8085784925
1729959697996999936,-25.4240428319,28.3101747297,6.050184451258746,5.9064331068
1729959698996999936,-25.4240559077,28.3102274519,6.03810416822425,5.7540130628
1729959700000999936,-25.4240709951,28.3102887236,6.042802056071968,5.8623809828
1729959701002000128,-25.4240808858,28.3103516717,6.086233549840752,6.1138763441
1729959702002000128,-25.4240929557,28.3104100935,6.06121010641116,6.0297851576
1729959703000999936,-25.4241054447,28.3104656656,6.051622580192503,5.9450378431
1729959704002000128,-25.4241165508,28.3105270211,6.064278114800151,6.1244659438
1729959705002000128,-25.4241301714,28.3105796594,6.042802056071968,5.6901092542
1729959706000999936,-25.4241402715,28.3106224071,6.007999335898753,4.9413757335
1729959707000999936,-25.4241444625,28.3106690943,6.121323895799669,4.9503936779
1729959708000999936,-25.4241528863,28.3107141052,6.107613733308197,5.0889892589
1729959709000999936,-25.4241665488,28.3107566852,6.038200043486734,5.0514678966
1729959710000999936,-25.4241810495,28.3108107485,6.01432710320345,5.4378356946
1729959711000999936,-25.424191946,28.310866572,6.014710604251638,5.4782867444
1729959712000999936,-25.4242021719,28.3109207191,6.044527810791431,5.446701051
1729959713000999936,-25.4242139066,28.3109756205,6.057375095924046,5.5603790296
1729959714000999936,-25.4242263118,28.3110276722,6.05363596069767,5.4648895276
1729959715000999936,-25.4242407287,28.3110803105,6.022764126275798,5.4962615979
1729959716000999936,-25.4242496973,28.3111348767,6.043377307645123,5.5872802747
1729959717000999936,-25.4242626892,28.3111829888,6.009341589570028,5.4034729016
1729959718000999936,-25.4242716998,28.3112368006,6.05526584015465,5.42529297
1729959719000999936,-25.4242815904,28.3112951387,6.0841242940731,5.7168121351
1729959720000999936,-25.4242893018,28.3113551531,6.100039587594709,5.9049224867
1729959721000999936,-25.4242994439,28.3114098031,6.087288177724576,5.9010772718
1729959722000999936,-25.4243135674,28.3114628606,6.042226804498814,5.7618255628
1729959723000999936,-25.4243254278,28.311521031,6.05929260116673,5.9347229017
1729959724000999936,-25.4243336001,28.3115799558,6.0972592049914205,5.9362335218
1729959725000999936,-25.4243471369,28.3116360307,6.082782040401826,5.8686676039
1729959726000999936,-25.4243601289,28.3116852325,6.052868958601295,5.4548187268
1729959727000999936,-25.4243696423,28.311734099,6.062935861130621,5.0507965099
1729959728000999936,-25.4243777728,28.3117703926,6.0503762017837115,4.3371429453
1729959729000999936,-25.424384143,28.3118098714,6.104833350704909,4.178237916
1729959730000999936,-25.4243935308,28.3118450754,6.070605882104848,4.2658233652
1729959731000999936,-25.4244053073,28.3118902538,6.069934755269211,4.5658874522
1729959732000999936,-25.4244175449,28.311936941,6.031872276182037,4.7402343761
1729959733000999936,-25.4244275613,28.3119946085,6.05766272170975,5.4336853039
1729959734000999936,-25.424441601,28.3120554611,6.040596925041835,6.0274200453
1729959735000000000,-25.4244550539,28.3121164814,6.030817648298212,6.2340240493
1729959736000000000,-25.4244649865,28.3121779207,6.047116442869752,6.2379302993
1729959737000000000,-25.4244764697,28.3122427128,6.070510006842365,6.524627687
1729959738000000000,-25.4244903836,28.3123039846,6.048938072851699,6.455398561
1729959739000000000,-25.4245033337,28.3123671003,6.053060709124516,6.5017089858
1729959740000000000,-25.4245187145,28.3124319762,6.035803161931633,6.7730560318
1729959741000000000,-25.4245292338,28.3124957625,6.058813224856059,6.7136383072
1729959742000000000,-25.4245399626,28.3125612252,6.102244718624842,6.5750274673
1729959743000000000,-25.4245515296,28.3126151208,6.087767554035247,6.0316162123
1729959744000000000,-25.4245661141,28.3126801644,6.047979320228611,6.219863893
1729959745000000000,-25.4245774716,28.312738251,6.064469865325118,6.009140016
1729959746000000000,-25.4245923076,28.3128020372,6.0403092992543845,6.1817626967
1729959747000000000,-25.4246081494,28.3128577769,6.01566935687298,6.0815124525
1729959748000000000,-25.4246205546,28.3129178751,6.054786463843979,6.2277984633
1729959749000000000,-25.4246322054,28.3129791469,6.086425300365718,6.4200592055
1729959750000000000,-25.4246406293,28.3130391613,6.094191196602427,6.2718200698
1729959751000000000,-25.4246504361,28.3130989243,6.087479928249543,6.1628723158
1729959752000000000,-25.4246687505,28.3131501377,6.011546720600163,5.8285217298
1729959753000000000,-25.4246757494,28.313199088,6.02535275835412,5.1816253674
1729959754000000000,-25.4246794375,28.3132392373,6.096108701845112,4.6172332774
1729959755000000000,-25.4246841732,28.3132837452,6.132637176737789,4.5223236094
1729959756000000000,-25.4246919684,28.3133267444,6.112599246941618,4.5668640147
1729959757000000000,-25.4247075168,28.3133679833,6.016628109496068,4.6543121348
1729959758000000000,-25.4247187486,28.3134119045,6.013176600057142,4.4548187266
1729959759000000000,-25.424727843,28.3134540655,6.014614728989154,4.2293853769
1729959760000000000,-25.4247295193,28.3134836536,6.088918057181556,3.5175323494
1729959761000000000,-25.4247409187,28.3135088831,6.015573481612242,3.292297364
1729959762000000000,-25.4247437267,28.3135461826,6.115379629544906,3.6342315682
1729959763000000000,-25.4247573053,28.3135871701,6.014902354776605,4.2185363779
1729959764000000000,-25.4247639271,28.313639557,6.059580226954179,4.7839050304
1729959765000000000,-25.4247739434,28.3136921954,6.04912982337492,5.1557159435
1729959765999000064,-25.4247822415,28.3137439955,6.0814397867305505,5.2449340832
1729959766999000064,-25.4247932637,28.3137887549,6.060155478527333,4.7722930919
1729959767999000064,-25.4248026095,28.3138399683,6.043473182907605,4.8757171642
1729959768999000064,-25.4248148052,28.3138825484,6.030530022512507,4.8047027599
1729959769999000064,-25.4248298088,28.3139307443,6.013751851630296,5.113510133
1729959770999000064,-25.4248414597,28.3139867354,6.0523895822906235,5.5498046887
1729959771999000064,-25.4248531943,28.3140412178,6.077892402030887,5.7632446302
1729959772999000064,-25.4248670245,28.314092096,6.040405174516868,5.5783538831
1729959773999000064,-25.4248755321,28.3141539544,6.054402962795791,5.7232360853
1729959774999000064,-25.4248879792,28.3142102808,6.051718455454986,5.7220764173
1729959775999000064,-25.4249016836,28.3142675292,6.051718455454986,5.7960510267
1729959776999000064,-25.4249142984,28.3143229336,6.049321573899887,5.8564605726
1729959777999000064,-25.4249252787,28.3143790085,6.066962622140956,5.9981994642
1729959778999000064,-25.4249379773,28.3144369275,6.059867852739884,6.0299072279
1729959779999000064,-25.4249492509,28.314495517,6.0633193621788095,6.0449523939
1729959780999000064,-25.4249620333,28.3145523463,6.04941744916237,5.9261779798
1729959781999000064,-25.4249753187,28.3146100138,6.026311510975461,5.9656066908
1729959782999000064,-25.4249887716,28.3146716207,6.052197831765657,6.2418365493
1729959783999000064,-25.4249989137,28.314735407,6.071948135774378,6.3625030532
1729959784999000064,-25.4250116961,28.3147968464,6.051143203881832,6.5175933853
1729959785999000064,-25.4250250233,28.3148518317,6.042897931334451,6.2236328139
1729959786999000064,-25.4250329023,28.3149169591,6.084699545646255,6.3268890395
1729959787999000064,-25.4250473611,28.3149772249,6.058142098020421,6.3521423354
1729959788999000064,-25.4250593891,28.3150348086,6.03925467137056,6.2150573744
1729959789999000064,-25.4250717944,28.3150924761,6.041939178711363,6.1943664565
1729959790999000064,-25.4250841577,28.3151529934,6.059580226954179,6.3002471938
1729959791999000064,-25.4250999995,28.3152203001,6.049992700735523,6.6193542495
1729959792999000064,-25.4251115246,28.3152879421,6.064853366373305,6.6472778335
1729959793999000064,-25.4251267377,28.3153492138,6.031009398823178,6.5797271743
1729959794999000064,-25.42513864,28.3153978288,6.033022779328345,6.0753936781
1729959795999000064,-25.4251492431,28.3154467792,6.055361715417133,5.7907562269
1729959796997999872,-25.4251585471,28.3155001719,6.095533450271957,5.7339019788
1729959797997999872,-25.4251764843,28.3155673109,6.063223486916327,6.1982421889
1729959798997999872,-25.4251917394,28.3156368807,6.0498968254730405,6.7135925308
1729959799997999872,-25.4252055276,28.3157130722,6.056224592777737,7.1947021501
1729959800997999872,-25.4252200702,28.3157841508,6.068592501597936,7.2677307145
1729959801997999872,-25.4252339423,28.3158584982,6.063127611653842,7.4393615739
1729959802997999872,-25.4252476467,28.3159307502,6.045774189198477,7.5760192888
1729959803997999872,-25.4252633208,28.3160019126,6.042706180809485,7.4910278337
1729959804997999872,-25.4252745107,28.3160690516,6.054498838058274,7.1059570329
1729959805997999872,-25.4252867483,28.3161401302,6.075879021523974,7.0913696305
1729959806997999872,-25.4252973933,28.3162091132,6.085178921956927,6.9866943375
1729959807997999872,-25.4253097147,28.3162753303,6.064757491110822,6.9949493424
1729959808997999872,-25.4253279034,28.3163380269,6.023914629422106,6.9830169693
1729959809997999872,-25.4253420269,28.3164101113,6.030146521462575,7.0829772965
1729959810997999872,-25.4253463436,28.3164752387,6.081056285682363,6.8195495621
1729959811997999872,-25.4253613472,28.3165333253,6.055841091727804,6.565643312
1729959812997999872,-25.4253753031,28.3165967763,6.057087470136596,6.5498657241
1729959813997999872,-25.4253916478,28.3166561201,6.039158796108075,6.4455413833
1729959814997999872,-25.4254070286,28.3167118598,6.0078075853737865,6.058258058
1729959815997999872,-25.4254187213,28.3167700302,6.021901248915194,6.0033874525
1729959816997999872,-25.4254278157,28.3168354929,6.068017250026526,6.1901550307
1729959817997999872,-25.4254405562,28.3168848623,6.045582438675256,5.7469482435
1729959818997999872,-25.4254509917,28.3169302084,6.06168948272183,5.3815917981
1729959819997999872,-25.4254632292,28.3169659153,6.03925467137056,4.8241729747
1729959820997999872,-25.425471695,28.3170100041,6.091698439784844,4.586730958
1729959821997999872,-25.425480915,28.3170495667,6.062935861130621,4.2681274424
1729959822997999872,-25.4254808312,28.3170931526,6.156605992283556,4.4052276621
1729959823997999872,-25.4254929012,28.3171384987,6.081152160944845,4.6328277598
1729959825000999936,-25.4255014088,28.3171785642,6.047595819180423,4.3957519541
1729959826000999936,-25.4255163705,28.3172223177,5.991508790803992,4.6260681163
1729959827000999936,-25.4255243333,28.3172628861,6.06168948272183,4.6059417735
1729959828002000128,-25.4255313322,28.3173076455,6.066003869519615,4.7127990733
1729959829002000128,-25.425538834,28.3173582722,6.094670572913099,4.8892059337
1729959830002000128,-25.4255473835,28.3174073063,6.088918057181556,4.9540252697
1729959831000999936,-25.4255657818,28.3174501378,6.003109697527814,4.9693450939
1729959832000999936,-25.4255744152,28.3174886946,6.01432710320345,4.5939941416
1729959833000999936,-25.4255845992,28.3175316938,6.03196815144452,4.5354003916
1729959834002000128,-25.4255963339,28.3175777942,6.0369536650779425,4.6997680675
1729959835000999936,-25.4256088229,28.317618195,6.035132035095997,4.657119752
1729959836000999936,-25.4256195517,28.3176642116,6.048458696541028,4.8623199474
1729959837002000128,-25.4256320827,28.3177096416,6.034269157737138,4.9205474864
1729959838000999936,-25.4256423086,28.3177506291,6.059580226954179,4.7395782481
1729959839000999936,-25.425651864,28.3177923709,6.047883444967873,4.4487304697
1729959840000999936,-25.4256591981,28.3178363759,6.073673890493841,4.3571624766
1729959841000999936,-25.4256563483,28.3178748489,6.186806699871536,4.1852111826
1729959842000999936,-25.4256619222,28.3179078736,6.16331726063644,3.9320831307
1729959843000999936,-25.4256770516,28.3179413174,6.050567952308678,3.7891082772
1729959844000999936,-25.4256858945,28.3179723304,6.031584650396333,3.6222991951
1729959845000999936,-25.4256948212,28.3180039302,6.011834346385866,3.5478210457
1729959846000999936,-25.4257049633,28.3180394694,6.011067344289492,3.7370605477
1729959847000999936,-25.4257145187,28.3180781938,6.0240105046828445,3.8822021493
1729959848000999936,-25.425722733,28.3181185108,6.018929115788684,4.181777955
1729959849000999936,-25.4257332942,28.3181634378,6.02583213466479,4.4333801279
1729959850000999936,-25.4257351382,28.3182133939,6.106654980685109,4.6298828135
1729959851000999936,-25.4257423885,28.3182573989,6.103682847558599,4.4949646006
1729959852000999936,-25.4257437715,28.3182926029,6.170316154775029,4.096633912
1729959853000999936,-25.4257512314,28.3183428943,6.13071967149336,4.4178466807
1729959854000999936,-25.4257668637,28.318379188,6.039542297158009,4.348739625
1729959855000999936,-25.4257672828,28.318417158,6.100806589692829,4.0783691415
1729959856000000000,-25.4257692944,28.3184443992,6.193038591912004,3.6714172371
1729959857000000000,-25.4257827474,28.3184804414,6.111640494318531,3.817626954
1729959858000000000,-25.4257956974,28.3185219318,6.019024991049422,4.0113220224
1729959859000000000,-25.4257952783,28.3185582254,6.104833350704909,3.8029174813
1729959860000000000,-25.4258022772,28.3185865563,6.080672784634175,3.2918701179
1729959861000000000,-25.4258075578,28.3186189104,6.088342805608402,3.2059326179
1729959862000000000,-25.4258131737,28.318646906,6.115379629544906,2.9606323249
1729959863000000000,-25.4258110782,28.3186682798,6.18287581412194,2.6182098394
1729959864000000000,-25.4258182867,28.3186842054,6.068688376860418,2.2813415532
1729959865000000000,-25.425818119,28.3186923359,6.064661615850084,1.6172485355
1729959866000000000,-25.4258178256,28.3187035676,6.093424194504307,1.3098602297
1729959867000000000,-25.4258180771,28.3187099379,6.1417453266440285,0.9632720949
1729959868000000000,-25.4258143472,28.318718236,0.05673418639775705,0.6612854005
1729959869000000000,-25.4258119583,28.3187221755,0.2300766604247014,0.5518035889
1729959870000000000,-25.425813048,28.318726534,0.2315147893584597,0.4777374268
1729959871000000000,-25.425813048,28.3187260311,0.2315147893584597,0.0
1729959872000000000,-25.425813048,28.3187260311,0.2315147893584597,0.0
1729959873000000000,-25.425813048,28.3187260311,0.2315147893584597,0.0
1729959874000000000,-25.425813048,28.3187260311,0.2315147893584597,0.0
1729959875000000000,-25.425813048,28.3187260311,0.2315147893584597,0.0
1729959876000000000,-25.425813048,28.3187260311,0.2315147893584597,0.0
1729959877000000000,-25.425813048,28.3187260311,0.2315147893584597,0.0
1729959878000000000,-25.425813048,28.3187260311,0.2315147893584597,0.0
1729959879000000000,-25.425813048,28.3187260311,0.2315147893584597,0.0
1729959880000000000,-25.425813048,28.3187260311,0.2315147893584597,0.0
1729959881000000000,-25.425813048,28.3187260311,0.2315147893584597,0.0
1729959882000000000,-25.4258164007,28.3187240195,0.2315147893584597,0.0490570068
1729959883000000000,-25.4258194601,28.3187235166,0.2315147893584597,0.1496887207
1729959884000000000,-25.4258211365,28.3187308926,0.2315147893584597,0.4252319336
1729959885000000000,-25.4258216813,28.318730725,0.2315147893584597,0.0
1729959886000000000,-25.4258216813,28.318730725,0.2315147893584597,0.0
1729959886999000064,-25.4258216813,28.318730725,0.2315147893584597,0.0
1729959887999000064,-25.4258216813,28.318730725,0.2315147893584597,0.0
1729959888999000064,-25.4258216813,28.318730725,0.2315147893584597,0.0
1729959889999000064,-25.4258216813,28.318730725,0.2315147893584597,0.0
1729959890999000064,-25.4258216813,28.318730725,0.2315147893584597,0.0
1729959891999000064,-25.4258216813,28.318730725,0.2315147893584597,0.0
1729959892999000064,-25.4258216813,28.318730725,0.2315147893584597,0.0
1729959893999000064,-25.4258216813,28.318730725,0.2315147893584597,0.0
1729959894999000064,-25.4258216813,28.318730725,0.2315147893584597,0.0
1729959895999000064,-25.4258216813,28.318730725,0.2315147893584597,0.0
1729959896999000064,-25.4258216813,28.318730725,0.2315147893584597,0.0
1729959897999000064,-25.4258216813,28.318730725,0.2315147893584597,0.0
1729959898999000064,-25.4258216813,28.318730725,0.2315147893584597,0.0
1729959899999000064,-25.4258216813,28.318730725,0.2315147893584597,0.0
1729959900999000064,-25.4258216813,28.318730725,0.2315147893584597,0.0
1729959901999000064,-25.4258216813,28.318730725,0.2315147893584597,0.0
1729959902999000064,-25.4258216813,28.318730725,0.2315147893584597,0.0
1729959903999000064,-25.4258216813,28.318730725,0.2315147893584597,0.0
1729959904999000064,-25.4258216813,28.318730725,0.2315147893584597,0.0
1729959905999000064,-25.4258216813,28.318730725,0.2315147893584597,0.0
1729959906999000064,-25.4258216813,28.318730725,0.2315147893584597,0.0
1729959907999000064,-25.4258216813,28.318730725,0.2315147893584597,0.0
1729959908999000064,-25.4258216813,28.318730725,0.2315147893584597,0.0
1729959909999000064,-25.4258216813,28.318730725,0.2315147893584597,0.0
1729959910999000064,-25.4258216813,28.318730725,0.2315147893584597,0.0
1729959911999000064,-25.4258216813,28.318730725,0.2315147893584597,0.0
1729959912999000064,-25.4258216813,28.318730725,0.2315147893584597,0.0
1729959913999000064,-25.4258216813,28.318730725,0.2315147893584597,0.0
1729959914999000064,-25.4258216813,28.318730725,0.2315147893584597,0.0
1729959915999000064,-25.4258216813,28.318730725,0.2315147893584597,0.0
1729959916999000064,-25.4258216813,28.318730725,0.2315147893584597,0.0
1729959917997999872,-25.4258216813,28.318730725,0.2315147893584597,0.0
1729959918997999872,-25.4258216813,28.318730725,0.2315147893584597,0.0
1729959919997999872,-25.4258216813,28.318730725,0.2315147893584597,0.0
1729959920997999872,-25.4258216813,28.318730725,0.2315147893584597,0.0
1729959921997999872,-25.4258216813,28.318730725,0.2315147893584597,0.0
1729959922997999872,-25.4258216813,28.318730725,0.2315147893584597,0.0
1729959923997999872,-25.4258216813,28.318730725,0.2315147893584597,0.0
1729959924997999872,-25.4258383613,28.3187193256,0.2315147893584597,0.157333374
1729959925997999872,-25.4258374812,28.3187196609,0.2315147893584597,0.0670013427
1729959926997999872,-25.4258372298,28.3187194932,0.2315147893584597,0.0
1729959927997999872,-25.425830147,28.3187198285,0.2315147893584597,0.0
1729959928997999872,-25.4258275067,28.3187214211,0.2315147893584597,0.2892913819
1729959929997999872,-25.4258256627,28.3187328205,0.17744114148719559,1.0410614016
1729959930997999872,-25.4258265847,28.3187526856,0.07418348411560587,1.5673217777
1729959931997999872,-25.4258392833,28.3187771607,6.15315448284463,1.975143433
1729959932997999872,-25.4258636327,28.3188055754,5.938010394505882,2.2290954595
1729959933997999872,-25.4258580588,28.3188579623,6.097738581302091,2.8570251471
1729959934997999872,-25.425859819,28.318886796,6.124679529976112,2.960403443
1729959935997999872,-25.425865812,28.3189046495,6.095725200796924,2.879821778
1729959936997999872,-25.4258770857,28.3189084213,6.008382836946942,2.3966979986
1729959937997999872,-25.4258627526,28.3189362493,6.278271699994336,2.4497375493
1729959938997999872,-25.4258606991,28.3189727944,0.04379102600265884,2.7449951178
1729959939997999872,-25.4258645128,28.31897665,6.283065463102791,0.0
1729959940997999872,-25.4258608248,28.3189436253,0.05673418639775705,0.5577392579
1729959941997999872,-25.4258609086,28.3189416137,0.05673418639775705,0.0
1729959942997999872,-25.4258609086,28.3189416137,0.05673418639775705,0.0
1729959943997999872,-25.4258609086,28.3189416137,0.05673418639775705,0.0
1729959944997999872,-25.4258609086,28.3189416137,0.05673418639775705,0.0
1729959945997999872,-25.4258609086,28.3189416137,0.05673418639775705,0.0
1729959946997999872,-25.4258609086,28.3189416137,0.05673418639775705,0.0
1729959947997999872,-25.4258609086,28.3189416137,0.05673418639775705,0.0
1729959948996999936,-25.4258609086,28.3189416137,0.05673418639775705,0.0
1729959950000999936,-25.4258609086,28.3189416137,0.05673418639775705,0.0
1729959951000999936,-25.4258609086,28.3189416137,0.05673418639775705,0.0
1729959952000999936,-25.4258609086,28.3189416137,0.05673418639775705,0.0
1729959953002000128,-25.4258609086,28.3189416137,0.05673418639775705,0.0
1729959954000999936,-25.4258609086,28.3189416137,0.05673418639775705,0.0
1729959955000999936,-25.4258609086,28.3189416137,0.05673418639775705,0.0
1729959956002000128,-25.4258609086,28.3189416137,0.05673418639775705,0.0
1729959957000999936,-25.4258609086,28.3189416137,0.05673418639775705,0.0
1729959958000999936,-25.4258609086,28.3189416137,0.05673418639775705,0.0
1729959959000999936,-25.4258609086,28.3189416137,0.05673418639775705,0.0
1729959960000999936,-25.4258609086,28.3189416137,0.05673418639775705,0.0
1729959961000999936,-25.4258609086,28.3189416137,0.05673418639775705,0.0
1729959962002000128,-25.4258609086,28.3189416137,0.05673418639775705,0.0
1729959963002000128,-25.4258609086,28.3189416137,0.05673418639775705,0.0
1729959964002000128,-25.4258609086,28.3189416137,0.05673418639775705,0.0
1729959965002000128,-25.4258609086,28.3189416137,0.05673418639775705,0.0
1729959966002000128,-25.4258353438,28.3189592157,0.0548166811533278,0.0608825683
1729959967002000128,-25.4258353438,28.3189593833,0.0548166811533278,0.0
1729959968002000128,-25.4258353438,28.3189593833,0.0548166811533278,0.0
1729959969144000000,-25.4258353438,28.3189593833,0.0548166811533278,0.0
1729959970144000000,-25.4258353438,28.3189593833,0.0548166811533278,0.0
1729959971144000000,-25.4258353438,28.3189593833,0.0548166811533278,0.0
1729959972144000000,-25.4258353438,28.3189593833,0.0548166811533278,0.0
1729959973144000000,-25.4258353438,28.3189593833,0.0548166811533278,0.0
1729959974144000000,-25.4258353438,28.3189593833,0.0548166811533278,0.0
1729959975144000000,-25.4258353438,28.3189593833,0.0548166811533278,0.0
1729959976144999936,-25.4258353438,28.3189593833,0.0548166811533278,0.0
1729959977002000128,-25.4258156883,28.31895075,0.0548166811533278,0.1096801758
1729959978002000128,-25.4258231482,28.3189642448,0.0548166811533278,0.2078857422
1729959979000999936,-25.4258231901,28.318963239,0.0548166811533278,0.0
1729959980000999936,-25.4258231901,28.318963239,0.0548166811533278,0.0
1729959981000999936,-25.4258231901,28.318963239,0.0548166811533278,0.0
1729959982000999936,-25.4258231901,28.318963239,0.0548166811533278,0.0
1729959983000999936,-25.4258231901,28.318963239,0.0548166811533278,0.0
1729959984000999936,-25.4258231901,28.318963239,0.0548166811533278,0.0
1729959985000999936,-25.4258231901,28.318963239,0.0548166811533278,0.0
1729959986000999936,-25.4258231901,28.318963239,0.0548166811533278,0.0
1729959987000999936,-25.4258231901,28.318963239,0.0548166811533278,0.0
1729959988000999936,-25.4258231901,28.318963239,0.0548166811533278,0.0
1729959989000999936,-25.4258231901,28.318963239,0.0548166811533278,0.0
1729959990000999936,-25.4258231901,28.318963239,0.0548166811533278,0.0
1729959991000999936,-25.4258231901,28.318963239,0.0548166811533278,0.0
1729959992000999936,-25.4258231901,28.318963239,0.0548166811533278,0.0
1729959993000999936,-25.4258231901,28.318963239,0.0548166811533278,0.0
1729959994000999936,-25.4258231901,28.318963239,0.0548166811533278,0.0
1729959995000999936,-25.4258231901,28.318963239,0.0548166811533278,0.0
1729959996000999936,-25.4258231901,28.318963239,0.0548166811533278,0.0
1729959997000999936,-25.4258231901,28.318963239,0.0548166811533278,0.0
1729959998000999936,-25.4258231901,28.318963239,0.0548166811533278,0.0
1729959999000999936,-25.4258231901,28.318963239,0.0548166811533278,0.0
1729960000000999936,-25.4258231901,28.318963239,0.0548166811533278,0.0
1729960001000999936,-25.4258231901,28.318963239,0.0548166811533278,0.0
1729960002000999936,-25.4258231901,28.318963239,0.0548166811533278,0.0
1729960003000999936,-25.4258231901,28.318963239,0.0548166811533278,0.0
1729960004000999936,-25.4258231901,28.318963239,0.0548166811533278,0.0
1729960005000999936,-25.4258231901,28.318963239,0.0548166811533278,0.0
1729960006000999936,-25.4258231901,28.318963239,0.0548166811533278,0.0
1729960007000999936,-25.4258231901,28.318963239,0.0548166811533278,0.0
1729960008000999936,-25.4258231901,28.318963239,0.0548166811533278,0.0
1729960009000999936,-25.4258231901,28.318963239,0.0548166811533278,0.0
1729960010000000000,-25.4258231901,28.318963239,0.0548166811533278,0.0
1729960011000000000,-25.4258231901,28.318963239,0.0548166811533278,0.0
1729960012000000000,-25.4258231901,28.318963239,0.0548166811533278,0.0
1729960013000000000,-25.4258231901,28.318963239,0.0548166811533278,0.0
1729960014000000000,-25.4258231901,28.318963239,0.0548166811533278,0.0
1729960015000000000,-25.4258231901,28.318963239,0.0548166811533278,0.0
1729960016000000000,-25.4258231901,28.318963239,0.0548166811533278,0.0
1729960017000000000,-25.4258231901,28.318963239,0.0548166811533278,0.0
1729960018000000000,-25.4258231901,28.318963239,0.0548166811533278,0.0
1729960019000000000,-25.4258231901,28.318963239,0.0548166811533278,0.0
1729960020000000000,-25.4258231901,28.318963239,0.0548166811533278,0.0
1729960021000000000,-25.4258231901,28.318963239,0.0548166811533278,0.0
1729960022000000000,-25.4258231901,28.318963239,0.0548166811533278,0.0
1729960023000000000,-25.4258231901,28.318963239,0.0548166811533278,0.0
1729960024000000000,-25.4258231901,28.318963239,0.0548166811533278,0.0
1729960025000000000,-25.4258231901,28.318963239,0.0548166811533278,0.0
1729960026000000000,-25.4258231901,28.318963239,0.0548166811533278,0.0
1729960027000000000,-25.4258231901,28.318963239,0.0548166811533278,0.0
1729960028000000000,-25.4258231901,28.318963239,0.0548166811533278,0.0
1729960029000000000,-25.4258231901,28.318963239,0.0548166811533278,0.0
1729960030000000000,-25.4258231901,28.318963239,0.0548166811533278,0.0
1729960031000000000,-25.4258231901,28.318963239,0.0548166811533278,0.0
1729960032000000000,-25.4258231901,28.318963239,0.0548166811533278,0.0
1729960033000000000,-25.4258231901,28.318963239,0.0548166811533278,0.0
1729960034000000000,-25.4258231901,28.318963239,0.0548166811533278,0.0
1729960035000000000,-25.4258231901,28.318963239,0.0548166811533278,0.0
1729960036000000000,-25.4258231901,28.318963239,0.0548166811533278,0.0
1729960037000000000,-25.4258231901,28.318963239,0.0548166811533278,0.0
1729960038000000000,-25.4258231901,28.318963239,0.0548166811533278,0.0
1729960039000000000,-25.4258231901,28.318963239,0.0548166811533278,0.0
1729960040000000000,-25.4258231901,28.318963239,0.0548166811533278,0.0
1729960040999000064,-25.4258231901,28.318963239,0.0548166811533278,0.0
1729960041999000064,-25.4258231901,28.318963239,0.0548166811533278,0.0
1729960042999000064,-25.4258231901,28.318963239,0.0548166811533278,0.0
1729960043999000064,-25.4258231901,28.318963239,0.0548166811533278,0.0
1729960044999000064,-25.4258231901,28.318963239,0.0548166811533278,0.0
1729960045999000064,-25.4258231901,28.318963239,0.0548166811533278,0.0
1729960046999000064,-25.4258231901,28.318963239,0.0548166811533278,0.0
1729960047999000064,-25.4258231901,28.318963239,0.0548166811533278,0.0
1729960048999000064,-25.4258231901,28.318963239,0.0548166811533278,0.0
1729960049999000064,-25.4258231901,28.318963239,0.0548166811533278,0.0
1729960050999000064,-25.4258231901,28.318963239,0.0548166811533278,0.0
1729960051999000064,-25.4258231901,28.318963239,0.0548166811533278,0.0
1729960052999000064,-25.4258884851,28.3189988621,0.0548166811533278,0.0496673584
1729960053999000064,-25.4258921312,28.3190023825,0.0548166811533278,0.2674102783
1729960054999000064,-25.4258918379,28.3189938329,0.0548166811533278,0.0
1729960055999000064,-25.4258918379,28.3189938329,0.0548166811533278,0.0
1729960056999000064,-25.4258918379,28.3189938329,0.0548166811533278,0.0
1729960057999000064,-25.4258879822,28.3189934977,0.0548166811533278,0.0
1729960058999000064,-25.4258916702,28.318990564,0.0548166811533278,0.1847991943
1729960059999000064,-25.4258954421,28.3189895582,0.0548166811533278,0.0
1729960060999000064,-25.4258954421,28.3189895582,0.0548166811533278,0.0
1729960061999000064,-25.4258954421,28.3189895582,0.0548166811533278,0.0
1729960062999000064,-25.4258954421,28.3189895582,0.0548166811533278,0.0
1729960063999000064,-25.425895484,28.3189908155,0.0548166811533278,0.1863708496
1729960064999000064,-25.4258954002,28.3189912346,0.0548166811533278,0.0
1729960065999000064,-25.4258954002,28.3189912346,0.0548166811533278,0.0
1729960066999000064,-25.4258954002,28.3189912346,0.0548166811533278,0.0
1729960067999000064,-25.4258954002,28.3189912346,0.0548166811533278,0.0
1729960068999000064,-25.4258954002,28.3189912346,0.0548166811533278,0.0
1729960069999000064,-25.4258954002,28.3189912346,0.0548166811533278,0.0
1729960070999000064,-25.4258954002,28.3189912346,0.0548166811533278,0.0
1729960071997999872,-25.4258954002,28.3189912346,0.0548166811533278,0.0
1729960072997999872,-25.4258954002,28.3189912346,0.0548166811533278,0.0
1729960073997999872,-25.4258954002,28.3189912346,0.0548166811533278,0.0
1729960074997999872,-25.4258954002,28.3189912346,0.0548166811533278,0.0
1729960076002000128,-25.4258954002,28.3189912346,0.0548166811533278,0.0
1729960077002000128,-25.4258954002,28.3189912346,0.0548166811533278,0.0
1729960078002000128,-25.4258954002,28.3189912346,0.0548166811533278,0.0
1729960079002000128,-25.4258954002,28.3189912346,0.0548166811533278,0.0
1729960080002000128,-25.4258954002,28.3189912346,0.0548166811533278,0.0
1729960081002000128,-25.4258954002,28.3189912346,0.0548166811533278,0.0
1729960082002000128,-25.4258954002,28.3189912346,0.0548166811533278,0.0
1729960083002000128,-25.4258954002,28.3189912346,0.0548166811533278,0.0
1729960084002000128,-25.4258954002,28.3189912346,0.0548166811533278,0.0
1729960085000999936,-25.4258954002,28.3189912346,0.0548166811533278,0.0
1729960086000999936,-25.4258954002,28.3189912346,0.0548166811533278,0.0
1729960087000999936,-25.4258954002,28.3189912346,0.0548166811533278,0.0
1729960088000999936,-25.4258954002,28.3189912346,0.0548166811533278,0.0
1729960089002000128,-25.4258954002,28.3189912346,0.0548166811533278,0.0
1729960090002000128,-25.4258954002,28.3189912346,0.0548166811533278,0.0
1729960091002000128,-25.4258954002,28.3189912346,0.0548166811533278,0.0
1729960092002000128,-25.4258954002,28.3189912346,0.0548166811533278,0.0
1729960093002000128,-25.4258954002,28.3189912346,0.0548166811533278,0.0
1729960094002000128,-25.4258954002,28.3189912346,0.0548166811533278,0.0
1729960095002000128,-25.4258954002,28.3189912346,0.0548166811533278,0.0
1729960096002000128,-25.4258954002,28.3189912346,0.0548166811533278,0.0
1729960097002000128,-25.4258954002,28.3189912346,0.0548166811533278,0.0
1729960098002000128,-25.4258954002,28.3189912346,0.0548166811533278,0.0
1729960099002000128,-25.4258954002,28.3189912346,0.0548166811533278,0.0
1729960100002000128,-25.4258954002,28.3189912346,0.0548166811533278,0.0
1729960101002000128,-25.4258954002,28.3189912346,0.0548166811533278,0.0
1729960102002000128,-25.4258954002,28.3189912346,0.0548166811533278,0.0
1729960103002000128,-25.4258954002,28.3189912346,0.0548166811533278,0.0
1729960104002000128,-25.4258954002,28.3189912346,0.0548166811533278,0.0
1729960105000999936,-25.4258954002,28.3189912346,0.0548166811533278,0.0
1729960106000999936,-25.4258954002,28.3189912346,0.0548166811533278,0.0
1729960107000999936,-25.4258954002,28.3189912346,0.0548166811533278,0.0
1729960108000999936,-25.4258954002,28.3189912346,0.0548166811533278,0.0
1729960109000999936,-25.4258954002,28.3189912346,0.0548166811533278,0.0
1729960110000999936,-25.4258954002,28.3189912346,0.0548166811533278,0.0
1729960111000999936,-25.4258954002,28.3189912346,0.0548166811533278,0.0
1729960112000999936,-25.4258954002,28.3189912346,0.0548166811533278,0.0
1729960113000999936,-25.4258954002,28.3189912346,0.0548166811533278,0.0
1729960114000999936,-25.4258954002,28.3189912346,0.0548166811533278,0.0
1729960115000999936,-25.4258954002,28.3189912346,0.0548166811533278,0.0
1729960116000999936,-25.4258954002,28.3189912346,0.0548166811533278,0.0
1729960117000999936,-25.4258954002,28.3189912346,0.0548166811533278,0.0
1729960118000999936,-25.4258954002,28.3189912346,0.0548166811533278,0.0
1729960119000999936,-25.4258954002,28.3189912346,0.0548166811533278,0.0
1729960120000999936,-25.4258954002,28.3189912346,0.0548166811533278,0.0
1729960121000999936,-25.4258954002,28.3189912346,0.0548166811533278,0.0
1729960122000999936,-25.4258954002,28.3189912346,0.0548166811533278,0.0
1729960123000999936,-25.4258954002,28.3189912346,0.0548166811533278,0.0
1729960124000999936,-25.4258954002,28.3189912346,0.0548166811533278,0.0
1729960125000999936,-25.4258954002,28.3189912346,0.0548166811533278,0.0
1729960126000999936,-25.4258954002,28.3189912346,0.0548166811533278,0.0
1729960127000999936,-25.4258954002,28.3189912346,0.0548166811533278,0.0
1729960128000999936,-25.4258954002,28.3189912346,0.0548166811533278,0.0
1729960129000999936,-25.4258954002,28.3189912346,0.0548166811533278,0.0
1729960130000999936,-25.4258954002,28.3189912346,0.0548166811533278,0.0
1729960131000999936,-25.4258954002,28.3189912346,0.0548166811533278,0.0
1729960132000999936,-25.4258954002,28.3189912346,0.0548166811533278,0.0
1729960133000999936,-25.4258954002,28.3189912346,0.0548166811533278,0.0
1729960134000999936,-25.4258954002,28.3189912346,0.0548166811533278,0.0
1729960135000999936,-25.4258954002,28.3189912346,0.0548166811533278,0.0
1729960136000000000,-25.4258954002,28.3189912346,0.0548166811533278,0.0
1729960137000000000,-25.4258954002,28.3189912346,0.0548166811533278,0.0
1729960138000000000,-25.4258954002,28.3189912346,0.0548166811533278,0.0
1729960139000000000,-25.4258954002,28.3189912346,0.0548166811533278,0.0
1729960140000000000,-25.4258954002,28.3189912346,0.0548166811533278,0.0
1729960141000000000,-25.4258954002,28.3189912346,0.0548166811533278,0.0
1729960142000000000,-25.4258954002,28.3189912346,0.0548166811533278,0.0
1729960143000000000,-25.4258954002,28.3189912346,0.0548166811533278,0.0
1729960144000000000,-25.4258954002,28.3189912346,0.0548166811533278,0.0
1729960145000000000,-25.4258954002,28.3189912346,0.0548166811533278,0.0
1729960146000000000,-25.4258954002,28.3189912346,0.0548166811533278,0.0
1729960147000000000,-25.4258954002,28.3189912346,0.0548166811533278,0.0
1729960148000000000,-25.4258954002,28.3189912346,0.0548166811533278,0.0
1729960149000000000,-25.4258954002,28.3189912346,0.0548166811533278,0.0
1729960150000000000,-25.4258954002,28.3189912346,0.0548166811533278,0.0
1729960151000000000,-25.4258954002,28.3189912346,0.0548166811533278,0.0
1729960152000000000,-25.4258954002,28.3189912346,0.0548166811533278,0.0
1729960153000000000,-25.4258954002,28.3189912346,0.0548166811533278,0.0
1729960154000000000,-25.4258954002,28.3189912346,0.0548166811533278,0.0
1729960155000000000,-25.4258954002,28.3189912346,0.0548166811533278,0.0
1729960156000000000,-25.4258954002,28.3189912346,0.0548166811533278,0.0
1729960157000000000,-25.4258954002,28.3189912346,0.0548166811533278,0.0
1729960158000000000,-25.4258682009,28.3190037236,0.0548166811533278,0.123840332
1729960159000000000,-25.4258677818,28.3190033883,0.0548166811533278,0.0
1729960160000000000,-25.4258621659,28.3190122731,0.0548166811533278,0.2878723145
1729960161000000000,-25.4258626688,28.3190140333,0.0548166811533278,0.0
1729960162000000000,-25.4258653929,28.3190110158,0.0548166811533278,0.0
1729960163000000000,-25.4258653929,28.3190110158,0.0548166811533278,0.0
1729960164000000000,-25.4258626269,28.3190180566,0.0548166811533278,0.2990264893
1729960165000000000,-25.4258591903,28.3190166317,0.0548166811533278,0.3277282715
1729960166000000000,-25.4258664407,28.3190222476,0.0548166811533278,0.4976654053
1729960166999000064,-25.4258814024,28.3190534283,6.102915845460479,1.4732208255
1729960167999000064,-25.4258881917,28.319092907,6.05363596069767,2.3737945562
1729960168999000064,-25.425892676,28.3191278596,6.032351652492709,3.1403961188
1729960169999000064,-25.4259061709,28.319164237,5.97425124361111,3.9377899179
1729960170999000064,-25.4259234376,28.3192048893,5.916821961563404,4.3486938486
1729960171999000064,-25.4259417521,28.3192273528,5.851339157491537,3.8908538827
1729960172999000064,-25.4259405367,28.3192496486,6.002342695429694,3.310165406
1729960173999000064,-25.4259473261,28.3192895465,6.091314938736657,3.4983673103
1729960174999000064,-25.4259516427,28.3193341382,6.113462124300477,3.9875946054
1729960175999000064,-25.4259611562,28.3193752095,6.099943712332225,4.307647706
1729960176999000064,-25.4259684484,28.3194192145,6.103203471246184,4.2930145273
1729960177999000064,-25.4259785486,28.3194639739,6.074440892591961,4.3560333262
1729960178999000064,-25.4259831168,28.3195061349,6.093903570814978,4.3585815439
1729960179999000064,-25.4259919178,28.319545446,6.062360609557468,4.1973571787
1729960180999000064,-25.4259981623,28.3195778001,6.04778756970539,3.9176788339
1729960181999000064,-25.4260050774,28.3196193744,6.100806589692829,4.1496734628
1729960182999000064,-25.4260137945,28.3196609486,6.068400751074715,4.2556304941
1729960183999000064,-25.4260190332,28.3197000921,6.07530376995082,4.2039489755
1729960184999000064,-25.4260363838,28.3197438456,6.026215635712979,4.2001800546
1729960185999000064,-25.42604552,28.3197722603,6.00953334009325,3.8322601327
1729960186999000064,-25.4260521837,28.3198090568,6.093424194504307,3.8141326913
1729960187999000064,-25.4260629544,28.3198477812,6.097642706039608,4.0475616464
1729960188999000064,-25.4260750663,28.3198929597,6.082590289876859,4.5097351084
1729960189999000064,-25.4260873457,28.3199353721,6.023722878897139,4.7051239024
1729960190999000064,-25.4260980746,28.3199923691,6.060730730100488,5.2806701672
1729960191999000064,-25.4261057021,28.3200430796,6.107613733308197,5.3345642102
1729960192999000064,-25.4261230107,28.3200842347,6.015381731087275,5.0806884777
1729960193999000064,-25.4261326918,28.3201300837,6.043473182907605,4.9699707042
1729960194999000064,-25.4261406546,28.3201767709,6.065140992160756,4.8570098888
1729960195999000064,-25.4261501681,28.3202189319,6.06705849740344,4.6717529307
1729960196999000064,-25.4261557421,28.3202654515,6.112982747989806,4.6694030772
1729960197997999872,-25.4261580052,28.3203067743,6.160153376983219,4.4111175547
1729960198997999872,-25.426166429,28.3203492705,6.17808205101174,4.3635864267
1729960199997999872,-25.4261707457,28.3203936108,6.237141212516424,4.3431396494
1729960200997999872,-25.4261495814,28.3204323352,0.22998078516221804,4.192199708
1729960202002000128,-25.4261134973,28.3204690479,0.5712967185344973,4.3025665293
1729960203002000128,-25.4260692408,28.3204881586,0.9873953564098482,4.2717895517
1729960204002000128,-25.4260183208,28.3204874881,1.3294782918802481,4.7204284678
1729960205002000128,-25.4259617848,28.3204977978,1.4021517406156696,5.4915008557
1729960206002000128,-25.4259013513,28.3205065988,1.4343658287088175,6.1576690688
1729960207002000128,-25.4258410854,28.3205164895,1.4382008391959304,6.4784088149
1729960208000999936,-25.4257873155,28.3205280565,1.4248741777526448,6.3316040053
1729960209002000128,-25.4257375689,28.3205490951,1.3356143086599785,5.9146881117
1729960210002000128,-25.4256915523,28.3205634281,1.3093444868215944,5.560852052
1729960211000999936,-25.4256524088,28.3205806948,1.2626532341388523,5.1384887707
1729960212002000128,-25.4256228207,28.3205970396,1.2428070548676486,4.533203126
1729960213002000128,-25.4255926039,28.3206095286,1.2640913630708652,4.2158050546
1729960214002000128,-25.4255519517,28.3206205089,1.329765917667698,4.353149415
1729960215002000128,-25.4255123891,28.3206163179,1.4835498382091428,4.3946685801
1729960216002000128,-25.425475383,28.3206177429,1.5078062795406142,4.4711914072
1729960217002000128,-25.4254278576,28.3206229396,1.4556501369137793,4.8879241954
1729960218002000128,-25.4253811285,28.3206395358,1.3641851367909794,5.301086427
1729960219002000128,-25.4253318429,28.3206551261,1.332162799221053,5.5228118909
1729960220002000128,-25.425280839,28.3206706327,1.3189320130402502,5.7722625745
1729960221002000128,-25.4252287874,28.3206893243,1.3029208442561597,5.9678802504
1729960222002000128,-25.4251823936,28.3206956946,1.3341761797279656,5.6668090833
1729960223002000128,-25.425136335,28.3207114525,1.3106867404928697,5.4127197278
1729960224002000128,-25.4250829842,28.3207272105,1.293333318037504,5.4482421887
1729960225002000128,-25.4250321899,28.3207453154,1.2550790884271092,5.54638672
1729960226002000128,-25.4249962315,28.3207565472,1.2638037372851612,4.9714508068
1729960227002000128,-25.4249505082,28.3207688686,1.3180691356813916,5.1137084972
1729960228002000128,-25.4248995882,28.3207724728,1.4141361483876804,5.4974365247
1729960229002000128,-25.4248470755,28.3207728919,1.4870972229105517,5.8145904554
1729960230000999936,-25.424798209,28.3207728919,1.5269813319779257,6.002120973
1729960231000999936,-25.4247448582,28.3207858,1.4609232763329056,6.1961059584
1729960232000999936,-25.4246840056,28.3207963612,1.4014806137800322,6.4391326919
1729960233000999936,-25.4246257933,28.3208030667,1.3917972122988929,6.4849395767
1729960234000999936,-25.4245716881,28.3208139632,1.3773200477092986,6.3601684585
1729960235000999936,-25.4245115899,28.3208246082,1.3694582762101057,6.6159362808
1729960236000999936,-25.4244602926,28.3208350856,1.364089261528496,6.3151245131
1729960237000999936,-25.4244046368,28.320837684,1.434557579233784,6.1553955092
1729960238000999936,-25.4243576562,28.3208396118,1.4805777050808884,5.7200317396
1729960239000999936,-25.424317926,28.3208407853,1.5269813319779257,5.2760314953
1729960240000999936,-25.4242678022,28.3208540287,1.4798107029845127,5.562881471
1729960241000999936,-25.4242024653,28.3208793421,1.3789499271662782,6.2345123305
1729960242000999936,-25.4241276568,28.3209073376,1.3237257761487056,7.0526428239
1729960243000999936,-25.4240545666,28.3209251073,1.3361895602331326,7.531372072
1729960244000999936,-25.4239836976,28.3209419549,1.3350390570868242,7.2608184831
1729960245000999936,-25.4239149241,28.3209463135,1.4150949010107678,7.1705932633
1729960246000999936,-25.4238433845,28.3209606465,1.3980291043411066,7.375122072
1729960247000999936,-25.4237758264,28.3209753149,1.3952487217378184,7.4824066179
1729960248000999936,-25.4237069691,28.3209976107,1.3412709491290378,7.5805816668
1729960249000999936,-25.4236351362,28.3210125305,1.359774874730712,7.7376556414
1729960250000999936,-25.4235617526,28.3210270312,1.3747314156309771,8.0193634051
1729960251000999936,-25.423492099,28.3210401908,1.4032063684994949,8.0032501239
1729960252000999936,-25.4234245408,28.3210575413,1.3851818192084917,7.6655731219
1729960253000999936,-25.4233519536,28.3210737184,1.3612130036627248,7.8362884539
1729960254000999936,-25.423284102,28.3210840281,1.3870034491904377,7.708023073
1729960255000999936,-25.4232166277,28.3210950084,1.4143278989126469,7.6646118181
1729960256000999936,-25.4231483571,28.3211166337,1.3851818192084917,7.7803344744
1729960257000999936,-25.4230815953,28.3211264406,1.4100135121148625,7.7031402605
1729960258000999936,-25.4230144562,28.3211412765,1.3825931871301702,7.6334228533
1729960259000999936,-25.4229444673,28.3211587947,1.3473110906462846,7.7488861102
1729960260000999936,-25.4228850396,28.3211779055,1.3097279878715273,7.4432220476
1729960261000999936,-25.4228345806,28.321194334,1.2900735591235448,6.9436950699
1729960262000000000,-25.4227884801,28.3212178871,1.2594893504873768,6.3916473403
1729960263000000000,-25.4227277113,28.3212319687,1.3473110906462846,6.4315795913
1729960264000000000,-25.4226557108,28.3212369979,1.4324483234661332,7.0047302262
1729960265000000000,-25.4225814052,28.321243871,1.4433781033543187,7.6276855486
1729960266000000000,-25.422512003,28.321255019,1.437529712360293,7.8759460467
1729960267000000000,-25.4224370269,28.321279997,1.3733891619597023,8.147048952
1729960268000000000,-25.4223699717,28.3212954197,1.3657191409854756,8.1336975116
1729960269000000000,-25.4223048862,28.3213121835,1.3610212531395036,7.8547515887
1729960270000000000,-25.4222391721,28.3213233315,1.3712799061920515,7.7657623309
1729960271000000000,-25.4221741285,28.3213400115,1.362555257334,7.7241516131
1729960272000000000,-25.4221052293,28.3213587031,1.3560357395060818,7.7922668475
1729960273000000000,-25.4220323067,28.3213738743,1.3778952992824531,7.9930114764
1729960274000000000,-25.4219611863,28.3213913925,1.3813468087213785,8.1092834491
1729960275000000000,-25.421887677,28.3214058094,1.379716929264399,8.0226593036
1729960276000000000,-25.4218145449,28.3214209806,1.3760736693022522,8.0706939716
1729960277000000000,-25.4217469029,28.3214320448,1.3830725634408414,7.8667297381
1729960278000000000,-25.421674609,28.3214493115,1.3767447961361443,7.9477996844
1729960279000000000,-25.4216022313,28.3214633931,1.3912219607257388,7.8509521502
1729960280000000000,-25.4215342121,28.3214706853,1.4266958077345908,7.6741943377
1729960281000000000,-25.42146942,28.3214869462,1.3980291043411066,7.6397247332
1729960282000000000,-25.4214012332,28.3215014469,1.3917013370381552,7.8042755145
1729960283000000000,-25.4213279754,28.3215195518,1.379237552953728,8.1481018085
1729960284000000000,-25.4212609621,28.3215376567,1.367349020442455,8.0916290302
1729960285000000000,-25.4211924819,28.3215530794,1.3665820183460795,8.01199341
1729960286000000000,-25.4211247562,28.3215725255,1.3561316147668199,7.9050445575
1729960287000000000,-25.4210561084,28.3215912171,1.3560357395060818,7.8772888201
1729960288000000000,-25.420983563,28.3216031194,1.3698417772600386,8.060821535
1729960289000000000,-25.4209116882,28.3216154408,1.3783746755931237,8.1446990985
1729960290000000000,-25.4208447168,28.3216280975,1.3872910749778875,8.0463714618
1729960291000000000,-25.4207790026,28.3216444422,1.3925642143970138,8.1232910175
1729960292000000000,-25.4207145458,28.321656093,1.3994672332748648,8.1017456073
1729960292999000064,-25.4206484964,28.3216689173,1.4030146179745284,8.1603088397
1729960293999000064,-25.4205817765,28.3216818255,1.3999466095855357,8.2114105243
1729960294999000064,-25.4205093987,28.3217041213,1.3826890623926535,8.3408050556
1729960295999000064,-25.420437021,28.3217202984,1.379716929264399,8.4476776142
1729960296999000064,-25.4203680379,28.3217399121,1.375210791941648,8.4225311298
1729960297999000064,-25.4202978814,28.3217531555,1.4044527469082866,8.3813934345
1729960298999000064,-25.4202272639,28.3217705898,1.4024393664013741,8.1361846942
1729960299999000064,-25.4201567721,28.3217845038,1.3946734701646644,7.7910614031
1729960300999000064,-25.4200967995,28.3217961546,1.3851818192084917,7.1528015153
1729960301999000064,-25.4200331809,28.3218068835,1.3852776944709748,7.1859893815
1729960302999000064,-25.419967844,28.3218217194,1.3882498275992297,7.5222167986
1729960303999000064,-25.4198976036,28.321836723,1.4042609963833201,7.9392547625
1729960304999000064,-25.4198297521,28.3218521457,1.4040692458583535,8.0212097186
1729960305999000064,-25.4197619844,28.3218715918,1.3609253778770203,7.9371337909
1729960306999000064,-25.4196914088,28.321888607,1.3504749742995057,7.929672243
1729960307999000064,-25.4196235154,28.3219114896,1.3543099847866191,7.8583221453
1729960308999000064,-25.4195566697,28.321934456,1.3621717562858122,7.7968292254
1729960309999000064,-25.4194855073,28.3219519742,1.3846065676353374,7.7220001238
1729960310999000064,-25.4194173206,28.3219645471,1.4015764890425155,7.5618438738
1729960311999000064,-25.4193484213,28.321975695,1.4123145184074797,7.5734100359
1729960312999000064,-25.4192762112,28.3219871782,1.4280380614041204,7.6982879656
1729960313999000064,-25.4192071863,28.3219938837,1.4670592931126358,7.7403259295
1729960314999000064,-25.4191346409,28.3219964821,1.48556321871431,7.6662292498
1729960315999000064,-25.4190665798,28.3220114019,1.3449142090911843,7.4241790788
1729960316999000064,-25.4189990636,28.322034955,1.2735830140270379,7.4174804704
1729960317999000064,-25.4189283622,28.3220656328,1.2424235538177155,7.7794799822
1729960318999000064,-25.4188566132,28.3220849112,1.3083857342002525,8.0335388202
1729960319999000064,-25.4187849479,28.3220981546,1.3912219607257388,8.2137756366
1729960320999000064,-25.4187105166,28.322108632,1.4242030509170072,8.3494262714
1729960321999000064,-25.418634828,28.3221227974,1.4173000320409015,8.3549194355
1729960322999000064,-25.4185601871,28.3221361246,1.375019041418427,8.3769226093
1729960323997999872,-25.4184822354,28.3221562412,1.3452018348786343,8.5947265645
1729960324997999872,-25.4184096063,28.3221820575,1.3160557551744791,8.6950836201
1729960325997999872,-25.4183356779,28.3222014196,1.3195072646134045,8.8442382833
1729960326997999872,-25.4182671139,28.3222187702,1.3291906660945438,8.7953491231
1729960328002000128,-25.4181964125,28.3222396411,1.3249721545574973,8.8227844258
1729960329002000128,-25.4181213945,28.3222621046,1.32295877405233,8.9987335226
1729960330002000128,-25.4180444067,28.3222844005,1.3456812111893053,9.1813964865
1729960331002000128,-25.4179693468,28.3222991526,1.3970703517197647,9.3378601095
1729960332002000128,-25.417891437,28.3223010805,1.434557579233784,9.1718292257
1729960333002000128,-25.41781315,28.3223108873,1.4419399744223058,8.9838562032
1729960334002000128,-25.4177375872,28.3223241307,1.4261205561614365,8.7247314473
1729960335002000128,-25.4176669696,28.3223386314,1.4005218611586903,8.3641204853
1729960336002000128,-25.4175925802,28.3223569878,1.3766489208754065,8.2563781757
1729960337002000128,-25.4175202444,28.3223729134,1.3817303097695661,8.235595705
1729960338002000128,-25.4174494173,28.3223874141,1.3922765886113093,8.1345977802
1729960339002000128,-25.4173792608,28.3224072792,1.3822096860819826,8.1231842059
1729960340002000128,-25.4173114931,28.3224182595,1.4187381609729144,7.8547973651
1729960341002000128,-25.4172540352,28.322427731,1.4454873591219695,6.6327819839
1729960342002000128,-25.4172056716,28.3224369511,1.4454873591219695,5.5274658215
1729960343002000128,-25.417163804,28.322442567,1.4609232763329056,4.9051055919
1729960344002000128,-25.4171270074,28.3224480991,1.4599645237115637,4.2837982187
1729960345002000128,-25.4170931026,28.3224552237,1.4508563738053242,3.9349517831
1729960346000999936,-25.4170592817,28.3224626836,1.4419399744223058,3.8074188241
1729960347000999936,-25.4170222756,28.3224764299,1.4149990257482845,4.2785186777
1729960348000999936,-25.4169791926,28.3224860691,1.3994672332748648,4.7121582042
1729960349000999936,-25.4169367801,28.3224966303,1.3824014366052035,4.623336793
1729960350000999936,-25.4169004027,28.3225086164,1.3697459019975555,4.3623809824
1729960351000999936,-25.4168671684,28.3225173336,1.370512904095676,4.1622314462
1729960352000999936,-25.4168337246,28.3225268889,1.3728139103865478,4.0015716562
1729960353000999936,-25.4168050585,28.3225349356,1.3714716567170182,3.8490295419
1729960354000999936,-25.4167845229,28.3225386236,1.3744437898452726,3.6058807381
1729960355000999936,-25.4167575331,28.3225451615,1.3700335277832598,3.4601287849
1729960356000999936,-25.416732136,28.3225477599,1.3762654198254733,2.7333221441
1729960357000999936,-25.4166984826,28.3225487657,1.402343491140636,2.6993865973
1729960358000999936,-25.416665877,28.3225571476,1.4005218611586903,2.6903533941
1729960359000999936,-25.4166349478,28.3225696367,1.3849900686852705,2.6405334478
1729960360000999936,-25.4166032642,28.322581036,1.3734850372221854,2.7586669928
1729960361000999936,-25.4165851593,28.3225867357,1.3674448957049383,2.7246093756
1729960362000999936,-25.4165599717,28.3225930222,1.3645686378391673,3.1582183845
1729960363000999936,-25.4165345326,28.3226020746,1.3572821179131282,3.633666993
1729960364000999936,-25.4165333172,28.32259495,1.3648562636266168,3.718154908
1729960365000999936,-25.4165506259,28.3225781862,1.3856611955191627,3.5070037849
1729960366000999936,-25.4165279947,28.3225801979,1.394961095952114,3.2506103523
1729960367000999936,-25.4165143741,28.3225927707,1.3824014366052035,2.861877442
1729960368000999936,-25.4165027233,28.3225962073,1.3767447961361443,2.5778198248
1729960369000999936,-25.4164949281,28.3226067685,1.3580491200112492,2.392471314
1729960370000999936,-25.4164956406,28.3226097022,1.3489409701032642,2.1947174077
1729960371000999936,-25.4165022204,28.3226099536,1.3373400633794412,1.9797668461
1729960372000999936,-25.4164862948,28.3226221074,1.3152887530781037,1.7735748295
1729960373000999936,-25.4164796731,28.3226242867,1.3149052520281705,1.284667969
1729960374000999936,-25.4165045254,28.3226219397,1.3149052520281705,0.4372558594
1729960375000999936,-25.4165021366,28.3226165753,1.3149052520281705,0.3641357422
1729960376000999936,-25.4164974846,28.3226152342,1.3149052520281705,0.3799591065
1729960377000000000,-25.4164896894,28.3226184193,1.3149052520281705,0.0
1729960378000000000,-25.4164896894,28.3226184193,1.3149052520281705,0.0
1729960379000000000,-25.4164896894,28.3226184193,1.3149052520281705,0.0
1729960380000000000,-25.4164896894,28.3226184193,1.3149052520281705,0.0
1729960381000000000,-25.4164896894,28.3226184193,1.3149052520281705,0.0
1729960382000000000,-25.4164896894,28.3226184193,1.3149052520281705,0.0
1729960383000000000,-25.4164896894,28.3226184193,1.3149052520281705,0.0
1729960384000000000,-25.4164896894,28.3226184193,1.3149052520281705,0.0
1729960385000000000,-25.4164896894,28.3226184193,1.3149052520281705,0.0
1729960386000000000,-25.4165246839,28.3225952015,1.3149052520281705,0.0030517578
1729960387000000000,-25.4165248096,28.3225956206,1.3149052520281705,0.0
1729960388000000000,-25.4165248096,28.3225956206,1.3149052520281705,0.0
1729960389000000000,-25.4165200738,28.3225955367,1.3149052520281705,0.0106964111
1729960390000000000,-25.4165188165,28.3225947824,1.3149052520281705,0.0
1729960391000000000,-25.4165188165,28.3225947824,1.3149052520281705,0.0
1729960392000000000,-25.4165188165,28.3225947824,1.3149052520281705,0.0
1729960393000000000,-25.4165121948,28.3225966264,1.3149052520281705,0.0
1729960394000000000,-25.4165121948,28.3225966264,1.3149052520281705,0.0
1729960395000000000,-25.4165076686,28.3225993086,1.3149052520281705,0.0915222168
1729960396000000000,-25.4165077105,28.3226005659,1.3149052520281705,0.0
1729960397000000000,-25.4165077105,28.3226005659,1.3149052520281705,0.0
1729960398000000000,-25.4165077105,28.3226005659,1.3149052520281705,0.0
1729960399000000000,-25.4165077105,28.3226005659,1.3149052520281705,0.0
1729960400000000000,-25.4165077105,28.3226005659,1.3149052520281705,0.0
1729960401000000000,-25.4165077105,28.3226005659,1.3149052520281705,0.0
1729960402000000000,-25.4165077105,28.3226005659,1.3149052520281705,0.0
1729960403000000000,-25.4165077105,28.3226005659,1.3149052520281705,0.0
1729960404000000000,-25.4165077105,28.3226005659,1.3149052520281705,0.0
1729960405000000000,-25.4165077105,28.3226005659,1.3149052520281705,0.0
1729960406000000000,-25.4165143741,28.3225992248,1.3149052520281705,0.0048522949
1729960407000000000,-25.4165155057,28.3225981351,1.3149052520281705,0.0
1729960407999000064,-25.4165155057,28.3225981351,1.3149052520281705,0.0
1729960408999000064,-25.4165155057,28.3225981351,1.3149052520281705,0.0
1729960409999000064,-25.4165155057,28.3225981351,1.3149052520281705,0.0
1729960410999000064,-25.4165155057,28.3225981351,1.3149052520281705,0.0
1729960411999000064,-25.4165155057,28.3225981351,1.3149052520281705,0.0
1729960412999000064,-25.4165155057,28.3225981351,1.3149052520281705,0.0
1729960413999000064,-25.4165112728,28.3225946147,1.3149052520281705,0.0746917724
1729960414999000064,-25.4165100155,28.3225966264,1.3149052520281705,0.0
1729960415999000064,-25.4165082973,28.3225960396,1.3149052520281705,0.1063995361
1729960416999000064,-25.4165093869,28.3225983866,1.3149052520281705,0.0
1729960417999000064,-25.4165093869,28.3225983866,1.3149052520281705,0.0
1729960418999000064,-25.4165030167,28.3225959558,1.3149052520281705,0.1283874512
1729960419999000064,-25.4165035196,28.3225974646,1.3149052520281705,0.1143951416
1729960420999000064,-25.4165041482,28.3225929383,1.3149052520281705,0.1263580322
1729960421999000064,-25.4165038548,28.3225884121,1.3149052520281705,0.1558227539
1729960422999000064,-25.4165063275,28.3225848917,1.3149052520281705,0.1536865234
1729960423999000064,-25.4165034777,28.3225839697,1.3149052520281705,0.2110290527
1729960424999000064,-25.4165041901,28.3225838021,1.3149052520281705,0.0
1729960425999000064,-25.4165041901,28.3225838021,1.3149052520281705,0.0
1729960426999000064,-25.416498239,28.3225859814,1.3149052520281705,0.3882446289
1729960427999000064,-25.4164912401,28.3225884959,1.3149052520281705,0.5926055909
1729960428999000064,-25.4164766556,28.3225902561,1.3149052520281705,1.632110596
1729960429999000064,-25.4164479895,28.3225969617,1.4034939942851994,3.2684326179
1729960430999000064,-25.4164064152,28.3226045892,1.4066578779384205,4.9729309093
1729960431999000064,-25.416363458,28.3226159886,1.4033981190244613,5.0850830089
1729960432999000064,-25.4163170641,28.3226266336,1.4031104932370115,5.5823059095
1729960433999000064,-25.4162631685,28.3226323333,1.4081918821329167,6.8025360123
1729960434999000064,-25.4162071774,28.3226520308,1.3931394659701681,7.6734924334
1729960435999000064,-25.4161309859,28.3226703033,1.3901673328419135,8.264678957
1729960436999000064,-25.4160561774,28.3226845525,1.3939064680682887,8.6621856709
1729960437999000064,-25.4159804888,28.3227053397,1.3884415781224508,8.765838625
1729960438997999872,-25.4159061832,28.3227243666,1.375019041418427,8.6862335225
1729960439997999872,-25.4158353981,28.3227435611,1.3652397646748047,8.3778228779
1729960440997999872,-25.4157676304,28.322760744,1.355652238456149,8.1341400165
1729960441997999872,-25.4157000303,28.3227759991,1.3525842300671562,7.9160614032
1729960442997999872,-25.4156369146,28.3227905836,1.363034633644671,7.7893981951
1729960443997999872,-25.415578367,28.3228055872,1.3824014366052035,7.747665407
1729960444997999872,-25.4155220406,28.3228165675,1.3931394659701681,7.7740631121
1729960445997999872,-25.4154611042,28.3228252009,1.3933312164951346,7.9531555194
1729960446997999872,-25.4153958092,28.3228378576,1.3906467091525845,8.1298980731
1729960447997999872,-25.4153267004,28.3228542861,1.3760736693022522,8.3334960956
1729960448997999872,-25.4152565438,28.3228752408,1.356227490029303,8.5036010761
1729960449997999872,-25.4151881894,28.3228889872,1.351529602183331,8.3450927753
1729960450997999872,-25.4151173204,28.3229038231,1.3548852363597734,8.1145172138
1729960451997999872,-25.4150487145,28.3229201678,1.3636098852178251,7.9316406268
1729960452997999872,-25.414980402,28.3229331598,1.4014806137800322,7.8143768328
1729960454002000128,-25.414916029,28.3229456488,1.4096300110649296,7.5565338152
1729960455002000128,-25.4148616305,28.3229581379,1.4008094869443946,6.6887969986
1729960456002000128,-25.4148076929,28.3229672741,1.3943858443789598,6.2901916518
1729960457002000128,-25.4147542583,28.3229752369,1.390838459677551,5.8324584974
1729960458002000128,-25.41470623,28.3229851276,1.3402163212452125,5.2140197766
1729960459002000128,-25.414674253,28.323013207,1.041660754806079,4.5899810801
1729960460002000128,-25.4146545975,28.3230495844,0.7409959325992946,4.3330688486
1729960461002000128,-25.4146426532,28.3230936732,0.41060977911694646,4.4848632822
1729960462002000128,-25.4146477662,28.3231484909,0.11099958479398764,4.946258546
1729960463002000128,-25.4146584112,28.3232080024,6.270601679018365,5.3642425549
1729960464002000128,-25.4146716965,28.3232668434,6.179999556256168,5.9059600843
1729960465002000128,-25.414683054,28.3233391792,6.143183455577787,6.4933471694
1729960466002000128,-25.4146998597,28.3234084975,6.120652768964033,6.900573732
1729960467002000128,-25.4147152405,28.3234801628,6.103011720722963,7.1842803971
1729960468002000128,-25.4147365306,28.3235478048,6.07396151628129,7.4537811296
1729960469002000128,-25.4147560604,28.3236163687,6.072811013134982,7.3824157732
1729960470002000128,-25.4147679627,28.3236893751,6.093615945029273,7.0219726578
1729960471002000128,-25.4147774342,28.3237592802,6.112599246941618,6.7862548843
1729960472002000128,-25.414789588,28.3238263354,6.104641600179942,6.7221374527
1729960473002000128,-25.4148092017,28.3238878586,6.075879021523974,6.6224975601
1729960474002000128,-25.4148297373,28.3239536565,6.04615769024841,6.5859222427
1729960475002000128,-25.4148472974,28.3240253218,6.027078513073581,6.6749572769
1729960476002000128,-25.4148694256,28.324096987,6.012984849532176,7.013641359
1729960477002000128,-25.41489147,28.3241709993,6.020942496293851,7.3730011003
1729960478002000128,-25.4149053002,28.3242473584,6.089972685065381,7.6562805193
1729960479002000128,-25.4149149394,28.3243268188,6.116721883214436,7.8272705096
1729960480002000128,-25.4149214773,28.3243939579,6.117968261623227,7.3675689714
1729960481002000128,-25.4149336729,28.3244613484,6.105887978588734,6.8458709732
1729960482002000128,-25.4149435217,28.324518513,6.101381841265983,6.1416168227
1729960483002000128,-25.4149527837,28.3245729953,6.11116111800786,5.4120483411
1729960484002000128,-25.4149619199,28.324625466,6.121515646324636,4.9973449718
1729960485002000128,-25.4149726488,28.3246826306,6.115379629544906,5.1776275646
1729960486002000128,-25.4149806954,28.3247316648,6.10531272701558,5.4199981702
1729960487002000128,-25.4149923462,28.3247875721,6.086617050888939,5.8173980726
1729960488002000128,-25.4150034523,28.324843647,6.082110913566188,5.9062652601
1729960489002000128,-25.41501284,28.3249064274,6.090356186113569,6.1170349135
1729960490002000128,-25.4150196293,28.3249723092,6.104641600179942,6.4383544936
1729960491002000128,-25.4150261672,28.325038191,6.115859005855578,6.7216949478
1729960492002000128,-25.415037399,28.3251045756,6.1098188643383295,6.9628753678
1729960493002000128,-25.4150489241,28.3251791746,6.104258099131755,7.2813262956
1729960494002000128,-25.4150596948,28.325250756,6.104353974392492,7.5608978289
1729960495002000128,-25.4150724772,28.3253221698,6.106654980685109,7.5900268572
1729960496002000128,-25.4150833737,28.3253979422,6.106559105422626,7.6705474871
1729960497002000128,-25.4150899116,28.3254706972,6.108572485929538,7.52912903
1729960498000999936,-25.4151031131,28.3255419433,6.09965608654652,7.2830963151
1729960499000999936,-25.4151106149,28.3256058973,6.104353974392492,6.9443969742
1729960500000999936,-25.4151223496,28.3256659117,6.10099834021605,6.7317810074
1729960501000999936,-25.4151335813,28.3257286083,6.095725200796924,6.8056335465
1729960502000999936,-25.4151459865,28.3257915564,6.083165541450013,7.021743776
1729960503000999936,-25.4151594395,28.3258539178,6.073865641018807,6.9523468033
1729960504000999936,-25.4151710484,28.3259166982,6.075207894690082,6.9027557389
1729960505000999936,-25.4151820287,28.3259850946,6.077604776243437,7.0747833268
1729960506000999936,-25.4151947692,28.3260523174,6.079138780439679,7.1994934098
1729960507000999936,-25.4152077192,28.3261295986,6.085562423005114,7.3796234148
1729960508000999936,-25.4152213398,28.3262006771,6.085370672480147,7.4533081072
1729960509000999936,-25.4152340384,28.3262751084,6.085754173530081,7.4882507341
1729960510000999936,-25.4152454378,28.3263502103,6.087575803510281,7.4866333025
1729960511000999936,-25.4152570467,28.3264238034,6.089205682969005,7.4355468767
1729960512000999936,-25.4152702902,28.3264928703,6.093136568716857,7.3503723161
1729960513000999936,-25.4152844556,28.3265636135,6.099272585496587,7.2263031022
1729960514000999936,-25.4152979085,28.3266368713,6.103011720722963,7.1615448014
1729960515000999936,-25.4153112357,28.3267061897,6.101190090741016,6.919815065
1729960516000999936,-25.4153197434,28.3267707303,6.106079729111955,6.206192018
1729960517000999936,-25.415331017,28.3268226143,6.104162223869271,5.4616699231
1729960518000999936,-25.4153414106,28.3268745821,6.103491097033634,5.1475982678
1729960519000999936,-25.4153492896,28.3269304056,6.105983853849472,5.4122161877
1729960520000999936,-25.4153566657,28.3269905038,6.103299346508667,5.5868530286
1729960521000999936,-25.4153696995,28.3270506021,6.08978093454216,5.7017059339
1729960522000999936,-25.4153806379,28.3271121253,6.0901644355903475,5.730056764
1729960523000999936,-25.4153919535,28.327173397,6.089013932444039,5.7790222181
1729960524000999936,-25.4154046101,28.3272415418,6.08978093454216,6.0278625502
1729960525000999936,-25.4154149199,28.3273062501,6.09112318821169,6.2151947035
1729960526000999936,-25.4154272413,28.3273686953,6.085754173530081,6.4017486587
1729960527000999936,-25.4154386826,28.3274386004,6.091410813999139,6.8364715592
1729960528000999936,-25.4154498305,28.3275131993,6.101669467051687,7.3089904802
1729960529000000000,-25.4154633254,28.3275945038,6.102340593887325,7.7072448748
1729960530000000000,-25.4154777842,28.3276565299,6.089301558229743,7.6318664568
1729960531000000000,-25.4154915305,28.327731045,6.08546654774263,7.6274108904
1729960532000000000,-25.4155050253,28.3278073203,6.088534556133369,7.6430206316
1729960533000000000,-25.4155160895,28.3278823383,6.101477716528467,7.5858612078
1729960534000000000,-25.4155319313,28.3279502318,6.0968757039432315,7.5395050066
1729960535000000000,-25.4155432887,28.3280118387,6.098505583400212,7.5199890154
1729960536000000000,-25.4155531794,28.3280833364,6.094574697650615,7.8485260028
1729960537000000000,-25.4155642016,28.3281627968,6.09160256452236,8.2220153827
1729960538000000000,-25.4155789956,28.3282415867,6.085083046694442,8.5543518086
1729960539000000000,-25.4156012496,28.3283259087,6.07530376995082,8.8509216329
1729960540000000000,-25.4156220367,28.3284062073,6.075016144165115,8.9122924825
1729960541000000000,-25.4156361183,28.3284881823,6.0841242940731,8.9358520528
1729960542000000000,-25.4156515829,28.3285709955,6.084220169333839,8.9671325704
1729960543000000000,-25.4156669637,28.3286515456,6.08335729197498,8.8854064962
1729960544000000000,-25.4156828893,28.328735197,6.082015038303704,8.8885345479
1729960545000000000,-25.4156947916,28.3288160824,6.080385158846725,8.8457641622
1729960546000000000,-25.415713609,28.3288969677,6.076070772048941,8.7713165303
1729960547000000000,-25.4157276906,28.3289791104,6.080672784634175,8.6888885518
1729960548000000000,-25.4157452507,28.3290642705,6.0829737909267925,8.6358032246
1729960549000000000,-25.4157626431,28.3291438986,6.076454273097129,8.5433502217
1729960550000000000,-25.415776599,28.3292296455,6.0747285183776665,8.4996032734
1729960551000000000,-25.4157912673,28.329313213,6.073098638920687,8.3822631855
1729960552000000000,-25.4158064805,28.3293899913,6.072331636824311,8.1950225849
1729960553000000000,-25.4158221966,28.3294686973,6.075399645213304,8.0926818866
1729960554000000000,-25.4158357752,28.3295471519,6.082782040401826,8.0673522968
1729960555000000000,-25.4158504855,28.3296308033,6.086041799315784,8.1962280292
1729960556000000000,-25.4158645252,28.3297135327,6.082782040401826,8.3745117206
1729960557000000000,-25.4158822948,28.3297998663,6.065140992160756,8.5569610615
1729960558000000000,-25.4158997292,28.3298893012,6.065045116898272,8.7475433369
1729960559000000000,-25.4159186304,28.3299756348,6.077125399932766,8.8197937032
1729960559999000064,-25.4159361904,28.3300691769,6.0863294251032345,8.9371032735
1729960560999000064,-25.4159533734,28.3301610425,6.079809907273571,8.998916628
1729960561999000064,-25.4159689218,28.3302528244,6.078947029914712,9.0298919698
1729960562999000064,-25.4159837997,28.3303389065,6.087384052987059,8.9877319356
1729960563999000064,-25.4159991385,28.3304279223,6.093903570814978,9.0273284933
1729960564999000064,-25.4160159443,28.3305214644,6.096588078155783,9.1114196798
1729960565999000064,-25.4160310736,28.3306078818,6.0982179576127615,9.108871462
1729960566999000064,-25.4160500167,28.3306971491,6.096012826582627,9.1058807394
1729960567999000064,-25.4160658585,28.3307797108,6.100135462857191,9.0426483175
1729960568999000064,-25.4160789762,28.3308618535,6.106175604374439,8.999206545
1729960569999000064,-25.4160898726,28.3309424874,6.111640494318531,8.7383422871
1729960570999000064,-25.4161062593,28.3310220316,6.1078054838314175,8.0006866473
1729960571999000064,-25.4161171557,28.3310957924,6.110394115911485,7.3497161882
1729960572999000064,-25.4161306087,28.331164524,6.107230232258264,7.018051149
1729960573999000064,-25.4161462409,28.3312364407,6.102532344412292,7.152603151
1729960574999000064,-25.4161599034,28.331308106,6.09026031085283,7.5110321062
1729960575999000064,-25.4161734821,28.3313845489,6.0767418988845785,7.9099578875
1729960576999000064,-25.4161916289,28.3314663563,6.069551254221023,8.2232513446
1729960577999000064,-25.4162058363,28.3315479961,6.07022238105666,8.3470916767
1729960578999000064,-25.4162197502,28.3316274565,6.071948135774378,8.3681793232
1729960580002000128,-25.4162332451,28.3317109403,6.075495520475787,8.4139404316
1729960581003000064,-25.4162443092,28.331791658,6.07961815675035,8.421218874
1729960582003000064,-25.4162554571,28.3318755608,6.084411919858805,8.4454650898
1729960583002000128,-25.4162657669,28.3319610562,6.089589184017194,8.4577789326
1729960584003000064,-25.4162780883,28.3320514132,6.0943829471256485,8.468093874
1729960585003000064,-25.4162923794,28.332139507,6.097163329728937,8.3910827656
1729960586002000128,-25.416309269,28.332226092,6.092465441882965,8.3426055927
1729960587003000064,-25.4163277091,28.332308989,6.08786342929773,8.3023681659
1729960588003000064,-25.4163422937,28.3323931434,6.084220169333839,8.1901550312
1729960589003000064,-25.4163575487,28.3324736934,6.064949241635789,8.0923767108
1729960590003000064,-25.4163714627,28.3325557523,6.059004975381026,8.0847473163
1729960591003000064,-25.4163901124,28.3326389008,6.061977108507534,8.1295623798
1729960592003000064,-25.4164088041,28.3327220492,6.070797632629814,8.0200347919
1729960593002000128,-25.4164235981,28.3328072094,6.078563528866525,7.985229494
1729960594002000128,-25.4164350813,28.332889352,6.0868088014139055,7.9189758319
1729960595002000128,-25.4164454749,28.3329721652,6.101190090741016,7.8637084979
1729960596002000128,-25.4164589697,28.3330558166,6.105600352801284,7.6045227068
1729960597002000128,-25.4164727999,28.3331307508,6.098505583400212,7.1489410417
1729960598002000128,-25.4164839478,28.3332019132,6.092848942931152,6.438690187
1729960599002000128,-25.4164947605,28.333272405,6.100135462857191,5.9298248304
1729960600002000128,-25.4165043997,28.3333311621,6.112023995368464,5.5061492932
1729960601002000128,-25.416515841,28.3333954513,6.114325001659336,5.6940155042
1729960602002000128,-25.4165318923,28.3334634286,6.1010942154785335,6.1278228774
1729960603002000128,-25.416543166,28.3335370217,6.096204577107594,6.6748962417
1729960604002000128,-25.4165559903,28.3336148896,6.089876809802897,7.2199249284
1729960605002000128,-25.4165693175,28.3336940985,6.084507795121288,7.6811828631
1729960606002000128,-25.4165842792,28.3337733075,6.079905782536054,8.0495147723
1729960607002000128,-25.4166032642,28.3338620719,6.074440892591961,8.505783083
1729960608002000128,-25.416620489,28.3339496628,6.07396151628129,8.8421783467
1729960609002000128,-25.4166345706,28.3340416961,6.0805769093716915,9.0370941183
1729960610002000128,-25.4166498257,28.3341318015,6.0814397867305505,9.068725588
1729960611002000128,-25.4166657513,28.3342162073,6.0847954209069925,8.6202087422
1729960612002000128,-25.4166801682,28.3342970088,6.088342805608402,8.1805725116
1729960613002000128,-25.4166934954,28.3343773075,6.0948623234363195,8.1581268329
1729960614002000128,-25.4167072836,28.3344540857,6.096779828680749,8.2190399189
1729960615002000128,-25.4167201079,28.3345361445,6.1039704733443045,8.3831024189
1729960616002000128,-25.4167398473,28.3346178681,6.1044498496549755,8.574432375
1729960617002000128,-25.4167555634,28.334699424,6.106079729111955,8.6398925801
1729960618002000128,-25.4167739198,28.334784668,6.095054073961286,8.8199462911
1729960619002000128,-25.4167904321,28.3348679841,6.091794315047327,8.9081268331
1729960620002000128,-25.416808076,28.334950462,6.090452061376053,8.8522644063
1729960621000999936,-25.4168250075,28.335029671,6.0905479366385356,8.4759216328
1729960622000999936,-25.4168409331,28.3351048567,6.090835562425985,7.9650268573
1729960623000999936,-25.4168523325,28.3351711575,6.089876809802897,7.1142425553
1729960624000999936,-25.4168670846,28.3352350276,6.0876716787727645,6.5991058364
1729960625000999936,-25.4168739159,28.335297389,6.109147737502694,6.6191864029
1729960626000999936,-25.4168793222,28.3353688028,6.165330641141607,7.1721496598
1729960627000999936,-25.4168851895,28.3354421445,6.18124593466496,7.5605011003
1729960628000999936,-25.4168904701,28.3355144803,6.147306091850604,7.8959503192
1729960629000999936,-25.416902582,28.3355939407,6.109914739599068,8.3661956806
1729960630000999936,-25.4169173341,28.3356786818,6.094095321339945,8.7368621846
1729960631000999936,-25.4169298651,28.3357620817,6.0896850592796765,8.7160034199
1729960632000999936,-25.4169460841,28.3358459845,6.0863294251032345,8.2406005878
1729960633000999936,-25.416962764,28.3359178175,6.084028418810617,7.1041564957
1729960634000999936,-25.4169744987,28.3359717131,6.086233549840752,5.7696838392
1729960635000999936,-25.416981791,28.3360131197,6.0939994460774605,4.482345582
1729960636000999936,-25.4169815395,28.3360362537,6.126980536268729,2.7221679693
1729960637000999936,-25.4169820843,28.3360416182,6.131966049902151,0.9783020021
1729960638000999936,-25.4169814976,28.3360414505,6.131966049902151,0.3828277588
1729960639000999936,-25.4169807013,28.3360355832,6.131966049902151,0.114944458
1729960640000999936,-25.4169752531,28.3360328172,6.131966049902151,0.1249847412
1729960641000999936,-25.4169684637,28.3360232618,6.131966049902151,0.3511505127
1729960642000999936,-25.4169640632,28.3360089287,6.131966049902151,0.4720001221
1729960643000999936,-25.4169646919,28.3359884769,6.131966049902151,0.618423462
1729960644000999936,-25.4169617582,28.3359616548,6.131966049902151,0.7513732911
1729960645000999936,-25.4169573158,28.3359346651,6.131966049902151,0.7962188722
1729960646000999936,-25.4169519095,28.3358973656,6.131966049902151,0.8474578859
1729960647000999936,-25.416944701,28.3358630836,6.131966049902151,0.9091186525
1729960648000999936,-25.4169304099,28.3358293884,6.131966049902151,0.9182128908
1729960649000999936,-25.4169245007,28.3357815277,6.131966049902151,0.9629211428
1729960650000999936,-25.4169204773,28.3357417137,6.131966049902151,0.8229217531
1729960651000999936,-25.4169177113,28.3357065097,6.131966049902151,0.6640625001
1729960652000000000,-25.4169131851,28.3356783465,6.131966049902151,0.5002746583
1729960653000000000,-25.4169085331,28.3356625047,6.131966049902151,0.3783874512
1729960654000000000,-25.4169079045,28.3356430587,6.131966049902151,0.3688659668
1729960655000000000,-25.4169024982,28.3356240318,6.131966049902151,0.5028686524
1729960656000000000,-25.416907192,28.3356053401,6.131966049902151,0.5737457276
1729960657000000000,-25.4169041745,28.3355796077,6.131966049902151,0.6407318116
1729960658000000000,-25.4169048032,28.3355483432,6.131966049902151,0.6295013429
1729960659000000000,-25.4169029173,28.3355203476,6.131966049902151,0.4854125977
1729960660000000000,-25.4169043422,28.335496543,6.131966049902151,0.4532928467
1729960661000000000,-25.4169032944,28.3354758397,6.131966049902151,0.5697021485
1729960662000000000,-25.4168991035,28.3354577348,6.131966049902151,0.6342315675
1729960663000000000,-25.4168981396,28.3354346846,6.131966049902151,0.6377868653
1729960664000000000,-25.4168964632,28.3354098741,6.131966049902151,0.4866485596
1729960665000000000,-25.4168952478,28.3353924398,6.131966049902151,0.4215545655
1729960666000000000,-25.4168921046,28.3353781905,6.131966049902151,0.4256896973
1729960667000000000,-25.4168908473,28.3353615105,6.131966049902151,0.3411560059
1729960668000000000,-25.4168920627,28.3353470099,6.131966049902151,0.2824859619
1729960669000000000,-25.4168921465,28.3353351075,6.131966049902151,0.1044311523
1729960670000000000,-25.4168901768,28.3353290726,6.131966049902151,0.0399627685
1729960671000000000,-25.4168887099,28.3353365325,6.131966049902151,0.7818145753
1729960672000000000,-25.4168808309,28.3353522066,6.131966049902151,1.9292144779
1729960673000000000,-25.4168574035,28.3353652824,6.131966049902151,1.6165161136
1729960674000000000,-25.4168264324,28.3353682999,6.131966049902151,1.3105316165
1729960675000000000,-25.4167925695,28.3353634384,6.131966049902151,1.3495635989
1729960676000000000,-25.4167561501,28.3353498597,6.131966049902151,1.5818786624
1729960677000000000,-25.4167180125,28.3353294079,6.131966049902151,1.6247863773
1729960678000000000,-25.416674678,28.3353118059,6.131966049902151,1.6446380619
1729960679000000000,-25.4166312179,28.3352962155,6.131966049902151,1.6880493167
1729960680000000000,-25.4165860813,28.3352871631,6.131966049902151,1.7855529789
1729960681000000000,-25.4165485723,28.3352750931,6.131966049902151,1.8195037846
1729960682000000000,-25.4165069561,28.3352632746,6.131966049902151,1.8203582767
1729960682999000064,-25.4164637055,28.3352559824,6.131966049902151,1.8534088139
1729960683999000064,-25.4164228437,28.3352467623,6.131966049902151,1.8380279545
1729960684999000064,-25.4163836583,28.3352382127,6.131966049902151,1.8395385746
1729960685999000064,-25.4163465684,28.3352312558,6.131966049902151,1.874450684
1729960686999000064,-25.4162775015,28.3352088761,1.6099134337658956,4.4898681651
1729960687999000064,-25.4162198341,28.3351994884,1.6833538845994378,5.6068878186
1729960688999000064,-25.4161645554,28.3351948783,1.6878600219221882,5.9371185316
1729960689999000064,-25.4161057564,28.3351840657,1.6979269244515147,6.2545776381
1729960690999000064,-25.4160481727,28.3351740074,1.7061721969988957,6.508422853
1729960691999000064,-25.4159888288,28.3351613507,1.7166226005764105,6.678131105
1729960692999000064,-25.4159290239,28.3351467662,1.73244201883728,6.8199768082
1729960693999000064,-25.4158679618,28.3351337742,1.743755299773653,6.8992462174
1729960694999000064,-25.4158064805,28.3351215367,1.747877936048216,6.9337615982
1729960695999000064,-25.4157431133,28.3351072874,1.753726327042242,6.983474733
1729960696999000064,-25.4156815063,28.3350914456,1.7626427264252604,6.9924621598
1729960697999000064,-25.4156173429,28.3350762744,1.7649437327161317,7.0403594987
1729960698999000064,-25.4155515868,28.3350603488,1.766669487435595,7.0623016373
1729960699999000064,-25.4154935421,28.3350484465,1.762259225375327,6.8548278824
1729960700999000064,-25.4154300492,28.335035706,1.7536304517797587,7.030715944
1729960701999000064,-25.4153616529,28.3350229655,1.7483573123588876,7.3103637712
1729960702999000064,-25.4152910354,28.3350064531,1.7557397075474093,7.4821777361
1729960703999000064,-25.4152237706,28.3349931259,1.7608210964433149,7.4057006853
1729960704999000064,-25.4151549971,28.3349783737,1.7616839738021728,7.4128723161
1729960706003000064,-25.4150898697,28.3349657171,1.756410834383047,7.470825197
1729960707003000064,-25.4150236527,28.3349536471,1.7524799486334506,7.4421691911
1729960708003000064,-25.4149579385,28.3349399846,1.7482614370964042,7.4046478288
1729960709003000064,-25.4148918472,28.3349218797,1.7507541939139872,7.4092712419
1729960710003000064,-25.4148247501,28.3349098098,1.752096447583517,7.4037475603
1729960711003000064,-25.4147550127,28.3348990809,1.754301578613651,7.4361877458
1729960712003000064,-25.4146877479,28.334883323,1.768874618465729,7.4753723161
1729960713003000064,-25.4146232491,28.3348664753,1.7699292463495537,7.5119018572
1729960714003000064,-25.414560301,28.3348487895,1.7629303522109645,7.5500488298
1729960715002000128,-25.4144929105,28.3348367196,1.7519046970602965,7.6389007586
1729960716003000064,-25.4144265259,28.33482356,1.752671699156671,7.6809539812
1729960717003000064,-25.4143580038,28.3348127473,1.7551644559742552,7.7076416033
1729960718003000064,-25.4142865481,28.3347958159,1.7623551006378104,7.7646942156
1729960719003000064,-25.4142200377,28.334781399,1.759766468559489,7.617309572
1729960720003000064,-25.4141534435,28.3347680718,1.7589994664613682,7.4868011492
1729960721003000064,-25.4140886514,28.3347545769,1.7607252211808315,7.2884063737
1729960722003000064,-25.4140243202,28.3347420879,1.756986085956201,7.1519317643
1729960723003000064,-25.4139610369,28.334729515,1.761971599589623,7.0071258561
1729960724003000064,-25.4139006034,28.3347166069,1.769162244253178,6.8504486099
1729960725003000064,-25.4138420977,28.3347053752,1.7706962484476745,6.6515960708
1729960726003000064,-25.4137861485,28.3346936405,1.769162244253178,6.3799133315
1729960727003000064,-25.4137324624,28.3346833308,1.7667653626980784,6.3140258803
1729960728003000064,-25.4136750882,28.3346675728,1.7740518826241167,6.3259429946
1729960729003000064,-25.4136206897,28.3346551676,1.777407516800559,5.8870239271
1729960730003000064,-25.4135718651,28.3346462827,1.7737642568384127,5.3868865979
1729960731003000064,-25.4135269381,28.3346400801,1.7672447390087491,4.9861755382
1729960732003000064,-25.4134849029,28.3346365597,1.759766468559489,4.5431213389
1729960733003000064,-25.4134480225,28.3346338775,1.7458645555430485,3.9190673837
1729960734003000064,-25.4134167999,28.334635051,1.5870951213664368,3.2923278816
1729960735003000064,-25.4133959709,28.3346502222,1.293333318037504,2.7513122564
1729960736003000064,-25.4133787461,28.3346777149,0.8741666717714149,2.7549743658
1729960737002000128,-25.4133689811,28.3347152658,0.44176923932626894,3.0215454108
1729960738002000128,-25.4133767763,28.3347640485,6.281914959956483,3.8345947274
1729960739002000128,-25.4133973539,28.3348199558,6.054786463843979,4.8968353282
1729960740002000128,-25.4134188116,28.3348766174,6.005218953295465,5.6720733655
1729960741002000128,-25.4134358268,28.334940739,5.995439676553589,6.4204406753
1729960742002000128,-25.4134543927,28.3350112308,5.998603560205065,7.0452728287
1729960743002000128,-25.4134717014,28.3350800462,6.0054107038204325,6.7458953873
1729960744002000128,-25.4134858249,28.3351429105,6.014614728989154,6.2786560073
1729960745002000128,-25.4134977272,28.3352038469,6.025928009927274,6.0684509291
1729960746002000128,-25.4135099228,28.3352604248,6.028612517268078,5.9738159193
1729960747002000128,-25.4135245493,28.3353202716,6.019504367360093,6.1017761244
1729960748002000128,-25.4135414388,28.3353854828,6.0226682510133145,6.2984771743
1729960749002000128,-25.4135549337,28.3354470898,6.036666039292237,6.4871368423
1729960750002000128,-25.4135725776,28.3355081938,6.032351652492709,6.6968383804
1729960751002000128,-25.4135888804,28.3355760873,6.021038371556335,6.9597778336
1729960752002000128,-25.413604806,28.3356469982,6.005890080131103,7.2351684587
1729960753002000128,-25.4136212345,28.3357167356,6.000041689137078,7.4459075945
1729960754002000128,-25.4136389203,28.33578882,5.997644807583722,7.5753784197
1729960755002000128,-25.4136558099,28.3358598985,6.000616940710231,7.6087341326
1729960756002000128,-25.413671023,28.3359295521,6.00579420486862,7.5078277605
1729960757002000128,-25.4136864457,28.3359938413,6.008958088520096,7.0053863541
1729960758002000128,-25.4137004854,28.3360510897,6.007999335898753,6.4338684097
1729960759002000128,-25.4137120524,28.3361127805,6.011738471123384,6.400131227
1729960760002000128,-25.4137291096,28.3361738846,6.005314828557949,6.560867311
1729960761002000128,-25.4137472983,28.3362335637,6.001671568594056,6.6730346695
1729960762002000128,-25.4137646908,28.3362939973,6.003013822265332,6.7611999527
1729960763002000128,-25.4137817061,28.3363570292,6.009053963782578,6.8736114517
1729960764002000128,-25.4137991404,28.3364244197,6.017203361069222,6.9785919205
1729960765002000128,-25.4138171615,28.3364907205,6.022860001536535,7.0821380631
1729960766002000128,-25.4138342606,28.3365606256,6.0226682510133145,6.9196777359
1729960767002000128,-25.4138493899,28.3366249148,6.026215635712979,6.4692230239
1729960768000999936,-25.4138589872,28.3366803192,6.07348213997062,5.9307403578
1729960769000999936,-25.4138490966,28.3367314488,0.10323368855727773,5.3889160168
1729960770000999936,-25.4138276808,28.3367784713,0.40888402439748367,5.2350158703
1729960771000999936,-25.4137871543,28.3368125856,0.7579658540064727,5.5710144055
1729960772000999936,-25.4137422692,28.3368513938,0.8522112367325607,6.2044067397
1729960773000999936,-25.4136930255,28.3368911241,0.8977519862689942,6.6759490982
1729960774000999936,-25.4136416864,28.3369284235,0.9448267400016693,6.7959136978
1729960775000999936,-25.4135854438,28.3369445168,1.0137610535107155,6.788085939
1729960776000999936,-25.4135363678,28.3369764518,1.0207599476510496,6.8365173355
1729960777000999936,-25.4134840647,28.3370134998,1.0091590409254814,6.9485626236
1729960778000999936,-25.4134273611,28.3370560799,0.9956406289589743,7.0902404801
1729960779000999936,-25.4133748904,28.3370993305,0.9805882127962258,7.1762847917
1729960780000999936,-25.4133230064,28.3371398151,0.9662069234673694,7.1591339127
1729960781000999936,-25.4132641654,28.3371837363,0.9558523951523381,7.2558898942
1729960782000999936,-25.4132118205,28.3372289986,0.9352392137830136,7.2696838395
1729960783000999936,-25.4131605232,28.3372787871,0.9127085271692595,7.2582397477
1729960784000999936,-25.4131130397,28.3373304196,0.8364876937341746,7.0953063981
1729960785000999936,-25.4130697891,28.3373815492,0.7525968393231178,6.9715271012
1729960786000999936,-25.4130291369,28.3374354448,0.7270940195828547,6.8941650406
1729960787000999936,-25.4129877722,28.3374888376,0.7282445227291632,6.8036041275
1729960788000999936,-25.4129488802,28.3375361953,0.7347640405570812,6.5761566177
1729960789000999936,-25.412911455,28.3375829663,0.7223961317368827,6.1972808852
1729960790000999936,-25.4128780531,28.3376361076,0.6657338517855518,5.9759826674
1729960791000999936,-25.4128464533,28.3376843036,0.6406145330934764,5.7466278089
1729960792000999936,-25.4128172005,28.3377311584,0.6592143339576337,5.3533782971
1729960793000999936,-25.4127897078,28.3377721459,0.6622823423466262,4.9491271984
1729960794000999936,-25.4127712676,28.3378111217,0.5002531492578005,4.3884277353
1729960795000999936,-25.4127630534,28.3378445655,0.32019940687797155,3.9053497323
1729960796000999936,-25.4127625085,28.3378807754,0.16008771903182992,3.4771118172
1729960797000999936,-25.4127616284,28.3379163146,0.045037404411450634,3.2202911384
1729960798000999936,-25.4127643107,28.3379516863,6.225827931580051,3.0883178718
1729960799000000000,-25.4127689626,28.3379781731,6.14836071973443,2.5151367193
1729960800000000000,-25.4127824156,28.3380034864,6.088918057181556,2.4180145269
1729960801000000000,-25.4127916357,28.3380235192,6.155647239660468,2.1361236577
1729960802000000000,-25.4127872352,28.33804724,0.1342972735041171,1.8598175053
1729960803000000000,-25.4127716867,28.3380677756,0.4158829185360728,2.200195313
1729960804000000000,-25.4127551744,28.3380631656,0.8826995701062456,1.7751312259
1729960805000000000,-25.412734052,28.3380526882,1.5378152366053737,1.7613067631
1729960806000000000,-25.4127009435,28.3380368464,1.9309038115562995,2.5905303961
1729960807000000000,-25.4126743309,28.338009689,2.1265852216720313,3.3310241706
1729960808000000000,-25.4126463354,28.3379844595,2.1934102794134267,3.4571685799
1729960809000000000,-25.4126079462,28.3379585594,2.200217423028794,4.3751373301
1729960810000000000,-25.412562684,28.3379228525,2.205969938760337,5.3114013684
1729960811000000000,-25.412511261,28.3378784284,2.2093255729367796,6.2413940444
1729960812000000000,-25.412455689,28.3378285561,2.2103802008206053,6.9732666031
1729960813000000000,-25.412402422,28.3377765045,2.2079833192655043,6.9475708023
1729960814000000000,-25.4123393482,28.3377213516,2.1950401588704063,7.0402069108
1729960815000000000,-25.4122752266,28.3376661148,2.1887123915674547,7.2619171159
1729960816000000000,-25.41221714,28.3376144823,2.184206254244704,7.5957946795
1729960817000000000,-25.4121584667,28.3375639394,2.1888082668281927,7.8787689227
1729960818000000000,-25.4120929202,28.3375131451,2.1864113852748384,8.211868288
1729960819000000000,-25.4120344564,28.3374609258,2.1950401588704063,8.274368288
1729960820000000000,-25.4119718855,28.3374118917,2.1959030362310106,8.3442230244
1729960821000000000,-25.4119138408,28.3373610974,2.19513603413289,8.4140777607
1729960822000000000,-25.4118593166,28.3373087943,2.207887444003021,8.27270508
1729960823000000000,-25.4118011881,28.3372558207,2.216995593911006,8.1464538593
1729960824000000000,-25.4117405031,28.3372059483,2.2101884502956386,8.1121215839
1729960825000000000,-25.411687278,28.3371567466,2.202326678796445,8.0166473407
1729960826000000000,-25.4116368189,28.3371119872,2.2013679261751036,7.8734588641
1729960827000000000,-25.4115887068,28.3370668087,2.2112430781794634,7.71902466
1729960828000000000,-25.4115392955,28.3370192834,2.220447103349932,7.6127014177
1729960829000000000,-25.4114977213,28.3369762842,2.2348283926770427,7.4306945818
1729960829999000064,-25.4114512436,28.3369327821,2.2317603842863045,7.2561035173
1729960830999000064,-25.4114035925,28.3368974105,2.084591856835261,7.0770568864
1729960832003000064,-25.4113381717,28.3368772101,1.9012783555414732,7.2416839616
1729960833003000064,-25.4112668417,28.336868912,1.6873806456097724,7.5266876238
1729960834003000064,-25.4111965595,28.3368745279,1.532158596136314,7.9063873309
1729960835003000064,-25.4111259839,28.3368857596,1.4810570813915593,8.2561950702
1729960836003000064,-25.4110499181,28.3368984163,1.456321263749417,8.5985107441
1729960837003000064,-25.4109746905,28.336915683,1.4279421861433825,8.8951416036
1729960838003000064,-25.4108945595,28.3369353805,1.4051238737439242,9.2661895773
1729960839004000000,-25.4108154763,28.3369575925,1.3927559649219803,9.3963928244
1729960840004000000,-25.4107309867,28.33697729,1.393618842280839,9.4730682395
1729960841004000000,-25.4106463294,28.3369988315,1.3923724638720474,9.5408477805
1729960842003000064,-25.4105596606,28.3370173555,1.397741478555402,9.6105651877
1729960843003000064,-25.4104749614,28.3370402381,1.394481719641443,9.6284942649
1729960844004000000,-25.4103920644,28.3370585945,1.3924683391345305,9.582626345
1729960845003000064,-25.4103104666,28.3370818962,1.3783746755931237,9.5354461692
1729960846003000064,-25.4102302937,28.3371020966,1.371951033027689,9.4719390891
1729960847003000064,-25.4101478158,28.3371254821,1.3666778936068176,9.4314575217
1729960848003000064,-25.4100665951,28.3371465206,1.3660067667729254,9.3734741232
1729960849003000064,-25.4099865898,28.3371663019,1.363322259430375,9.3009643576
1729960850003000064,-25.4099066265,28.3371839039,1.3627470078589665,9.2505950949
1729960851003000064,-25.4098275013,28.3372014221,1.3559398642435985,9.1856689474
1729960852003000064,-25.4097471189,28.3372200299,1.3461605874999762,9.1614074728
1729960853003000064,-25.4096686224,28.3372398112,1.3424214522753461,9.0891113302
1729960854003000064,-25.409591425,28.3372621071,1.3427090780610507,8.9994506856
1729960855003000064,-25.409519634,28.3372817207,1.3522966042797064,8.528137209
1729960856003000064,-25.4094457056,28.3372994904,1.3641851367909794,8.2080078144
1729960857003000064,-25.4093731184,28.3373137396,1.3631305089071541,8.0525817889
1729960858003000064,-25.4093114275,28.3373268992,1.35881612210937,7.0112457291
1729960859003000064,-25.4092527961,28.3373404779,1.3559398642435985,6.4201660171
1729960860003000064,-25.4092004092,28.3373509553,1.3489409701032642,5.9343566908
1729960861003000064,-25.409145424,28.3373661265,1.2788561534479097,5.8789825453
1729960862003000064,-25.4090947973,28.3373999894,1.0612193082915782,6.1384735121
1729960863003000064,-25.409050457,28.3374384623,0.8826036948437623,6.3070983901
1729960864003000064,-25.4090155464,28.3374904301,0.6808821432107836,6.4671325698
1729960865003000064,-25.4089819768,28.3375509475,0.5186611995969914,6.71914673
1729960866003000064,-25.4089636205,28.3376247082,0.40226863130708246,6.893844606
1729960867003000064,-25.4089464795,28.3376993072,0.3216375358099847,7.0325469987
1729960868003000064,-25.4089301767,28.3377709724,0.27590503574858466,6.9131927506
1729960869003000064,-25.4089149635,28.3378391173,0.23928068559516935,6.705261232
1729960870003000064,-25.4089067074,28.337901311,0.2022728343918211,6.1234741225
1729960871003000064,-25.4089027679,28.3379573021,0.1366941550592173,5.5803680432
1729960872003000064,-25.4089013429,28.3380127065,0.11119133531720875,5.2539672863
1729960873003000064,-25.4088932125,28.3380686976,0.1868369171808849,4.949371339
1729960874003000064,-25.4088695336,28.3381147143,0.5017871534522969,4.8259735118
1729960875003000064,-25.4088269535,28.3381526843,0.8157786371023668,5.3034820568
1729960876003000064,-25.4087807693,28.3381768242,1.1380153932998174,5.8589782728
1729960877002000128,-25.408727167,28.3381856252,1.3429967038485005,6.3040313735
1729960878002000128,-25.4086721817,28.338188475,1.4311060697948583,6.7020416275
1729960879002000128,-25.4086066771,28.3381914087,1.4629366568398183,7.1487579362
1729960880002000128,-25.4085329583,28.3381876368,1.4893982292014234,7.4502258318
1729960881002000128,-25.4084651068,28.3381919954,1.4940002417866574,7.4708404558
1729960882002000128,-25.4083966685,28.3382038139,1.470223176765857,7.4509735124
1729960883002000128,-25.4083309963,28.3382168897,1.4301473171735164,7.4512786882
1729960884002000128,-25.40826721,28.3382263612,1.3967827259323147,7.4048309343
1729960885002000128,-25.4082013702,28.3382423707,1.3754025424666145,7.4377594011
1729960886002000128,-25.4081376258,28.3382572066,1.3584326210594366,7.4351501482
1729960887002000128,-25.4080717022,28.3382687737,1.348173968006889,7.4396057146
1729960888002000128,-25.408004144,28.3382840287,1.3406956975558835,7.4687042253
1729960889002000128,-25.4079390585,28.3382981103,1.3429008285860171,7.4448852556
1729960890002000128,-25.4078715423,28.3383165505,1.343188454373467,7.4665985124
1729960891002000128,-25.407806834,28.3383322247,1.3467358390731305,7.4560241716
1729960892002000128,-25.4077523936,28.3383486532,1.3419420759646752,7.3417663591
1729960893002000128,-25.4076944746,28.3383612261,1.34462658330548,7.2239837663
1729960894002000128,-25.4076396989,28.3383761458,1.3377235644276289,7.0902099625
1729960895002000128,-25.4075818218,28.3383944184,1.3200825161865588,7.0302276627
1729960896002000128,-25.4075210949,28.3384123557,1.3130836220479698,6.876556398
1729960897002000128,-25.4074680375,28.3384292871,1.3276566618983021,6.3931579604
1729960898002000128,-25.4074108729,28.3384322208,1.528323585649201,5.9765777601
1729960899002000128,-25.4073589889,28.3384302091,1.5641809337044954,5.700393678
1729960900002000128,-25.4073070211,28.3384285327,1.5290905877455763,5.7306976331
1729960901002000128,-25.4072568974,28.3384452127,1.3082898589377692,5.9422302259
1729960902002000128,-25.4072071508,28.3384748847,1.0955426521541216,6.1680603041
1729960903002000128,-25.4071616789,28.3385169618,0.8509648583237689,6.3980102553
1729960904002000128,-25.4071319651,28.3385773953,0.6305476305641495,6.6035919204
1729960905002000128,-25.4070980603,28.3386338894,0.5131963096528986,6.2191162123
1729960906002000128,-25.4070797877,28.3386876174,0.4586432854692182,5.7646789564
1729960907002000128,-25.4070606351,28.3387374897,0.43946823303365184,5.2980499279
1729960908000999936,-25.4070482718,28.3387779743,0.4312229604862712,4.8218078624
1729960909000999936,-25.4070318013,28.338820722,0.4359208483322432,4.6558990489
1729960910000999936,-25.4070149118,28.3388640564,0.4712029448161285,4.6287841807
1729960911000999936,-25.4069903947,28.3389019426,0.5712967185344973,4.5701599131
1729960912000999936,-25.4069647461,28.3389378172,0.6702399891083026,4.2928466806
1729960913000999936,-25.4069383012,28.3389637173,0.7463649472826496,3.9411163339
1729960914000999936,-25.4069139518,28.338986516,0.7943984536349213,3.5503234871
1729960915000999936,-25.4068932066,28.3390141763,0.7638142449987532,3.1603393562
1729960916000999936,-25.4068804242,28.3390420042,0.5293992289619558,2.9972686774
1729960917000999936,-25.4068725033,28.3390706703,0.24436207449107453,3.1390228278
1729960918000999936,-25.4068721261,28.3391026892,0.014261445250316005,3.0838012702
1729960919000999936,-25.4068744311,28.3391330317,6.2485503687170265,3.0801849372
1729960920000999936,-25.40687682,28.3391637095,6.245578235588772,3.1446228034
1729960921000999936,-25.4068791669,28.339199584,6.23656596094327,3.4607238777
1729960922000999936,-25.4068826873,28.3392371349,6.224677428433743,3.3954467781
1729960923000999936,-25.4068897281,28.3392693214,6.187669577230395,3.3348999031
1729960924000999936,-25.4068892252,28.3393026814,6.152675106533959,3.232543946
1729960925000999936,-25.4069038935,28.3393425793,6.1012859660035,3.1902008064
1729960926000999936,-25.4069153348,28.33937376,6.06782549950156,3.1507568366
1729960927000999936,-25.406926818,28.3394046892,6.030338271987541,3.2633361824
1729960928000999936,-25.4069393489,28.3394336906,5.988344907150771,3.240646363
1729960929000999936,-25.4069505388,28.3394647036,5.945776290742592,3.1895599372
1729960930000999936,-25.4069627345,28.3394928668,5.914137454220853,2.9604949958
1729960931000999936,-25.4069755169,28.3395170067,5.892757270755153,2.7211151129
1729960932000999936,-25.4070000339,28.3395264782,5.796594382784636,2.2736053472
1729960933000999936,-25.4070193961,28.3395292443,5.6899810912366044,1.5583343509
1729960934000999936,-25.4070344836,28.3395361174,5.696117108016335,1.1682128908
1729960935000999936,-25.4070517922,28.3395416495,5.696117108016335,1.3768157962
1729960936000999936,-25.4070723278,28.3395429906,5.696117108016335,1.3101959231
1729960937000999936,-25.4070933245,28.3395434097,5.696117108016335,1.2366943362
1729960938000999936,-25.4071170872,28.3395368718,5.696117108016335,1.2412414553
1729960939000000000,-25.4071455857,28.3395299986,5.696117108016335,1.3393249514
1729960940000000000,-25.4071686778,28.3395229578,5.696117108016335,1.4040832522
1729960941000000000,-25.4071926501,28.3395199403,5.696117108016335,1.4598693851
1729960942000000000,-25.4072157422,28.3395174258,5.696117108016335,1.4918518069
1729960943000000000,-25.4072408041,28.3395134025,5.696117108016335,1.5378112796
1729960944000000000,-25.407262597,28.3395079542,5.696117108016335,1.561508179
1729960945000000000,-25.4072845157,28.3395051044,5.696117108016335,1.5876770023
1729960946000000000,-25.4073074402,28.3395030927,5.696117108016335,1.6723480228
1729960947000000000,-25.4073317477,28.3395017516,5.696117108016335,1.767242432
1729960948000000000,-25.4073539179,28.3394996561,5.696117108016335,1.7800292972
1729960949000000000,-25.4073770519,28.339502506,5.696117108016335,1.9230651859
1729960950000000000,-25.4074059695,28.339500662,5.0076368502794955,2.3578643804
1729960951000000000,-25.4074303189,28.339502506,4.971491876435006,2.4686584478
1729960952000000000,-25.4074509384,28.3395128157,5.027099528502511,2.4920654302
1729960953000000000,-25.4074685823,28.3395282384,5.121440786491084,2.48954773
1729960954000000000,-25.4074846756,28.3395447508,5.242627117889446,2.4728088384
1729960955000000000,-25.4075004755,28.3395667114,5.416448968228807,2.3930053716
1729960956000000000,-25.4075110786,28.3395888396,5.591229571187765,2.2134704594
1729960957003000064,-25.4075197538,28.3396069445,5.693144974889825,2.1115570073
1729960958003000064,-25.4075277586,28.3396253009,5.74578049382733,2.0381469731
1729960959003000064,-25.4075315723,28.3396434058,5.795348004375844,1.9164123539
1729960960004000000,-25.4075320333,28.3396666237,5.8599679310888515,1.8427581791
1729960961004000000,-25.4075399542,28.3396839742,5.857858675319456,1.770355225
1729960962004000000,-25.4075450672,28.339705851,5.877896605115626,1.7572479252
1729960963003000064,-25.4075500963,28.3397239559,5.895921154406629,1.7654113773
1729960964003000064,-25.4075569276,28.3397381213,5.888347008694885,1.7969512943
1729960965003000064,-25.4075617891,28.3397563938,5.903687050643338,1.8365325932
1729960966004000000,-25.4075685784,28.3397744987,5.917205462611591,1.8695068363
1729960967004000000,-25.4075750744,28.3397958726,5.932929005609977,1.8816986088
1729960968004000000,-25.4075819056,28.3398169112,5.945776290742592,1.8641204838
1729960969004000000,-25.4075871862,28.3398399614,5.965334844228091,1.8820495609
1729960970003000064,-25.4075916706,28.3398643527,5.995152050766139,1.9124755863
1729960971003000064,-25.4075921735,28.3398925998,6.0523895822906235,1.9754486088
1729960972003000064,-25.4075912515,28.3399256245,6.114037375873631,2.1188049321
1729960973003000064,-25.4075884435,28.3399546258,6.159674000672548,2.2278747563
1729960974003000064,-25.4075807741,28.3399873991,6.209145635958578,2.310653687
1729960975003000064,-25.407576164,28.3400109522,6.235607208321928,2.0003967289
1729960976003000064,-25.4075691652,28.3400292248,6.2772170721087654,1.7811584476
1729960977003000064,-25.4075605318,28.3400428035,0.034011749260781925,1.6902618412
1729960978003000064,-25.407552569,28.340059232,0.057597063756615635,1.6584930423
1729960979003000064,-25.4075476237,28.340076834,0.06555471051829202,1.6757965091
1729960980003000064,-25.4075461987,28.3400964476,0.05289917591064366,1.7574920658
1729960981003000064,-25.4075475398,28.3401133791,0.023561345683267308,1.766952515
1729960982003000064,-25.4075518146,28.340128718,6.264945038549305,1.7010345462
1729960983003000064,-25.4075564247,28.3401405365,6.220267166373476,1.6033782962
1729960984003000064,-25.4075612862,28.3401550371,6.172041909494491,1.6348724369
1729960985003000064,-25.4075667344,28.340169454,6.122378523683495,1.6144409183
1729960986003000064,-25.4075762479,28.3401869722,6.056416343300958,1.6887817386
1729960987003000064,-25.4075859709,28.3401971981,5.988057281365066,1.6118927005
1729960988003000064,-25.4075935146,28.3402138781,5.969265729977688,1.6807708744
1729960989003000064,-25.407600262,28.3402240202,5.944338161808833,1.580459595
1729960990003000064,-25.4076074705,28.3402337432,5.923437354653805,1.5454101566
1729960991003000064,-25.4076150561,28.3402414546,5.893524272851528,1.3550109866
1729960992003000064,-25.407621552,28.3402569611,5.893524272851528,1.3934173587
1729960993003000064,-25.4076228093,28.3402705398,5.893524272851528,1.3858032229
1729960994003000064,-25.4076237733,28.340283867,5.893524272851528,1.3858032229
1729960995003000064,-25.4076224321,28.3403010499,5.893524272851528,1.4331665042
1729960996003000064,-25.407620169,28.3403168917,5.893524272851528,1.4766387942
1729960997003000064,-25.407616481,28.3403342422,5.893524272851528,1.4509887698
1729960998002000128,-25.4076124996,28.3403494973,5.893524272851528,1.4131927493
1729960999002000128,-25.4076117033,28.3403673508,5.893524272851528,1.3731079104
1729961000002000128,-25.4076114099,28.3403830249,5.893524272851528,1.3919372561
1729961001002000128,-25.4076136731,28.3404008784,5.893524272851528,1.4362792972
1729961002002000128,-25.4076142179,28.3404165525,5.893524272851528,1.4301757815
1729961003002000128,-25.4076125834,28.3404301312,5.893524272851528,1.4149932864
1729961004002000128,-25.4076083925,28.3404415306,5.893524272851528,1.278518677
1729961005002000128,-25.4076050397,28.3404613957,5.893524272851528,1.4796142581
1729961006002000128,-25.4076042015,28.3404841107,5.893524272851528,1.7174987796
1729961007002000128,-25.4076018127,28.3405000363,5.893524272851528,1.8262786869
1729961008002000128,-25.4075985856,28.3405215778,5.893524272851528,1.9461822514
1729961009002000128,-25.4075888207,28.340551585,0.08645551767506637,2.3027343755
1729961010002000128,-25.4075827857,28.3405870404,0.06862271890902995,2.5408325201
1729961011002000128,-25.4075832887,28.340606235,0.031518992443198335,2.5943298345
1729961012002000128,-25.4075847974,28.3406323027,6.247495740833201,2.691085816
1729961013002000128,-25.4075951071,28.3406608012,6.13148667359148,2.8704223639
1729961014002000128,-25.4076150142,28.3406903055,5.916342585250987,3.1023864753
1729961015002000128,-25.4076397408,28.3407162056,5.7512453837714235,3.2584228523
1729961016002000128,-25.4076634197,28.3407351487,5.6191292724831285,3.206069947
1729961017002000128,-25.4076897388,28.340750739,5.514433486179526,2.998962403
1729961018002000128,-25.4077140463,28.3407682572,5.4366786485482,2.8403015143
1729961019002000128,-25.4077429639,28.3407858592,5.369949466069286,2.5651397711
1729961020002000128,-25.4077684449,28.3407979291,5.295933763664336,2.350006104
1729961021002000128,-25.4077917466,28.3408054728,5.181458700617111,2.339660645
1729961022002000128,-25.4078192811,28.3408156988,5.081269051636259,2.64138794
1729961023002000128,-25.4078515096,28.3408108373,5.000158579828489,3.0193023688
1729961024002000128,-25.4078901082,28.3408256732,5.115975896545246,3.9175720223
1729961025002000128,-25.4079274915,28.3408603743,5.387878140097807,4.1736145029
1729961026002000128,-25.4079500807,28.3408944048,5.591613072237698,3.7683563241
1729961027002000128,-25.4079676408,28.3409233224,5.70570463423499,3.4188690193
1729961028002000128,-25.407981471,28.3409521561,5.7478897495949814,3.230377198
1729961029000999936,-25.4079978157,28.3409773857,5.723825058788476,3.0340271003
1729961030000999936,-25.4080206564,28.3409975022,5.594393454840986,2.8276672369
1729961031000999936,-25.408044922,28.3410179541,5.340324010054461,2.5975189215
1729961032000999936,-25.4080701934,28.3410314489,5.117893401789674,2.6246185308
1729961033000999936,-25.4081053555,28.3410253302,4.79556077032974,3.1846008308
1729961034000999936,-25.4081440799,28.3410143499,4.6247110531186335,3.5592956551
1729961035000999936,-25.4081796611,28.341001777,4.534588306667109,3.6617889412
1729961036000999936,-25.4082164576,28.340986941,4.450889202781019,3.6575775155
1729961037000999936,-25.4082475126,28.3409757093,4.40371857378586,3.3696899421
1729961038000999936,-25.4082785675,28.3409631364,4.398061933318546,3.1676940925
1729961039000999936,-25.4083051801,28.340954084,4.4327687782275325,2.9600219733
1729961040000999936,-25.4083362769,28.3409478814,4.497005203890606,2.9651947028
1729961041000999936,-25.4083651107,28.3409426846,4.556831367493413,3.1584777839
1729961042000999936,-25.4083930224,28.3409413435,4.640626346641986,3.27659607
1729961043000999936,-25.4084255861,28.3409446962,4.783576362555984,3.4851989754
1729961044000999936,-25.4084604548,28.3409558442,4.875137237941268,3.5870361336
1729961045000999936,-25.4084941501,28.3409666568,4.87849287211771,3.5716094979
1729961046000999936,-25.4085258337,28.3409634717,4.744267505061764,3.487686158
1729961047000999936,-25.4085542483,28.3409503121,4.48933518291638,3.4389038093
1729961048000999936,-25.4085855128,28.3409306146,4.285792001301456,3.6146698006
1729961049000999936,-25.4086151009,28.3409114201,4.202859899513485,3.5874023445
1729961050000999936,-25.4086438928,28.3408913035,4.157798526285978,3.6428070076
1729961051000999936,-25.4086755764,28.340872109,4.176590077675102,3.9295806893
1729961052000999936,-25.4087134207,28.3408593685,4.3231833535529915,4.4036865244
1729961053000999936,-25.4087566294,28.3408553452,4.504291723816645,4.7306518565
1729961054000999936,-25.4087995866,28.3408527468,4.589524831897232,4.8982086193
1729961055000999936,-25.4088430887,28.3408587817,4.673319811045805,5.0600433361
1729961056000999936,-25.4088907817,28.3408663255,4.723846074215661,5.152572633
1729961057000999936,-25.4089358345,28.3408655711,4.730461467307808,4.977218629
1729961058000999936,-25.4089794204,28.3408635594,4.710902913822308,4.8519897472
1729961059000999936,-25.4090187734,28.340856351,4.668142546887418,4.6803588878
1729961060000000000,-25.4090552347,28.3408514057,4.629792442014539,4.4789276133
1729961061000000000,-25.4090942943,28.3408427723,4.566227143187102,4.3521728525
1729961062000000000,-25.4091354914,28.3408265952,4.466612745779405,4.4081573496
1729961063000000000,-25.4091758084,28.3408088256,4.410717467926195,4.5129241953
1729961064000000000,-25.4092156643,28.3407889605,4.378982756143718,4.6013031016
1729961065000000000,-25.4092558555,28.3407675028,4.3647932173398285,4.7331390391
1729961066000000000,-25.4092935741,28.340761384,4.539382069775565,4.7687225352
1729961067000000000,-25.4093319632,28.3407634795,4.7309408436184786,4.7923278819
1729961068000000000,-25.4093688436,28.3407705203,4.836211881495235,4.9133758556
1729961069000000000,-25.4094076518,28.3407728672,4.830267615240471,5.0073547374
1729961070000000000,-25.4094537523,28.3407708556,4.773317709503436,5.2440032971
1729961071000000000,-25.4095015291,28.3407690116,4.724613076313781,5.4483947766
1729961072000000000,-25.4095493898,28.3407657426,4.687605225110433,5.618438722
1729961073000000000,-25.4096027825,28.3407621384,4.668142546887418,5.9040069593
1729961074000000000,-25.4096569715,28.3407553491,4.654911760706614,6.0680389418
1729961075000000000,-25.4097099451,28.3407493141,4.647049989207421,6.1641845717
1729961076000000000,-25.4097648047,28.3407427762,4.638900591922523,6.2675933852
1729961077000000000,-25.4098218435,28.3407365736,4.638229465086887,6.436447145
1729961078000000000,-25.4098823609,28.3407312092,4.638708841397556,6.531860353
1729961079000000000,-25.4099425429,28.3407240846,4.636503710367424,6.6292114273
1729961080000000000,-25.4099987436,28.3407189716,4.6249028036436,6.6665191665
1729961081000000000,-25.4100524297,28.3407133557,4.615219402162461,6.4110260024
1729961082000000000,-25.4101003742,28.3407107573,4.623368799449105,6.0039215101
1729961083004000000,-25.4101468937,28.3407016211,4.616849281619442,5.7268829359
1729961084004000000,-25.410191695,28.3406954184,4.604385497536759,5.526062013
1729961085004000000,-25.4102406034,28.3406869527,4.573417787850658,5.7129364026
1729961086004000000,-25.4102955887,28.3406751342,4.569582777363544,5.8885803236
1729961087004000000,-25.4103515798,28.3406705242,4.60783700697394,5.9082946791
1729961088004000000,-25.4104077805,28.3406720329,4.700164884457344,5.9307403578
1729961089004000000,-25.4104635201,28.3406804987,4.773413584765919,5.9639434828
1729961090004000000,-25.4105257558,28.3406820912,4.797574150834906,6.0188140883
1729961091004000000,-25.4105857283,28.3406852763,4.818283207466716,5.9561767591
1729961092004000000,-25.410644234,28.3406931553,4.854619931834426,5.9261322035
1729961093004000000,-25.4106985906,28.340706734,4.892970036707304,5.7799835218
1729961094004000000,-25.4107498879,28.3407196421,4.8936411635429415,5.5530853284
1729961095004000000,-25.4108022328,28.3407238331,4.827966608947855,5.4939117444
1729961096004000000,-25.4108551646,28.3407177143,4.707259653858415,5.7284545911
1729961097004000000,-25.4109122872,28.3407084104,4.635257331958632,5.914016725
1729961098004000000,-25.4109681945,28.3406982683,4.599208233378372,5.9767456068
1729961099004000000,-25.4110234732,28.3406859469,4.592401089763003,5.910110475
1729961100004000000,-25.4110771593,28.340681253,4.638708841397556,5.7728118909
1729961101004000000,-25.4111247266,28.3406789899,4.672744559472651,5.628997804
1729961102004000000,-25.4111723358,28.3406790737,4.693453616104459,5.3929901135
1729961103004000000,-25.4112201545,28.3406801634,4.706684402285261,5.2844543469
1729961104004000000,-25.4112693563,28.3406810016,4.715696676930764,5.2247161877
1729961105004000000,-25.4113149539,28.3406846896,4.724708951576265,5.0088195812
1729961106004000000,-25.4113622278,28.340685444,4.731707845714854,4.8442382823
1729961107004000000,-25.4114079092,28.3406883776,4.739857243001497,4.7788238536
1729961108004000000,-25.4114542192,28.3406887967,4.728735712588345,4.7248229991
1729961109004000000,-25.4114944523,28.3406874556,4.70246589074996,4.1547088632
1729961110004000000,-25.4115277704,28.3406862822,4.675333191550973,3.6518402108
1729961111004000000,-25.411554341,28.3406857793,4.653761257560305,3.2205963142
1729961112004000000,-25.4115748767,28.3406841029,4.639859344543866,2.727905274
1729961113004000000,-25.411584935,28.3406874556,4.659801399077553,1.90171814
1729961114004000000,-25.4115921015,28.3406849411,4.641680974525811,1.2484130862
1729961115004000000,-25.4115929397,28.3406869527,4.641680974525811,0.6111450196
1729961116004000000,-25.4115952866,28.3406861145,4.641680974525811,0.6134796144
1729961117004000000,-25.4115962924,28.3406847734,4.641680974525811,0.5565795899
1729961118004000000,-25.4116003996,28.3406827618,4.641680974525811,0.531112671
1729961119003000064,-25.4116009863,28.3406831809,4.641680974525811,0.4708251954
1729961120003000064,-25.4116042133,28.3406841867,4.641680974525811,0.4500122071
1729961121003000064,-25.4116033332,28.3406838514,4.641680974525811,0.0
1729961122003000064,-25.4116033332,28.3406838514,4.641680974525811,0.0
1729961123003000064,-25.4116033332,28.3406838514,4.641680974525811,0.0
1729961124003000064,-25.4116033332,28.3406838514,4.641680974525811,0.0
1729961125003000064,-25.4116033332,28.3406838514,4.641680974525811,0.0
1729961126003000064,-25.4115903413,28.3406815883,4.641680974525811,0.0168609619
1729961127003000064,-25.4115897126,28.3406825103,4.641680974525811,0.0263366699
1729961128003000064,-25.4115903413,28.3406827618,4.641680974525811,0.0377349853
1729961129003000064,-25.4115899641,28.3406825941,4.641680974525811,0.0
1729961130003000064,-25.4115899641,28.3406825941,4.641680974525811,0.0
1729961131003000064,-25.4115899641,28.3406825941,4.641680974525811,0.0
1729961132003000064,-25.4115899641,28.3406825941,4.641680974525811,0.0
1729961133003000064,-25.4115861503,28.3406799957,4.641680974525811,0.0075073242
1729961134003000064,-25.4115851026,28.3406799957,4.641680974525811,0.0381622314
1729961135003000064,-25.4115861503,28.3406795766,4.641680974525811,0.2518920899
1729961136003000064,-25.4115965858,28.3406773135,4.641680974525811,1.1401214602
1729961137003000064,-25.4116158223,28.3406711109,4.556064365395293,2.0817871098
1729961138003000064,-25.4116368609,28.3406643216,4.483199166136649,2.2819061284
1729961139003000064,-25.4116519902,28.3406612203,4.481952787727858,1.7378387455
1729961140003000064,-25.411667832,28.3406542633,4.476871398831952,2.0054473881
1729961141003000064,-25.4116825003,28.3406515811,4.551654103335025,1.7169494632
1729961142003000064,-25.4116928939,28.3406560235,4.661431278534533,1.3820953372
1729961143003000064,-25.4116918461,28.3406639863,4.661431278534533,0.183883667
1729961144003000064,-25.4116907984,28.3406642378,4.661431278534533,0.0789489746
1729961145003000064,-25.4116888706,28.3406624776,4.661431278534533,0.0908660888
1729961146003000064,-25.4116868589,28.3406597115,4.661431278534533,0.0905761718
1729961147003000064,-25.4116861045,28.3406591248,4.661431278534533,0.0
1729961148003000064,-25.4116861045,28.3406591248,4.661431278534533,0.0
1729961149003000064,-25.4116861045,28.3406591248,4.661431278534533,0.0
1729961150002000128,-25.4116861045,28.3406591248,4.661431278534533,0.0
1729961151002000128,-25.4116861045,28.3406591248,4.661431278534533,0.0
1729961152002000128,-25.4116861045,28.3406591248,4.661431278534533,0.0
1729961153002000128,-25.4116861045,28.3406591248,4.661431278534533,0.0
1729961154002000128,-25.4116861045,28.3406591248,4.661431278534533,0.0
1729961155002000128,-25.4117034551,28.3406516649,4.661431278534533,0.0072021484
1729961156002000128,-25.4117050057,28.3406509105,4.661431278534533,0.0
1729961157002000128,-25.4117050057,28.3406509105,4.661431278534533,0.0
1729961158002000128,-25.4117050057,28.3406509105,4.661431278534533,0.0
1729961159002000128,-25.4117050057,28.3406509105,4.661431278534533,0.0
1729961160002000128,-25.4117050057,28.3406509105,4.661431278534533,0.0
1729961161002000128,-25.4117050057,28.3406509105,4.661431278534533,0.0
1729961162002000128,-25.4117061373,28.3406512458,4.661431278534533,0.0037536621
1729961163002000128,-25.4117065564,28.3406509105,4.661431278534533,0.0
1729961164002000128,-25.4117065564,28.3406509105,4.661431278534533,0.0
1729961165002000128,-25.4117074784,28.3406509944,4.661431278534533,0.0162353515
1729961166002000128,-25.4117073108,28.3406504914,4.661431278534533,0.0
1729961167002000128,-25.4117065145,28.3406518326,4.661431278534533,0.0612335205
1729961168002000128,-25.4117083585,28.3406537604,4.661431278534533,0.2161254883
1729961169002000128,-25.4117105378,28.3406500724,4.752416902346661,0.4388275147
1729961170002000128,-25.411715064,28.3406583704,4.752416902346661,0.7088165284
1729961171002000128,-25.4117405869,28.3407254257,5.732741458171494,2.883651734
1729961172002000128,-25.4117550876,28.3407504037,5.768982307276722,3.1051940925
1729961173002000128,-25.411768331,28.3407737054,5.716538538862437,2.9630889899
1729961174000999936,-25.4117876094,28.3407939896,5.560549487289114,2.9333648688
1729961175000999936,-25.4118049599,28.3408113402,5.430926132818402,2.8018188483
1729961176000999936,-25.411820215,28.3408272658,5.386631761689015,2.3723754888
1729961177000999936,-25.4118357215,28.3408439458,5.379057615977271,2.1730499272
1729961178000999936,-25.4118498869,28.3408550099,5.383467878037539,1.9601440434
1729961179000999936,-25.4118608253,28.3408606258,5.378386489141634,1.6080017093
1729961180000999936,-25.4118755355,28.3408698459,5.370812343429891,1.3013458254
1729961181000999936,-25.4118884437,28.340877641,5.370812343429891,1.0794982912
1729961182000999936,-25.4119007232,28.3408793174,5.370812343429891,1.0081787111
1729961183000999936,-25.4119186604,28.3408889566,5.370812343429891,1.1678924563
1729961184000999936,-25.4119435966,28.340896165,5.370812343429891,1.2631988528
1729961185000999936,-25.4119683232,28.3409056366,5.370812343429891,1.3141937258
1729961186000999936,-25.4119927565,28.3409081511,5.370812343429891,1.5722351077
1729961187000999936,-25.4120149685,28.3409169521,5.370812343429891,1.841751099
1729961188000999936,-25.4120223446,28.3409416788,5.370812343429891,1.7879028324
1729961189000999936,-25.412026787,28.3409602866,5.370812343429891,1.4895019534
1729961190000999936,-25.4120363843,28.3409783077,5.370812343429891,1.3657989505
1729961191000000000,-25.4120523099,28.3409905453,5.370812343429891,1.2155609133
1729961192000000000,-25.4120660981,28.3409995139,5.370812343429891,1.0570220949
1729961193000000000,-25.4120698281,28.3410073091,5.370812343429891,0.8880004884
1729961194000000000,-25.4120724265,28.3410306946,5.370812343429891,0.8546752931
1729961195000000000,-25.41206153,28.3410434351,5.370812343429891,0.8238525392
1729961196000000000,-25.4120523937,28.3410570137,5.370812343429891,0.7070159913
1729961197000000000,-25.412037893,28.3410629649,5.370812343429891,0.4994506837
1729961198000000000,-25.4120216321,28.3410602827,5.370812343429891,0.4026184082
1729961199000000000,-25.4120019766,28.3410543315,5.370812343429891,0.3539123535
1729961200000000000,-25.4119840812,28.3410524037,5.370812343429891,0.3371429444
1729961201000000000,-25.4119754478,28.3410512302,5.370812343429891,0.3307800293
1729961202000000000,-25.4119705444,28.3410421778,5.370812343429891,0.3254089356
1729961203000000000,-25.4119620368,28.3410285153,5.370812343429891,0.3210754395
1729961204000000000,-25.4119576782,28.3410213068,5.370812343429891,0.3263702393
1729961205000000000,-25.4119520204,28.3410107456,5.370812343429891,0.303100586
1729961206000000000,-25.4119500926,28.3409993463,5.370812343429891,0.2376098633
1729961207000000000,-25.4119467817,28.3409887851,5.370812343429891,0.1598358154
1729961208000000000,-25.4119430518,28.3409783077,5.370812343429891,0.0512084961
1729961209003000064,-25.411942507,28.3409755417,5.370812343429891,0.1605529785
1729961210003000064,-25.4119439319,28.3409747873,5.370812343429891,0.1466674805
1729961211003000064,-25.4119437642,28.340977218,5.370812343429891,0.1269226074
1729961212003000064,-25.4119363463,28.3409755417,5.370812343429891,0.0349731445
1729961213003000064,-25.4119440576,28.3409762122,5.370812343429891,0.0762329101
1729961214003000064,-25.4119447282,28.3409778886,5.370812343429891,0.0552520752
1729961215003000064,-25.4119422136,28.340975374,5.370812343429891,0.0534210205
1729961216003000064,-25.41194016,28.3409742844,5.370812343429891,0.0
1729961217003000064,-25.4119398667,28.3409736976,5.370812343429891,0.0253448486
1729961218004000000,-25.4119354242,28.3409728594,5.370812343429891,0.042388916
1729961219003000064,-25.4119359691,28.3409723565,5.370812343429891,0.0553741455
1729961220003000064,-25.4119368492,28.3409694229,5.370812343429891,0.05859375
1729961221004000000,-25.4119391123,28.3409675788,5.370812343429891,0.0652313232
1729961222003000064,-25.4119348375,28.3409643099,5.370812343429891,0.0651092529
1729961223003000064,-25.4119316943,28.3409633879,5.370812343429891,0.0657806396
1729961224003000064,-25.4119344184,28.3409642261,5.370812343429891,0.0628204345
1729961225003000064,-25.4119331611,28.3409664892,5.370812343429891,0.0530548095
1729961226003000064,-25.411939699,28.3409682494,5.370812343429891,0.3274536133
1729961227003000064,-25.4119373521,28.340963807,5.370812343429891,0.0619354248
