[0.288s] DEBUG:colcon:Command line arguments: ['/usr/bin/colcon', 'build', '--symlink-install', '--cmake-args=-DCMAKE_BUILD_TYPE=Release']
[0.288s] DEBUG:colcon:Parsed command line arguments: Namespace(log_base=None, log_level=None, verb_name='build', build_base='build', install_base='install', merge_install=False, symlink_install=True, test_result_base=None, continue_on_error=False, executor='parallel', parallel_workers=8, event_handlers=None, ignore_user_meta=False, metas=['./colcon.meta'], base_paths=['.'], packages_ignore=None, packages_ignore_regex=None, paths=None, packages_up_to=None, packages_up_to_regex=None, packages_above=None, packages_above_and_dependencies=None, packages_above_depth=None, packages_select_by_dep=None, packages_skip_by_dep=None, packages_skip_up_to=None, packages_select_build_failed=False, packages_skip_build_finished=False, packages_select_test_failures=False, packages_skip_test_passed=False, packages_select=None, packages_skip=None, packages_select_regex=None, packages_skip_regex=None, packages_start=None, packages_end=None, allow_overriding=[], cmake_args=['-DCMAKE_BUILD_TYPE=Release'], cmake_target=None, cmake_target_skip_unavailable=False, cmake_clean_cache=False, cmake_clean_first=False, cmake_force_configure=False, ament_cmake_args=None, catkin_cmake_args=None, catkin_skip_building_tests=False, verb_parser=<colcon_defaults.argument_parser.defaults.DefaultArgumentsDecorator object at 0xffff8de65c60>, verb_extension=<colcon_core.verb.build.BuildVerb object at 0xffff8e0370d0>, main=<bound method BuildVerb.main of <colcon_core.verb.build.BuildVerb object at 0xffff8e0370d0>>)
[0.833s] Level 1:colcon.colcon_core.package_discovery:discover_packages(colcon_meta) check parameters
[0.834s] Level 1:colcon.colcon_core.package_discovery:discover_packages(recursive) check parameters
[0.834s] Level 1:colcon.colcon_core.package_discovery:discover_packages(ignore) check parameters
[0.834s] Level 1:colcon.colcon_core.package_discovery:discover_packages(path) check parameters
[0.834s] Level 1:colcon.colcon_core.package_discovery:discover_packages(colcon_meta) discover
[0.834s] Level 1:colcon.colcon_core.package_discovery:discover_packages(recursive) discover
[0.834s] INFO:colcon.colcon_core.package_discovery:Crawling recursively for packages in '/home/user/vision_ws'
[0.834s] Level 1:colcon.colcon_core.package_identification:_identify(.) by extensions ['ignore', 'ignore_ament_install']
[0.834s] Level 1:colcon.colcon_core.package_identification:_identify(.) by extension 'ignore'
[0.835s] Level 1:colcon.colcon_core.package_identification:_identify(.) by extension 'ignore_ament_install'
[0.835s] Level 1:colcon.colcon_core.package_identification:_identify(.) by extensions ['colcon_pkg']
[0.835s] Level 1:colcon.colcon_core.package_identification:_identify(.) by extension 'colcon_pkg'
[0.835s] Level 1:colcon.colcon_core.package_identification:_identify(.) by extensions ['colcon_meta']
[0.835s] Level 1:colcon.colcon_core.package_identification:_identify(.) by extension 'colcon_meta'
[0.835s] Level 1:colcon.colcon_core.package_identification:_identify(.) by extensions ['ros']
[0.835s] Level 1:colcon.colcon_core.package_identification:_identify(.) by extension 'ros'
[0.861s] Level 1:colcon.colcon_core.package_identification:_identify(.) by extensions ['cmake', 'python']
[0.861s] Level 1:colcon.colcon_core.package_identification:_identify(.) by extension 'cmake'
[0.861s] Level 1:colcon.colcon_core.package_identification:_identify(.) by extension 'python'
[0.861s] Level 1:colcon.colcon_core.package_identification:_identify(.) by extensions ['python_setup_py']
[0.862s] Level 1:colcon.colcon_core.package_identification:_identify(.) by extension 'python_setup_py'
[0.862s] Level 1:colcon.colcon_core.package_identification:_identify(build) by extensions ['ignore', 'ignore_ament_install']
[0.862s] Level 1:colcon.colcon_core.package_identification:_identify(build) by extension 'ignore'
[0.862s] Level 1:colcon.colcon_core.package_identification:_identify(build) ignored
[0.863s] Level 1:colcon.colcon_core.package_identification:_identify(install) by extensions ['ignore', 'ignore_ament_install']
[0.863s] Level 1:colcon.colcon_core.package_identification:_identify(install) by extension 'ignore'
[0.863s] Level 1:colcon.colcon_core.package_identification:_identify(install) ignored
[0.863s] Level 1:colcon.colcon_core.package_identification:_identify(log) by extensions ['ignore', 'ignore_ament_install']
[0.863s] Level 1:colcon.colcon_core.package_identification:_identify(log) by extension 'ignore'
[0.863s] Level 1:colcon.colcon_core.package_identification:_identify(log) ignored
[0.864s] Level 1:colcon.colcon_core.package_identification:_identify(src) by extensions ['ignore', 'ignore_ament_install']
[0.864s] Level 1:colcon.colcon_core.package_identification:_identify(src) by extension 'ignore'
[0.864s] Level 1:colcon.colcon_core.package_identification:_identify(src) by extension 'ignore_ament_install'
[0.864s] Level 1:colcon.colcon_core.package_identification:_identify(src) by extensions ['colcon_pkg']
[0.864s] Level 1:colcon.colcon_core.package_identification:_identify(src) by extension 'colcon_pkg'
[0.864s] Level 1:colcon.colcon_core.package_identification:_identify(src) by extensions ['colcon_meta']
[0.864s] Level 1:colcon.colcon_core.package_identification:_identify(src) by extension 'colcon_meta'
[0.864s] Level 1:colcon.colcon_core.package_identification:_identify(src) by extensions ['ros']
[0.865s] Level 1:colcon.colcon_core.package_identification:_identify(src) by extension 'ros'
[0.865s] Level 1:colcon.colcon_core.package_identification:_identify(src) by extensions ['cmake', 'python']
[0.865s] Level 1:colcon.colcon_core.package_identification:_identify(src) by extension 'cmake'
[0.865s] Level 1:colcon.colcon_core.package_identification:_identify(src) by extension 'python'
[0.865s] Level 1:colcon.colcon_core.package_identification:_identify(src) by extensions ['python_setup_py']
[0.865s] Level 1:colcon.colcon_core.package_identification:_identify(src) by extension 'python_setup_py'
[0.865s] Level 1:colcon.colcon_core.package_identification:_identify(src/zed-ros2-examples) by extensions ['ignore', 'ignore_ament_install']
[0.865s] Level 1:colcon.colcon_core.package_identification:_identify(src/zed-ros2-examples) by extension 'ignore'
[0.866s] Level 1:colcon.colcon_core.package_identification:_identify(src/zed-ros2-examples) by extension 'ignore_ament_install'
[0.866s] Level 1:colcon.colcon_core.package_identification:_identify(src/zed-ros2-examples) by extensions ['colcon_pkg']
[0.866s] Level 1:colcon.colcon_core.package_identification:_identify(src/zed-ros2-examples) by extension 'colcon_pkg'
[0.866s] Level 1:colcon.colcon_core.package_identification:_identify(src/zed-ros2-examples) by extensions ['colcon_meta']
[0.866s] Level 1:colcon.colcon_core.package_identification:_identify(src/zed-ros2-examples) by extension 'colcon_meta'
[0.866s] Level 1:colcon.colcon_core.package_identification:_identify(src/zed-ros2-examples) by extensions ['ros']
[0.866s] Level 1:colcon.colcon_core.package_identification:_identify(src/zed-ros2-examples) by extension 'ros'
[0.866s] Level 1:colcon.colcon_core.package_identification:_identify(src/zed-ros2-examples) by extensions ['cmake', 'python']
[0.866s] Level 1:colcon.colcon_core.package_identification:_identify(src/zed-ros2-examples) by extension 'cmake'
[0.867s] Level 1:colcon.colcon_core.package_identification:_identify(src/zed-ros2-examples) by extension 'python'
[0.867s] Level 1:colcon.colcon_core.package_identification:_identify(src/zed-ros2-examples) by extensions ['python_setup_py']
[0.867s] Level 1:colcon.colcon_core.package_identification:_identify(src/zed-ros2-examples) by extension 'python_setup_py'
[0.867s] Level 1:colcon.colcon_core.package_identification:_identify(src/zed-ros2-examples/examples) by extensions ['ignore', 'ignore_ament_install']
[0.867s] Level 1:colcon.colcon_core.package_identification:_identify(src/zed-ros2-examples/examples) by extension 'ignore'
[0.868s] Level 1:colcon.colcon_core.package_identification:_identify(src/zed-ros2-examples/examples) by extension 'ignore_ament_install'
[0.868s] Level 1:colcon.colcon_core.package_identification:_identify(src/zed-ros2-examples/examples) by extensions ['colcon_pkg']
[0.868s] Level 1:colcon.colcon_core.package_identification:_identify(src/zed-ros2-examples/examples) by extension 'colcon_pkg'
[0.868s] Level 1:colcon.colcon_core.package_identification:_identify(src/zed-ros2-examples/examples) by extensions ['colcon_meta']
[0.868s] Level 1:colcon.colcon_core.package_identification:_identify(src/zed-ros2-examples/examples) by extension 'colcon_meta'
[0.868s] Level 1:colcon.colcon_core.package_identification:_identify(src/zed-ros2-examples/examples) by extensions ['ros']
[0.868s] Level 1:colcon.colcon_core.package_identification:_identify(src/zed-ros2-examples/examples) by extension 'ros'
[0.868s] Level 1:colcon.colcon_core.package_identification:_identify(src/zed-ros2-examples/examples) by extensions ['cmake', 'python']
[0.868s] Level 1:colcon.colcon_core.package_identification:_identify(src/zed-ros2-examples/examples) by extension 'cmake'
[0.868s] Level 1:colcon.colcon_core.package_identification:_identify(src/zed-ros2-examples/examples) by extension 'python'
[0.869s] Level 1:colcon.colcon_core.package_identification:_identify(src/zed-ros2-examples/examples) by extensions ['python_setup_py']
[0.869s] Level 1:colcon.colcon_core.package_identification:_identify(src/zed-ros2-examples/examples) by extension 'python_setup_py'
[0.869s] Level 1:colcon.colcon_core.package_identification:_identify(src/zed-ros2-examples/examples/zed_aruco_localization) by extensions ['ignore', 'ignore_ament_install']
[0.869s] Level 1:colcon.colcon_core.package_identification:_identify(src/zed-ros2-examples/examples/zed_aruco_localization) by extension 'ignore'
[0.869s] Level 1:colcon.colcon_core.package_identification:_identify(src/zed-ros2-examples/examples/zed_aruco_localization) by extension 'ignore_ament_install'
[0.869s] Level 1:colcon.colcon_core.package_identification:_identify(src/zed-ros2-examples/examples/zed_aruco_localization) by extensions ['colcon_pkg']
[0.869s] Level 1:colcon.colcon_core.package_identification:_identify(src/zed-ros2-examples/examples/zed_aruco_localization) by extension 'colcon_pkg'
[0.870s] Level 1:colcon.colcon_core.package_identification:_identify(src/zed-ros2-examples/examples/zed_aruco_localization) by extensions ['colcon_meta']
[0.870s] Level 1:colcon.colcon_core.package_identification:_identify(src/zed-ros2-examples/examples/zed_aruco_localization) by extension 'colcon_meta'
[0.870s] Level 1:colcon.colcon_core.package_identification:_identify(src/zed-ros2-examples/examples/zed_aruco_localization) by extensions ['ros']
[0.870s] Level 1:colcon.colcon_core.package_identification:_identify(src/zed-ros2-examples/examples/zed_aruco_localization) by extension 'ros'
[0.877s] DEBUG:colcon.colcon_core.package_identification:Package 'src/zed-ros2-examples/examples/zed_aruco_localization' with type 'ros.ament_cmake' and name 'zed_aruco_localization'
[0.877s] Level 1:colcon.colcon_core.package_identification:_identify(src/zed-ros2-examples/examples/zed_depth_to_laserscan) by extensions ['ignore', 'ignore_ament_install']
[0.877s] Level 1:colcon.colcon_core.package_identification:_identify(src/zed-ros2-examples/examples/zed_depth_to_laserscan) by extension 'ignore'
[0.878s] Level 1:colcon.colcon_core.package_identification:_identify(src/zed-ros2-examples/examples/zed_depth_to_laserscan) by extension 'ignore_ament_install'
[0.878s] Level 1:colcon.colcon_core.package_identification:_identify(src/zed-ros2-examples/examples/zed_depth_to_laserscan) by extensions ['colcon_pkg']
[0.878s] Level 1:colcon.colcon_core.package_identification:_identify(src/zed-ros2-examples/examples/zed_depth_to_laserscan) by extension 'colcon_pkg'
[0.878s] Level 1:colcon.colcon_core.package_identification:_identify(src/zed-ros2-examples/examples/zed_depth_to_laserscan) by extensions ['colcon_meta']
[0.878s] Level 1:colcon.colcon_core.package_identification:_identify(src/zed-ros2-examples/examples/zed_depth_to_laserscan) by extension 'colcon_meta'
[0.878s] Level 1:colcon.colcon_core.package_identification:_identify(src/zed-ros2-examples/examples/zed_depth_to_laserscan) by extensions ['ros']
[0.878s] Level 1:colcon.colcon_core.package_identification:_identify(src/zed-ros2-examples/examples/zed_depth_to_laserscan) by extension 'ros'
[0.880s] DEBUG:colcon.colcon_core.package_identification:Package 'src/zed-ros2-examples/examples/zed_depth_to_laserscan' with type 'ros.ament_cmake' and name 'zed_depth_to_laserscan'
[0.881s] Level 1:colcon.colcon_core.package_identification:_identify(src/zed-ros2-examples/images) by extensions ['ignore', 'ignore_ament_install']
[0.881s] Level 1:colcon.colcon_core.package_identification:_identify(src/zed-ros2-examples/images) by extension 'ignore'
[0.881s] Level 1:colcon.colcon_core.package_identification:_identify(src/zed-ros2-examples/images) by extension 'ignore_ament_install'
[0.881s] Level 1:colcon.colcon_core.package_identification:_identify(src/zed-ros2-examples/images) by extensions ['colcon_pkg']
[0.882s] Level 1:colcon.colcon_core.package_identification:_identify(src/zed-ros2-examples/images) by extension 'colcon_pkg'
[0.882s] Level 1:colcon.colcon_core.package_identification:_identify(src/zed-ros2-examples/images) by extensions ['colcon_meta']
[0.882s] Level 1:colcon.colcon_core.package_identification:_identify(src/zed-ros2-examples/images) by extension 'colcon_meta'
[0.882s] Level 1:colcon.colcon_core.package_identification:_identify(src/zed-ros2-examples/images) by extensions ['ros']
[0.882s] Level 1:colcon.colcon_core.package_identification:_identify(src/zed-ros2-examples/images) by extension 'ros'
[0.882s] Level 1:colcon.colcon_core.package_identification:_identify(src/zed-ros2-examples/images) by extensions ['cmake', 'python']
[0.882s] Level 1:colcon.colcon_core.package_identification:_identify(src/zed-ros2-examples/images) by extension 'cmake'
[0.882s] Level 1:colcon.colcon_core.package_identification:_identify(src/zed-ros2-examples/images) by extension 'python'
[0.882s] Level 1:colcon.colcon_core.package_identification:_identify(src/zed-ros2-examples/images) by extensions ['python_setup_py']
[0.883s] Level 1:colcon.colcon_core.package_identification:_identify(src/zed-ros2-examples/images) by extension 'python_setup_py'
[0.883s] Level 1:colcon.colcon_core.package_identification:_identify(src/zed-ros2-examples/rviz-plugin-zed-od) by extensions ['ignore', 'ignore_ament_install']
[0.883s] Level 1:colcon.colcon_core.package_identification:_identify(src/zed-ros2-examples/rviz-plugin-zed-od) by extension 'ignore'
[0.883s] Level 1:colcon.colcon_core.package_identification:_identify(src/zed-ros2-examples/rviz-plugin-zed-od) by extension 'ignore_ament_install'
[0.883s] Level 1:colcon.colcon_core.package_identification:_identify(src/zed-ros2-examples/rviz-plugin-zed-od) by extensions ['colcon_pkg']
[0.883s] Level 1:colcon.colcon_core.package_identification:_identify(src/zed-ros2-examples/rviz-plugin-zed-od) by extension 'colcon_pkg'
[0.883s] Level 1:colcon.colcon_core.package_identification:_identify(src/zed-ros2-examples/rviz-plugin-zed-od) by extensions ['colcon_meta']
[0.883s] Level 1:colcon.colcon_core.package_identification:_identify(src/zed-ros2-examples/rviz-plugin-zed-od) by extension 'colcon_meta'
[0.884s] Level 1:colcon.colcon_core.package_identification:_identify(src/zed-ros2-examples/rviz-plugin-zed-od) by extensions ['ros']
[0.884s] Level 1:colcon.colcon_core.package_identification:_identify(src/zed-ros2-examples/rviz-plugin-zed-od) by extension 'ros'
[0.885s] DEBUG:colcon.colcon_core.package_identification:Package 'src/zed-ros2-examples/rviz-plugin-zed-od' with type 'ros.ament_cmake' and name 'rviz_plugin_zed_od'
[0.886s] Level 1:colcon.colcon_core.package_identification:_identify(src/zed-ros2-examples/tools) by extensions ['ignore', 'ignore_ament_install']
[0.886s] Level 1:colcon.colcon_core.package_identification:_identify(src/zed-ros2-examples/tools) by extension 'ignore'
[0.886s] Level 1:colcon.colcon_core.package_identification:_identify(src/zed-ros2-examples/tools) by extension 'ignore_ament_install'
[0.886s] Level 1:colcon.colcon_core.package_identification:_identify(src/zed-ros2-examples/tools) by extensions ['colcon_pkg']
[0.886s] Level 1:colcon.colcon_core.package_identification:_identify(src/zed-ros2-examples/tools) by extension 'colcon_pkg'
[0.886s] Level 1:colcon.colcon_core.package_identification:_identify(src/zed-ros2-examples/tools) by extensions ['colcon_meta']
[0.886s] Level 1:colcon.colcon_core.package_identification:_identify(src/zed-ros2-examples/tools) by extension 'colcon_meta'
[0.886s] Level 1:colcon.colcon_core.package_identification:_identify(src/zed-ros2-examples/tools) by extensions ['ros']
[0.886s] Level 1:colcon.colcon_core.package_identification:_identify(src/zed-ros2-examples/tools) by extension 'ros'
[0.887s] Level 1:colcon.colcon_core.package_identification:_identify(src/zed-ros2-examples/tools) by extensions ['cmake', 'python']
[0.887s] Level 1:colcon.colcon_core.package_identification:_identify(src/zed-ros2-examples/tools) by extension 'cmake'
[0.887s] Level 1:colcon.colcon_core.package_identification:_identify(src/zed-ros2-examples/tools) by extension 'python'
[0.887s] Level 1:colcon.colcon_core.package_identification:_identify(src/zed-ros2-examples/tools) by extensions ['python_setup_py']
[0.887s] Level 1:colcon.colcon_core.package_identification:_identify(src/zed-ros2-examples/tools) by extension 'python_setup_py'
[0.887s] Level 1:colcon.colcon_core.package_identification:_identify(src/zed-ros2-examples/tools/zed_benchmark) by extensions ['ignore', 'ignore_ament_install']
[0.888s] Level 1:colcon.colcon_core.package_identification:_identify(src/zed-ros2-examples/tools/zed_benchmark) by extension 'ignore'
[0.888s] Level 1:colcon.colcon_core.package_identification:_identify(src/zed-ros2-examples/tools/zed_benchmark) by extension 'ignore_ament_install'
[0.888s] Level 1:colcon.colcon_core.package_identification:_identify(src/zed-ros2-examples/tools/zed_benchmark) by extensions ['colcon_pkg']
[0.888s] Level 1:colcon.colcon_core.package_identification:_identify(src/zed-ros2-examples/tools/zed_benchmark) by extension 'colcon_pkg'
[0.888s] Level 1:colcon.colcon_core.package_identification:_identify(src/zed-ros2-examples/tools/zed_benchmark) by extensions ['colcon_meta']
[0.888s] Level 1:colcon.colcon_core.package_identification:_identify(src/zed-ros2-examples/tools/zed_benchmark) by extension 'colcon_meta'
[0.888s] Level 1:colcon.colcon_core.package_identification:_identify(src/zed-ros2-examples/tools/zed_benchmark) by extensions ['ros']
[0.888s] Level 1:colcon.colcon_core.package_identification:_identify(src/zed-ros2-examples/tools/zed_benchmark) by extension 'ros'
[0.890s] DEBUG:colcon.colcon_core.package_identification:Package 'src/zed-ros2-examples/tools/zed_benchmark' with type 'ros.ament_cmake' and name 'zed_topic_benchmark'
[0.890s] Level 1:colcon.colcon_core.package_identification:_identify(src/zed-ros2-examples/tools/zed_benchmark_component) by extensions ['ignore', 'ignore_ament_install']
[0.890s] Level 1:colcon.colcon_core.package_identification:_identify(src/zed-ros2-examples/tools/zed_benchmark_component) by extension 'ignore'
[0.890s] Level 1:colcon.colcon_core.package_identification:_identify(src/zed-ros2-examples/tools/zed_benchmark_component) by extension 'ignore_ament_install'
[0.890s] Level 1:colcon.colcon_core.package_identification:_identify(src/zed-ros2-examples/tools/zed_benchmark_component) by extensions ['colcon_pkg']
[0.891s] Level 1:colcon.colcon_core.package_identification:_identify(src/zed-ros2-examples/tools/zed_benchmark_component) by extension 'colcon_pkg'
[0.891s] Level 1:colcon.colcon_core.package_identification:_identify(src/zed-ros2-examples/tools/zed_benchmark_component) by extensions ['colcon_meta']
[0.891s] Level 1:colcon.colcon_core.package_identification:_identify(src/zed-ros2-examples/tools/zed_benchmark_component) by extension 'colcon_meta'
[0.891s] Level 1:colcon.colcon_core.package_identification:_identify(src/zed-ros2-examples/tools/zed_benchmark_component) by extensions ['ros']
[0.891s] Level 1:colcon.colcon_core.package_identification:_identify(src/zed-ros2-examples/tools/zed_benchmark_component) by extension 'ros'
[0.892s] DEBUG:colcon.colcon_core.package_identification:Package 'src/zed-ros2-examples/tools/zed_benchmark_component' with type 'ros.ament_cmake' and name 'zed_topic_benchmark_component'
[0.893s] Level 1:colcon.colcon_core.package_identification:_identify(src/zed-ros2-examples/tools/zed_benchmark_interfaces) by extensions ['ignore', 'ignore_ament_install']
[0.893s] Level 1:colcon.colcon_core.package_identification:_identify(src/zed-ros2-examples/tools/zed_benchmark_interfaces) by extension 'ignore'
[0.893s] Level 1:colcon.colcon_core.package_identification:_identify(src/zed-ros2-examples/tools/zed_benchmark_interfaces) by extension 'ignore_ament_install'
[0.893s] Level 1:colcon.colcon_core.package_identification:_identify(src/zed-ros2-examples/tools/zed_benchmark_interfaces) by extensions ['colcon_pkg']
[0.893s] Level 1:colcon.colcon_core.package_identification:_identify(src/zed-ros2-examples/tools/zed_benchmark_interfaces) by extension 'colcon_pkg'
[0.893s] Level 1:colcon.colcon_core.package_identification:_identify(src/zed-ros2-examples/tools/zed_benchmark_interfaces) by extensions ['colcon_meta']
[0.893s] Level 1:colcon.colcon_core.package_identification:_identify(src/zed-ros2-examples/tools/zed_benchmark_interfaces) by extension 'colcon_meta'
[0.894s] Level 1:colcon.colcon_core.package_identification:_identify(src/zed-ros2-examples/tools/zed_benchmark_interfaces) by extensions ['ros']
[0.894s] Level 1:colcon.colcon_core.package_identification:_identify(src/zed-ros2-examples/tools/zed_benchmark_interfaces) by extension 'ros'
[0.895s] DEBUG:colcon.colcon_core.package_identification:Package 'src/zed-ros2-examples/tools/zed_benchmark_interfaces' with type 'ros.ament_cmake' and name 'zed_topic_benchmark_interfaces'
[0.896s] Level 1:colcon.colcon_core.package_identification:_identify(src/zed-ros2-examples/tutorials) by extensions ['ignore', 'ignore_ament_install']
[0.896s] Level 1:colcon.colcon_core.package_identification:_identify(src/zed-ros2-examples/tutorials) by extension 'ignore'
[0.896s] Level 1:colcon.colcon_core.package_identification:_identify(src/zed-ros2-examples/tutorials) by extension 'ignore_ament_install'
[0.896s] Level 1:colcon.colcon_core.package_identification:_identify(src/zed-ros2-examples/tutorials) by extensions ['colcon_pkg']
[0.896s] Level 1:colcon.colcon_core.package_identification:_identify(src/zed-ros2-examples/tutorials) by extension 'colcon_pkg'
[0.896s] Level 1:colcon.colcon_core.package_identification:_identify(src/zed-ros2-examples/tutorials) by extensions ['colcon_meta']
[0.896s] Level 1:colcon.colcon_core.package_identification:_identify(src/zed-ros2-examples/tutorials) by extension 'colcon_meta'
[0.896s] Level 1:colcon.colcon_core.package_identification:_identify(src/zed-ros2-examples/tutorials) by extensions ['ros']
[0.896s] Level 1:colcon.colcon_core.package_identification:_identify(src/zed-ros2-examples/tutorials) by extension 'ros'
[0.897s] Level 1:colcon.colcon_core.package_identification:_identify(src/zed-ros2-examples/tutorials) by extensions ['cmake', 'python']
[0.897s] Level 1:colcon.colcon_core.package_identification:_identify(src/zed-ros2-examples/tutorials) by extension 'cmake'
[0.897s] Level 1:colcon.colcon_core.package_identification:_identify(src/zed-ros2-examples/tutorials) by extension 'python'
[0.897s] Level 1:colcon.colcon_core.package_identification:_identify(src/zed-ros2-examples/tutorials) by extensions ['python_setup_py']
[0.897s] Level 1:colcon.colcon_core.package_identification:_identify(src/zed-ros2-examples/tutorials) by extension 'python_setup_py'
[0.897s] Level 1:colcon.colcon_core.package_identification:_identify(src/zed-ros2-examples/tutorials/zed_depth_tutorial) by extensions ['ignore', 'ignore_ament_install']
[0.898s] Level 1:colcon.colcon_core.package_identification:_identify(src/zed-ros2-examples/tutorials/zed_depth_tutorial) by extension 'ignore'
[0.898s] Level 1:colcon.colcon_core.package_identification:_identify(src/zed-ros2-examples/tutorials/zed_depth_tutorial) by extension 'ignore_ament_install'
[0.898s] Level 1:colcon.colcon_core.package_identification:_identify(src/zed-ros2-examples/tutorials/zed_depth_tutorial) by extensions ['colcon_pkg']
[0.898s] Level 1:colcon.colcon_core.package_identification:_identify(src/zed-ros2-examples/tutorials/zed_depth_tutorial) by extension 'colcon_pkg'
[0.898s] Level 1:colcon.colcon_core.package_identification:_identify(src/zed-ros2-examples/tutorials/zed_depth_tutorial) by extensions ['colcon_meta']
[0.898s] Level 1:colcon.colcon_core.package_identification:_identify(src/zed-ros2-examples/tutorials/zed_depth_tutorial) by extension 'colcon_meta'
[0.898s] Level 1:colcon.colcon_core.package_identification:_identify(src/zed-ros2-examples/tutorials/zed_depth_tutorial) by extensions ['ros']
[0.898s] Level 1:colcon.colcon_core.package_identification:_identify(src/zed-ros2-examples/tutorials/zed_depth_tutorial) by extension 'ros'
[0.900s] DEBUG:colcon.colcon_core.package_identification:Package 'src/zed-ros2-examples/tutorials/zed_depth_tutorial' with type 'ros.ament_cmake' and name 'zed_tutorial_depth'
[0.900s] Level 1:colcon.colcon_core.package_identification:_identify(src/zed-ros2-examples/tutorials/zed_ipc) by extensions ['ignore', 'ignore_ament_install']
[0.900s] Level 1:colcon.colcon_core.package_identification:_identify(src/zed-ros2-examples/tutorials/zed_ipc) by extension 'ignore'
[0.900s] Level 1:colcon.colcon_core.package_identification:_identify(src/zed-ros2-examples/tutorials/zed_ipc) by extension 'ignore_ament_install'
[0.901s] Level 1:colcon.colcon_core.package_identification:_identify(src/zed-ros2-examples/tutorials/zed_ipc) by extensions ['colcon_pkg']
[0.901s] Level 1:colcon.colcon_core.package_identification:_identify(src/zed-ros2-examples/tutorials/zed_ipc) by extension 'colcon_pkg'
[0.901s] Level 1:colcon.colcon_core.package_identification:_identify(src/zed-ros2-examples/tutorials/zed_ipc) by extensions ['colcon_meta']
[0.901s] Level 1:colcon.colcon_core.package_identification:_identify(src/zed-ros2-examples/tutorials/zed_ipc) by extension 'colcon_meta'
[0.901s] Level 1:colcon.colcon_core.package_identification:_identify(src/zed-ros2-examples/tutorials/zed_ipc) by extensions ['ros']
[0.901s] Level 1:colcon.colcon_core.package_identification:_identify(src/zed-ros2-examples/tutorials/zed_ipc) by extension 'ros'
[0.903s] DEBUG:colcon.colcon_core.package_identification:Package 'src/zed-ros2-examples/tutorials/zed_ipc' with type 'ros.ament_cmake' and name 'zed_ipc'
[0.903s] Level 1:colcon.colcon_core.package_identification:_identify(src/zed-ros2-examples/tutorials/zed_multi_camera) by extensions ['ignore', 'ignore_ament_install']
[0.903s] Level 1:colcon.colcon_core.package_identification:_identify(src/zed-ros2-examples/tutorials/zed_multi_camera) by extension 'ignore'
[0.904s] Level 1:colcon.colcon_core.package_identification:_identify(src/zed-ros2-examples/tutorials/zed_multi_camera) by extension 'ignore_ament_install'
[0.904s] Level 1:colcon.colcon_core.package_identification:_identify(src/zed-ros2-examples/tutorials/zed_multi_camera) by extensions ['colcon_pkg']
[0.904s] Level 1:colcon.colcon_core.package_identification:_identify(src/zed-ros2-examples/tutorials/zed_multi_camera) by extension 'colcon_pkg'
[0.904s] Level 1:colcon.colcon_core.package_identification:_identify(src/zed-ros2-examples/tutorials/zed_multi_camera) by extensions ['colcon_meta']
[0.904s] Level 1:colcon.colcon_core.package_identification:_identify(src/zed-ros2-examples/tutorials/zed_multi_camera) by extension 'colcon_meta'
[0.904s] Level 1:colcon.colcon_core.package_identification:_identify(src/zed-ros2-examples/tutorials/zed_multi_camera) by extensions ['ros']
[0.904s] Level 1:colcon.colcon_core.package_identification:_identify(src/zed-ros2-examples/tutorials/zed_multi_camera) by extension 'ros'
[0.906s] DEBUG:colcon.colcon_core.package_identification:Package 'src/zed-ros2-examples/tutorials/zed_multi_camera' with type 'ros.ament_cmake' and name 'zed_multi_camera'
[0.906s] Level 1:colcon.colcon_core.package_identification:_identify(src/zed-ros2-examples/tutorials/zed_pose_tutorial) by extensions ['ignore', 'ignore_ament_install']
[0.906s] Level 1:colcon.colcon_core.package_identification:_identify(src/zed-ros2-examples/tutorials/zed_pose_tutorial) by extension 'ignore'
[0.906s] Level 1:colcon.colcon_core.package_identification:_identify(src/zed-ros2-examples/tutorials/zed_pose_tutorial) by extension 'ignore_ament_install'
[0.906s] Level 1:colcon.colcon_core.package_identification:_identify(src/zed-ros2-examples/tutorials/zed_pose_tutorial) by extensions ['colcon_pkg']
[0.906s] Level 1:colcon.colcon_core.package_identification:_identify(src/zed-ros2-examples/tutorials/zed_pose_tutorial) by extension 'colcon_pkg'
[0.907s] Level 1:colcon.colcon_core.package_identification:_identify(src/zed-ros2-examples/tutorials/zed_pose_tutorial) by extensions ['colcon_meta']
[0.907s] Level 1:colcon.colcon_core.package_identification:_identify(src/zed-ros2-examples/tutorials/zed_pose_tutorial) by extension 'colcon_meta'
[0.907s] Level 1:colcon.colcon_core.package_identification:_identify(src/zed-ros2-examples/tutorials/zed_pose_tutorial) by extensions ['ros']
[0.907s] Level 1:colcon.colcon_core.package_identification:_identify(src/zed-ros2-examples/tutorials/zed_pose_tutorial) by extension 'ros'
[0.911s] DEBUG:colcon.colcon_core.package_identification:Package 'src/zed-ros2-examples/tutorials/zed_pose_tutorial' with type 'ros.ament_cmake' and name 'zed_tutorial_pos_tracking'
[0.911s] Level 1:colcon.colcon_core.package_identification:_identify(src/zed-ros2-examples/tutorials/zed_rgb_convert) by extensions ['ignore', 'ignore_ament_install']
[0.912s] Level 1:colcon.colcon_core.package_identification:_identify(src/zed-ros2-examples/tutorials/zed_rgb_convert) by extension 'ignore'
[0.912s] Level 1:colcon.colcon_core.package_identification:_identify(src/zed-ros2-examples/tutorials/zed_rgb_convert) by extension 'ignore_ament_install'
[0.912s] Level 1:colcon.colcon_core.package_identification:_identify(src/zed-ros2-examples/tutorials/zed_rgb_convert) by extensions ['colcon_pkg']
[0.912s] Level 1:colcon.colcon_core.package_identification:_identify(src/zed-ros2-examples/tutorials/zed_rgb_convert) by extension 'colcon_pkg'
[0.912s] Level 1:colcon.colcon_core.package_identification:_identify(src/zed-ros2-examples/tutorials/zed_rgb_convert) by extensions ['colcon_meta']
[0.912s] Level 1:colcon.colcon_core.package_identification:_identify(src/zed-ros2-examples/tutorials/zed_rgb_convert) by extension 'colcon_meta'
[0.912s] Level 1:colcon.colcon_core.package_identification:_identify(src/zed-ros2-examples/tutorials/zed_rgb_convert) by extensions ['ros']
[0.912s] Level 1:colcon.colcon_core.package_identification:_identify(src/zed-ros2-examples/tutorials/zed_rgb_convert) by extension 'ros'
[0.914s] DEBUG:colcon.colcon_core.package_identification:Package 'src/zed-ros2-examples/tutorials/zed_rgb_convert' with type 'ros.ament_cmake' and name 'zed_rgb_convert'
[0.914s] Level 1:colcon.colcon_core.package_identification:_identify(src/zed-ros2-examples/tutorials/zed_robot_integration) by extensions ['ignore', 'ignore_ament_install']
[0.915s] Level 1:colcon.colcon_core.package_identification:_identify(src/zed-ros2-examples/tutorials/zed_robot_integration) by extension 'ignore'
[0.915s] Level 1:colcon.colcon_core.package_identification:_identify(src/zed-ros2-examples/tutorials/zed_robot_integration) by extension 'ignore_ament_install'
[0.915s] Level 1:colcon.colcon_core.package_identification:_identify(src/zed-ros2-examples/tutorials/zed_robot_integration) by extensions ['colcon_pkg']
[0.915s] Level 1:colcon.colcon_core.package_identification:_identify(src/zed-ros2-examples/tutorials/zed_robot_integration) by extension 'colcon_pkg'
[0.915s] Level 1:colcon.colcon_core.package_identification:_identify(src/zed-ros2-examples/tutorials/zed_robot_integration) by extensions ['colcon_meta']
[0.915s] Level 1:colcon.colcon_core.package_identification:_identify(src/zed-ros2-examples/tutorials/zed_robot_integration) by extension 'colcon_meta'
[0.915s] Level 1:colcon.colcon_core.package_identification:_identify(src/zed-ros2-examples/tutorials/zed_robot_integration) by extensions ['ros']
[0.915s] Level 1:colcon.colcon_core.package_identification:_identify(src/zed-ros2-examples/tutorials/zed_robot_integration) by extension 'ros'
[0.917s] DEBUG:colcon.colcon_core.package_identification:Package 'src/zed-ros2-examples/tutorials/zed_robot_integration' with type 'ros.ament_cmake' and name 'zed_robot_integration'
[0.917s] Level 1:colcon.colcon_core.package_identification:_identify(src/zed-ros2-examples/tutorials/zed_video_tutorial) by extensions ['ignore', 'ignore_ament_install']
[0.917s] Level 1:colcon.colcon_core.package_identification:_identify(src/zed-ros2-examples/tutorials/zed_video_tutorial) by extension 'ignore'
[0.917s] Level 1:colcon.colcon_core.package_identification:_identify(src/zed-ros2-examples/tutorials/zed_video_tutorial) by extension 'ignore_ament_install'
[0.917s] Level 1:colcon.colcon_core.package_identification:_identify(src/zed-ros2-examples/tutorials/zed_video_tutorial) by extensions ['colcon_pkg']
[0.918s] Level 1:colcon.colcon_core.package_identification:_identify(src/zed-ros2-examples/tutorials/zed_video_tutorial) by extension 'colcon_pkg'
[0.918s] Level 1:colcon.colcon_core.package_identification:_identify(src/zed-ros2-examples/tutorials/zed_video_tutorial) by extensions ['colcon_meta']
[0.918s] Level 1:colcon.colcon_core.package_identification:_identify(src/zed-ros2-examples/tutorials/zed_video_tutorial) by extension 'colcon_meta'
[0.918s] Level 1:colcon.colcon_core.package_identification:_identify(src/zed-ros2-examples/tutorials/zed_video_tutorial) by extensions ['ros']
[0.918s] Level 1:colcon.colcon_core.package_identification:_identify(src/zed-ros2-examples/tutorials/zed_video_tutorial) by extension 'ros'
[0.919s] DEBUG:colcon.colcon_core.package_identification:Package 'src/zed-ros2-examples/tutorials/zed_video_tutorial' with type 'ros.ament_cmake' and name 'zed_tutorial_video'
[0.920s] Level 1:colcon.colcon_core.package_identification:_identify(src/zed-ros2-examples/zed_display_foxglove) by extensions ['ignore', 'ignore_ament_install']
[0.920s] Level 1:colcon.colcon_core.package_identification:_identify(src/zed-ros2-examples/zed_display_foxglove) by extension 'ignore'
[0.920s] Level 1:colcon.colcon_core.package_identification:_identify(src/zed-ros2-examples/zed_display_foxglove) by extension 'ignore_ament_install'
[0.920s] Level 1:colcon.colcon_core.package_identification:_identify(src/zed-ros2-examples/zed_display_foxglove) by extensions ['colcon_pkg']
[0.920s] Level 1:colcon.colcon_core.package_identification:_identify(src/zed-ros2-examples/zed_display_foxglove) by extension 'colcon_pkg'
[0.920s] Level 1:colcon.colcon_core.package_identification:_identify(src/zed-ros2-examples/zed_display_foxglove) by extensions ['colcon_meta']
[0.920s] Level 1:colcon.colcon_core.package_identification:_identify(src/zed-ros2-examples/zed_display_foxglove) by extension 'colcon_meta'
[0.921s] Level 1:colcon.colcon_core.package_identification:_identify(src/zed-ros2-examples/zed_display_foxglove) by extensions ['ros']
[0.921s] Level 1:colcon.colcon_core.package_identification:_identify(src/zed-ros2-examples/zed_display_foxglove) by extension 'ros'
[0.921s] Level 1:colcon.colcon_core.package_identification:_identify(src/zed-ros2-examples/zed_display_foxglove) by extensions ['cmake', 'python']
[0.921s] Level 1:colcon.colcon_core.package_identification:_identify(src/zed-ros2-examples/zed_display_foxglove) by extension 'cmake'
[0.921s] Level 1:colcon.colcon_core.package_identification:_identify(src/zed-ros2-examples/zed_display_foxglove) by extension 'python'
[0.921s] Level 1:colcon.colcon_core.package_identification:_identify(src/zed-ros2-examples/zed_display_foxglove) by extensions ['python_setup_py']
[0.921s] Level 1:colcon.colcon_core.package_identification:_identify(src/zed-ros2-examples/zed_display_foxglove) by extension 'python_setup_py'
[0.922s] Level 1:colcon.colcon_core.package_identification:_identify(src/zed-ros2-examples/zed_display_foxglove/images) by extensions ['ignore', 'ignore_ament_install']
[0.922s] Level 1:colcon.colcon_core.package_identification:_identify(src/zed-ros2-examples/zed_display_foxglove/images) by extension 'ignore'
[0.922s] Level 1:colcon.colcon_core.package_identification:_identify(src/zed-ros2-examples/zed_display_foxglove/images) by extension 'ignore_ament_install'
[0.922s] Level 1:colcon.colcon_core.package_identification:_identify(src/zed-ros2-examples/zed_display_foxglove/images) by extensions ['colcon_pkg']
[0.922s] Level 1:colcon.colcon_core.package_identification:_identify(src/zed-ros2-examples/zed_display_foxglove/images) by extension 'colcon_pkg'
[0.922s] Level 1:colcon.colcon_core.package_identification:_identify(src/zed-ros2-examples/zed_display_foxglove/images) by extensions ['colcon_meta']
[0.922s] Level 1:colcon.colcon_core.package_identification:_identify(src/zed-ros2-examples/zed_display_foxglove/images) by extension 'colcon_meta'
[0.922s] Level 1:colcon.colcon_core.package_identification:_identify(src/zed-ros2-examples/zed_display_foxglove/images) by extensions ['ros']
[0.922s] Level 1:colcon.colcon_core.package_identification:_identify(src/zed-ros2-examples/zed_display_foxglove/images) by extension 'ros'
[0.923s] Level 1:colcon.colcon_core.package_identification:_identify(src/zed-ros2-examples/zed_display_foxglove/images) by extensions ['cmake', 'python']
[0.923s] Level 1:colcon.colcon_core.package_identification:_identify(src/zed-ros2-examples/zed_display_foxglove/images) by extension 'cmake'
[0.923s] Level 1:colcon.colcon_core.package_identification:_identify(src/zed-ros2-examples/zed_display_foxglove/images) by extension 'python'
[0.923s] Level 1:colcon.colcon_core.package_identification:_identify(src/zed-ros2-examples/zed_display_foxglove/images) by extensions ['python_setup_py']
[0.923s] Level 1:colcon.colcon_core.package_identification:_identify(src/zed-ros2-examples/zed_display_foxglove/images) by extension 'python_setup_py'
[0.923s] Level 1:colcon.colcon_core.package_identification:_identify(src/zed-ros2-examples/zed_display_foxglove/layouts) by extensions ['ignore', 'ignore_ament_install']
[0.923s] Level 1:colcon.colcon_core.package_identification:_identify(src/zed-ros2-examples/zed_display_foxglove/layouts) by extension 'ignore'
[0.924s] Level 1:colcon.colcon_core.package_identification:_identify(src/zed-ros2-examples/zed_display_foxglove/layouts) by extension 'ignore_ament_install'
[0.924s] Level 1:colcon.colcon_core.package_identification:_identify(src/zed-ros2-examples/zed_display_foxglove/layouts) by extensions ['colcon_pkg']
[0.924s] Level 1:colcon.colcon_core.package_identification:_identify(src/zed-ros2-examples/zed_display_foxglove/layouts) by extension 'colcon_pkg'
[0.924s] Level 1:colcon.colcon_core.package_identification:_identify(src/zed-ros2-examples/zed_display_foxglove/layouts) by extensions ['colcon_meta']
[0.924s] Level 1:colcon.colcon_core.package_identification:_identify(src/zed-ros2-examples/zed_display_foxglove/layouts) by extension 'colcon_meta'
[0.924s] Level 1:colcon.colcon_core.package_identification:_identify(src/zed-ros2-examples/zed_display_foxglove/layouts) by extensions ['ros']
[0.924s] Level 1:colcon.colcon_core.package_identification:_identify(src/zed-ros2-examples/zed_display_foxglove/layouts) by extension 'ros'
[0.924s] Level 1:colcon.colcon_core.package_identification:_identify(src/zed-ros2-examples/zed_display_foxglove/layouts) by extensions ['cmake', 'python']
[0.924s] Level 1:colcon.colcon_core.package_identification:_identify(src/zed-ros2-examples/zed_display_foxglove/layouts) by extension 'cmake'
[0.924s] Level 1:colcon.colcon_core.package_identification:_identify(src/zed-ros2-examples/zed_display_foxglove/layouts) by extension 'python'
[0.925s] Level 1:colcon.colcon_core.package_identification:_identify(src/zed-ros2-examples/zed_display_foxglove/layouts) by extensions ['python_setup_py']
[0.925s] Level 1:colcon.colcon_core.package_identification:_identify(src/zed-ros2-examples/zed_display_foxglove/layouts) by extension 'python_setup_py'
[0.925s] Level 1:colcon.colcon_core.package_identification:_identify(src/zed-ros2-examples/zed_display_rviz2) by extensions ['ignore', 'ignore_ament_install']
[0.925s] Level 1:colcon.colcon_core.package_identification:_identify(src/zed-ros2-examples/zed_display_rviz2) by extension 'ignore'
[0.925s] Level 1:colcon.colcon_core.package_identification:_identify(src/zed-ros2-examples/zed_display_rviz2) by extension 'ignore_ament_install'
[0.925s] Level 1:colcon.colcon_core.package_identification:_identify(src/zed-ros2-examples/zed_display_rviz2) by extensions ['colcon_pkg']
[0.925s] Level 1:colcon.colcon_core.package_identification:_identify(src/zed-ros2-examples/zed_display_rviz2) by extension 'colcon_pkg'
[0.925s] Level 1:colcon.colcon_core.package_identification:_identify(src/zed-ros2-examples/zed_display_rviz2) by extensions ['colcon_meta']
[0.926s] Level 1:colcon.colcon_core.package_identification:_identify(src/zed-ros2-examples/zed_display_rviz2) by extension 'colcon_meta'
[0.926s] Level 1:colcon.colcon_core.package_identification:_identify(src/zed-ros2-examples/zed_display_rviz2) by extensions ['ros']
[0.926s] Level 1:colcon.colcon_core.package_identification:_identify(src/zed-ros2-examples/zed_display_rviz2) by extension 'ros'
[0.927s] DEBUG:colcon.colcon_core.package_identification:Package 'src/zed-ros2-examples/zed_display_rviz2' with type 'ros.ament_cmake' and name 'zed_display_rviz2'
[0.927s] Level 1:colcon.colcon_core.package_identification:_identify(src/zed-ros2-wrapper) by extensions ['ignore', 'ignore_ament_install']
[0.928s] Level 1:colcon.colcon_core.package_identification:_identify(src/zed-ros2-wrapper) by extension 'ignore'
[0.928s] Level 1:colcon.colcon_core.package_identification:_identify(src/zed-ros2-wrapper) by extension 'ignore_ament_install'
[0.928s] Level 1:colcon.colcon_core.package_identification:_identify(src/zed-ros2-wrapper) by extensions ['colcon_pkg']
[0.928s] Level 1:colcon.colcon_core.package_identification:_identify(src/zed-ros2-wrapper) by extension 'colcon_pkg'
[0.928s] Level 1:colcon.colcon_core.package_identification:_identify(src/zed-ros2-wrapper) by extensions ['colcon_meta']
[0.928s] Level 1:colcon.colcon_core.package_identification:_identify(src/zed-ros2-wrapper) by extension 'colcon_meta'
[0.928s] Level 1:colcon.colcon_core.package_identification:_identify(src/zed-ros2-wrapper) by extensions ['ros']
[0.928s] Level 1:colcon.colcon_core.package_identification:_identify(src/zed-ros2-wrapper) by extension 'ros'
[0.928s] Level 1:colcon.colcon_core.package_identification:_identify(src/zed-ros2-wrapper) by extensions ['cmake', 'python']
[0.928s] Level 1:colcon.colcon_core.package_identification:_identify(src/zed-ros2-wrapper) by extension 'cmake'
[0.929s] Level 1:colcon.colcon_core.package_identification:_identify(src/zed-ros2-wrapper) by extension 'python'
[0.929s] Level 1:colcon.colcon_core.package_identification:_identify(src/zed-ros2-wrapper) by extensions ['python_setup_py']
[0.929s] Level 1:colcon.colcon_core.package_identification:_identify(src/zed-ros2-wrapper) by extension 'python_setup_py'
[0.929s] Level 1:colcon.colcon_core.package_identification:_identify(src/zed-ros2-wrapper/docker) by extensions ['ignore', 'ignore_ament_install']
[0.929s] Level 1:colcon.colcon_core.package_identification:_identify(src/zed-ros2-wrapper/docker) by extension 'ignore'
[0.929s] Level 1:colcon.colcon_core.package_identification:_identify(src/zed-ros2-wrapper/docker) by extension 'ignore_ament_install'
[0.929s] Level 1:colcon.colcon_core.package_identification:_identify(src/zed-ros2-wrapper/docker) by extensions ['colcon_pkg']
[0.929s] Level 1:colcon.colcon_core.package_identification:_identify(src/zed-ros2-wrapper/docker) by extension 'colcon_pkg'
[0.930s] Level 1:colcon.colcon_core.package_identification:_identify(src/zed-ros2-wrapper/docker) by extensions ['colcon_meta']
[0.930s] Level 1:colcon.colcon_core.package_identification:_identify(src/zed-ros2-wrapper/docker) by extension 'colcon_meta'
[0.930s] Level 1:colcon.colcon_core.package_identification:_identify(src/zed-ros2-wrapper/docker) by extensions ['ros']
[0.930s] Level 1:colcon.colcon_core.package_identification:_identify(src/zed-ros2-wrapper/docker) by extension 'ros'
[0.930s] Level 1:colcon.colcon_core.package_identification:_identify(src/zed-ros2-wrapper/docker) by extensions ['cmake', 'python']
[0.930s] Level 1:colcon.colcon_core.package_identification:_identify(src/zed-ros2-wrapper/docker) by extension 'cmake'
[0.930s] Level 1:colcon.colcon_core.package_identification:_identify(src/zed-ros2-wrapper/docker) by extension 'python'
[0.930s] Level 1:colcon.colcon_core.package_identification:_identify(src/zed-ros2-wrapper/docker) by extensions ['python_setup_py']
[0.930s] Level 1:colcon.colcon_core.package_identification:_identify(src/zed-ros2-wrapper/docker) by extension 'python_setup_py'
[0.931s] Level 1:colcon.colcon_core.package_identification:_identify(src/zed-ros2-wrapper/images) by extensions ['ignore', 'ignore_ament_install']
[0.931s] Level 1:colcon.colcon_core.package_identification:_identify(src/zed-ros2-wrapper/images) by extension 'ignore'
[0.931s] Level 1:colcon.colcon_core.package_identification:_identify(src/zed-ros2-wrapper/images) by extension 'ignore_ament_install'
[0.931s] Level 1:colcon.colcon_core.package_identification:_identify(src/zed-ros2-wrapper/images) by extensions ['colcon_pkg']
[0.931s] Level 1:colcon.colcon_core.package_identification:_identify(src/zed-ros2-wrapper/images) by extension 'colcon_pkg'
[0.931s] Level 1:colcon.colcon_core.package_identification:_identify(src/zed-ros2-wrapper/images) by extensions ['colcon_meta']
[0.931s] Level 1:colcon.colcon_core.package_identification:_identify(src/zed-ros2-wrapper/images) by extension 'colcon_meta'
[0.931s] Level 1:colcon.colcon_core.package_identification:_identify(src/zed-ros2-wrapper/images) by extensions ['ros']
[0.931s] Level 1:colcon.colcon_core.package_identification:_identify(src/zed-ros2-wrapper/images) by extension 'ros'
[0.932s] Level 1:colcon.colcon_core.package_identification:_identify(src/zed-ros2-wrapper/images) by extensions ['cmake', 'python']
[0.932s] Level 1:colcon.colcon_core.package_identification:_identify(src/zed-ros2-wrapper/images) by extension 'cmake'
[0.932s] Level 1:colcon.colcon_core.package_identification:_identify(src/zed-ros2-wrapper/images) by extension 'python'
[0.932s] Level 1:colcon.colcon_core.package_identification:_identify(src/zed-ros2-wrapper/images) by extensions ['python_setup_py']
[0.932s] Level 1:colcon.colcon_core.package_identification:_identify(src/zed-ros2-wrapper/images) by extension 'python_setup_py'
[0.932s] Level 1:colcon.colcon_core.package_identification:_identify(src/zed-ros2-wrapper/zed_components) by extensions ['ignore', 'ignore_ament_install']
[0.932s] Level 1:colcon.colcon_core.package_identification:_identify(src/zed-ros2-wrapper/zed_components) by extension 'ignore'
[0.932s] Level 1:colcon.colcon_core.package_identification:_identify(src/zed-ros2-wrapper/zed_components) by extension 'ignore_ament_install'
[0.932s] Level 1:colcon.colcon_core.package_identification:_identify(src/zed-ros2-wrapper/zed_components) by extensions ['colcon_pkg']
[0.933s] Level 1:colcon.colcon_core.package_identification:_identify(src/zed-ros2-wrapper/zed_components) by extension 'colcon_pkg'
[0.933s] Level 1:colcon.colcon_core.package_identification:_identify(src/zed-ros2-wrapper/zed_components) by extensions ['colcon_meta']
[0.933s] Level 1:colcon.colcon_core.package_identification:_identify(src/zed-ros2-wrapper/zed_components) by extension 'colcon_meta'
[0.933s] Level 1:colcon.colcon_core.package_identification:_identify(src/zed-ros2-wrapper/zed_components) by extensions ['ros']
[0.933s] Level 1:colcon.colcon_core.package_identification:_identify(src/zed-ros2-wrapper/zed_components) by extension 'ros'
[0.960s] DEBUG:colcon.colcon_core.package_identification:Package 'src/zed-ros2-wrapper/zed_components' with type 'ros.ament_cmake' and name 'zed_components'
[0.961s] Level 1:colcon.colcon_core.package_identification:_identify(src/zed-ros2-wrapper/zed_ros2) by extensions ['ignore', 'ignore_ament_install']
[0.961s] Level 1:colcon.colcon_core.package_identification:_identify(src/zed-ros2-wrapper/zed_ros2) by extension 'ignore'
[0.961s] Level 1:colcon.colcon_core.package_identification:_identify(src/zed-ros2-wrapper/zed_ros2) by extension 'ignore_ament_install'
[0.962s] Level 1:colcon.colcon_core.package_identification:_identify(src/zed-ros2-wrapper/zed_ros2) by extensions ['colcon_pkg']
[0.962s] Level 1:colcon.colcon_core.package_identification:_identify(src/zed-ros2-wrapper/zed_ros2) by extension 'colcon_pkg'
[0.962s] Level 1:colcon.colcon_core.package_identification:_identify(src/zed-ros2-wrapper/zed_ros2) by extensions ['colcon_meta']
[0.962s] Level 1:colcon.colcon_core.package_identification:_identify(src/zed-ros2-wrapper/zed_ros2) by extension 'colcon_meta'
[0.962s] Level 1:colcon.colcon_core.package_identification:_identify(src/zed-ros2-wrapper/zed_ros2) by extensions ['ros']
[0.962s] Level 1:colcon.colcon_core.package_identification:_identify(src/zed-ros2-wrapper/zed_ros2) by extension 'ros'
[0.964s] DEBUG:colcon.colcon_core.package_identification:Package 'src/zed-ros2-wrapper/zed_ros2' with type 'ros.ament_cmake' and name 'zed_ros2'
[0.964s] Level 1:colcon.colcon_core.package_identification:_identify(src/zed-ros2-wrapper/zed_wrapper) by extensions ['ignore', 'ignore_ament_install']
[0.964s] Level 1:colcon.colcon_core.package_identification:_identify(src/zed-ros2-wrapper/zed_wrapper) by extension 'ignore'
[0.964s] Level 1:colcon.colcon_core.package_identification:_identify(src/zed-ros2-wrapper/zed_wrapper) by extension 'ignore_ament_install'
[0.964s] Level 1:colcon.colcon_core.package_identification:_identify(src/zed-ros2-wrapper/zed_wrapper) by extensions ['colcon_pkg']
[0.964s] Level 1:colcon.colcon_core.package_identification:_identify(src/zed-ros2-wrapper/zed_wrapper) by extension 'colcon_pkg'
[0.965s] Level 1:colcon.colcon_core.package_identification:_identify(src/zed-ros2-wrapper/zed_wrapper) by extensions ['colcon_meta']
[0.965s] Level 1:colcon.colcon_core.package_identification:_identify(src/zed-ros2-wrapper/zed_wrapper) by extension 'colcon_meta'
[0.965s] Level 1:colcon.colcon_core.package_identification:_identify(src/zed-ros2-wrapper/zed_wrapper) by extensions ['ros']
[0.965s] Level 1:colcon.colcon_core.package_identification:_identify(src/zed-ros2-wrapper/zed_wrapper) by extension 'ros'
[0.967s] DEBUG:colcon.colcon_core.package_identification:Package 'src/zed-ros2-wrapper/zed_wrapper' with type 'ros.ament_cmake' and name 'zed_wrapper'
[0.967s] Level 1:colcon.colcon_core.package_discovery:discover_packages(recursive) using defaults
[0.967s] Level 1:colcon.colcon_core.package_discovery:discover_packages(ignore) discover
[0.967s] Level 1:colcon.colcon_core.package_discovery:discover_packages(ignore) using defaults
[0.967s] Level 1:colcon.colcon_core.package_discovery:discover_packages(path) discover
[0.967s] Level 1:colcon.colcon_core.package_discovery:discover_packages(path) using defaults
[1.028s] Level 1:colcon.colcon_core.package_discovery:discover_packages(prefix_path) check parameters
[1.028s] Level 1:colcon.colcon_core.package_discovery:discover_packages(prefix_path) discover
[1.036s] DEBUG:colcon.colcon_installed_package_information.package_discovery:Found 17 installed packages in /home/user/vision_ws/install
[1.037s] DEBUG:colcon.colcon_installed_package_information.package_discovery:Found 6 installed packages in /home/user/autorover_ws/install
[1.040s] DEBUG:colcon.colcon_installed_package_information.package_discovery:Found 370 installed packages in /opt/ros/humble
[1.045s] Level 1:colcon.colcon_core.package_discovery:discover_packages(prefix_path) using defaults
[1.162s] Level 5:colcon.colcon_core.verb:set package 'rviz_plugin_zed_od' build argument 'cmake_args' from command line to '['-DCMAKE_BUILD_TYPE=Release']'
[1.163s] Level 5:colcon.colcon_core.verb:set package 'rviz_plugin_zed_od' build argument 'cmake_target' from command line to 'None'
[1.163s] Level 5:colcon.colcon_core.verb:set package 'rviz_plugin_zed_od' build argument 'cmake_target_skip_unavailable' from command line to 'False'
[1.163s] Level 5:colcon.colcon_core.verb:set package 'rviz_plugin_zed_od' build argument 'cmake_clean_cache' from command line to 'False'
[1.163s] Level 5:colcon.colcon_core.verb:set package 'rviz_plugin_zed_od' build argument 'cmake_clean_first' from command line to 'False'
[1.163s] Level 5:colcon.colcon_core.verb:set package 'rviz_plugin_zed_od' build argument 'cmake_force_configure' from command line to 'False'
[1.163s] Level 5:colcon.colcon_core.verb:set package 'rviz_plugin_zed_od' build argument 'ament_cmake_args' from command line to 'None'
[1.163s] Level 5:colcon.colcon_core.verb:set package 'rviz_plugin_zed_od' build argument 'catkin_cmake_args' from command line to 'None'
[1.163s] Level 5:colcon.colcon_core.verb:set package 'rviz_plugin_zed_od' build argument 'catkin_skip_building_tests' from command line to 'False'
[1.163s] DEBUG:colcon.colcon_core.verb:Building package 'rviz_plugin_zed_od' with the following arguments: {'ament_cmake_args': None, 'build_base': '/home/user/vision_ws/build/rviz_plugin_zed_od', 'catkin_cmake_args': None, 'catkin_skip_building_tests': False, 'cmake_args': ['-DCMAKE_BUILD_TYPE=Release'], 'cmake_clean_cache': False, 'cmake_clean_first': False, 'cmake_force_configure': False, 'cmake_target': None, 'cmake_target_skip_unavailable': False, 'install_base': '/home/user/vision_ws/install/rviz_plugin_zed_od', 'merge_install': False, 'path': '/home/user/vision_ws/src/zed-ros2-examples/rviz-plugin-zed-od', 'symlink_install': True, 'test_result_base': None}
[1.164s] Level 5:colcon.colcon_core.verb:set package 'zed_components' build argument 'cmake_args' from command line to '['-DCMAKE_BUILD_TYPE=Release']'
[1.164s] Level 5:colcon.colcon_core.verb:set package 'zed_components' build argument 'cmake_target' from command line to 'None'
[1.164s] Level 5:colcon.colcon_core.verb:set package 'zed_components' build argument 'cmake_target_skip_unavailable' from command line to 'False'
[1.164s] Level 5:colcon.colcon_core.verb:set package 'zed_components' build argument 'cmake_clean_cache' from command line to 'False'
[1.164s] Level 5:colcon.colcon_core.verb:set package 'zed_components' build argument 'cmake_clean_first' from command line to 'False'
[1.164s] Level 5:colcon.colcon_core.verb:set package 'zed_components' build argument 'cmake_force_configure' from command line to 'False'
[1.164s] Level 5:colcon.colcon_core.verb:set package 'zed_components' build argument 'ament_cmake_args' from command line to 'None'
[1.164s] Level 5:colcon.colcon_core.verb:set package 'zed_components' build argument 'catkin_cmake_args' from command line to 'None'
[1.164s] Level 5:colcon.colcon_core.verb:set package 'zed_components' build argument 'catkin_skip_building_tests' from command line to 'False'
[1.164s] DEBUG:colcon.colcon_core.verb:Building package 'zed_components' with the following arguments: {'ament_cmake_args': None, 'build_base': '/home/user/vision_ws/build/zed_components', 'catkin_cmake_args': None, 'catkin_skip_building_tests': False, 'cmake_args': ['-DCMAKE_BUILD_TYPE=Release'], 'cmake_clean_cache': False, 'cmake_clean_first': False, 'cmake_force_configure': False, 'cmake_target': None, 'cmake_target_skip_unavailable': False, 'install_base': '/home/user/vision_ws/install/zed_components', 'merge_install': False, 'path': '/home/user/vision_ws/src/zed-ros2-wrapper/zed_components', 'symlink_install': True, 'test_result_base': None}
[1.165s] Level 5:colcon.colcon_core.verb:set package 'zed_topic_benchmark_interfaces' build argument 'cmake_args' from command line to '['-DCMAKE_BUILD_TYPE=Release']'
[1.165s] Level 5:colcon.colcon_core.verb:set package 'zed_topic_benchmark_interfaces' build argument 'cmake_target' from command line to 'None'
[1.165s] Level 5:colcon.colcon_core.verb:set package 'zed_topic_benchmark_interfaces' build argument 'cmake_target_skip_unavailable' from command line to 'False'
[1.165s] Level 5:colcon.colcon_core.verb:set package 'zed_topic_benchmark_interfaces' build argument 'cmake_clean_cache' from command line to 'False'
[1.165s] Level 5:colcon.colcon_core.verb:set package 'zed_topic_benchmark_interfaces' build argument 'cmake_clean_first' from command line to 'False'
[1.165s] Level 5:colcon.colcon_core.verb:set package 'zed_topic_benchmark_interfaces' build argument 'cmake_force_configure' from command line to 'False'
[1.165s] Level 5:colcon.colcon_core.verb:set package 'zed_topic_benchmark_interfaces' build argument 'ament_cmake_args' from command line to 'None'
[1.166s] Level 5:colcon.colcon_core.verb:set package 'zed_topic_benchmark_interfaces' build argument 'catkin_cmake_args' from command line to 'None'
[1.166s] Level 5:colcon.colcon_core.verb:set package 'zed_topic_benchmark_interfaces' build argument 'catkin_skip_building_tests' from command line to 'False'
[1.166s] DEBUG:colcon.colcon_core.verb:Building package 'zed_topic_benchmark_interfaces' with the following arguments: {'ament_cmake_args': None, 'build_base': '/home/user/vision_ws/build/zed_topic_benchmark_interfaces', 'catkin_cmake_args': None, 'catkin_skip_building_tests': False, 'cmake_args': ['-DCMAKE_BUILD_TYPE=Release'], 'cmake_clean_cache': False, 'cmake_clean_first': False, 'cmake_force_configure': False, 'cmake_target': None, 'cmake_target_skip_unavailable': False, 'install_base': '/home/user/vision_ws/install/zed_topic_benchmark_interfaces', 'merge_install': False, 'path': '/home/user/vision_ws/src/zed-ros2-examples/tools/zed_benchmark_interfaces', 'symlink_install': True, 'test_result_base': None}
[1.166s] Level 5:colcon.colcon_core.verb:set package 'zed_tutorial_depth' build argument 'cmake_args' from command line to '['-DCMAKE_BUILD_TYPE=Release']'
[1.166s] Level 5:colcon.colcon_core.verb:set package 'zed_tutorial_depth' build argument 'cmake_target' from command line to 'None'
[1.166s] Level 5:colcon.colcon_core.verb:set package 'zed_tutorial_depth' build argument 'cmake_target_skip_unavailable' from command line to 'False'
[1.166s] Level 5:colcon.colcon_core.verb:set package 'zed_tutorial_depth' build argument 'cmake_clean_cache' from command line to 'False'
[1.166s] Level 5:colcon.colcon_core.verb:set package 'zed_tutorial_depth' build argument 'cmake_clean_first' from command line to 'False'
[1.167s] Level 5:colcon.colcon_core.verb:set package 'zed_tutorial_depth' build argument 'cmake_force_configure' from command line to 'False'
[1.167s] Level 5:colcon.colcon_core.verb:set package 'zed_tutorial_depth' build argument 'ament_cmake_args' from command line to 'None'
[1.167s] Level 5:colcon.colcon_core.verb:set package 'zed_tutorial_depth' build argument 'catkin_cmake_args' from command line to 'None'
[1.167s] Level 5:colcon.colcon_core.verb:set package 'zed_tutorial_depth' build argument 'catkin_skip_building_tests' from command line to 'False'
[1.167s] DEBUG:colcon.colcon_core.verb:Building package 'zed_tutorial_depth' with the following arguments: {'ament_cmake_args': None, 'build_base': '/home/user/vision_ws/build/zed_tutorial_depth', 'catkin_cmake_args': None, 'catkin_skip_building_tests': False, 'cmake_args': ['-DCMAKE_BUILD_TYPE=Release'], 'cmake_clean_cache': False, 'cmake_clean_first': False, 'cmake_force_configure': False, 'cmake_target': None, 'cmake_target_skip_unavailable': False, 'install_base': '/home/user/vision_ws/install/zed_tutorial_depth', 'merge_install': False, 'path': '/home/user/vision_ws/src/zed-ros2-examples/tutorials/zed_depth_tutorial', 'symlink_install': True, 'test_result_base': None}
[1.167s] Level 5:colcon.colcon_core.verb:set package 'zed_tutorial_pos_tracking' build argument 'cmake_args' from command line to '['-DCMAKE_BUILD_TYPE=Release']'
[1.167s] Level 5:colcon.colcon_core.verb:set package 'zed_tutorial_pos_tracking' build argument 'cmake_target' from command line to 'None'
[1.168s] Level 5:colcon.colcon_core.verb:set package 'zed_tutorial_pos_tracking' build argument 'cmake_target_skip_unavailable' from command line to 'False'
[1.168s] Level 5:colcon.colcon_core.verb:set package 'zed_tutorial_pos_tracking' build argument 'cmake_clean_cache' from command line to 'False'
[1.168s] Level 5:colcon.colcon_core.verb:set package 'zed_tutorial_pos_tracking' build argument 'cmake_clean_first' from command line to 'False'
[1.168s] Level 5:colcon.colcon_core.verb:set package 'zed_tutorial_pos_tracking' build argument 'cmake_force_configure' from command line to 'False'
[1.168s] Level 5:colcon.colcon_core.verb:set package 'zed_tutorial_pos_tracking' build argument 'ament_cmake_args' from command line to 'None'
[1.168s] Level 5:colcon.colcon_core.verb:set package 'zed_tutorial_pos_tracking' build argument 'catkin_cmake_args' from command line to 'None'
[1.168s] Level 5:colcon.colcon_core.verb:set package 'zed_tutorial_pos_tracking' build argument 'catkin_skip_building_tests' from command line to 'False'
[1.168s] DEBUG:colcon.colcon_core.verb:Building package 'zed_tutorial_pos_tracking' with the following arguments: {'ament_cmake_args': None, 'build_base': '/home/user/vision_ws/build/zed_tutorial_pos_tracking', 'catkin_cmake_args': None, 'catkin_skip_building_tests': False, 'cmake_args': ['-DCMAKE_BUILD_TYPE=Release'], 'cmake_clean_cache': False, 'cmake_clean_first': False, 'cmake_force_configure': False, 'cmake_target': None, 'cmake_target_skip_unavailable': False, 'install_base': '/home/user/vision_ws/install/zed_tutorial_pos_tracking', 'merge_install': False, 'path': '/home/user/vision_ws/src/zed-ros2-examples/tutorials/zed_pose_tutorial', 'symlink_install': True, 'test_result_base': None}
[1.169s] Level 5:colcon.colcon_core.verb:set package 'zed_tutorial_video' build argument 'cmake_args' from command line to '['-DCMAKE_BUILD_TYPE=Release']'
[1.169s] Level 5:colcon.colcon_core.verb:set package 'zed_tutorial_video' build argument 'cmake_target' from command line to 'None'
[1.169s] Level 5:colcon.colcon_core.verb:set package 'zed_tutorial_video' build argument 'cmake_target_skip_unavailable' from command line to 'False'
[1.169s] Level 5:colcon.colcon_core.verb:set package 'zed_tutorial_video' build argument 'cmake_clean_cache' from command line to 'False'
[1.169s] Level 5:colcon.colcon_core.verb:set package 'zed_tutorial_video' build argument 'cmake_clean_first' from command line to 'False'
[1.169s] Level 5:colcon.colcon_core.verb:set package 'zed_tutorial_video' build argument 'cmake_force_configure' from command line to 'False'
[1.169s] Level 5:colcon.colcon_core.verb:set package 'zed_tutorial_video' build argument 'ament_cmake_args' from command line to 'None'
[1.169s] Level 5:colcon.colcon_core.verb:set package 'zed_tutorial_video' build argument 'catkin_cmake_args' from command line to 'None'
[1.169s] Level 5:colcon.colcon_core.verb:set package 'zed_tutorial_video' build argument 'catkin_skip_building_tests' from command line to 'False'
[1.169s] DEBUG:colcon.colcon_core.verb:Building package 'zed_tutorial_video' with the following arguments: {'ament_cmake_args': None, 'build_base': '/home/user/vision_ws/build/zed_tutorial_video', 'catkin_cmake_args': None, 'catkin_skip_building_tests': False, 'cmake_args': ['-DCMAKE_BUILD_TYPE=Release'], 'cmake_clean_cache': False, 'cmake_clean_first': False, 'cmake_force_configure': False, 'cmake_target': None, 'cmake_target_skip_unavailable': False, 'install_base': '/home/user/vision_ws/install/zed_tutorial_video', 'merge_install': False, 'path': '/home/user/vision_ws/src/zed-ros2-examples/tutorials/zed_video_tutorial', 'symlink_install': True, 'test_result_base': None}
[1.170s] Level 5:colcon.colcon_core.verb:set package 'zed_aruco_localization' build argument 'cmake_args' from command line to '['-DCMAKE_BUILD_TYPE=Release']'
[1.170s] Level 5:colcon.colcon_core.verb:set package 'zed_aruco_localization' build argument 'cmake_target' from command line to 'None'
[1.170s] Level 5:colcon.colcon_core.verb:set package 'zed_aruco_localization' build argument 'cmake_target_skip_unavailable' from command line to 'False'
[1.170s] Level 5:colcon.colcon_core.verb:set package 'zed_aruco_localization' build argument 'cmake_clean_cache' from command line to 'False'
[1.170s] Level 5:colcon.colcon_core.verb:set package 'zed_aruco_localization' build argument 'cmake_clean_first' from command line to 'False'
[1.170s] Level 5:colcon.colcon_core.verb:set package 'zed_aruco_localization' build argument 'cmake_force_configure' from command line to 'False'
[1.170s] Level 5:colcon.colcon_core.verb:set package 'zed_aruco_localization' build argument 'ament_cmake_args' from command line to 'None'
[1.170s] Level 5:colcon.colcon_core.verb:set package 'zed_aruco_localization' build argument 'catkin_cmake_args' from command line to 'None'
[1.170s] Level 5:colcon.colcon_core.verb:set package 'zed_aruco_localization' build argument 'catkin_skip_building_tests' from command line to 'False'
[1.170s] DEBUG:colcon.colcon_core.verb:Building package 'zed_aruco_localization' with the following arguments: {'ament_cmake_args': None, 'build_base': '/home/user/vision_ws/build/zed_aruco_localization', 'catkin_cmake_args': None, 'catkin_skip_building_tests': False, 'cmake_args': ['-DCMAKE_BUILD_TYPE=Release'], 'cmake_clean_cache': False, 'cmake_clean_first': False, 'cmake_force_configure': False, 'cmake_target': None, 'cmake_target_skip_unavailable': False, 'install_base': '/home/user/vision_ws/install/zed_aruco_localization', 'merge_install': False, 'path': '/home/user/vision_ws/src/zed-ros2-examples/examples/zed_aruco_localization', 'symlink_install': True, 'test_result_base': None}
[1.171s] Level 5:colcon.colcon_core.verb:set package 'zed_rgb_convert' build argument 'cmake_args' from command line to '['-DCMAKE_BUILD_TYPE=Release']'
[1.171s] Level 5:colcon.colcon_core.verb:set package 'zed_rgb_convert' build argument 'cmake_target' from command line to 'None'
[1.171s] Level 5:colcon.colcon_core.verb:set package 'zed_rgb_convert' build argument 'cmake_target_skip_unavailable' from command line to 'False'
[1.171s] Level 5:colcon.colcon_core.verb:set package 'zed_rgb_convert' build argument 'cmake_clean_cache' from command line to 'False'
[1.171s] Level 5:colcon.colcon_core.verb:set package 'zed_rgb_convert' build argument 'cmake_clean_first' from command line to 'False'
[1.171s] Level 5:colcon.colcon_core.verb:set package 'zed_rgb_convert' build argument 'cmake_force_configure' from command line to 'False'
[1.171s] Level 5:colcon.colcon_core.verb:set package 'zed_rgb_convert' build argument 'ament_cmake_args' from command line to 'None'
[1.171s] Level 5:colcon.colcon_core.verb:set package 'zed_rgb_convert' build argument 'catkin_cmake_args' from command line to 'None'
[1.171s] Level 5:colcon.colcon_core.verb:set package 'zed_rgb_convert' build argument 'catkin_skip_building_tests' from command line to 'False'
[1.171s] DEBUG:colcon.colcon_core.verb:Building package 'zed_rgb_convert' with the following arguments: {'ament_cmake_args': None, 'build_base': '/home/user/vision_ws/build/zed_rgb_convert', 'catkin_cmake_args': None, 'catkin_skip_building_tests': False, 'cmake_args': ['-DCMAKE_BUILD_TYPE=Release'], 'cmake_clean_cache': False, 'cmake_clean_first': False, 'cmake_force_configure': False, 'cmake_target': None, 'cmake_target_skip_unavailable': False, 'install_base': '/home/user/vision_ws/install/zed_rgb_convert', 'merge_install': False, 'path': '/home/user/vision_ws/src/zed-ros2-examples/tutorials/zed_rgb_convert', 'symlink_install': True, 'test_result_base': None}
[1.172s] Level 5:colcon.colcon_core.verb:set package 'zed_topic_benchmark_component' build argument 'cmake_args' from command line to '['-DCMAKE_BUILD_TYPE=Release']'
[1.172s] Level 5:colcon.colcon_core.verb:set package 'zed_topic_benchmark_component' build argument 'cmake_target' from command line to 'None'
[1.172s] Level 5:colcon.colcon_core.verb:set package 'zed_topic_benchmark_component' build argument 'cmake_target_skip_unavailable' from command line to 'False'
[1.172s] Level 5:colcon.colcon_core.verb:set package 'zed_topic_benchmark_component' build argument 'cmake_clean_cache' from command line to 'False'
[1.172s] Level 5:colcon.colcon_core.verb:set package 'zed_topic_benchmark_component' build argument 'cmake_clean_first' from command line to 'False'
[1.172s] Level 5:colcon.colcon_core.verb:set package 'zed_topic_benchmark_component' build argument 'cmake_force_configure' from command line to 'False'
[1.172s] Level 5:colcon.colcon_core.verb:set package 'zed_topic_benchmark_component' build argument 'ament_cmake_args' from command line to 'None'
[1.172s] Level 5:colcon.colcon_core.verb:set package 'zed_topic_benchmark_component' build argument 'catkin_cmake_args' from command line to 'None'
[1.172s] Level 5:colcon.colcon_core.verb:set package 'zed_topic_benchmark_component' build argument 'catkin_skip_building_tests' from command line to 'False'
[1.172s] DEBUG:colcon.colcon_core.verb:Building package 'zed_topic_benchmark_component' with the following arguments: {'ament_cmake_args': None, 'build_base': '/home/user/vision_ws/build/zed_topic_benchmark_component', 'catkin_cmake_args': None, 'catkin_skip_building_tests': False, 'cmake_args': ['-DCMAKE_BUILD_TYPE=Release'], 'cmake_clean_cache': False, 'cmake_clean_first': False, 'cmake_force_configure': False, 'cmake_target': None, 'cmake_target_skip_unavailable': False, 'install_base': '/home/user/vision_ws/install/zed_topic_benchmark_component', 'merge_install': False, 'path': '/home/user/vision_ws/src/zed-ros2-examples/tools/zed_benchmark_component', 'symlink_install': True, 'test_result_base': None}
[1.173s] Level 5:colcon.colcon_core.verb:set package 'zed_wrapper' build argument 'cmake_args' from command line to '['-DCMAKE_BUILD_TYPE=Release']'
[1.173s] Level 5:colcon.colcon_core.verb:set package 'zed_wrapper' build argument 'cmake_target' from command line to 'None'
[1.173s] Level 5:colcon.colcon_core.verb:set package 'zed_wrapper' build argument 'cmake_target_skip_unavailable' from command line to 'False'
[1.173s] Level 5:colcon.colcon_core.verb:set package 'zed_wrapper' build argument 'cmake_clean_cache' from command line to 'False'
[1.173s] Level 5:colcon.colcon_core.verb:set package 'zed_wrapper' build argument 'cmake_clean_first' from command line to 'False'
[1.173s] Level 5:colcon.colcon_core.verb:set package 'zed_wrapper' build argument 'cmake_force_configure' from command line to 'False'
[1.173s] Level 5:colcon.colcon_core.verb:set package 'zed_wrapper' build argument 'ament_cmake_args' from command line to 'None'
[1.173s] Level 5:colcon.colcon_core.verb:set package 'zed_wrapper' build argument 'catkin_cmake_args' from command line to 'None'
[1.173s] Level 5:colcon.colcon_core.verb:set package 'zed_wrapper' build argument 'catkin_skip_building_tests' from command line to 'False'
[1.173s] DEBUG:colcon.colcon_core.verb:Building package 'zed_wrapper' with the following arguments: {'ament_cmake_args': None, 'build_base': '/home/user/vision_ws/build/zed_wrapper', 'catkin_cmake_args': None, 'catkin_skip_building_tests': False, 'cmake_args': ['-DCMAKE_BUILD_TYPE=Release'], 'cmake_clean_cache': False, 'cmake_clean_first': False, 'cmake_force_configure': False, 'cmake_target': None, 'cmake_target_skip_unavailable': False, 'install_base': '/home/user/vision_ws/install/zed_wrapper', 'merge_install': False, 'path': '/home/user/vision_ws/src/zed-ros2-wrapper/zed_wrapper', 'symlink_install': True, 'test_result_base': None}
[1.174s] Level 5:colcon.colcon_core.verb:set package 'zed_depth_to_laserscan' build argument 'cmake_args' from command line to '['-DCMAKE_BUILD_TYPE=Release']'
[1.174s] Level 5:colcon.colcon_core.verb:set package 'zed_depth_to_laserscan' build argument 'cmake_target' from command line to 'None'
[1.174s] Level 5:colcon.colcon_core.verb:set package 'zed_depth_to_laserscan' build argument 'cmake_target_skip_unavailable' from command line to 'False'
[1.174s] Level 5:colcon.colcon_core.verb:set package 'zed_depth_to_laserscan' build argument 'cmake_clean_cache' from command line to 'False'
[1.174s] Level 5:colcon.colcon_core.verb:set package 'zed_depth_to_laserscan' build argument 'cmake_clean_first' from command line to 'False'
[1.174s] Level 5:colcon.colcon_core.verb:set package 'zed_depth_to_laserscan' build argument 'cmake_force_configure' from command line to 'False'
[1.174s] Level 5:colcon.colcon_core.verb:set package 'zed_depth_to_laserscan' build argument 'ament_cmake_args' from command line to 'None'
[1.174s] Level 5:colcon.colcon_core.verb:set package 'zed_depth_to_laserscan' build argument 'catkin_cmake_args' from command line to 'None'
[1.175s] Level 5:colcon.colcon_core.verb:set package 'zed_depth_to_laserscan' build argument 'catkin_skip_building_tests' from command line to 'False'
[1.175s] DEBUG:colcon.colcon_core.verb:Building package 'zed_depth_to_laserscan' with the following arguments: {'ament_cmake_args': None, 'build_base': '/home/user/vision_ws/build/zed_depth_to_laserscan', 'catkin_cmake_args': None, 'catkin_skip_building_tests': False, 'cmake_args': ['-DCMAKE_BUILD_TYPE=Release'], 'cmake_clean_cache': False, 'cmake_clean_first': False, 'cmake_force_configure': False, 'cmake_target': None, 'cmake_target_skip_unavailable': False, 'install_base': '/home/user/vision_ws/install/zed_depth_to_laserscan', 'merge_install': False, 'path': '/home/user/vision_ws/src/zed-ros2-examples/examples/zed_depth_to_laserscan', 'symlink_install': True, 'test_result_base': None}
[1.175s] Level 5:colcon.colcon_core.verb:set package 'zed_display_rviz2' build argument 'cmake_args' from command line to '['-DCMAKE_BUILD_TYPE=Release']'
[1.175s] Level 5:colcon.colcon_core.verb:set package 'zed_display_rviz2' build argument 'cmake_target' from command line to 'None'
[1.175s] Level 5:colcon.colcon_core.verb:set package 'zed_display_rviz2' build argument 'cmake_target_skip_unavailable' from command line to 'False'
[1.175s] Level 5:colcon.colcon_core.verb:set package 'zed_display_rviz2' build argument 'cmake_clean_cache' from command line to 'False'
[1.175s] Level 5:colcon.colcon_core.verb:set package 'zed_display_rviz2' build argument 'cmake_clean_first' from command line to 'False'
[1.175s] Level 5:colcon.colcon_core.verb:set package 'zed_display_rviz2' build argument 'cmake_force_configure' from command line to 'False'
[1.176s] Level 5:colcon.colcon_core.verb:set package 'zed_display_rviz2' build argument 'ament_cmake_args' from command line to 'None'
[1.176s] Level 5:colcon.colcon_core.verb:set package 'zed_display_rviz2' build argument 'catkin_cmake_args' from command line to 'None'
[1.176s] Level 5:colcon.colcon_core.verb:set package 'zed_display_rviz2' build argument 'catkin_skip_building_tests' from command line to 'False'
[1.176s] DEBUG:colcon.colcon_core.verb:Building package 'zed_display_rviz2' with the following arguments: {'ament_cmake_args': None, 'build_base': '/home/user/vision_ws/build/zed_display_rviz2', 'catkin_cmake_args': None, 'catkin_skip_building_tests': False, 'cmake_args': ['-DCMAKE_BUILD_TYPE=Release'], 'cmake_clean_cache': False, 'cmake_clean_first': False, 'cmake_force_configure': False, 'cmake_target': None, 'cmake_target_skip_unavailable': False, 'install_base': '/home/user/vision_ws/install/zed_display_rviz2', 'merge_install': False, 'path': '/home/user/vision_ws/src/zed-ros2-examples/zed_display_rviz2', 'symlink_install': True, 'test_result_base': None}
[1.176s] Level 5:colcon.colcon_core.verb:set package 'zed_multi_camera' build argument 'cmake_args' from command line to '['-DCMAKE_BUILD_TYPE=Release']'
[1.176s] Level 5:colcon.colcon_core.verb:set package 'zed_multi_camera' build argument 'cmake_target' from command line to 'None'
[1.176s] Level 5:colcon.colcon_core.verb:set package 'zed_multi_camera' build argument 'cmake_target_skip_unavailable' from command line to 'False'
[1.176s] Level 5:colcon.colcon_core.verb:set package 'zed_multi_camera' build argument 'cmake_clean_cache' from command line to 'False'
[1.177s] Level 5:colcon.colcon_core.verb:set package 'zed_multi_camera' build argument 'cmake_clean_first' from command line to 'False'
[1.177s] Level 5:colcon.colcon_core.verb:set package 'zed_multi_camera' build argument 'cmake_force_configure' from command line to 'False'
[1.177s] Level 5:colcon.colcon_core.verb:set package 'zed_multi_camera' build argument 'ament_cmake_args' from command line to 'None'
[1.177s] Level 5:colcon.colcon_core.verb:set package 'zed_multi_camera' build argument 'catkin_cmake_args' from command line to 'None'
[1.177s] Level 5:colcon.colcon_core.verb:set package 'zed_multi_camera' build argument 'catkin_skip_building_tests' from command line to 'False'
[1.177s] DEBUG:colcon.colcon_core.verb:Building package 'zed_multi_camera' with the following arguments: {'ament_cmake_args': None, 'build_base': '/home/user/vision_ws/build/zed_multi_camera', 'catkin_cmake_args': None, 'catkin_skip_building_tests': False, 'cmake_args': ['-DCMAKE_BUILD_TYPE=Release'], 'cmake_clean_cache': False, 'cmake_clean_first': False, 'cmake_force_configure': False, 'cmake_target': None, 'cmake_target_skip_unavailable': False, 'install_base': '/home/user/vision_ws/install/zed_multi_camera', 'merge_install': False, 'path': '/home/user/vision_ws/src/zed-ros2-examples/tutorials/zed_multi_camera', 'symlink_install': True, 'test_result_base': None}
[1.177s] Level 5:colcon.colcon_core.verb:set package 'zed_robot_integration' build argument 'cmake_args' from command line to '['-DCMAKE_BUILD_TYPE=Release']'
[1.177s] Level 5:colcon.colcon_core.verb:set package 'zed_robot_integration' build argument 'cmake_target' from command line to 'None'
[1.178s] Level 5:colcon.colcon_core.verb:set package 'zed_robot_integration' build argument 'cmake_target_skip_unavailable' from command line to 'False'
[1.178s] Level 5:colcon.colcon_core.verb:set package 'zed_robot_integration' build argument 'cmake_clean_cache' from command line to 'False'
[1.178s] Level 5:colcon.colcon_core.verb:set package 'zed_robot_integration' build argument 'cmake_clean_first' from command line to 'False'
[1.178s] Level 5:colcon.colcon_core.verb:set package 'zed_robot_integration' build argument 'cmake_force_configure' from command line to 'False'
[1.178s] Level 5:colcon.colcon_core.verb:set package 'zed_robot_integration' build argument 'ament_cmake_args' from command line to 'None'
[1.178s] Level 5:colcon.colcon_core.verb:set package 'zed_robot_integration' build argument 'catkin_cmake_args' from command line to 'None'
[1.178s] Level 5:colcon.colcon_core.verb:set package 'zed_robot_integration' build argument 'catkin_skip_building_tests' from command line to 'False'
[1.178s] DEBUG:colcon.colcon_core.verb:Building package 'zed_robot_integration' with the following arguments: {'ament_cmake_args': None, 'build_base': '/home/user/vision_ws/build/zed_robot_integration', 'catkin_cmake_args': None, 'catkin_skip_building_tests': False, 'cmake_args': ['-DCMAKE_BUILD_TYPE=Release'], 'cmake_clean_cache': False, 'cmake_clean_first': False, 'cmake_force_configure': False, 'cmake_target': None, 'cmake_target_skip_unavailable': False, 'install_base': '/home/user/vision_ws/install/zed_robot_integration', 'merge_install': False, 'path': '/home/user/vision_ws/src/zed-ros2-examples/tutorials/zed_robot_integration', 'symlink_install': True, 'test_result_base': None}
[1.178s] Level 5:colcon.colcon_core.verb:set package 'zed_ros2' build argument 'cmake_args' from command line to '['-DCMAKE_BUILD_TYPE=Release']'
[1.179s] Level 5:colcon.colcon_core.verb:set package 'zed_ros2' build argument 'cmake_target' from command line to 'None'
[1.179s] Level 5:colcon.colcon_core.verb:set package 'zed_ros2' build argument 'cmake_target_skip_unavailable' from command line to 'False'
[1.179s] Level 5:colcon.colcon_core.verb:set package 'zed_ros2' build argument 'cmake_clean_cache' from command line to 'False'
[1.179s] Level 5:colcon.colcon_core.verb:set package 'zed_ros2' build argument 'cmake_clean_first' from command line to 'False'
[1.179s] Level 5:colcon.colcon_core.verb:set package 'zed_ros2' build argument 'cmake_force_configure' from command line to 'False'
[1.179s] Level 5:colcon.colcon_core.verb:set package 'zed_ros2' build argument 'ament_cmake_args' from command line to 'None'
[1.179s] Level 5:colcon.colcon_core.verb:set package 'zed_ros2' build argument 'catkin_cmake_args' from command line to 'None'
[1.179s] Level 5:colcon.colcon_core.verb:set package 'zed_ros2' build argument 'catkin_skip_building_tests' from command line to 'False'
[1.179s] DEBUG:colcon.colcon_core.verb:Building package 'zed_ros2' with the following arguments: {'ament_cmake_args': None, 'build_base': '/home/user/vision_ws/build/zed_ros2', 'catkin_cmake_args': None, 'catkin_skip_building_tests': False, 'cmake_args': ['-DCMAKE_BUILD_TYPE=Release'], 'cmake_clean_cache': False, 'cmake_clean_first': False, 'cmake_force_configure': False, 'cmake_target': None, 'cmake_target_skip_unavailable': False, 'install_base': '/home/user/vision_ws/install/zed_ros2', 'merge_install': False, 'path': '/home/user/vision_ws/src/zed-ros2-wrapper/zed_ros2', 'symlink_install': True, 'test_result_base': None}
[1.180s] Level 5:colcon.colcon_core.verb:set package 'zed_topic_benchmark' build argument 'cmake_args' from command line to '['-DCMAKE_BUILD_TYPE=Release']'
[1.180s] Level 5:colcon.colcon_core.verb:set package 'zed_topic_benchmark' build argument 'cmake_target' from command line to 'None'
[1.180s] Level 5:colcon.colcon_core.verb:set package 'zed_topic_benchmark' build argument 'cmake_target_skip_unavailable' from command line to 'False'
[1.180s] Level 5:colcon.colcon_core.verb:set package 'zed_topic_benchmark' build argument 'cmake_clean_cache' from command line to 'False'
[1.180s] Level 5:colcon.colcon_core.verb:set package 'zed_topic_benchmark' build argument 'cmake_clean_first' from command line to 'False'
[1.180s] Level 5:colcon.colcon_core.verb:set package 'zed_topic_benchmark' build argument 'cmake_force_configure' from command line to 'False'
[1.180s] Level 5:colcon.colcon_core.verb:set package 'zed_topic_benchmark' build argument 'ament_cmake_args' from command line to 'None'
[1.180s] Level 5:colcon.colcon_core.verb:set package 'zed_topic_benchmark' build argument 'catkin_cmake_args' from command line to 'None'
[1.180s] Level 5:colcon.colcon_core.verb:set package 'zed_topic_benchmark' build argument 'catkin_skip_building_tests' from command line to 'False'
[1.180s] DEBUG:colcon.colcon_core.verb:Building package 'zed_topic_benchmark' with the following arguments: {'ament_cmake_args': None, 'build_base': '/home/user/vision_ws/build/zed_topic_benchmark', 'catkin_cmake_args': None, 'catkin_skip_building_tests': False, 'cmake_args': ['-DCMAKE_BUILD_TYPE=Release'], 'cmake_clean_cache': False, 'cmake_clean_first': False, 'cmake_force_configure': False, 'cmake_target': None, 'cmake_target_skip_unavailable': False, 'install_base': '/home/user/vision_ws/install/zed_topic_benchmark', 'merge_install': False, 'path': '/home/user/vision_ws/src/zed-ros2-examples/tools/zed_benchmark', 'symlink_install': True, 'test_result_base': None}
[1.181s] Level 5:colcon.colcon_core.verb:set package 'zed_ipc' build argument 'cmake_args' from command line to '['-DCMAKE_BUILD_TYPE=Release']'
[1.181s] Level 5:colcon.colcon_core.verb:set package 'zed_ipc' build argument 'cmake_target' from command line to 'None'
[1.181s] Level 5:colcon.colcon_core.verb:set package 'zed_ipc' build argument 'cmake_target_skip_unavailable' from command line to 'False'
[1.181s] Level 5:colcon.colcon_core.verb:set package 'zed_ipc' build argument 'cmake_clean_cache' from command line to 'False'
[1.181s] Level 5:colcon.colcon_core.verb:set package 'zed_ipc' build argument 'cmake_clean_first' from command line to 'False'
[1.181s] Level 5:colcon.colcon_core.verb:set package 'zed_ipc' build argument 'cmake_force_configure' from command line to 'False'
[1.181s] Level 5:colcon.colcon_core.verb:set package 'zed_ipc' build argument 'ament_cmake_args' from command line to 'None'
[1.181s] Level 5:colcon.colcon_core.verb:set package 'zed_ipc' build argument 'catkin_cmake_args' from command line to 'None'
[1.181s] Level 5:colcon.colcon_core.verb:set package 'zed_ipc' build argument 'catkin_skip_building_tests' from command line to 'False'
[1.181s] DEBUG:colcon.colcon_core.verb:Building package 'zed_ipc' with the following arguments: {'ament_cmake_args': None, 'build_base': '/home/user/vision_ws/build/zed_ipc', 'catkin_cmake_args': None, 'catkin_skip_building_tests': False, 'cmake_args': ['-DCMAKE_BUILD_TYPE=Release'], 'cmake_clean_cache': False, 'cmake_clean_first': False, 'cmake_force_configure': False, 'cmake_target': None, 'cmake_target_skip_unavailable': False, 'install_base': '/home/user/vision_ws/install/zed_ipc', 'merge_install': False, 'path': '/home/user/vision_ws/src/zed-ros2-examples/tutorials/zed_ipc', 'symlink_install': True, 'test_result_base': None}
[1.181s] INFO:colcon.colcon_core.executor:Executing jobs using 'parallel' executor
[1.184s] DEBUG:colcon.colcon_parallel_executor.executor.parallel:run_until_complete
[1.185s] INFO:colcon.colcon_ros.task.ament_cmake.build:Building ROS package in '/home/user/vision_ws/src/zed-ros2-wrapper/zed_components' with build type 'ament_cmake'
[1.185s] INFO:colcon.colcon_cmake.task.cmake.build:Building CMake package in '/home/user/vision_ws/src/zed-ros2-wrapper/zed_components'
[1.193s] INFO:colcon.colcon_core.plugin_system:Skipping extension 'colcon_core.shell.bat': Not used on non-Windows systems
[1.193s] INFO:colcon.colcon_core.shell:Skip shell extension 'powershell' for command environment: Not usable outside of PowerShell
[1.193s] DEBUG:colcon.colcon_core.shell:Skip shell extension 'dsv' for command environment
[1.205s] INFO:colcon.colcon_ros.task.ament_cmake.build:Building ROS package in '/home/user/vision_ws/src/zed-ros2-examples/tools/zed_benchmark_interfaces' with build type 'ament_cmake'
[1.205s] INFO:colcon.colcon_cmake.task.cmake.build:Building CMake package in '/home/user/vision_ws/src/zed-ros2-examples/tools/zed_benchmark_interfaces'
[1.205s] INFO:colcon.colcon_core.shell:Skip shell extension 'powershell' for command environment: Not usable outside of PowerShell
[1.206s] DEBUG:colcon.colcon_core.shell:Skip shell extension 'dsv' for command environment
[1.216s] INFO:colcon.colcon_ros.task.ament_cmake.build:Building ROS package in '/home/user/vision_ws/src/zed-ros2-examples/rviz-plugin-zed-od' with build type 'ament_cmake'
[1.216s] INFO:colcon.colcon_cmake.task.cmake.build:Building CMake package in '/home/user/vision_ws/src/zed-ros2-examples/rviz-plugin-zed-od'
[1.217s] INFO:colcon.colcon_core.shell:Skip shell extension 'powershell' for command environment: Not usable outside of PowerShell
[1.217s] DEBUG:colcon.colcon_core.shell:Skip shell extension 'dsv' for command environment
[1.227s] INFO:colcon.colcon_ros.task.ament_cmake.build:Building ROS package in '/home/user/vision_ws/src/zed-ros2-examples/tutorials/zed_depth_tutorial' with build type 'ament_cmake'
[1.228s] INFO:colcon.colcon_cmake.task.cmake.build:Building CMake package in '/home/user/vision_ws/src/zed-ros2-examples/tutorials/zed_depth_tutorial'
[1.228s] INFO:colcon.colcon_core.shell:Skip shell extension 'powershell' for command environment: Not usable outside of PowerShell
[1.229s] DEBUG:colcon.colcon_core.shell:Skip shell extension 'dsv' for command environment
[1.239s] INFO:colcon.colcon_ros.task.ament_cmake.build:Building ROS package in '/home/user/vision_ws/src/zed-ros2-examples/tutorials/zed_pose_tutorial' with build type 'ament_cmake'
[1.239s] INFO:colcon.colcon_cmake.task.cmake.build:Building CMake package in '/home/user/vision_ws/src/zed-ros2-examples/tutorials/zed_pose_tutorial'
[1.239s] INFO:colcon.colcon_core.shell:Skip shell extension 'powershell' for command environment: Not usable outside of PowerShell
[1.240s] DEBUG:colcon.colcon_core.shell:Skip shell extension 'dsv' for command environment
[1.250s] INFO:colcon.colcon_ros.task.ament_cmake.build:Building ROS package in '/home/user/vision_ws/src/zed-ros2-examples/tutorials/zed_video_tutorial' with build type 'ament_cmake'
[1.250s] INFO:colcon.colcon_cmake.task.cmake.build:Building CMake package in '/home/user/vision_ws/src/zed-ros2-examples/tutorials/zed_video_tutorial'
[1.251s] INFO:colcon.colcon_core.shell:Skip shell extension 'powershell' for command environment: Not usable outside of PowerShell
[1.251s] DEBUG:colcon.colcon_core.shell:Skip shell extension 'dsv' for command environment
[1.274s] DEBUG:colcon.colcon_core.event_handler.log_command:Invoking command in '/home/user/vision_ws/build/zed_components': CMAKE_PREFIX_PATH=${CMAKE_PREFIX_PATH}:/home/user/autorover_ws/install/autorover_bringup:/opt/ros/humble /usr/bin/cmake --build /home/user/vision_ws/build/zed_components -- -j8 -l8
[1.282s] DEBUG:colcon.colcon_core.event_handler.log_command:Invoking command in '/home/user/vision_ws/build/zed_topic_benchmark_interfaces': CMAKE_PREFIX_PATH=${CMAKE_PREFIX_PATH}:/home/user/autorover_ws/install/autorover_bringup:/opt/ros/humble /usr/bin/cmake --build /home/user/vision_ws/build/zed_topic_benchmark_interfaces -- -j8 -l8
[1.289s] DEBUG:colcon.colcon_core.event_handler.log_command:Invoking command in '/home/user/vision_ws/build/rviz_plugin_zed_od': CMAKE_PREFIX_PATH=${CMAKE_PREFIX_PATH}:/home/user/autorover_ws/install/autorover_bringup:/opt/ros/humble /usr/bin/cmake --build /home/user/vision_ws/build/rviz_plugin_zed_od -- -j8 -l8
[1.294s] DEBUG:colcon.colcon_core.event_handler.log_command:Invoking command in '/home/user/vision_ws/build/zed_tutorial_depth': CMAKE_PREFIX_PATH=${CMAKE_PREFIX_PATH}:/home/user/autorover_ws/install/autorover_bringup:/opt/ros/humble /usr/bin/cmake --build /home/user/vision_ws/build/zed_tutorial_depth -- -j8 -l8
[1.301s] DEBUG:colcon.colcon_core.event_handler.log_command:Invoking command in '/home/user/vision_ws/build/zed_tutorial_pos_tracking': CMAKE_PREFIX_PATH=${CMAKE_PREFIX_PATH}:/home/user/autorover_ws/install/autorover_bringup:/opt/ros/humble /usr/bin/cmake --build /home/user/vision_ws/build/zed_tutorial_pos_tracking -- -j8 -l8
[1.320s] DEBUG:colcon.colcon_core.event_handler.log_command:Invoking command in '/home/user/vision_ws/build/zed_tutorial_video': CMAKE_PREFIX_PATH=${CMAKE_PREFIX_PATH}:/home/user/autorover_ws/install/autorover_bringup:/opt/ros/humble /usr/bin/cmake --build /home/user/vision_ws/build/zed_tutorial_video -- -j8 -l8
[1.486s] DEBUG:colcon.colcon_core.event_handler.log_command:Invoked command in '/home/user/vision_ws/build/zed_tutorial_depth' returned '0': CMAKE_PREFIX_PATH=${CMAKE_PREFIX_PATH}:/home/user/autorover_ws/install/autorover_bringup:/opt/ros/humble /usr/bin/cmake --build /home/user/vision_ws/build/zed_tutorial_depth -- -j8 -l8
[1.511s] DEBUG:colcon.colcon_core.event_handler.log_command:Invoking command in '/home/user/vision_ws/build/zed_tutorial_depth': CMAKE_PREFIX_PATH=${CMAKE_PREFIX_PATH}:/home/user/autorover_ws/install/autorover_bringup:/opt/ros/humble /usr/bin/cmake --install /home/user/vision_ws/build/zed_tutorial_depth
[1.515s] DEBUG:colcon.colcon_core.event_handler.log_command:Invoked command in '/home/user/vision_ws/build/zed_components' returned '0': CMAKE_PREFIX_PATH=${CMAKE_PREFIX_PATH}:/home/user/autorover_ws/install/autorover_bringup:/opt/ros/humble /usr/bin/cmake --build /home/user/vision_ws/build/zed_components -- -j8 -l8
[1.521s] DEBUG:colcon.colcon_core.event_handler.log_command:Invoking command in '/home/user/vision_ws/build/zed_components': CMAKE_PREFIX_PATH=${CMAKE_PREFIX_PATH}:/home/user/autorover_ws/install/autorover_bringup:/opt/ros/humble /usr/bin/cmake --install /home/user/vision_ws/build/zed_components
[1.533s] DEBUG:colcon.colcon_core.event_handler.log_command:Invoked command in '/home/user/vision_ws/build/zed_tutorial_pos_tracking' returned '0': CMAKE_PREFIX_PATH=${CMAKE_PREFIX_PATH}:/home/user/autorover_ws/install/autorover_bringup:/opt/ros/humble /usr/bin/cmake --build /home/user/vision_ws/build/zed_tutorial_pos_tracking -- -j8 -l8
[1.538s] DEBUG:colcon.colcon_core.event_handler.log_command:Invoking command in '/home/user/vision_ws/build/zed_tutorial_pos_tracking': CMAKE_PREFIX_PATH=${CMAKE_PREFIX_PATH}:/home/user/autorover_ws/install/autorover_bringup:/opt/ros/humble /usr/bin/cmake --install /home/user/vision_ws/build/zed_tutorial_pos_tracking
[1.559s] DEBUG:colcon.colcon_core.event_handler.log_command:Invoked command in '/home/user/vision_ws/build/zed_tutorial_video' returned '0': CMAKE_PREFIX_PATH=${CMAKE_PREFIX_PATH}:/home/user/autorover_ws/install/autorover_bringup:/opt/ros/humble /usr/bin/cmake --build /home/user/vision_ws/build/zed_tutorial_video -- -j8 -l8
[1.561s] DEBUG:colcon.colcon_core.event_handler.log_command:Invoking command in '/home/user/vision_ws/build/zed_tutorial_video': CMAKE_PREFIX_PATH=${CMAKE_PREFIX_PATH}:/home/user/autorover_ws/install/autorover_bringup:/opt/ros/humble /usr/bin/cmake --install /home/user/vision_ws/build/zed_tutorial_video
[1.571s] Level 1:colcon.colcon_core.environment:create_environment_scripts_only(zed_tutorial_depth)
[1.573s] DEBUG:colcon.colcon_core.event_handler.log_command:Invoked command in '/home/user/vision_ws/build/zed_tutorial_depth' returned '0': CMAKE_PREFIX_PATH=${CMAKE_PREFIX_PATH}:/home/user/autorover_ws/install/autorover_bringup:/opt/ros/humble /usr/bin/cmake --install /home/user/vision_ws/build/zed_tutorial_depth
[1.592s] Level 1:colcon.colcon_core.environment:checking '/home/user/vision_ws/install/zed_tutorial_depth' for CMake module files
[1.593s] Level 1:colcon.colcon_core.environment:checking '/home/user/vision_ws/install/zed_tutorial_depth' for CMake config files
[1.594s] Level 1:colcon.colcon_core.shell:create_environment_hook('zed_tutorial_depth', 'cmake_prefix_path')
[1.594s] INFO:colcon.colcon_core.shell:Creating environment hook '/home/user/vision_ws/install/zed_tutorial_depth/share/zed_tutorial_depth/hook/cmake_prefix_path.ps1'
[1.597s] INFO:colcon.colcon_core.shell:Creating environment descriptor '/home/user/vision_ws/install/zed_tutorial_depth/share/zed_tutorial_depth/hook/cmake_prefix_path.dsv'
[1.598s] INFO:colcon.colcon_core.shell:Creating environment hook '/home/user/vision_ws/install/zed_tutorial_depth/share/zed_tutorial_depth/hook/cmake_prefix_path.sh'
[1.601s] Level 1:colcon.colcon_core.environment:checking '/home/user/vision_ws/install/zed_tutorial_depth/lib'
[1.601s] Level 1:colcon.colcon_core.environment:checking '/home/user/vision_ws/install/zed_tutorial_depth/bin'
[1.601s] Level 1:colcon.colcon_core.environment:checking '/home/user/vision_ws/install/zed_tutorial_depth/lib/pkgconfig/zed_tutorial_depth.pc'
[1.602s] Level 1:colcon.colcon_core.environment:checking '/home/user/vision_ws/install/zed_tutorial_depth/lib/python3.10/site-packages'
[1.602s] Level 1:colcon.colcon_core.environment:checking '/home/user/vision_ws/install/zed_tutorial_depth/bin'
[1.603s] INFO:colcon.colcon_core.shell:Creating package script '/home/user/vision_ws/install/zed_tutorial_depth/share/zed_tutorial_depth/package.ps1'
[1.605s] INFO:colcon.colcon_core.shell:Creating package descriptor '/home/user/vision_ws/install/zed_tutorial_depth/share/zed_tutorial_depth/package.dsv'
[1.606s] INFO:colcon.colcon_core.shell:Creating package script '/home/user/vision_ws/install/zed_tutorial_depth/share/zed_tutorial_depth/package.sh'
[1.608s] INFO:colcon.colcon_core.shell:Creating package script '/home/user/vision_ws/install/zed_tutorial_depth/share/zed_tutorial_depth/package.bash'
[1.611s] INFO:colcon.colcon_core.shell:Creating package script '/home/user/vision_ws/install/zed_tutorial_depth/share/zed_tutorial_depth/package.zsh'
[1.613s] Level 1:colcon.colcon_core.environment:create_file_with_runtime_dependencies(/home/user/vision_ws/install/zed_tutorial_depth/share/colcon-core/packages/zed_tutorial_depth)
[1.614s] Level 1:colcon.colcon_core.environment:create_environment_scripts_only(zed_tutorial_depth)
[1.615s] Level 1:colcon.colcon_core.environment:checking '/home/user/vision_ws/install/zed_tutorial_depth' for CMake module files
[1.616s] Level 1:colcon.colcon_core.environment:checking '/home/user/vision_ws/install/zed_tutorial_depth' for CMake config files
[1.616s] Level 1:colcon.colcon_core.shell:create_environment_hook('zed_tutorial_depth', 'cmake_prefix_path')
[1.617s] INFO:colcon.colcon_core.shell:Creating environment hook '/home/user/vision_ws/install/zed_tutorial_depth/share/zed_tutorial_depth/hook/cmake_prefix_path.ps1'
[1.617s] INFO:colcon.colcon_core.shell:Creating environment descriptor '/home/user/vision_ws/install/zed_tutorial_depth/share/zed_tutorial_depth/hook/cmake_prefix_path.dsv'
[1.618s] INFO:colcon.colcon_core.shell:Creating environment hook '/home/user/vision_ws/install/zed_tutorial_depth/share/zed_tutorial_depth/hook/cmake_prefix_path.sh'
[1.620s] Level 1:colcon.colcon_core.environment:checking '/home/user/vision_ws/install/zed_tutorial_depth/lib'
[1.620s] Level 1:colcon.colcon_core.environment:checking '/home/user/vision_ws/install/zed_tutorial_depth/bin'
[1.620s] Level 1:colcon.colcon_core.environment:checking '/home/user/vision_ws/install/zed_tutorial_depth/lib/pkgconfig/zed_tutorial_depth.pc'
[1.621s] Level 1:colcon.colcon_core.environment:checking '/home/user/vision_ws/install/zed_tutorial_depth/lib/python3.10/site-packages'
[1.621s] Level 1:colcon.colcon_core.environment:checking '/home/user/vision_ws/install/zed_tutorial_depth/bin'
[1.622s] INFO:colcon.colcon_core.shell:Creating package script '/home/user/vision_ws/install/zed_tutorial_depth/share/zed_tutorial_depth/package.ps1'
[1.623s] INFO:colcon.colcon_core.shell:Creating package descriptor '/home/user/vision_ws/install/zed_tutorial_depth/share/zed_tutorial_depth/package.dsv'
[1.624s] INFO:colcon.colcon_core.shell:Creating package script '/home/user/vision_ws/install/zed_tutorial_depth/share/zed_tutorial_depth/package.sh'
[1.625s] INFO:colcon.colcon_core.shell:Creating package script '/home/user/vision_ws/install/zed_tutorial_depth/share/zed_tutorial_depth/package.bash'
[1.626s] INFO:colcon.colcon_core.shell:Creating package script '/home/user/vision_ws/install/zed_tutorial_depth/share/zed_tutorial_depth/package.zsh'
[1.627s] Level 1:colcon.colcon_core.environment:create_file_with_runtime_dependencies(/home/user/vision_ws/install/zed_tutorial_depth/share/colcon-core/packages/zed_tutorial_depth)
[1.631s] Level 1:colcon.colcon_core.environment:create_environment_scripts_only(zed_tutorial_pos_tracking)
[1.631s] Level 1:colcon.colcon_core.environment:checking '/home/user/vision_ws/install/zed_tutorial_pos_tracking' for CMake module files
[1.632s] DEBUG:colcon.colcon_core.event_handler.log_command:Invoked command in '/home/user/vision_ws/build/zed_tutorial_pos_tracking' returned '0': CMAKE_PREFIX_PATH=${CMAKE_PREFIX_PATH}:/home/user/autorover_ws/install/autorover_bringup:/opt/ros/humble /usr/bin/cmake --install /home/user/vision_ws/build/zed_tutorial_pos_tracking
[1.634s] Level 1:colcon.colcon_core.environment:checking '/home/user/vision_ws/install/zed_tutorial_pos_tracking' for CMake config files
[1.634s] Level 1:colcon.colcon_core.shell:create_environment_hook('zed_tutorial_pos_tracking', 'cmake_prefix_path')
[1.635s] INFO:colcon.colcon_core.shell:Creating environment hook '/home/user/vision_ws/install/zed_tutorial_pos_tracking/share/zed_tutorial_pos_tracking/hook/cmake_prefix_path.ps1'
[1.636s] INFO:colcon.colcon_core.shell:Creating environment descriptor '/home/user/vision_ws/install/zed_tutorial_pos_tracking/share/zed_tutorial_pos_tracking/hook/cmake_prefix_path.dsv'
[1.637s] INFO:colcon.colcon_core.shell:Creating environment hook '/home/user/vision_ws/install/zed_tutorial_pos_tracking/share/zed_tutorial_pos_tracking/hook/cmake_prefix_path.sh'
[1.638s] Level 1:colcon.colcon_core.environment:checking '/home/user/vision_ws/install/zed_tutorial_pos_tracking/lib'
[1.638s] Level 1:colcon.colcon_core.environment:checking '/home/user/vision_ws/install/zed_tutorial_pos_tracking/bin'
[1.638s] Level 1:colcon.colcon_core.environment:checking '/home/user/vision_ws/install/zed_tutorial_pos_tracking/lib/pkgconfig/zed_tutorial_pos_tracking.pc'
[1.639s] Level 1:colcon.colcon_core.environment:checking '/home/user/vision_ws/install/zed_tutorial_pos_tracking/lib/python3.10/site-packages'
[1.640s] Level 1:colcon.colcon_core.environment:checking '/home/user/vision_ws/install/zed_tutorial_pos_tracking/bin'
[1.641s] INFO:colcon.colcon_core.shell:Creating package script '/home/user/vision_ws/install/zed_tutorial_pos_tracking/share/zed_tutorial_pos_tracking/package.ps1'
[1.642s] INFO:colcon.colcon_core.shell:Creating package descriptor '/home/user/vision_ws/install/zed_tutorial_pos_tracking/share/zed_tutorial_pos_tracking/package.dsv'
[1.643s] INFO:colcon.colcon_core.shell:Creating package script '/home/user/vision_ws/install/zed_tutorial_pos_tracking/share/zed_tutorial_pos_tracking/package.sh'
[1.644s] INFO:colcon.colcon_core.shell:Creating package script '/home/user/vision_ws/install/zed_tutorial_pos_tracking/share/zed_tutorial_pos_tracking/package.bash'
[1.645s] INFO:colcon.colcon_core.shell:Creating package script '/home/user/vision_ws/install/zed_tutorial_pos_tracking/share/zed_tutorial_pos_tracking/package.zsh'
[1.646s] Level 1:colcon.colcon_core.environment:create_file_with_runtime_dependencies(/home/user/vision_ws/install/zed_tutorial_pos_tracking/share/colcon-core/packages/zed_tutorial_pos_tracking)
[1.647s] Level 1:colcon.colcon_core.environment:create_environment_scripts_only(zed_tutorial_pos_tracking)
[1.648s] Level 1:colcon.colcon_core.environment:checking '/home/user/vision_ws/install/zed_tutorial_pos_tracking' for CMake module files
[1.648s] Level 1:colcon.colcon_core.environment:checking '/home/user/vision_ws/install/zed_tutorial_pos_tracking' for CMake config files
[1.649s] Level 1:colcon.colcon_core.shell:create_environment_hook('zed_tutorial_pos_tracking', 'cmake_prefix_path')
[1.649s] INFO:colcon.colcon_core.shell:Creating environment hook '/home/user/vision_ws/install/zed_tutorial_pos_tracking/share/zed_tutorial_pos_tracking/hook/cmake_prefix_path.ps1'
[1.650s] INFO:colcon.colcon_core.shell:Creating environment descriptor '/home/user/vision_ws/install/zed_tutorial_pos_tracking/share/zed_tutorial_pos_tracking/hook/cmake_prefix_path.dsv'
[1.651s] INFO:colcon.colcon_core.shell:Creating environment hook '/home/user/vision_ws/install/zed_tutorial_pos_tracking/share/zed_tutorial_pos_tracking/hook/cmake_prefix_path.sh'
[1.652s] Level 1:colcon.colcon_core.environment:checking '/home/user/vision_ws/install/zed_tutorial_pos_tracking/lib'
[1.652s] Level 1:colcon.colcon_core.environment:checking '/home/user/vision_ws/install/zed_tutorial_pos_tracking/bin'
[1.653s] Level 1:colcon.colcon_core.environment:checking '/home/user/vision_ws/install/zed_tutorial_pos_tracking/lib/pkgconfig/zed_tutorial_pos_tracking.pc'
[1.653s] Level 1:colcon.colcon_core.environment:checking '/home/user/vision_ws/install/zed_tutorial_pos_tracking/lib/python3.10/site-packages'
[1.653s] Level 1:colcon.colcon_core.environment:checking '/home/user/vision_ws/install/zed_tutorial_pos_tracking/bin'
[1.654s] INFO:colcon.colcon_core.shell:Creating package script '/home/user/vision_ws/install/zed_tutorial_pos_tracking/share/zed_tutorial_pos_tracking/package.ps1'
[1.655s] INFO:colcon.colcon_core.shell:Creating package descriptor '/home/user/vision_ws/install/zed_tutorial_pos_tracking/share/zed_tutorial_pos_tracking/package.dsv'
[1.656s] INFO:colcon.colcon_core.shell:Creating package script '/home/user/vision_ws/install/zed_tutorial_pos_tracking/share/zed_tutorial_pos_tracking/package.sh'
[1.657s] INFO:colcon.colcon_core.shell:Creating package script '/home/user/vision_ws/install/zed_tutorial_pos_tracking/share/zed_tutorial_pos_tracking/package.bash'
[1.658s] INFO:colcon.colcon_core.shell:Creating package script '/home/user/vision_ws/install/zed_tutorial_pos_tracking/share/zed_tutorial_pos_tracking/package.zsh'
[1.659s] Level 1:colcon.colcon_core.environment:create_file_with_runtime_dependencies(/home/user/vision_ws/install/zed_tutorial_pos_tracking/share/colcon-core/packages/zed_tutorial_pos_tracking)
[1.659s] Level 1:colcon.colcon_core.environment:create_environment_scripts_only(zed_components)
[1.660s] Level 1:colcon.colcon_core.environment:checking '/home/user/vision_ws/install/zed_components' for CMake module files
[1.662s] DEBUG:colcon.colcon_core.event_handler.log_command:Invoked command in '/home/user/vision_ws/build/zed_components' returned '0': CMAKE_PREFIX_PATH=${CMAKE_PREFIX_PATH}:/home/user/autorover_ws/install/autorover_bringup:/opt/ros/humble /usr/bin/cmake --install /home/user/vision_ws/build/zed_components
[1.662s] Level 1:colcon.colcon_core.environment:checking '/home/user/vision_ws/install/zed_components' for CMake config files
[1.663s] Level 1:colcon.colcon_core.shell:create_environment_hook('zed_components', 'cmake_prefix_path')
[1.663s] INFO:colcon.colcon_core.shell:Creating environment hook '/home/user/vision_ws/install/zed_components/share/zed_components/hook/cmake_prefix_path.ps1'
[1.664s] INFO:colcon.colcon_core.shell:Creating environment descriptor '/home/user/vision_ws/install/zed_components/share/zed_components/hook/cmake_prefix_path.dsv'
[1.665s] INFO:colcon.colcon_core.shell:Creating environment hook '/home/user/vision_ws/install/zed_components/share/zed_components/hook/cmake_prefix_path.sh'
[1.666s] Level 1:colcon.colcon_core.environment:checking '/home/user/vision_ws/install/zed_components/lib'
[1.666s] Level 1:colcon.colcon_core.shell:create_environment_hook('zed_components', 'ld_library_path_lib')
[1.667s] INFO:colcon.colcon_core.shell:Creating environment hook '/home/user/vision_ws/install/zed_components/share/zed_components/hook/ld_library_path_lib.ps1'
[1.668s] INFO:colcon.colcon_core.shell:Creating environment descriptor '/home/user/vision_ws/install/zed_components/share/zed_components/hook/ld_library_path_lib.dsv'
[1.668s] INFO:colcon.colcon_core.shell:Creating environment hook '/home/user/vision_ws/install/zed_components/share/zed_components/hook/ld_library_path_lib.sh'
[1.669s] Level 1:colcon.colcon_core.environment:checking '/home/user/vision_ws/install/zed_components/bin'
[1.670s] Level 1:colcon.colcon_core.environment:checking '/home/user/vision_ws/install/zed_components/lib/pkgconfig/zed_components.pc'
[1.670s] Level 1:colcon.colcon_core.environment:checking '/home/user/vision_ws/install/zed_components/lib/python3.10/site-packages'
[1.670s] Level 1:colcon.colcon_core.environment:checking '/home/user/vision_ws/install/zed_components/bin'
[1.671s] INFO:colcon.colcon_core.shell:Creating package script '/home/user/vision_ws/install/zed_components/share/zed_components/package.ps1'
[1.672s] INFO:colcon.colcon_core.shell:Creating package descriptor '/home/user/vision_ws/install/zed_components/share/zed_components/package.dsv'
[1.673s] INFO:colcon.colcon_core.shell:Creating package script '/home/user/vision_ws/install/zed_components/share/zed_components/package.sh'
[1.674s] INFO:colcon.colcon_core.shell:Creating package script '/home/user/vision_ws/install/zed_components/share/zed_components/package.bash'
[1.675s] INFO:colcon.colcon_core.shell:Creating package script '/home/user/vision_ws/install/zed_components/share/zed_components/package.zsh'
[1.675s] Level 1:colcon.colcon_core.environment:create_file_with_runtime_dependencies(/home/user/vision_ws/install/zed_components/share/colcon-core/packages/zed_components)
[1.677s] Level 1:colcon.colcon_core.environment:create_environment_scripts_only(zed_components)
[1.677s] Level 1:colcon.colcon_core.environment:checking '/home/user/vision_ws/install/zed_components' for CMake module files
[1.678s] Level 1:colcon.colcon_core.environment:checking '/home/user/vision_ws/install/zed_components' for CMake config files
[1.679s] Level 1:colcon.colcon_core.shell:create_environment_hook('zed_components', 'cmake_prefix_path')
[1.679s] INFO:colcon.colcon_core.shell:Creating environment hook '/home/user/vision_ws/install/zed_components/share/zed_components/hook/cmake_prefix_path.ps1'
[1.680s] INFO:colcon.colcon_core.shell:Creating environment descriptor '/home/user/vision_ws/install/zed_components/share/zed_components/hook/cmake_prefix_path.dsv'
[1.681s] INFO:colcon.colcon_core.shell:Creating environment hook '/home/user/vision_ws/install/zed_components/share/zed_components/hook/cmake_prefix_path.sh'
[1.683s] Level 1:colcon.colcon_core.environment:checking '/home/user/vision_ws/install/zed_components/lib'
[1.683s] Level 1:colcon.colcon_core.shell:create_environment_hook('zed_components', 'ld_library_path_lib')
[1.683s] INFO:colcon.colcon_core.shell:Creating environment hook '/home/user/vision_ws/install/zed_components/share/zed_components/hook/ld_library_path_lib.ps1'
[1.684s] INFO:colcon.colcon_core.shell:Creating environment descriptor '/home/user/vision_ws/install/zed_components/share/zed_components/hook/ld_library_path_lib.dsv'
[1.685s] INFO:colcon.colcon_core.shell:Creating environment hook '/home/user/vision_ws/install/zed_components/share/zed_components/hook/ld_library_path_lib.sh'
[1.686s] Level 1:colcon.colcon_core.environment:checking '/home/user/vision_ws/install/zed_components/bin'
[1.687s] Level 1:colcon.colcon_core.environment:checking '/home/user/vision_ws/install/zed_components/lib/pkgconfig/zed_components.pc'
[1.687s] Level 1:colcon.colcon_core.environment:checking '/home/user/vision_ws/install/zed_components/lib/python3.10/site-packages'
[1.688s] Level 1:colcon.colcon_core.environment:checking '/home/user/vision_ws/install/zed_components/bin'
[1.688s] INFO:colcon.colcon_core.shell:Creating package script '/home/user/vision_ws/install/zed_components/share/zed_components/package.ps1'
[1.689s] INFO:colcon.colcon_core.shell:Creating package descriptor '/home/user/vision_ws/install/zed_components/share/zed_components/package.dsv'
[1.690s] INFO:colcon.colcon_core.shell:Creating package script '/home/user/vision_ws/install/zed_components/share/zed_components/package.sh'
[1.691s] INFO:colcon.colcon_core.shell:Creating package script '/home/user/vision_ws/install/zed_components/share/zed_components/package.bash'
[1.692s] INFO:colcon.colcon_core.shell:Creating package script '/home/user/vision_ws/install/zed_components/share/zed_components/package.zsh'
[1.693s] Level 1:colcon.colcon_core.environment:create_file_with_runtime_dependencies(/home/user/vision_ws/install/zed_components/share/colcon-core/packages/zed_components)
[1.694s] Level 1:colcon.colcon_core.environment:create_environment_scripts_only(zed_tutorial_video)
[1.694s] Level 1:colcon.colcon_core.environment:checking '/home/user/vision_ws/install/zed_tutorial_video' for CMake module files
[1.696s] DEBUG:colcon.colcon_core.event_handler.log_command:Invoked command in '/home/user/vision_ws/build/zed_tutorial_video' returned '0': CMAKE_PREFIX_PATH=${CMAKE_PREFIX_PATH}:/home/user/autorover_ws/install/autorover_bringup:/opt/ros/humble /usr/bin/cmake --install /home/user/vision_ws/build/zed_tutorial_video
[1.697s] Level 1:colcon.colcon_core.environment:checking '/home/user/vision_ws/install/zed_tutorial_video' for CMake config files
[1.697s] Level 1:colcon.colcon_core.shell:create_environment_hook('zed_tutorial_video', 'cmake_prefix_path')
[1.698s] INFO:colcon.colcon_core.shell:Creating environment hook '/home/user/vision_ws/install/zed_tutorial_video/share/zed_tutorial_video/hook/cmake_prefix_path.ps1'
[1.698s] INFO:colcon.colcon_core.shell:Creating environment descriptor '/home/user/vision_ws/install/zed_tutorial_video/share/zed_tutorial_video/hook/cmake_prefix_path.dsv'
[1.699s] INFO:colcon.colcon_core.shell:Creating environment hook '/home/user/vision_ws/install/zed_tutorial_video/share/zed_tutorial_video/hook/cmake_prefix_path.sh'
[1.701s] Level 1:colcon.colcon_core.environment:checking '/home/user/vision_ws/install/zed_tutorial_video/lib'
[1.701s] Level 1:colcon.colcon_core.environment:checking '/home/user/vision_ws/install/zed_tutorial_video/bin'
[1.701s] Level 1:colcon.colcon_core.environment:checking '/home/user/vision_ws/install/zed_tutorial_video/lib/pkgconfig/zed_tutorial_video.pc'
[1.701s] Level 1:colcon.colcon_core.environment:checking '/home/user/vision_ws/install/zed_tutorial_video/lib/python3.10/site-packages'
[1.702s] Level 1:colcon.colcon_core.environment:checking '/home/user/vision_ws/install/zed_tutorial_video/bin'
[1.702s] INFO:colcon.colcon_core.shell:Creating package script '/home/user/vision_ws/install/zed_tutorial_video/share/zed_tutorial_video/package.ps1'
[1.704s] INFO:colcon.colcon_core.shell:Creating package descriptor '/home/user/vision_ws/install/zed_tutorial_video/share/zed_tutorial_video/package.dsv'
[1.704s] INFO:colcon.colcon_core.shell:Creating package script '/home/user/vision_ws/install/zed_tutorial_video/share/zed_tutorial_video/package.sh'
[1.705s] INFO:colcon.colcon_core.shell:Creating package script '/home/user/vision_ws/install/zed_tutorial_video/share/zed_tutorial_video/package.bash'
[1.706s] INFO:colcon.colcon_core.shell:Creating package script '/home/user/vision_ws/install/zed_tutorial_video/share/zed_tutorial_video/package.zsh'
[1.707s] Level 1:colcon.colcon_core.environment:create_file_with_runtime_dependencies(/home/user/vision_ws/install/zed_tutorial_video/share/colcon-core/packages/zed_tutorial_video)
[1.708s] Level 1:colcon.colcon_core.environment:create_environment_scripts_only(zed_tutorial_video)
[1.708s] Level 1:colcon.colcon_core.environment:checking '/home/user/vision_ws/install/zed_tutorial_video' for CMake module files
[1.709s] Level 1:colcon.colcon_core.environment:checking '/home/user/vision_ws/install/zed_tutorial_video' for CMake config files
[1.710s] Level 1:colcon.colcon_core.shell:create_environment_hook('zed_tutorial_video', 'cmake_prefix_path')
[1.710s] INFO:colcon.colcon_core.shell:Creating environment hook '/home/user/vision_ws/install/zed_tutorial_video/share/zed_tutorial_video/hook/cmake_prefix_path.ps1'
[1.711s] INFO:colcon.colcon_core.shell:Creating environment descriptor '/home/user/vision_ws/install/zed_tutorial_video/share/zed_tutorial_video/hook/cmake_prefix_path.dsv'
[1.712s] INFO:colcon.colcon_core.shell:Creating environment hook '/home/user/vision_ws/install/zed_tutorial_video/share/zed_tutorial_video/hook/cmake_prefix_path.sh'
[1.713s] Level 1:colcon.colcon_core.environment:checking '/home/user/vision_ws/install/zed_tutorial_video/lib'
[1.713s] Level 1:colcon.colcon_core.environment:checking '/home/user/vision_ws/install/zed_tutorial_video/bin'
[1.713s] Level 1:colcon.colcon_core.environment:checking '/home/user/vision_ws/install/zed_tutorial_video/lib/pkgconfig/zed_tutorial_video.pc'
[1.714s] Level 1:colcon.colcon_core.environment:checking '/home/user/vision_ws/install/zed_tutorial_video/lib/python3.10/site-packages'
[1.714s] Level 1:colcon.colcon_core.environment:checking '/home/user/vision_ws/install/zed_tutorial_video/bin'
[1.715s] INFO:colcon.colcon_core.shell:Creating package script '/home/user/vision_ws/install/zed_tutorial_video/share/zed_tutorial_video/package.ps1'
[1.716s] INFO:colcon.colcon_core.shell:Creating package descriptor '/home/user/vision_ws/install/zed_tutorial_video/share/zed_tutorial_video/package.dsv'
[1.717s] INFO:colcon.colcon_core.shell:Creating package script '/home/user/vision_ws/install/zed_tutorial_video/share/zed_tutorial_video/package.sh'
[1.718s] INFO:colcon.colcon_core.shell:Creating package script '/home/user/vision_ws/install/zed_tutorial_video/share/zed_tutorial_video/package.bash'
[1.719s] INFO:colcon.colcon_core.shell:Creating package script '/home/user/vision_ws/install/zed_tutorial_video/share/zed_tutorial_video/package.zsh'
[1.720s] Level 1:colcon.colcon_core.environment:create_file_with_runtime_dependencies(/home/user/vision_ws/install/zed_tutorial_video/share/colcon-core/packages/zed_tutorial_video)
[1.721s] INFO:colcon.colcon_ros.task.ament_cmake.build:Building ROS package in '/home/user/vision_ws/src/zed-ros2-wrapper/zed_wrapper' with build type 'ament_cmake'
[1.722s] INFO:colcon.colcon_cmake.task.cmake.build:Building CMake package in '/home/user/vision_ws/src/zed-ros2-wrapper/zed_wrapper'
[1.722s] INFO:colcon.colcon_core.shell:Skip shell extension 'powershell' for command environment: Not usable outside of PowerShell
[1.722s] DEBUG:colcon.colcon_core.shell:Skip shell extension 'dsv' for command environment
[1.736s] INFO:colcon.colcon_ros.task.ament_cmake.build:Building ROS package in '/home/user/vision_ws/src/zed-ros2-examples/examples/zed_aruco_localization' with build type 'ament_cmake'
[1.736s] INFO:colcon.colcon_cmake.task.cmake.build:Building CMake package in '/home/user/vision_ws/src/zed-ros2-examples/examples/zed_aruco_localization'
[1.737s] INFO:colcon.colcon_core.shell:Skip shell extension 'powershell' for command environment: Not usable outside of PowerShell
[1.737s] DEBUG:colcon.colcon_core.shell:Skip shell extension 'dsv' for command environment
[1.748s] INFO:colcon.colcon_ros.task.ament_cmake.build:Building ROS package in '/home/user/vision_ws/src/zed-ros2-examples/tutorials/zed_rgb_convert' with build type 'ament_cmake'
[1.749s] INFO:colcon.colcon_cmake.task.cmake.build:Building CMake package in '/home/user/vision_ws/src/zed-ros2-examples/tutorials/zed_rgb_convert'
[1.750s] INFO:colcon.colcon_core.shell:Skip shell extension 'powershell' for command environment: Not usable outside of PowerShell
[1.750s] DEBUG:colcon.colcon_core.shell:Skip shell extension 'dsv' for command environment
[1.766s] DEBUG:colcon.colcon_core.event_handler.log_command:Invoked command in '/home/user/vision_ws/build/rviz_plugin_zed_od' returned '0': CMAKE_PREFIX_PATH=${CMAKE_PREFIX_PATH}:/home/user/autorover_ws/install/autorover_bringup:/opt/ros/humble /usr/bin/cmake --build /home/user/vision_ws/build/rviz_plugin_zed_od -- -j8 -l8
[1.770s] DEBUG:colcon.colcon_core.event_handler.log_command:Invoking command in '/home/user/vision_ws/build/rviz_plugin_zed_od': CMAKE_PREFIX_PATH=${CMAKE_PREFIX_PATH}:/home/user/autorover_ws/install/autorover_bringup:/opt/ros/humble /usr/bin/cmake --install /home/user/vision_ws/build/rviz_plugin_zed_od
[1.779s] DEBUG:colcon.colcon_core.event_handler.log_command:Invoking command in '/home/user/vision_ws/build/zed_wrapper': CMAKE_PREFIX_PATH=/home/user/vision_ws/install/zed_components:/home/user/vision_ws/install/zed_ros2:/home/user/vision_ws/install/zed_robot_integration:/home/user/vision_ws/install/zed_ipc:/home/user/vision_ws/install/zed_multi_camera:/home/user/vision_ws/install/zed_display_rviz2:/home/user/vision_ws/install/zed_depth_to_laserscan:/home/user/vision_ws/install/zed_wrapper:/home/user/vision_ws/install/zed_tutorial_video:/home/user/vision_ws/install/zed_tutorial_pos_tracking:/home/user/vision_ws/install/zed_tutorial_depth:/home/user/vision_ws/install/zed_topic_benchmark:/home/user/vision_ws/install/zed_topic_benchmark_component:/home/user/vision_ws/install/zed_topic_benchmark_interfaces:/home/user/vision_ws/install/zed_rgb_convert:/home/user/vision_ws/install/zed_aruco_localization:/home/user/vision_ws/install/rviz_plugin_zed_od:/home/user/autorover_ws/install/zed_components:/home/user/autorover_ws/install/mavros_extras:/home/user/autorover_ws/install/mavros:/home/user/autorover_ws/install/mavros_msgs:/home/user/autorover_ws/install/libmavconn:/home/user/autorover_ws/install/autorover_bringup:/opt/ros/humble LD_LIBRARY_PATH=/home/user/vision_ws/install/zed_components/lib:/home/user/vision_ws/install/zed_ipc/lib:/home/user/vision_ws/install/zed_topic_benchmark_component/lib:/home/user/vision_ws/install/zed_topic_benchmark_interfaces/lib:/home/user/vision_ws/install/zed_rgb_convert/lib:/home/user/vision_ws/install/zed_aruco_localization/lib:/home/user/vision_ws/install/rviz_plugin_zed_od/lib:/home/user/autorover_ws/install/zed_components/lib:/home/user/autorover_ws/install/mavros_extras/lib:/home/user/autorover_ws/install/mavros/lib:/home/user/autorover_ws/install/mavros_msgs/lib:/home/user/autorover_ws/install/libmavconn/lib:/opt/ros/humble/opt/rviz_ogre_vendor/lib:/opt/ros/humble/lib/aarch64-linux-gnu:/opt/ros/humble/lib /usr/bin/cmake --build /home/user/vision_ws/build/zed_wrapper -- -j8 -l8
[1.785s] DEBUG:colcon.colcon_core.event_handler.log_command:Invoking command in '/home/user/vision_ws/build/zed_aruco_localization': CMAKE_PREFIX_PATH=/home/user/vision_ws/install/zed_components:/home/user/vision_ws/install/zed_ros2:/home/user/vision_ws/install/zed_robot_integration:/home/user/vision_ws/install/zed_ipc:/home/user/vision_ws/install/zed_multi_camera:/home/user/vision_ws/install/zed_display_rviz2:/home/user/vision_ws/install/zed_depth_to_laserscan:/home/user/vision_ws/install/zed_wrapper:/home/user/vision_ws/install/zed_tutorial_video:/home/user/vision_ws/install/zed_tutorial_pos_tracking:/home/user/vision_ws/install/zed_tutorial_depth:/home/user/vision_ws/install/zed_topic_benchmark:/home/user/vision_ws/install/zed_topic_benchmark_component:/home/user/vision_ws/install/zed_topic_benchmark_interfaces:/home/user/vision_ws/install/zed_rgb_convert:/home/user/vision_ws/install/zed_aruco_localization:/home/user/vision_ws/install/rviz_plugin_zed_od:/home/user/autorover_ws/install/zed_components:/home/user/autorover_ws/install/mavros_extras:/home/user/autorover_ws/install/mavros:/home/user/autorover_ws/install/mavros_msgs:/home/user/autorover_ws/install/libmavconn:/home/user/autorover_ws/install/autorover_bringup:/opt/ros/humble LD_LIBRARY_PATH=/home/user/vision_ws/install/zed_components/lib:/home/user/vision_ws/install/zed_ipc/lib:/home/user/vision_ws/install/zed_topic_benchmark_component/lib:/home/user/vision_ws/install/zed_topic_benchmark_interfaces/lib:/home/user/vision_ws/install/zed_rgb_convert/lib:/home/user/vision_ws/install/zed_aruco_localization/lib:/home/user/vision_ws/install/rviz_plugin_zed_od/lib:/home/user/autorover_ws/install/zed_components/lib:/home/user/autorover_ws/install/mavros_extras/lib:/home/user/autorover_ws/install/mavros/lib:/home/user/autorover_ws/install/mavros_msgs/lib:/home/user/autorover_ws/install/libmavconn/lib:/opt/ros/humble/opt/rviz_ogre_vendor/lib:/opt/ros/humble/lib/aarch64-linux-gnu:/opt/ros/humble/lib /usr/bin/cmake --build /home/user/vision_ws/build/zed_aruco_localization -- -j8 -l8
[1.796s] DEBUG:colcon.colcon_core.event_handler.log_command:Invoking command in '/home/user/vision_ws/build/zed_rgb_convert': CMAKE_PREFIX_PATH=/home/user/vision_ws/install/zed_components:/home/user/vision_ws/install/zed_ros2:/home/user/vision_ws/install/zed_robot_integration:/home/user/vision_ws/install/zed_ipc:/home/user/vision_ws/install/zed_multi_camera:/home/user/vision_ws/install/zed_display_rviz2:/home/user/vision_ws/install/zed_depth_to_laserscan:/home/user/vision_ws/install/zed_wrapper:/home/user/vision_ws/install/zed_tutorial_video:/home/user/vision_ws/install/zed_tutorial_pos_tracking:/home/user/vision_ws/install/zed_tutorial_depth:/home/user/vision_ws/install/zed_topic_benchmark:/home/user/vision_ws/install/zed_topic_benchmark_component:/home/user/vision_ws/install/zed_topic_benchmark_interfaces:/home/user/vision_ws/install/zed_rgb_convert:/home/user/vision_ws/install/zed_aruco_localization:/home/user/vision_ws/install/rviz_plugin_zed_od:/home/user/autorover_ws/install/zed_components:/home/user/autorover_ws/install/mavros_extras:/home/user/autorover_ws/install/mavros:/home/user/autorover_ws/install/mavros_msgs:/home/user/autorover_ws/install/libmavconn:/home/user/autorover_ws/install/autorover_bringup:/opt/ros/humble LD_LIBRARY_PATH=/home/user/vision_ws/install/zed_components/lib:/home/user/vision_ws/install/zed_ipc/lib:/home/user/vision_ws/install/zed_topic_benchmark_component/lib:/home/user/vision_ws/install/zed_topic_benchmark_interfaces/lib:/home/user/vision_ws/install/zed_rgb_convert/lib:/home/user/vision_ws/install/zed_aruco_localization/lib:/home/user/vision_ws/install/rviz_plugin_zed_od/lib:/home/user/autorover_ws/install/zed_components/lib:/home/user/autorover_ws/install/mavros_extras/lib:/home/user/autorover_ws/install/mavros/lib:/home/user/autorover_ws/install/mavros_msgs/lib:/home/user/autorover_ws/install/libmavconn/lib:/opt/ros/humble/opt/rviz_ogre_vendor/lib:/opt/ros/humble/lib/aarch64-linux-gnu:/opt/ros/humble/lib /usr/bin/cmake --build /home/user/vision_ws/build/zed_rgb_convert -- -j8 -l8
[1.828s] Level 1:colcon.colcon_core.environment:create_environment_scripts_only(rviz_plugin_zed_od)
[1.829s] Level 1:colcon.colcon_core.environment:checking '/home/user/vision_ws/install/rviz_plugin_zed_od' for CMake module files
[1.830s] DEBUG:colcon.colcon_core.event_handler.log_command:Invoked command in '/home/user/vision_ws/build/rviz_plugin_zed_od' returned '0': CMAKE_PREFIX_PATH=${CMAKE_PREFIX_PATH}:/home/user/autorover_ws/install/autorover_bringup:/opt/ros/humble /usr/bin/cmake --install /home/user/vision_ws/build/rviz_plugin_zed_od
[1.831s] Level 1:colcon.colcon_core.environment:checking '/home/user/vision_ws/install/rviz_plugin_zed_od' for CMake config files
[1.832s] Level 1:colcon.colcon_core.shell:create_environment_hook('rviz_plugin_zed_od', 'cmake_prefix_path')
[1.832s] INFO:colcon.colcon_core.shell:Creating environment hook '/home/user/vision_ws/install/rviz_plugin_zed_od/share/rviz_plugin_zed_od/hook/cmake_prefix_path.ps1'
[1.833s] INFO:colcon.colcon_core.shell:Creating environment descriptor '/home/user/vision_ws/install/rviz_plugin_zed_od/share/rviz_plugin_zed_od/hook/cmake_prefix_path.dsv'
[1.834s] INFO:colcon.colcon_core.shell:Creating environment hook '/home/user/vision_ws/install/rviz_plugin_zed_od/share/rviz_plugin_zed_od/hook/cmake_prefix_path.sh'
[1.836s] Level 1:colcon.colcon_core.environment:checking '/home/user/vision_ws/install/rviz_plugin_zed_od/lib'
[1.836s] Level 1:colcon.colcon_core.shell:create_environment_hook('rviz_plugin_zed_od', 'ld_library_path_lib')
[1.836s] INFO:colcon.colcon_core.shell:Creating environment hook '/home/user/vision_ws/install/rviz_plugin_zed_od/share/rviz_plugin_zed_od/hook/ld_library_path_lib.ps1'
[1.837s] INFO:colcon.colcon_core.shell:Creating environment descriptor '/home/user/vision_ws/install/rviz_plugin_zed_od/share/rviz_plugin_zed_od/hook/ld_library_path_lib.dsv'
[1.838s] INFO:colcon.colcon_core.shell:Creating environment hook '/home/user/vision_ws/install/rviz_plugin_zed_od/share/rviz_plugin_zed_od/hook/ld_library_path_lib.sh'
[1.839s] Level 1:colcon.colcon_core.environment:checking '/home/user/vision_ws/install/rviz_plugin_zed_od/bin'
[1.839s] Level 1:colcon.colcon_core.environment:checking '/home/user/vision_ws/install/rviz_plugin_zed_od/lib/pkgconfig/rviz_plugin_zed_od.pc'
[1.840s] Level 1:colcon.colcon_core.environment:checking '/home/user/vision_ws/install/rviz_plugin_zed_od/lib/python3.10/site-packages'
[1.840s] Level 1:colcon.colcon_core.environment:checking '/home/user/vision_ws/install/rviz_plugin_zed_od/bin'
[1.841s] INFO:colcon.colcon_core.shell:Creating package script '/home/user/vision_ws/install/rviz_plugin_zed_od/share/rviz_plugin_zed_od/package.ps1'
[1.842s] INFO:colcon.colcon_core.shell:Creating package descriptor '/home/user/vision_ws/install/rviz_plugin_zed_od/share/rviz_plugin_zed_od/package.dsv'
[1.843s] INFO:colcon.colcon_core.shell:Creating package script '/home/user/vision_ws/install/rviz_plugin_zed_od/share/rviz_plugin_zed_od/package.sh'
[1.844s] INFO:colcon.colcon_core.shell:Creating package script '/home/user/vision_ws/install/rviz_plugin_zed_od/share/rviz_plugin_zed_od/package.bash'
[1.845s] INFO:colcon.colcon_core.shell:Creating package script '/home/user/vision_ws/install/rviz_plugin_zed_od/share/rviz_plugin_zed_od/package.zsh'
[1.845s] Level 1:colcon.colcon_core.environment:create_file_with_runtime_dependencies(/home/user/vision_ws/install/rviz_plugin_zed_od/share/colcon-core/packages/rviz_plugin_zed_od)
[1.847s] Level 1:colcon.colcon_core.environment:create_environment_scripts_only(rviz_plugin_zed_od)
[1.847s] Level 1:colcon.colcon_core.environment:checking '/home/user/vision_ws/install/rviz_plugin_zed_od' for CMake module files
[1.848s] Level 1:colcon.colcon_core.environment:checking '/home/user/vision_ws/install/rviz_plugin_zed_od' for CMake config files
[1.849s] Level 1:colcon.colcon_core.shell:create_environment_hook('rviz_plugin_zed_od', 'cmake_prefix_path')
[1.849s] INFO:colcon.colcon_core.shell:Creating environment hook '/home/user/vision_ws/install/rviz_plugin_zed_od/share/rviz_plugin_zed_od/hook/cmake_prefix_path.ps1'
[1.850s] INFO:colcon.colcon_core.shell:Creating environment descriptor '/home/user/vision_ws/install/rviz_plugin_zed_od/share/rviz_plugin_zed_od/hook/cmake_prefix_path.dsv'
[1.851s] INFO:colcon.colcon_core.shell:Creating environment hook '/home/user/vision_ws/install/rviz_plugin_zed_od/share/rviz_plugin_zed_od/hook/cmake_prefix_path.sh'
[1.852s] Level 1:colcon.colcon_core.environment:checking '/home/user/vision_ws/install/rviz_plugin_zed_od/lib'
[1.852s] Level 1:colcon.colcon_core.shell:create_environment_hook('rviz_plugin_zed_od', 'ld_library_path_lib')
[1.853s] INFO:colcon.colcon_core.shell:Creating environment hook '/home/user/vision_ws/install/rviz_plugin_zed_od/share/rviz_plugin_zed_od/hook/ld_library_path_lib.ps1'
[1.854s] INFO:colcon.colcon_core.shell:Creating environment descriptor '/home/user/vision_ws/install/rviz_plugin_zed_od/share/rviz_plugin_zed_od/hook/ld_library_path_lib.dsv'
[1.854s] INFO:colcon.colcon_core.shell:Creating environment hook '/home/user/vision_ws/install/rviz_plugin_zed_od/share/rviz_plugin_zed_od/hook/ld_library_path_lib.sh'
[1.855s] Level 1:colcon.colcon_core.environment:checking '/home/user/vision_ws/install/rviz_plugin_zed_od/bin'
[1.855s] Level 1:colcon.colcon_core.environment:checking '/home/user/vision_ws/install/rviz_plugin_zed_od/lib/pkgconfig/rviz_plugin_zed_od.pc'
[1.856s] Level 1:colcon.colcon_core.environment:checking '/home/user/vision_ws/install/rviz_plugin_zed_od/lib/python3.10/site-packages'
[1.856s] Level 1:colcon.colcon_core.environment:checking '/home/user/vision_ws/install/rviz_plugin_zed_od/bin'
[1.857s] INFO:colcon.colcon_core.shell:Creating package script '/home/user/vision_ws/install/rviz_plugin_zed_od/share/rviz_plugin_zed_od/package.ps1'
[1.858s] INFO:colcon.colcon_core.shell:Creating package descriptor '/home/user/vision_ws/install/rviz_plugin_zed_od/share/rviz_plugin_zed_od/package.dsv'
[1.859s] INFO:colcon.colcon_core.shell:Creating package script '/home/user/vision_ws/install/rviz_plugin_zed_od/share/rviz_plugin_zed_od/package.sh'
[1.860s] INFO:colcon.colcon_core.shell:Creating package script '/home/user/vision_ws/install/rviz_plugin_zed_od/share/rviz_plugin_zed_od/package.bash'
[1.861s] INFO:colcon.colcon_core.shell:Creating package script '/home/user/vision_ws/install/rviz_plugin_zed_od/share/rviz_plugin_zed_od/package.zsh'
[1.862s] Level 1:colcon.colcon_core.environment:create_file_with_runtime_dependencies(/home/user/vision_ws/install/rviz_plugin_zed_od/share/colcon-core/packages/rviz_plugin_zed_od)
[1.876s] DEBUG:colcon.colcon_core.event_handler.log_command:Invoked command in '/home/user/vision_ws/build/zed_wrapper' returned '0': CMAKE_PREFIX_PATH=/home/user/vision_ws/install/zed_components:/home/user/vision_ws/install/zed_ros2:/home/user/vision_ws/install/zed_robot_integration:/home/user/vision_ws/install/zed_ipc:/home/user/vision_ws/install/zed_multi_camera:/home/user/vision_ws/install/zed_display_rviz2:/home/user/vision_ws/install/zed_depth_to_laserscan:/home/user/vision_ws/install/zed_wrapper:/home/user/vision_ws/install/zed_tutorial_video:/home/user/vision_ws/install/zed_tutorial_pos_tracking:/home/user/vision_ws/install/zed_tutorial_depth:/home/user/vision_ws/install/zed_topic_benchmark:/home/user/vision_ws/install/zed_topic_benchmark_component:/home/user/vision_ws/install/zed_topic_benchmark_interfaces:/home/user/vision_ws/install/zed_rgb_convert:/home/user/vision_ws/install/zed_aruco_localization:/home/user/vision_ws/install/rviz_plugin_zed_od:/home/user/autorover_ws/install/zed_components:/home/user/autorover_ws/install/mavros_extras:/home/user/autorover_ws/install/mavros:/home/user/autorover_ws/install/mavros_msgs:/home/user/autorover_ws/install/libmavconn:/home/user/autorover_ws/install/autorover_bringup:/opt/ros/humble LD_LIBRARY_PATH=/home/user/vision_ws/install/zed_components/lib:/home/user/vision_ws/install/zed_ipc/lib:/home/user/vision_ws/install/zed_topic_benchmark_component/lib:/home/user/vision_ws/install/zed_topic_benchmark_interfaces/lib:/home/user/vision_ws/install/zed_rgb_convert/lib:/home/user/vision_ws/install/zed_aruco_localization/lib:/home/user/vision_ws/install/rviz_plugin_zed_od/lib:/home/user/autorover_ws/install/zed_components/lib:/home/user/autorover_ws/install/mavros_extras/lib:/home/user/autorover_ws/install/mavros/lib:/home/user/autorover_ws/install/mavros_msgs/lib:/home/user/autorover_ws/install/libmavconn/lib:/opt/ros/humble/opt/rviz_ogre_vendor/lib:/opt/ros/humble/lib/aarch64-linux-gnu:/opt/ros/humble/lib /usr/bin/cmake --build /home/user/vision_ws/build/zed_wrapper -- -j8 -l8
[1.880s] DEBUG:colcon.colcon_core.event_handler.log_command:Invoking command in '/home/user/vision_ws/build/zed_wrapper': CMAKE_PREFIX_PATH=/home/user/vision_ws/install/zed_components:/home/user/vision_ws/install/zed_ros2:/home/user/vision_ws/install/zed_robot_integration:/home/user/vision_ws/install/zed_ipc:/home/user/vision_ws/install/zed_multi_camera:/home/user/vision_ws/install/zed_display_rviz2:/home/user/vision_ws/install/zed_depth_to_laserscan:/home/user/vision_ws/install/zed_wrapper:/home/user/vision_ws/install/zed_tutorial_video:/home/user/vision_ws/install/zed_tutorial_pos_tracking:/home/user/vision_ws/install/zed_tutorial_depth:/home/user/vision_ws/install/zed_topic_benchmark:/home/user/vision_ws/install/zed_topic_benchmark_component:/home/user/vision_ws/install/zed_topic_benchmark_interfaces:/home/user/vision_ws/install/zed_rgb_convert:/home/user/vision_ws/install/zed_aruco_localization:/home/user/vision_ws/install/rviz_plugin_zed_od:/home/user/autorover_ws/install/zed_components:/home/user/autorover_ws/install/mavros_extras:/home/user/autorover_ws/install/mavros:/home/user/autorover_ws/install/mavros_msgs:/home/user/autorover_ws/install/libmavconn:/home/user/autorover_ws/install/autorover_bringup:/opt/ros/humble LD_LIBRARY_PATH=/home/user/vision_ws/install/zed_components/lib:/home/user/vision_ws/install/zed_ipc/lib:/home/user/vision_ws/install/zed_topic_benchmark_component/lib:/home/user/vision_ws/install/zed_topic_benchmark_interfaces/lib:/home/user/vision_ws/install/zed_rgb_convert/lib:/home/user/vision_ws/install/zed_aruco_localization/lib:/home/user/vision_ws/install/rviz_plugin_zed_od/lib:/home/user/autorover_ws/install/zed_components/lib:/home/user/autorover_ws/install/mavros_extras/lib:/home/user/autorover_ws/install/mavros/lib:/home/user/autorover_ws/install/mavros_msgs/lib:/home/user/autorover_ws/install/libmavconn/lib:/opt/ros/humble/opt/rviz_ogre_vendor/lib:/opt/ros/humble/lib/aarch64-linux-gnu:/opt/ros/humble/lib /usr/bin/cmake --install /home/user/vision_ws/build/zed_wrapper
[1.933s] Level 1:colcon.colcon_core.environment:create_environment_scripts_only(zed_wrapper)
[1.934s] Level 1:colcon.colcon_core.environment:checking '/home/user/vision_ws/install/zed_wrapper' for CMake module files
[1.935s] DEBUG:colcon.colcon_core.event_handler.log_command:Invoked command in '/home/user/vision_ws/build/zed_wrapper' returned '0': CMAKE_PREFIX_PATH=/home/user/vision_ws/install/zed_components:/home/user/vision_ws/install/zed_ros2:/home/user/vision_ws/install/zed_robot_integration:/home/user/vision_ws/install/zed_ipc:/home/user/vision_ws/install/zed_multi_camera:/home/user/vision_ws/install/zed_display_rviz2:/home/user/vision_ws/install/zed_depth_to_laserscan:/home/user/vision_ws/install/zed_wrapper:/home/user/vision_ws/install/zed_tutorial_video:/home/user/vision_ws/install/zed_tutorial_pos_tracking:/home/user/vision_ws/install/zed_tutorial_depth:/home/user/vision_ws/install/zed_topic_benchmark:/home/user/vision_ws/install/zed_topic_benchmark_component:/home/user/vision_ws/install/zed_topic_benchmark_interfaces:/home/user/vision_ws/install/zed_rgb_convert:/home/user/vision_ws/install/zed_aruco_localization:/home/user/vision_ws/install/rviz_plugin_zed_od:/home/user/autorover_ws/install/zed_components:/home/user/autorover_ws/install/mavros_extras:/home/user/autorover_ws/install/mavros:/home/user/autorover_ws/install/mavros_msgs:/home/user/autorover_ws/install/libmavconn:/home/user/autorover_ws/install/autorover_bringup:/opt/ros/humble LD_LIBRARY_PATH=/home/user/vision_ws/install/zed_components/lib:/home/user/vision_ws/install/zed_ipc/lib:/home/user/vision_ws/install/zed_topic_benchmark_component/lib:/home/user/vision_ws/install/zed_topic_benchmark_interfaces/lib:/home/user/vision_ws/install/zed_rgb_convert/lib:/home/user/vision_ws/install/zed_aruco_localization/lib:/home/user/vision_ws/install/rviz_plugin_zed_od/lib:/home/user/autorover_ws/install/zed_components/lib:/home/user/autorover_ws/install/mavros_extras/lib:/home/user/autorover_ws/install/mavros/lib:/home/user/autorover_ws/install/mavros_msgs/lib:/home/user/autorover_ws/install/libmavconn/lib:/opt/ros/humble/opt/rviz_ogre_vendor/lib:/opt/ros/humble/lib/aarch64-linux-gnu:/opt/ros/humble/lib /usr/bin/cmake --install /home/user/vision_ws/build/zed_wrapper
[1.936s] Level 1:colcon.colcon_core.environment:checking '/home/user/vision_ws/install/zed_wrapper' for CMake config files
[1.937s] Level 1:colcon.colcon_core.shell:create_environment_hook('zed_wrapper', 'cmake_prefix_path')
[1.938s] INFO:colcon.colcon_core.shell:Creating environment hook '/home/user/vision_ws/install/zed_wrapper/share/zed_wrapper/hook/cmake_prefix_path.ps1'
[1.939s] INFO:colcon.colcon_core.shell:Creating environment descriptor '/home/user/vision_ws/install/zed_wrapper/share/zed_wrapper/hook/cmake_prefix_path.dsv'
[1.940s] INFO:colcon.colcon_core.shell:Creating environment hook '/home/user/vision_ws/install/zed_wrapper/share/zed_wrapper/hook/cmake_prefix_path.sh'
[1.941s] Level 1:colcon.colcon_core.environment:checking '/home/user/vision_ws/install/zed_wrapper/bin'
[1.941s] Level 1:colcon.colcon_core.environment:checking '/home/user/vision_ws/install/zed_wrapper/lib/pkgconfig/zed_wrapper.pc'
[1.942s] Level 1:colcon.colcon_core.environment:checking '/home/user/vision_ws/install/zed_wrapper/lib/python3.10/site-packages'
[1.942s] Level 1:colcon.colcon_core.environment:checking '/home/user/vision_ws/install/zed_wrapper/bin'
[1.943s] INFO:colcon.colcon_core.shell:Creating package script '/home/user/vision_ws/install/zed_wrapper/share/zed_wrapper/package.ps1'
[1.944s] INFO:colcon.colcon_core.shell:Creating package descriptor '/home/user/vision_ws/install/zed_wrapper/share/zed_wrapper/package.dsv'
[1.945s] INFO:colcon.colcon_core.shell:Creating package script '/home/user/vision_ws/install/zed_wrapper/share/zed_wrapper/package.sh'
[1.946s] INFO:colcon.colcon_core.shell:Creating package script '/home/user/vision_ws/install/zed_wrapper/share/zed_wrapper/package.bash'
[1.946s] INFO:colcon.colcon_core.shell:Creating package script '/home/user/vision_ws/install/zed_wrapper/share/zed_wrapper/package.zsh'
[1.947s] Level 1:colcon.colcon_core.environment:create_file_with_runtime_dependencies(/home/user/vision_ws/install/zed_wrapper/share/colcon-core/packages/zed_wrapper)
[1.949s] Level 1:colcon.colcon_core.environment:create_environment_scripts_only(zed_wrapper)
[1.949s] Level 1:colcon.colcon_core.environment:checking '/home/user/vision_ws/install/zed_wrapper' for CMake module files
[1.950s] Level 1:colcon.colcon_core.environment:checking '/home/user/vision_ws/install/zed_wrapper' for CMake config files
[1.951s] Level 1:colcon.colcon_core.shell:create_environment_hook('zed_wrapper', 'cmake_prefix_path')
[1.951s] INFO:colcon.colcon_core.shell:Creating environment hook '/home/user/vision_ws/install/zed_wrapper/share/zed_wrapper/hook/cmake_prefix_path.ps1'
[1.952s] INFO:colcon.colcon_core.shell:Creating environment descriptor '/home/user/vision_ws/install/zed_wrapper/share/zed_wrapper/hook/cmake_prefix_path.dsv'
[1.953s] INFO:colcon.colcon_core.shell:Creating environment hook '/home/user/vision_ws/install/zed_wrapper/share/zed_wrapper/hook/cmake_prefix_path.sh'
[1.954s] Level 1:colcon.colcon_core.environment:checking '/home/user/vision_ws/install/zed_wrapper/bin'
[1.954s] Level 1:colcon.colcon_core.environment:checking '/home/user/vision_ws/install/zed_wrapper/lib/pkgconfig/zed_wrapper.pc'
[1.955s] Level 1:colcon.colcon_core.environment:checking '/home/user/vision_ws/install/zed_wrapper/lib/python3.10/site-packages'
[1.955s] Level 1:colcon.colcon_core.environment:checking '/home/user/vision_ws/install/zed_wrapper/bin'
[1.956s] INFO:colcon.colcon_core.shell:Creating package script '/home/user/vision_ws/install/zed_wrapper/share/zed_wrapper/package.ps1'
[1.957s] INFO:colcon.colcon_core.shell:Creating package descriptor '/home/user/vision_ws/install/zed_wrapper/share/zed_wrapper/package.dsv'
[1.958s] INFO:colcon.colcon_core.shell:Creating package script '/home/user/vision_ws/install/zed_wrapper/share/zed_wrapper/package.sh'
[1.959s] INFO:colcon.colcon_core.shell:Creating package script '/home/user/vision_ws/install/zed_wrapper/share/zed_wrapper/package.bash'
[1.960s] INFO:colcon.colcon_core.shell:Creating package script '/home/user/vision_ws/install/zed_wrapper/share/zed_wrapper/package.zsh'
[1.961s] Level 1:colcon.colcon_core.environment:create_file_with_runtime_dependencies(/home/user/vision_ws/install/zed_wrapper/share/colcon-core/packages/zed_wrapper)
[1.962s] INFO:colcon.colcon_ros.task.ament_cmake.build:Building ROS package in '/home/user/vision_ws/src/zed-ros2-examples/tutorials/zed_multi_camera' with build type 'ament_cmake'
[1.962s] INFO:colcon.colcon_cmake.task.cmake.build:Building CMake package in '/home/user/vision_ws/src/zed-ros2-examples/tutorials/zed_multi_camera'
[1.963s] INFO:colcon.colcon_core.shell:Skip shell extension 'powershell' for command environment: Not usable outside of PowerShell
[1.963s] DEBUG:colcon.colcon_core.shell:Skip shell extension 'dsv' for command environment
[1.976s] INFO:colcon.colcon_ros.task.ament_cmake.build:Building ROS package in '/home/user/vision_ws/src/zed-ros2-examples/examples/zed_depth_to_laserscan' with build type 'ament_cmake'
[1.976s] INFO:colcon.colcon_cmake.task.cmake.build:Building CMake package in '/home/user/vision_ws/src/zed-ros2-examples/examples/zed_depth_to_laserscan'
[1.977s] INFO:colcon.colcon_core.shell:Skip shell extension 'powershell' for command environment: Not usable outside of PowerShell
[1.977s] DEBUG:colcon.colcon_core.shell:Skip shell extension 'dsv' for command environment
[1.990s] INFO:colcon.colcon_ros.task.ament_cmake.build:Building ROS package in '/home/user/vision_ws/src/zed-ros2-examples/zed_display_rviz2' with build type 'ament_cmake'
[1.990s] INFO:colcon.colcon_cmake.task.cmake.build:Building CMake package in '/home/user/vision_ws/src/zed-ros2-examples/zed_display_rviz2'
[1.992s] INFO:colcon.colcon_core.shell:Skip shell extension 'powershell' for command environment: Not usable outside of PowerShell
[1.992s] DEBUG:colcon.colcon_core.shell:Skip shell extension 'dsv' for command environment
[2.005s] INFO:colcon.colcon_ros.task.ament_cmake.build:Building ROS package in '/home/user/vision_ws/src/zed-ros2-examples/tutorials/zed_robot_integration' with build type 'ament_cmake'
[2.005s] INFO:colcon.colcon_cmake.task.cmake.build:Building CMake package in '/home/user/vision_ws/src/zed-ros2-examples/tutorials/zed_robot_integration'
[2.006s] INFO:colcon.colcon_core.shell:Skip shell extension 'powershell' for command environment: Not usable outside of PowerShell
[2.007s] DEBUG:colcon.colcon_core.shell:Skip shell extension 'dsv' for command environment
[2.020s] INFO:colcon.colcon_ros.task.ament_cmake.build:Building ROS package in '/home/user/vision_ws/src/zed-ros2-wrapper/zed_ros2' with build type 'ament_cmake'
[2.020s] INFO:colcon.colcon_cmake.task.cmake.build:Building CMake package in '/home/user/vision_ws/src/zed-ros2-wrapper/zed_ros2'
[2.021s] INFO:colcon.colcon_core.shell:Skip shell extension 'powershell' for command environment: Not usable outside of PowerShell
[2.021s] DEBUG:colcon.colcon_core.shell:Skip shell extension 'dsv' for command environment
[2.037s] DEBUG:colcon.colcon_core.event_handler.log_command:Invoked command in '/home/user/vision_ws/build/zed_aruco_localization' returned '0': CMAKE_PREFIX_PATH=/home/user/vision_ws/install/zed_components:/home/user/vision_ws/install/zed_ros2:/home/user/vision_ws/install/zed_robot_integration:/home/user/vision_ws/install/zed_ipc:/home/user/vision_ws/install/zed_multi_camera:/home/user/vision_ws/install/zed_display_rviz2:/home/user/vision_ws/install/zed_depth_to_laserscan:/home/user/vision_ws/install/zed_wrapper:/home/user/vision_ws/install/zed_tutorial_video:/home/user/vision_ws/install/zed_tutorial_pos_tracking:/home/user/vision_ws/install/zed_tutorial_depth:/home/user/vision_ws/install/zed_topic_benchmark:/home/user/vision_ws/install/zed_topic_benchmark_component:/home/user/vision_ws/install/zed_topic_benchmark_interfaces:/home/user/vision_ws/install/zed_rgb_convert:/home/user/vision_ws/install/zed_aruco_localization:/home/user/vision_ws/install/rviz_plugin_zed_od:/home/user/autorover_ws/install/zed_components:/home/user/autorover_ws/install/mavros_extras:/home/user/autorover_ws/install/mavros:/home/user/autorover_ws/install/mavros_msgs:/home/user/autorover_ws/install/libmavconn:/home/user/autorover_ws/install/autorover_bringup:/opt/ros/humble LD_LIBRARY_PATH=/home/user/vision_ws/install/zed_components/lib:/home/user/vision_ws/install/zed_ipc/lib:/home/user/vision_ws/install/zed_topic_benchmark_component/lib:/home/user/vision_ws/install/zed_topic_benchmark_interfaces/lib:/home/user/vision_ws/install/zed_rgb_convert/lib:/home/user/vision_ws/install/zed_aruco_localization/lib:/home/user/vision_ws/install/rviz_plugin_zed_od/lib:/home/user/autorover_ws/install/zed_components/lib:/home/user/autorover_ws/install/mavros_extras/lib:/home/user/autorover_ws/install/mavros/lib:/home/user/autorover_ws/install/mavros_msgs/lib:/home/user/autorover_ws/install/libmavconn/lib:/opt/ros/humble/opt/rviz_ogre_vendor/lib:/opt/ros/humble/lib/aarch64-linux-gnu:/opt/ros/humble/lib /usr/bin/cmake --build /home/user/vision_ws/build/zed_aruco_localization -- -j8 -l8
[2.042s] DEBUG:colcon.colcon_core.event_handler.log_command:Invoking command in '/home/user/vision_ws/build/zed_aruco_localization': CMAKE_PREFIX_PATH=/home/user/vision_ws/install/zed_components:/home/user/vision_ws/install/zed_ros2:/home/user/vision_ws/install/zed_robot_integration:/home/user/vision_ws/install/zed_ipc:/home/user/vision_ws/install/zed_multi_camera:/home/user/vision_ws/install/zed_display_rviz2:/home/user/vision_ws/install/zed_depth_to_laserscan:/home/user/vision_ws/install/zed_wrapper:/home/user/vision_ws/install/zed_tutorial_video:/home/user/vision_ws/install/zed_tutorial_pos_tracking:/home/user/vision_ws/install/zed_tutorial_depth:/home/user/vision_ws/install/zed_topic_benchmark:/home/user/vision_ws/install/zed_topic_benchmark_component:/home/user/vision_ws/install/zed_topic_benchmark_interfaces:/home/user/vision_ws/install/zed_rgb_convert:/home/user/vision_ws/install/zed_aruco_localization:/home/user/vision_ws/install/rviz_plugin_zed_od:/home/user/autorover_ws/install/zed_components:/home/user/autorover_ws/install/mavros_extras:/home/user/autorover_ws/install/mavros:/home/user/autorover_ws/install/mavros_msgs:/home/user/autorover_ws/install/libmavconn:/home/user/autorover_ws/install/autorover_bringup:/opt/ros/humble LD_LIBRARY_PATH=/home/user/vision_ws/install/zed_components/lib:/home/user/vision_ws/install/zed_ipc/lib:/home/user/vision_ws/install/zed_topic_benchmark_component/lib:/home/user/vision_ws/install/zed_topic_benchmark_interfaces/lib:/home/user/vision_ws/install/zed_rgb_convert/lib:/home/user/vision_ws/install/zed_aruco_localization/lib:/home/user/vision_ws/install/rviz_plugin_zed_od/lib:/home/user/autorover_ws/install/zed_components/lib:/home/user/autorover_ws/install/mavros_extras/lib:/home/user/autorover_ws/install/mavros/lib:/home/user/autorover_ws/install/mavros_msgs/lib:/home/user/autorover_ws/install/libmavconn/lib:/opt/ros/humble/opt/rviz_ogre_vendor/lib:/opt/ros/humble/lib/aarch64-linux-gnu:/opt/ros/humble/lib /usr/bin/cmake --install /home/user/vision_ws/build/zed_aruco_localization
[2.046s] DEBUG:colcon.colcon_core.event_handler.log_command:Invoked command in '/home/user/vision_ws/build/zed_rgb_convert' returned '0': CMAKE_PREFIX_PATH=/home/user/vision_ws/install/zed_components:/home/user/vision_ws/install/zed_ros2:/home/user/vision_ws/install/zed_robot_integration:/home/user/vision_ws/install/zed_ipc:/home/user/vision_ws/install/zed_multi_camera:/home/user/vision_ws/install/zed_display_rviz2:/home/user/vision_ws/install/zed_depth_to_laserscan:/home/user/vision_ws/install/zed_wrapper:/home/user/vision_ws/install/zed_tutorial_video:/home/user/vision_ws/install/zed_tutorial_pos_tracking:/home/user/vision_ws/install/zed_tutorial_depth:/home/user/vision_ws/install/zed_topic_benchmark:/home/user/vision_ws/install/zed_topic_benchmark_component:/home/user/vision_ws/install/zed_topic_benchmark_interfaces:/home/user/vision_ws/install/zed_rgb_convert:/home/user/vision_ws/install/zed_aruco_localization:/home/user/vision_ws/install/rviz_plugin_zed_od:/home/user/autorover_ws/install/zed_components:/home/user/autorover_ws/install/mavros_extras:/home/user/autorover_ws/install/mavros:/home/user/autorover_ws/install/mavros_msgs:/home/user/autorover_ws/install/libmavconn:/home/user/autorover_ws/install/autorover_bringup:/opt/ros/humble LD_LIBRARY_PATH=/home/user/vision_ws/install/zed_components/lib:/home/user/vision_ws/install/zed_ipc/lib:/home/user/vision_ws/install/zed_topic_benchmark_component/lib:/home/user/vision_ws/install/zed_topic_benchmark_interfaces/lib:/home/user/vision_ws/install/zed_rgb_convert/lib:/home/user/vision_ws/install/zed_aruco_localization/lib:/home/user/vision_ws/install/rviz_plugin_zed_od/lib:/home/user/autorover_ws/install/zed_components/lib:/home/user/autorover_ws/install/mavros_extras/lib:/home/user/autorover_ws/install/mavros/lib:/home/user/autorover_ws/install/mavros_msgs/lib:/home/user/autorover_ws/install/libmavconn/lib:/opt/ros/humble/opt/rviz_ogre_vendor/lib:/opt/ros/humble/lib/aarch64-linux-gnu:/opt/ros/humble/lib /usr/bin/cmake --build /home/user/vision_ws/build/zed_rgb_convert -- -j8 -l8
[2.050s] DEBUG:colcon.colcon_core.event_handler.log_command:Invoking command in '/home/user/vision_ws/build/zed_rgb_convert': CMAKE_PREFIX_PATH=/home/user/vision_ws/install/zed_components:/home/user/vision_ws/install/zed_ros2:/home/user/vision_ws/install/zed_robot_integration:/home/user/vision_ws/install/zed_ipc:/home/user/vision_ws/install/zed_multi_camera:/home/user/vision_ws/install/zed_display_rviz2:/home/user/vision_ws/install/zed_depth_to_laserscan:/home/user/vision_ws/install/zed_wrapper:/home/user/vision_ws/install/zed_tutorial_video:/home/user/vision_ws/install/zed_tutorial_pos_tracking:/home/user/vision_ws/install/zed_tutorial_depth:/home/user/vision_ws/install/zed_topic_benchmark:/home/user/vision_ws/install/zed_topic_benchmark_component:/home/user/vision_ws/install/zed_topic_benchmark_interfaces:/home/user/vision_ws/install/zed_rgb_convert:/home/user/vision_ws/install/zed_aruco_localization:/home/user/vision_ws/install/rviz_plugin_zed_od:/home/user/autorover_ws/install/zed_components:/home/user/autorover_ws/install/mavros_extras:/home/user/autorover_ws/install/mavros:/home/user/autorover_ws/install/mavros_msgs:/home/user/autorover_ws/install/libmavconn:/home/user/autorover_ws/install/autorover_bringup:/opt/ros/humble LD_LIBRARY_PATH=/home/user/vision_ws/install/zed_components/lib:/home/user/vision_ws/install/zed_ipc/lib:/home/user/vision_ws/install/zed_topic_benchmark_component/lib:/home/user/vision_ws/install/zed_topic_benchmark_interfaces/lib:/home/user/vision_ws/install/zed_rgb_convert/lib:/home/user/vision_ws/install/zed_aruco_localization/lib:/home/user/vision_ws/install/rviz_plugin_zed_od/lib:/home/user/autorover_ws/install/zed_components/lib:/home/user/autorover_ws/install/mavros_extras/lib:/home/user/autorover_ws/install/mavros/lib:/home/user/autorover_ws/install/mavros_msgs/lib:/home/user/autorover_ws/install/libmavconn/lib:/opt/ros/humble/opt/rviz_ogre_vendor/lib:/opt/ros/humble/lib/aarch64-linux-gnu:/opt/ros/humble/lib /usr/bin/cmake --install /home/user/vision_ws/build/zed_rgb_convert
[2.057s] DEBUG:colcon.colcon_core.event_handler.log_command:Invoking command in '/home/user/vision_ws/build/zed_multi_camera': CMAKE_PREFIX_PATH=/home/user/vision_ws/install/zed_wrapper:/home/user/vision_ws/install/zed_components:/home/user/vision_ws/install/zed_ros2:/home/user/vision_ws/install/zed_robot_integration:/home/user/vision_ws/install/zed_ipc:/home/user/vision_ws/install/zed_multi_camera:/home/user/vision_ws/install/zed_display_rviz2:/home/user/vision_ws/install/zed_depth_to_laserscan:/home/user/vision_ws/install/zed_tutorial_video:/home/user/vision_ws/install/zed_tutorial_pos_tracking:/home/user/vision_ws/install/zed_tutorial_depth:/home/user/vision_ws/install/zed_topic_benchmark:/home/user/vision_ws/install/zed_topic_benchmark_component:/home/user/vision_ws/install/zed_topic_benchmark_interfaces:/home/user/vision_ws/install/zed_rgb_convert:/home/user/vision_ws/install/zed_aruco_localization:/home/user/vision_ws/install/rviz_plugin_zed_od:/home/user/autorover_ws/install/zed_components:/home/user/autorover_ws/install/mavros_extras:/home/user/autorover_ws/install/mavros:/home/user/autorover_ws/install/mavros_msgs:/home/user/autorover_ws/install/libmavconn:/home/user/autorover_ws/install/autorover_bringup:/opt/ros/humble LD_LIBRARY_PATH=/home/user/vision_ws/install/zed_components/lib:/home/user/vision_ws/install/zed_ipc/lib:/home/user/vision_ws/install/zed_topic_benchmark_component/lib:/home/user/vision_ws/install/zed_topic_benchmark_interfaces/lib:/home/user/vision_ws/install/zed_rgb_convert/lib:/home/user/vision_ws/install/zed_aruco_localization/lib:/home/user/vision_ws/install/rviz_plugin_zed_od/lib:/home/user/autorover_ws/install/zed_components/lib:/home/user/autorover_ws/install/mavros_extras/lib:/home/user/autorover_ws/install/mavros/lib:/home/user/autorover_ws/install/mavros_msgs/lib:/home/user/autorover_ws/install/libmavconn/lib:/opt/ros/humble/opt/rviz_ogre_vendor/lib:/opt/ros/humble/lib/aarch64-linux-gnu:/opt/ros/humble/lib /usr/bin/cmake --build /home/user/vision_ws/build/zed_multi_camera -- -j8 -l8
[2.065s] DEBUG:colcon.colcon_core.event_handler.log_command:Invoking command in '/home/user/vision_ws/build/zed_depth_to_laserscan': CMAKE_PREFIX_PATH=/home/user/vision_ws/install/zed_wrapper:/home/user/vision_ws/install/zed_components:/home/user/vision_ws/install/zed_ros2:/home/user/vision_ws/install/zed_robot_integration:/home/user/vision_ws/install/zed_ipc:/home/user/vision_ws/install/zed_multi_camera:/home/user/vision_ws/install/zed_display_rviz2:/home/user/vision_ws/install/zed_depth_to_laserscan:/home/user/vision_ws/install/zed_tutorial_video:/home/user/vision_ws/install/zed_tutorial_pos_tracking:/home/user/vision_ws/install/zed_tutorial_depth:/home/user/vision_ws/install/zed_topic_benchmark:/home/user/vision_ws/install/zed_topic_benchmark_component:/home/user/vision_ws/install/zed_topic_benchmark_interfaces:/home/user/vision_ws/install/zed_rgb_convert:/home/user/vision_ws/install/zed_aruco_localization:/home/user/vision_ws/install/rviz_plugin_zed_od:/home/user/autorover_ws/install/zed_components:/home/user/autorover_ws/install/mavros_extras:/home/user/autorover_ws/install/mavros:/home/user/autorover_ws/install/mavros_msgs:/home/user/autorover_ws/install/libmavconn:/home/user/autorover_ws/install/autorover_bringup:/opt/ros/humble LD_LIBRARY_PATH=/home/user/vision_ws/install/zed_components/lib:/home/user/vision_ws/install/zed_ipc/lib:/home/user/vision_ws/install/zed_topic_benchmark_component/lib:/home/user/vision_ws/install/zed_topic_benchmark_interfaces/lib:/home/user/vision_ws/install/zed_rgb_convert/lib:/home/user/vision_ws/install/zed_aruco_localization/lib:/home/user/vision_ws/install/rviz_plugin_zed_od/lib:/home/user/autorover_ws/install/zed_components/lib:/home/user/autorover_ws/install/mavros_extras/lib:/home/user/autorover_ws/install/mavros/lib:/home/user/autorover_ws/install/mavros_msgs/lib:/home/user/autorover_ws/install/libmavconn/lib:/opt/ros/humble/opt/rviz_ogre_vendor/lib:/opt/ros/humble/lib/aarch64-linux-gnu:/opt/ros/humble/lib /usr/bin/cmake --build /home/user/vision_ws/build/zed_depth_to_laserscan -- -j8 -l8
[2.075s] DEBUG:colcon.colcon_core.event_handler.log_command:Invoking command in '/home/user/vision_ws/build/zed_display_rviz2': CMAKE_PREFIX_PATH=/home/user/vision_ws/install/zed_wrapper:/home/user/vision_ws/install/zed_components:/home/user/vision_ws/install/zed_ros2:/home/user/vision_ws/install/zed_robot_integration:/home/user/vision_ws/install/zed_ipc:/home/user/vision_ws/install/zed_multi_camera:/home/user/vision_ws/install/zed_display_rviz2:/home/user/vision_ws/install/zed_depth_to_laserscan:/home/user/vision_ws/install/zed_tutorial_video:/home/user/vision_ws/install/zed_tutorial_pos_tracking:/home/user/vision_ws/install/zed_tutorial_depth:/home/user/vision_ws/install/zed_topic_benchmark:/home/user/vision_ws/install/zed_topic_benchmark_component:/home/user/vision_ws/install/zed_topic_benchmark_interfaces:/home/user/vision_ws/install/zed_rgb_convert:/home/user/vision_ws/install/zed_aruco_localization:/home/user/vision_ws/install/rviz_plugin_zed_od:/home/user/autorover_ws/install/zed_components:/home/user/autorover_ws/install/mavros_extras:/home/user/autorover_ws/install/mavros:/home/user/autorover_ws/install/mavros_msgs:/home/user/autorover_ws/install/libmavconn:/home/user/autorover_ws/install/autorover_bringup:/opt/ros/humble LD_LIBRARY_PATH=/home/user/vision_ws/install/zed_components/lib:/home/user/vision_ws/install/zed_ipc/lib:/home/user/vision_ws/install/zed_topic_benchmark_component/lib:/home/user/vision_ws/install/zed_topic_benchmark_interfaces/lib:/home/user/vision_ws/install/zed_rgb_convert/lib:/home/user/vision_ws/install/zed_aruco_localization/lib:/home/user/vision_ws/install/rviz_plugin_zed_od/lib:/home/user/autorover_ws/install/zed_components/lib:/home/user/autorover_ws/install/mavros_extras/lib:/home/user/autorover_ws/install/mavros/lib:/home/user/autorover_ws/install/mavros_msgs/lib:/home/user/autorover_ws/install/libmavconn/lib:/opt/ros/humble/opt/rviz_ogre_vendor/lib:/opt/ros/humble/lib/aarch64-linux-gnu:/opt/ros/humble/lib /usr/bin/cmake --build /home/user/vision_ws/build/zed_display_rviz2 -- -j8 -l8
[2.085s] DEBUG:colcon.colcon_core.event_handler.log_command:Invoking command in '/home/user/vision_ws/build/zed_robot_integration': CMAKE_PREFIX_PATH=/home/user/vision_ws/install/zed_wrapper:/home/user/vision_ws/install/zed_components:/home/user/vision_ws/install/zed_ros2:/home/user/vision_ws/install/zed_robot_integration:/home/user/vision_ws/install/zed_ipc:/home/user/vision_ws/install/zed_multi_camera:/home/user/vision_ws/install/zed_display_rviz2:/home/user/vision_ws/install/zed_depth_to_laserscan:/home/user/vision_ws/install/zed_tutorial_video:/home/user/vision_ws/install/zed_tutorial_pos_tracking:/home/user/vision_ws/install/zed_tutorial_depth:/home/user/vision_ws/install/zed_topic_benchmark:/home/user/vision_ws/install/zed_topic_benchmark_component:/home/user/vision_ws/install/zed_topic_benchmark_interfaces:/home/user/vision_ws/install/zed_rgb_convert:/home/user/vision_ws/install/zed_aruco_localization:/home/user/vision_ws/install/rviz_plugin_zed_od:/home/user/autorover_ws/install/zed_components:/home/user/autorover_ws/install/mavros_extras:/home/user/autorover_ws/install/mavros:/home/user/autorover_ws/install/mavros_msgs:/home/user/autorover_ws/install/libmavconn:/home/user/autorover_ws/install/autorover_bringup:/opt/ros/humble LD_LIBRARY_PATH=/home/user/vision_ws/install/zed_components/lib:/home/user/vision_ws/install/zed_ipc/lib:/home/user/vision_ws/install/zed_topic_benchmark_component/lib:/home/user/vision_ws/install/zed_topic_benchmark_interfaces/lib:/home/user/vision_ws/install/zed_rgb_convert/lib:/home/user/vision_ws/install/zed_aruco_localization/lib:/home/user/vision_ws/install/rviz_plugin_zed_od/lib:/home/user/autorover_ws/install/zed_components/lib:/home/user/autorover_ws/install/mavros_extras/lib:/home/user/autorover_ws/install/mavros/lib:/home/user/autorover_ws/install/mavros_msgs/lib:/home/user/autorover_ws/install/libmavconn/lib:/opt/ros/humble/opt/rviz_ogre_vendor/lib:/opt/ros/humble/lib/aarch64-linux-gnu:/opt/ros/humble/lib /usr/bin/cmake --build /home/user/vision_ws/build/zed_robot_integration -- -j8 -l8
[2.110s] DEBUG:colcon.colcon_core.event_handler.log_command:Invoking command in '/home/user/vision_ws/build/zed_ros2': CMAKE_PREFIX_PATH=/home/user/vision_ws/install/zed_wrapper:/home/user/vision_ws/install/zed_components:/home/user/vision_ws/install/zed_ros2:/home/user/vision_ws/install/zed_robot_integration:/home/user/vision_ws/install/zed_ipc:/home/user/vision_ws/install/zed_multi_camera:/home/user/vision_ws/install/zed_display_rviz2:/home/user/vision_ws/install/zed_depth_to_laserscan:/home/user/vision_ws/install/zed_tutorial_video:/home/user/vision_ws/install/zed_tutorial_pos_tracking:/home/user/vision_ws/install/zed_tutorial_depth:/home/user/vision_ws/install/zed_topic_benchmark:/home/user/vision_ws/install/zed_topic_benchmark_component:/home/user/vision_ws/install/zed_topic_benchmark_interfaces:/home/user/vision_ws/install/zed_rgb_convert:/home/user/vision_ws/install/zed_aruco_localization:/home/user/vision_ws/install/rviz_plugin_zed_od:/home/user/autorover_ws/install/zed_components:/home/user/autorover_ws/install/mavros_extras:/home/user/autorover_ws/install/mavros:/home/user/autorover_ws/install/mavros_msgs:/home/user/autorover_ws/install/libmavconn:/home/user/autorover_ws/install/autorover_bringup:/opt/ros/humble LD_LIBRARY_PATH=/home/user/vision_ws/install/zed_components/lib:/home/user/vision_ws/install/zed_ipc/lib:/home/user/vision_ws/install/zed_topic_benchmark_component/lib:/home/user/vision_ws/install/zed_topic_benchmark_interfaces/lib:/home/user/vision_ws/install/zed_rgb_convert/lib:/home/user/vision_ws/install/zed_aruco_localization/lib:/home/user/vision_ws/install/rviz_plugin_zed_od/lib:/home/user/autorover_ws/install/zed_components/lib:/home/user/autorover_ws/install/mavros_extras/lib:/home/user/autorover_ws/install/mavros/lib:/home/user/autorover_ws/install/mavros_msgs/lib:/home/user/autorover_ws/install/libmavconn/lib:/opt/ros/humble/opt/rviz_ogre_vendor/lib:/opt/ros/humble/lib/aarch64-linux-gnu:/opt/ros/humble/lib /usr/bin/cmake --build /home/user/vision_ws/build/zed_ros2 -- -j8 -l8
[2.114s] Level 1:colcon.colcon_core.environment:create_environment_scripts_only(zed_aruco_localization)
[2.115s] Level 1:colcon.colcon_core.environment:checking '/home/user/vision_ws/install/zed_aruco_localization' for CMake module files
[2.116s] DEBUG:colcon.colcon_core.event_handler.log_command:Invoked command in '/home/user/vision_ws/build/zed_aruco_localization' returned '0': CMAKE_PREFIX_PATH=/home/user/vision_ws/install/zed_components:/home/user/vision_ws/install/zed_ros2:/home/user/vision_ws/install/zed_robot_integration:/home/user/vision_ws/install/zed_ipc:/home/user/vision_ws/install/zed_multi_camera:/home/user/vision_ws/install/zed_display_rviz2:/home/user/vision_ws/install/zed_depth_to_laserscan:/home/user/vision_ws/install/zed_wrapper:/home/user/vision_ws/install/zed_tutorial_video:/home/user/vision_ws/install/zed_tutorial_pos_tracking:/home/user/vision_ws/install/zed_tutorial_depth:/home/user/vision_ws/install/zed_topic_benchmark:/home/user/vision_ws/install/zed_topic_benchmark_component:/home/user/vision_ws/install/zed_topic_benchmark_interfaces:/home/user/vision_ws/install/zed_rgb_convert:/home/user/vision_ws/install/zed_aruco_localization:/home/user/vision_ws/install/rviz_plugin_zed_od:/home/user/autorover_ws/install/zed_components:/home/user/autorover_ws/install/mavros_extras:/home/user/autorover_ws/install/mavros:/home/user/autorover_ws/install/mavros_msgs:/home/user/autorover_ws/install/libmavconn:/home/user/autorover_ws/install/autorover_bringup:/opt/ros/humble LD_LIBRARY_PATH=/home/user/vision_ws/install/zed_components/lib:/home/user/vision_ws/install/zed_ipc/lib:/home/user/vision_ws/install/zed_topic_benchmark_component/lib:/home/user/vision_ws/install/zed_topic_benchmark_interfaces/lib:/home/user/vision_ws/install/zed_rgb_convert/lib:/home/user/vision_ws/install/zed_aruco_localization/lib:/home/user/vision_ws/install/rviz_plugin_zed_od/lib:/home/user/autorover_ws/install/zed_components/lib:/home/user/autorover_ws/install/mavros_extras/lib:/home/user/autorover_ws/install/mavros/lib:/home/user/autorover_ws/install/mavros_msgs/lib:/home/user/autorover_ws/install/libmavconn/lib:/opt/ros/humble/opt/rviz_ogre_vendor/lib:/opt/ros/humble/lib/aarch64-linux-gnu:/opt/ros/humble/lib /usr/bin/cmake --install /home/user/vision_ws/build/zed_aruco_localization
[2.117s] Level 1:colcon.colcon_core.environment:checking '/home/user/vision_ws/install/zed_aruco_localization' for CMake config files
[2.118s] Level 1:colcon.colcon_core.shell:create_environment_hook('zed_aruco_localization', 'cmake_prefix_path')
[2.119s] INFO:colcon.colcon_core.shell:Creating environment hook '/home/user/vision_ws/install/zed_aruco_localization/share/zed_aruco_localization/hook/cmake_prefix_path.ps1'
[2.120s] INFO:colcon.colcon_core.shell:Creating environment descriptor '/home/user/vision_ws/install/zed_aruco_localization/share/zed_aruco_localization/hook/cmake_prefix_path.dsv'
[2.122s] INFO:colcon.colcon_core.shell:Creating environment hook '/home/user/vision_ws/install/zed_aruco_localization/share/zed_aruco_localization/hook/cmake_prefix_path.sh'
[2.123s] Level 1:colcon.colcon_core.environment:checking '/home/user/vision_ws/install/zed_aruco_localization/lib'
[2.123s] Level 1:colcon.colcon_core.shell:create_environment_hook('zed_aruco_localization', 'ld_library_path_lib')
[2.124s] INFO:colcon.colcon_core.shell:Creating environment hook '/home/user/vision_ws/install/zed_aruco_localization/share/zed_aruco_localization/hook/ld_library_path_lib.ps1'
[2.125s] INFO:colcon.colcon_core.shell:Creating environment descriptor '/home/user/vision_ws/install/zed_aruco_localization/share/zed_aruco_localization/hook/ld_library_path_lib.dsv'
[2.126s] INFO:colcon.colcon_core.shell:Creating environment hook '/home/user/vision_ws/install/zed_aruco_localization/share/zed_aruco_localization/hook/ld_library_path_lib.sh'
[2.127s] Level 1:colcon.colcon_core.environment:checking '/home/user/vision_ws/install/zed_aruco_localization/bin'
[2.127s] Level 1:colcon.colcon_core.environment:checking '/home/user/vision_ws/install/zed_aruco_localization/lib/pkgconfig/zed_aruco_localization.pc'
[2.128s] Level 1:colcon.colcon_core.environment:checking '/home/user/vision_ws/install/zed_aruco_localization/lib/python3.10/site-packages'
[2.128s] Level 1:colcon.colcon_core.environment:checking '/home/user/vision_ws/install/zed_aruco_localization/bin'
[2.129s] INFO:colcon.colcon_core.shell:Creating package script '/home/user/vision_ws/install/zed_aruco_localization/share/zed_aruco_localization/package.ps1'
[2.130s] INFO:colcon.colcon_core.shell:Creating package descriptor '/home/user/vision_ws/install/zed_aruco_localization/share/zed_aruco_localization/package.dsv'
[2.132s] INFO:colcon.colcon_core.shell:Creating package script '/home/user/vision_ws/install/zed_aruco_localization/share/zed_aruco_localization/package.sh'
[2.133s] INFO:colcon.colcon_core.shell:Creating package script '/home/user/vision_ws/install/zed_aruco_localization/share/zed_aruco_localization/package.bash'
[2.134s] INFO:colcon.colcon_core.shell:Creating package script '/home/user/vision_ws/install/zed_aruco_localization/share/zed_aruco_localization/package.zsh'
[2.135s] Level 1:colcon.colcon_core.environment:create_file_with_runtime_dependencies(/home/user/vision_ws/install/zed_aruco_localization/share/colcon-core/packages/zed_aruco_localization)
[2.136s] Level 1:colcon.colcon_core.environment:create_environment_scripts_only(zed_aruco_localization)
[2.137s] Level 1:colcon.colcon_core.environment:checking '/home/user/vision_ws/install/zed_aruco_localization' for CMake module files
[2.138s] Level 1:colcon.colcon_core.environment:checking '/home/user/vision_ws/install/zed_aruco_localization' for CMake config files
[2.138s] Level 1:colcon.colcon_core.shell:create_environment_hook('zed_aruco_localization', 'cmake_prefix_path')
[2.139s] INFO:colcon.colcon_core.shell:Creating environment hook '/home/user/vision_ws/install/zed_aruco_localization/share/zed_aruco_localization/hook/cmake_prefix_path.ps1'
[2.140s] INFO:colcon.colcon_core.shell:Creating environment descriptor '/home/user/vision_ws/install/zed_aruco_localization/share/zed_aruco_localization/hook/cmake_prefix_path.dsv'
[2.141s] INFO:colcon.colcon_core.shell:Creating environment hook '/home/user/vision_ws/install/zed_aruco_localization/share/zed_aruco_localization/hook/cmake_prefix_path.sh'
[2.142s] Level 1:colcon.colcon_core.environment:checking '/home/user/vision_ws/install/zed_aruco_localization/lib'
[2.142s] Level 1:colcon.colcon_core.shell:create_environment_hook('zed_aruco_localization', 'ld_library_path_lib')
[2.143s] INFO:colcon.colcon_core.shell:Creating environment hook '/home/user/vision_ws/install/zed_aruco_localization/share/zed_aruco_localization/hook/ld_library_path_lib.ps1'
[2.144s] INFO:colcon.colcon_core.shell:Creating environment descriptor '/home/user/vision_ws/install/zed_aruco_localization/share/zed_aruco_localization/hook/ld_library_path_lib.dsv'
[2.144s] INFO:colcon.colcon_core.shell:Creating environment hook '/home/user/vision_ws/install/zed_aruco_localization/share/zed_aruco_localization/hook/ld_library_path_lib.sh'
[2.145s] Level 1:colcon.colcon_core.environment:checking '/home/user/vision_ws/install/zed_aruco_localization/bin'
[2.145s] Level 1:colcon.colcon_core.environment:checking '/home/user/vision_ws/install/zed_aruco_localization/lib/pkgconfig/zed_aruco_localization.pc'
[2.146s] Level 1:colcon.colcon_core.environment:checking '/home/user/vision_ws/install/zed_aruco_localization/lib/python3.10/site-packages'
[2.146s] Level 1:colcon.colcon_core.environment:checking '/home/user/vision_ws/install/zed_aruco_localization/bin'
[2.147s] INFO:colcon.colcon_core.shell:Creating package script '/home/user/vision_ws/install/zed_aruco_localization/share/zed_aruco_localization/package.ps1'
[2.148s] INFO:colcon.colcon_core.shell:Creating package descriptor '/home/user/vision_ws/install/zed_aruco_localization/share/zed_aruco_localization/package.dsv'
[2.149s] INFO:colcon.colcon_core.shell:Creating package script '/home/user/vision_ws/install/zed_aruco_localization/share/zed_aruco_localization/package.sh'
[2.150s] INFO:colcon.colcon_core.shell:Creating package script '/home/user/vision_ws/install/zed_aruco_localization/share/zed_aruco_localization/package.bash'
[2.151s] INFO:colcon.colcon_core.shell:Creating package script '/home/user/vision_ws/install/zed_aruco_localization/share/zed_aruco_localization/package.zsh'
[2.152s] Level 1:colcon.colcon_core.environment:create_file_with_runtime_dependencies(/home/user/vision_ws/install/zed_aruco_localization/share/colcon-core/packages/zed_aruco_localization)
[2.153s] Level 1:colcon.colcon_core.environment:create_environment_scripts_only(zed_rgb_convert)
[2.154s] Level 1:colcon.colcon_core.environment:checking '/home/user/vision_ws/install/zed_rgb_convert' for CMake module files
[2.156s] DEBUG:colcon.colcon_core.event_handler.log_command:Invoked command in '/home/user/vision_ws/build/zed_rgb_convert' returned '0': CMAKE_PREFIX_PATH=/home/user/vision_ws/install/zed_components:/home/user/vision_ws/install/zed_ros2:/home/user/vision_ws/install/zed_robot_integration:/home/user/vision_ws/install/zed_ipc:/home/user/vision_ws/install/zed_multi_camera:/home/user/vision_ws/install/zed_display_rviz2:/home/user/vision_ws/install/zed_depth_to_laserscan:/home/user/vision_ws/install/zed_wrapper:/home/user/vision_ws/install/zed_tutorial_video:/home/user/vision_ws/install/zed_tutorial_pos_tracking:/home/user/vision_ws/install/zed_tutorial_depth:/home/user/vision_ws/install/zed_topic_benchmark:/home/user/vision_ws/install/zed_topic_benchmark_component:/home/user/vision_ws/install/zed_topic_benchmark_interfaces:/home/user/vision_ws/install/zed_rgb_convert:/home/user/vision_ws/install/zed_aruco_localization:/home/user/vision_ws/install/rviz_plugin_zed_od:/home/user/autorover_ws/install/zed_components:/home/user/autorover_ws/install/mavros_extras:/home/user/autorover_ws/install/mavros:/home/user/autorover_ws/install/mavros_msgs:/home/user/autorover_ws/install/libmavconn:/home/user/autorover_ws/install/autorover_bringup:/opt/ros/humble LD_LIBRARY_PATH=/home/user/vision_ws/install/zed_components/lib:/home/user/vision_ws/install/zed_ipc/lib:/home/user/vision_ws/install/zed_topic_benchmark_component/lib:/home/user/vision_ws/install/zed_topic_benchmark_interfaces/lib:/home/user/vision_ws/install/zed_rgb_convert/lib:/home/user/vision_ws/install/zed_aruco_localization/lib:/home/user/vision_ws/install/rviz_plugin_zed_od/lib:/home/user/autorover_ws/install/zed_components/lib:/home/user/autorover_ws/install/mavros_extras/lib:/home/user/autorover_ws/install/mavros/lib:/home/user/autorover_ws/install/mavros_msgs/lib:/home/user/autorover_ws/install/libmavconn/lib:/opt/ros/humble/opt/rviz_ogre_vendor/lib:/opt/ros/humble/lib/aarch64-linux-gnu:/opt/ros/humble/lib /usr/bin/cmake --install /home/user/vision_ws/build/zed_rgb_convert
[2.157s] Level 1:colcon.colcon_core.environment:checking '/home/user/vision_ws/install/zed_rgb_convert' for CMake config files
[2.157s] Level 1:colcon.colcon_core.shell:create_environment_hook('zed_rgb_convert', 'cmake_prefix_path')
[2.158s] INFO:colcon.colcon_core.shell:Creating environment hook '/home/user/vision_ws/install/zed_rgb_convert/share/zed_rgb_convert/hook/cmake_prefix_path.ps1'
[2.159s] INFO:colcon.colcon_core.shell:Creating environment descriptor '/home/user/vision_ws/install/zed_rgb_convert/share/zed_rgb_convert/hook/cmake_prefix_path.dsv'
[2.160s] INFO:colcon.colcon_core.shell:Creating environment hook '/home/user/vision_ws/install/zed_rgb_convert/share/zed_rgb_convert/hook/cmake_prefix_path.sh'
[2.161s] Level 1:colcon.colcon_core.environment:checking '/home/user/vision_ws/install/zed_rgb_convert/lib'
[2.161s] Level 1:colcon.colcon_core.shell:create_environment_hook('zed_rgb_convert', 'ld_library_path_lib')
[2.162s] INFO:colcon.colcon_core.shell:Creating environment hook '/home/user/vision_ws/install/zed_rgb_convert/share/zed_rgb_convert/hook/ld_library_path_lib.ps1'
[2.163s] INFO:colcon.colcon_core.shell:Creating environment descriptor '/home/user/vision_ws/install/zed_rgb_convert/share/zed_rgb_convert/hook/ld_library_path_lib.dsv'
[2.164s] INFO:colcon.colcon_core.shell:Creating environment hook '/home/user/vision_ws/install/zed_rgb_convert/share/zed_rgb_convert/hook/ld_library_path_lib.sh'
[2.165s] Level 1:colcon.colcon_core.environment:checking '/home/user/vision_ws/install/zed_rgb_convert/bin'
[2.166s] Level 1:colcon.colcon_core.environment:checking '/home/user/vision_ws/install/zed_rgb_convert/lib/pkgconfig/zed_rgb_convert.pc'
[2.166s] Level 1:colcon.colcon_core.environment:checking '/home/user/vision_ws/install/zed_rgb_convert/lib/python3.10/site-packages'
[2.166s] Level 1:colcon.colcon_core.environment:checking '/home/user/vision_ws/install/zed_rgb_convert/bin'
[2.167s] INFO:colcon.colcon_core.shell:Creating package script '/home/user/vision_ws/install/zed_rgb_convert/share/zed_rgb_convert/package.ps1'
[2.168s] INFO:colcon.colcon_core.shell:Creating package descriptor '/home/user/vision_ws/install/zed_rgb_convert/share/zed_rgb_convert/package.dsv'
[2.169s] INFO:colcon.colcon_core.shell:Creating package script '/home/user/vision_ws/install/zed_rgb_convert/share/zed_rgb_convert/package.sh'
[2.170s] INFO:colcon.colcon_core.shell:Creating package script '/home/user/vision_ws/install/zed_rgb_convert/share/zed_rgb_convert/package.bash'
[2.171s] INFO:colcon.colcon_core.shell:Creating package script '/home/user/vision_ws/install/zed_rgb_convert/share/zed_rgb_convert/package.zsh'
[2.172s] Level 1:colcon.colcon_core.environment:create_file_with_runtime_dependencies(/home/user/vision_ws/install/zed_rgb_convert/share/colcon-core/packages/zed_rgb_convert)
[2.173s] Level 1:colcon.colcon_core.environment:create_environment_scripts_only(zed_rgb_convert)
[2.174s] Level 1:colcon.colcon_core.environment:checking '/home/user/vision_ws/install/zed_rgb_convert' for CMake module files
[2.175s] Level 1:colcon.colcon_core.environment:checking '/home/user/vision_ws/install/zed_rgb_convert' for CMake config files
[2.175s] Level 1:colcon.colcon_core.shell:create_environment_hook('zed_rgb_convert', 'cmake_prefix_path')
[2.176s] INFO:colcon.colcon_core.shell:Creating environment hook '/home/user/vision_ws/install/zed_rgb_convert/share/zed_rgb_convert/hook/cmake_prefix_path.ps1'
[2.177s] INFO:colcon.colcon_core.shell:Creating environment descriptor '/home/user/vision_ws/install/zed_rgb_convert/share/zed_rgb_convert/hook/cmake_prefix_path.dsv'
[2.177s] INFO:colcon.colcon_core.shell:Creating environment hook '/home/user/vision_ws/install/zed_rgb_convert/share/zed_rgb_convert/hook/cmake_prefix_path.sh'
[2.178s] Level 1:colcon.colcon_core.environment:checking '/home/user/vision_ws/install/zed_rgb_convert/lib'
[2.179s] Level 1:colcon.colcon_core.shell:create_environment_hook('zed_rgb_convert', 'ld_library_path_lib')
[2.179s] INFO:colcon.colcon_core.shell:Creating environment hook '/home/user/vision_ws/install/zed_rgb_convert/share/zed_rgb_convert/hook/ld_library_path_lib.ps1'
[2.180s] INFO:colcon.colcon_core.shell:Creating environment descriptor '/home/user/vision_ws/install/zed_rgb_convert/share/zed_rgb_convert/hook/ld_library_path_lib.dsv'
[2.180s] INFO:colcon.colcon_core.shell:Creating environment hook '/home/user/vision_ws/install/zed_rgb_convert/share/zed_rgb_convert/hook/ld_library_path_lib.sh'
[2.181s] Level 1:colcon.colcon_core.environment:checking '/home/user/vision_ws/install/zed_rgb_convert/bin'
[2.181s] Level 1:colcon.colcon_core.environment:checking '/home/user/vision_ws/install/zed_rgb_convert/lib/pkgconfig/zed_rgb_convert.pc'
[2.182s] Level 1:colcon.colcon_core.environment:checking '/home/user/vision_ws/install/zed_rgb_convert/lib/python3.10/site-packages'
[2.182s] Level 1:colcon.colcon_core.environment:checking '/home/user/vision_ws/install/zed_rgb_convert/bin'
[2.183s] INFO:colcon.colcon_core.shell:Creating package script '/home/user/vision_ws/install/zed_rgb_convert/share/zed_rgb_convert/package.ps1'
[2.184s] INFO:colcon.colcon_core.shell:Creating package descriptor '/home/user/vision_ws/install/zed_rgb_convert/share/zed_rgb_convert/package.dsv'
[2.185s] INFO:colcon.colcon_core.shell:Creating package script '/home/user/vision_ws/install/zed_rgb_convert/share/zed_rgb_convert/package.sh'
[2.186s] INFO:colcon.colcon_core.shell:Creating package script '/home/user/vision_ws/install/zed_rgb_convert/share/zed_rgb_convert/package.bash'
[2.187s] INFO:colcon.colcon_core.shell:Creating package script '/home/user/vision_ws/install/zed_rgb_convert/share/zed_rgb_convert/package.zsh'
[2.188s] Level 1:colcon.colcon_core.environment:create_file_with_runtime_dependencies(/home/user/vision_ws/install/zed_rgb_convert/share/colcon-core/packages/zed_rgb_convert)
[2.192s] DEBUG:colcon.colcon_core.event_handler.log_command:Invoked command in '/home/user/vision_ws/build/zed_topic_benchmark_interfaces' returned '0': CMAKE_PREFIX_PATH=${CMAKE_PREFIX_PATH}:/home/user/autorover_ws/install/autorover_bringup:/opt/ros/humble /usr/bin/cmake --build /home/user/vision_ws/build/zed_topic_benchmark_interfaces -- -j8 -l8
[2.196s] DEBUG:colcon.colcon_core.event_handler.log_command:Invoking command in '/home/user/vision_ws/build/zed_topic_benchmark_interfaces': CMAKE_PREFIX_PATH=${CMAKE_PREFIX_PATH}:/home/user/autorover_ws/install/autorover_bringup:/opt/ros/humble /usr/bin/cmake --install /home/user/vision_ws/build/zed_topic_benchmark_interfaces
[2.197s] DEBUG:colcon.colcon_core.event_handler.log_command:Invoked command in '/home/user/vision_ws/build/zed_multi_camera' returned '0': CMAKE_PREFIX_PATH=/home/user/vision_ws/install/zed_wrapper:/home/user/vision_ws/install/zed_components:/home/user/vision_ws/install/zed_ros2:/home/user/vision_ws/install/zed_robot_integration:/home/user/vision_ws/install/zed_ipc:/home/user/vision_ws/install/zed_multi_camera:/home/user/vision_ws/install/zed_display_rviz2:/home/user/vision_ws/install/zed_depth_to_laserscan:/home/user/vision_ws/install/zed_tutorial_video:/home/user/vision_ws/install/zed_tutorial_pos_tracking:/home/user/vision_ws/install/zed_tutorial_depth:/home/user/vision_ws/install/zed_topic_benchmark:/home/user/vision_ws/install/zed_topic_benchmark_component:/home/user/vision_ws/install/zed_topic_benchmark_interfaces:/home/user/vision_ws/install/zed_rgb_convert:/home/user/vision_ws/install/zed_aruco_localization:/home/user/vision_ws/install/rviz_plugin_zed_od:/home/user/autorover_ws/install/zed_components:/home/user/autorover_ws/install/mavros_extras:/home/user/autorover_ws/install/mavros:/home/user/autorover_ws/install/mavros_msgs:/home/user/autorover_ws/install/libmavconn:/home/user/autorover_ws/install/autorover_bringup:/opt/ros/humble LD_LIBRARY_PATH=/home/user/vision_ws/install/zed_components/lib:/home/user/vision_ws/install/zed_ipc/lib:/home/user/vision_ws/install/zed_topic_benchmark_component/lib:/home/user/vision_ws/install/zed_topic_benchmark_interfaces/lib:/home/user/vision_ws/install/zed_rgb_convert/lib:/home/user/vision_ws/install/zed_aruco_localization/lib:/home/user/vision_ws/install/rviz_plugin_zed_od/lib:/home/user/autorover_ws/install/zed_components/lib:/home/user/autorover_ws/install/mavros_extras/lib:/home/user/autorover_ws/install/mavros/lib:/home/user/autorover_ws/install/mavros_msgs/lib:/home/user/autorover_ws/install/libmavconn/lib:/opt/ros/humble/opt/rviz_ogre_vendor/lib:/opt/ros/humble/lib/aarch64-linux-gnu:/opt/ros/humble/lib /usr/bin/cmake --build /home/user/vision_ws/build/zed_multi_camera -- -j8 -l8
[2.200s] DEBUG:colcon.colcon_core.event_handler.log_command:Invoking command in '/home/user/vision_ws/build/zed_multi_camera': CMAKE_PREFIX_PATH=/home/user/vision_ws/install/zed_wrapper:/home/user/vision_ws/install/zed_components:/home/user/vision_ws/install/zed_ros2:/home/user/vision_ws/install/zed_robot_integration:/home/user/vision_ws/install/zed_ipc:/home/user/vision_ws/install/zed_multi_camera:/home/user/vision_ws/install/zed_display_rviz2:/home/user/vision_ws/install/zed_depth_to_laserscan:/home/user/vision_ws/install/zed_tutorial_video:/home/user/vision_ws/install/zed_tutorial_pos_tracking:/home/user/vision_ws/install/zed_tutorial_depth:/home/user/vision_ws/install/zed_topic_benchmark:/home/user/vision_ws/install/zed_topic_benchmark_component:/home/user/vision_ws/install/zed_topic_benchmark_interfaces:/home/user/vision_ws/install/zed_rgb_convert:/home/user/vision_ws/install/zed_aruco_localization:/home/user/vision_ws/install/rviz_plugin_zed_od:/home/user/autorover_ws/install/zed_components:/home/user/autorover_ws/install/mavros_extras:/home/user/autorover_ws/install/mavros:/home/user/autorover_ws/install/mavros_msgs:/home/user/autorover_ws/install/libmavconn:/home/user/autorover_ws/install/autorover_bringup:/opt/ros/humble LD_LIBRARY_PATH=/home/user/vision_ws/install/zed_components/lib:/home/user/vision_ws/install/zed_ipc/lib:/home/user/vision_ws/install/zed_topic_benchmark_component/lib:/home/user/vision_ws/install/zed_topic_benchmark_interfaces/lib:/home/user/vision_ws/install/zed_rgb_convert/lib:/home/user/vision_ws/install/zed_aruco_localization/lib:/home/user/vision_ws/install/rviz_plugin_zed_od/lib:/home/user/autorover_ws/install/zed_components/lib:/home/user/autorover_ws/install/mavros_extras/lib:/home/user/autorover_ws/install/mavros/lib:/home/user/autorover_ws/install/mavros_msgs/lib:/home/user/autorover_ws/install/libmavconn/lib:/opt/ros/humble/opt/rviz_ogre_vendor/lib:/opt/ros/humble/lib/aarch64-linux-gnu:/opt/ros/humble/lib /usr/bin/cmake --install /home/user/vision_ws/build/zed_multi_camera
[2.201s] DEBUG:colcon.colcon_core.event_handler.log_command:Invoked command in '/home/user/vision_ws/build/zed_display_rviz2' returned '0': CMAKE_PREFIX_PATH=/home/user/vision_ws/install/zed_wrapper:/home/user/vision_ws/install/zed_components:/home/user/vision_ws/install/zed_ros2:/home/user/vision_ws/install/zed_robot_integration:/home/user/vision_ws/install/zed_ipc:/home/user/vision_ws/install/zed_multi_camera:/home/user/vision_ws/install/zed_display_rviz2:/home/user/vision_ws/install/zed_depth_to_laserscan:/home/user/vision_ws/install/zed_tutorial_video:/home/user/vision_ws/install/zed_tutorial_pos_tracking:/home/user/vision_ws/install/zed_tutorial_depth:/home/user/vision_ws/install/zed_topic_benchmark:/home/user/vision_ws/install/zed_topic_benchmark_component:/home/user/vision_ws/install/zed_topic_benchmark_interfaces:/home/user/vision_ws/install/zed_rgb_convert:/home/user/vision_ws/install/zed_aruco_localization:/home/user/vision_ws/install/rviz_plugin_zed_od:/home/user/autorover_ws/install/zed_components:/home/user/autorover_ws/install/mavros_extras:/home/user/autorover_ws/install/mavros:/home/user/autorover_ws/install/mavros_msgs:/home/user/autorover_ws/install/libmavconn:/home/user/autorover_ws/install/autorover_bringup:/opt/ros/humble LD_LIBRARY_PATH=/home/user/vision_ws/install/zed_components/lib:/home/user/vision_ws/install/zed_ipc/lib:/home/user/vision_ws/install/zed_topic_benchmark_component/lib:/home/user/vision_ws/install/zed_topic_benchmark_interfaces/lib:/home/user/vision_ws/install/zed_rgb_convert/lib:/home/user/vision_ws/install/zed_aruco_localization/lib:/home/user/vision_ws/install/rviz_plugin_zed_od/lib:/home/user/autorover_ws/install/zed_components/lib:/home/user/autorover_ws/install/mavros_extras/lib:/home/user/autorover_ws/install/mavros/lib:/home/user/autorover_ws/install/mavros_msgs/lib:/home/user/autorover_ws/install/libmavconn/lib:/opt/ros/humble/opt/rviz_ogre_vendor/lib:/opt/ros/humble/lib/aarch64-linux-gnu:/opt/ros/humble/lib /usr/bin/cmake --build /home/user/vision_ws/build/zed_display_rviz2 -- -j8 -l8
[2.204s] DEBUG:colcon.colcon_core.event_handler.log_command:Invoking command in '/home/user/vision_ws/build/zed_display_rviz2': CMAKE_PREFIX_PATH=/home/user/vision_ws/install/zed_wrapper:/home/user/vision_ws/install/zed_components:/home/user/vision_ws/install/zed_ros2:/home/user/vision_ws/install/zed_robot_integration:/home/user/vision_ws/install/zed_ipc:/home/user/vision_ws/install/zed_multi_camera:/home/user/vision_ws/install/zed_display_rviz2:/home/user/vision_ws/install/zed_depth_to_laserscan:/home/user/vision_ws/install/zed_tutorial_video:/home/user/vision_ws/install/zed_tutorial_pos_tracking:/home/user/vision_ws/install/zed_tutorial_depth:/home/user/vision_ws/install/zed_topic_benchmark:/home/user/vision_ws/install/zed_topic_benchmark_component:/home/user/vision_ws/install/zed_topic_benchmark_interfaces:/home/user/vision_ws/install/zed_rgb_convert:/home/user/vision_ws/install/zed_aruco_localization:/home/user/vision_ws/install/rviz_plugin_zed_od:/home/user/autorover_ws/install/zed_components:/home/user/autorover_ws/install/mavros_extras:/home/user/autorover_ws/install/mavros:/home/user/autorover_ws/install/mavros_msgs:/home/user/autorover_ws/install/libmavconn:/home/user/autorover_ws/install/autorover_bringup:/opt/ros/humble LD_LIBRARY_PATH=/home/user/vision_ws/install/zed_components/lib:/home/user/vision_ws/install/zed_ipc/lib:/home/user/vision_ws/install/zed_topic_benchmark_component/lib:/home/user/vision_ws/install/zed_topic_benchmark_interfaces/lib:/home/user/vision_ws/install/zed_rgb_convert/lib:/home/user/vision_ws/install/zed_aruco_localization/lib:/home/user/vision_ws/install/rviz_plugin_zed_od/lib:/home/user/autorover_ws/install/zed_components/lib:/home/user/autorover_ws/install/mavros_extras/lib:/home/user/autorover_ws/install/mavros/lib:/home/user/autorover_ws/install/mavros_msgs/lib:/home/user/autorover_ws/install/libmavconn/lib:/opt/ros/humble/opt/rviz_ogre_vendor/lib:/opt/ros/humble/lib/aarch64-linux-gnu:/opt/ros/humble/lib /usr/bin/cmake --install /home/user/vision_ws/build/zed_display_rviz2
[2.205s] DEBUG:colcon.colcon_core.event_handler.log_command:Invoked command in '/home/user/vision_ws/build/zed_depth_to_laserscan' returned '0': CMAKE_PREFIX_PATH=/home/user/vision_ws/install/zed_wrapper:/home/user/vision_ws/install/zed_components:/home/user/vision_ws/install/zed_ros2:/home/user/vision_ws/install/zed_robot_integration:/home/user/vision_ws/install/zed_ipc:/home/user/vision_ws/install/zed_multi_camera:/home/user/vision_ws/install/zed_display_rviz2:/home/user/vision_ws/install/zed_depth_to_laserscan:/home/user/vision_ws/install/zed_tutorial_video:/home/user/vision_ws/install/zed_tutorial_pos_tracking:/home/user/vision_ws/install/zed_tutorial_depth:/home/user/vision_ws/install/zed_topic_benchmark:/home/user/vision_ws/install/zed_topic_benchmark_component:/home/user/vision_ws/install/zed_topic_benchmark_interfaces:/home/user/vision_ws/install/zed_rgb_convert:/home/user/vision_ws/install/zed_aruco_localization:/home/user/vision_ws/install/rviz_plugin_zed_od:/home/user/autorover_ws/install/zed_components:/home/user/autorover_ws/install/mavros_extras:/home/user/autorover_ws/install/mavros:/home/user/autorover_ws/install/mavros_msgs:/home/user/autorover_ws/install/libmavconn:/home/user/autorover_ws/install/autorover_bringup:/opt/ros/humble LD_LIBRARY_PATH=/home/user/vision_ws/install/zed_components/lib:/home/user/vision_ws/install/zed_ipc/lib:/home/user/vision_ws/install/zed_topic_benchmark_component/lib:/home/user/vision_ws/install/zed_topic_benchmark_interfaces/lib:/home/user/vision_ws/install/zed_rgb_convert/lib:/home/user/vision_ws/install/zed_aruco_localization/lib:/home/user/vision_ws/install/rviz_plugin_zed_od/lib:/home/user/autorover_ws/install/zed_components/lib:/home/user/autorover_ws/install/mavros_extras/lib:/home/user/autorover_ws/install/mavros/lib:/home/user/autorover_ws/install/mavros_msgs/lib:/home/user/autorover_ws/install/libmavconn/lib:/opt/ros/humble/opt/rviz_ogre_vendor/lib:/opt/ros/humble/lib/aarch64-linux-gnu:/opt/ros/humble/lib /usr/bin/cmake --build /home/user/vision_ws/build/zed_depth_to_laserscan -- -j8 -l8
[2.209s] DEBUG:colcon.colcon_core.event_handler.log_command:Invoking command in '/home/user/vision_ws/build/zed_depth_to_laserscan': CMAKE_PREFIX_PATH=/home/user/vision_ws/install/zed_wrapper:/home/user/vision_ws/install/zed_components:/home/user/vision_ws/install/zed_ros2:/home/user/vision_ws/install/zed_robot_integration:/home/user/vision_ws/install/zed_ipc:/home/user/vision_ws/install/zed_multi_camera:/home/user/vision_ws/install/zed_display_rviz2:/home/user/vision_ws/install/zed_depth_to_laserscan:/home/user/vision_ws/install/zed_tutorial_video:/home/user/vision_ws/install/zed_tutorial_pos_tracking:/home/user/vision_ws/install/zed_tutorial_depth:/home/user/vision_ws/install/zed_topic_benchmark:/home/user/vision_ws/install/zed_topic_benchmark_component:/home/user/vision_ws/install/zed_topic_benchmark_interfaces:/home/user/vision_ws/install/zed_rgb_convert:/home/user/vision_ws/install/zed_aruco_localization:/home/user/vision_ws/install/rviz_plugin_zed_od:/home/user/autorover_ws/install/zed_components:/home/user/autorover_ws/install/mavros_extras:/home/user/autorover_ws/install/mavros:/home/user/autorover_ws/install/mavros_msgs:/home/user/autorover_ws/install/libmavconn:/home/user/autorover_ws/install/autorover_bringup:/opt/ros/humble LD_LIBRARY_PATH=/home/user/vision_ws/install/zed_components/lib:/home/user/vision_ws/install/zed_ipc/lib:/home/user/vision_ws/install/zed_topic_benchmark_component/lib:/home/user/vision_ws/install/zed_topic_benchmark_interfaces/lib:/home/user/vision_ws/install/zed_rgb_convert/lib:/home/user/vision_ws/install/zed_aruco_localization/lib:/home/user/vision_ws/install/rviz_plugin_zed_od/lib:/home/user/autorover_ws/install/zed_components/lib:/home/user/autorover_ws/install/mavros_extras/lib:/home/user/autorover_ws/install/mavros/lib:/home/user/autorover_ws/install/mavros_msgs/lib:/home/user/autorover_ws/install/libmavconn/lib:/opt/ros/humble/opt/rviz_ogre_vendor/lib:/opt/ros/humble/lib/aarch64-linux-gnu:/opt/ros/humble/lib /usr/bin/cmake --install /home/user/vision_ws/build/zed_depth_to_laserscan
[2.210s] DEBUG:colcon.colcon_core.event_handler.log_command:Invoked command in '/home/user/vision_ws/build/zed_robot_integration' returned '0': CMAKE_PREFIX_PATH=/home/user/vision_ws/install/zed_wrapper:/home/user/vision_ws/install/zed_components:/home/user/vision_ws/install/zed_ros2:/home/user/vision_ws/install/zed_robot_integration:/home/user/vision_ws/install/zed_ipc:/home/user/vision_ws/install/zed_multi_camera:/home/user/vision_ws/install/zed_display_rviz2:/home/user/vision_ws/install/zed_depth_to_laserscan:/home/user/vision_ws/install/zed_tutorial_video:/home/user/vision_ws/install/zed_tutorial_pos_tracking:/home/user/vision_ws/install/zed_tutorial_depth:/home/user/vision_ws/install/zed_topic_benchmark:/home/user/vision_ws/install/zed_topic_benchmark_component:/home/user/vision_ws/install/zed_topic_benchmark_interfaces:/home/user/vision_ws/install/zed_rgb_convert:/home/user/vision_ws/install/zed_aruco_localization:/home/user/vision_ws/install/rviz_plugin_zed_od:/home/user/autorover_ws/install/zed_components:/home/user/autorover_ws/install/mavros_extras:/home/user/autorover_ws/install/mavros:/home/user/autorover_ws/install/mavros_msgs:/home/user/autorover_ws/install/libmavconn:/home/user/autorover_ws/install/autorover_bringup:/opt/ros/humble LD_LIBRARY_PATH=/home/user/vision_ws/install/zed_components/lib:/home/user/vision_ws/install/zed_ipc/lib:/home/user/vision_ws/install/zed_topic_benchmark_component/lib:/home/user/vision_ws/install/zed_topic_benchmark_interfaces/lib:/home/user/vision_ws/install/zed_rgb_convert/lib:/home/user/vision_ws/install/zed_aruco_localization/lib:/home/user/vision_ws/install/rviz_plugin_zed_od/lib:/home/user/autorover_ws/install/zed_components/lib:/home/user/autorover_ws/install/mavros_extras/lib:/home/user/autorover_ws/install/mavros/lib:/home/user/autorover_ws/install/mavros_msgs/lib:/home/user/autorover_ws/install/libmavconn/lib:/opt/ros/humble/opt/rviz_ogre_vendor/lib:/opt/ros/humble/lib/aarch64-linux-gnu:/opt/ros/humble/lib /usr/bin/cmake --build /home/user/vision_ws/build/zed_robot_integration -- -j8 -l8
[2.213s] DEBUG:colcon.colcon_core.event_handler.log_command:Invoking command in '/home/user/vision_ws/build/zed_robot_integration': CMAKE_PREFIX_PATH=/home/user/vision_ws/install/zed_wrapper:/home/user/vision_ws/install/zed_components:/home/user/vision_ws/install/zed_ros2:/home/user/vision_ws/install/zed_robot_integration:/home/user/vision_ws/install/zed_ipc:/home/user/vision_ws/install/zed_multi_camera:/home/user/vision_ws/install/zed_display_rviz2:/home/user/vision_ws/install/zed_depth_to_laserscan:/home/user/vision_ws/install/zed_tutorial_video:/home/user/vision_ws/install/zed_tutorial_pos_tracking:/home/user/vision_ws/install/zed_tutorial_depth:/home/user/vision_ws/install/zed_topic_benchmark:/home/user/vision_ws/install/zed_topic_benchmark_component:/home/user/vision_ws/install/zed_topic_benchmark_interfaces:/home/user/vision_ws/install/zed_rgb_convert:/home/user/vision_ws/install/zed_aruco_localization:/home/user/vision_ws/install/rviz_plugin_zed_od:/home/user/autorover_ws/install/zed_components:/home/user/autorover_ws/install/mavros_extras:/home/user/autorover_ws/install/mavros:/home/user/autorover_ws/install/mavros_msgs:/home/user/autorover_ws/install/libmavconn:/home/user/autorover_ws/install/autorover_bringup:/opt/ros/humble LD_LIBRARY_PATH=/home/user/vision_ws/install/zed_components/lib:/home/user/vision_ws/install/zed_ipc/lib:/home/user/vision_ws/install/zed_topic_benchmark_component/lib:/home/user/vision_ws/install/zed_topic_benchmark_interfaces/lib:/home/user/vision_ws/install/zed_rgb_convert/lib:/home/user/vision_ws/install/zed_aruco_localization/lib:/home/user/vision_ws/install/rviz_plugin_zed_od/lib:/home/user/autorover_ws/install/zed_components/lib:/home/user/autorover_ws/install/mavros_extras/lib:/home/user/autorover_ws/install/mavros/lib:/home/user/autorover_ws/install/mavros_msgs/lib:/home/user/autorover_ws/install/libmavconn/lib:/opt/ros/humble/opt/rviz_ogre_vendor/lib:/opt/ros/humble/lib/aarch64-linux-gnu:/opt/ros/humble/lib /usr/bin/cmake --install /home/user/vision_ws/build/zed_robot_integration
[2.221s] DEBUG:colcon.colcon_core.event_handler.log_command:Invoked command in '/home/user/vision_ws/build/zed_ros2' returned '0': CMAKE_PREFIX_PATH=/home/user/vision_ws/install/zed_wrapper:/home/user/vision_ws/install/zed_components:/home/user/vision_ws/install/zed_ros2:/home/user/vision_ws/install/zed_robot_integration:/home/user/vision_ws/install/zed_ipc:/home/user/vision_ws/install/zed_multi_camera:/home/user/vision_ws/install/zed_display_rviz2:/home/user/vision_ws/install/zed_depth_to_laserscan:/home/user/vision_ws/install/zed_tutorial_video:/home/user/vision_ws/install/zed_tutorial_pos_tracking:/home/user/vision_ws/install/zed_tutorial_depth:/home/user/vision_ws/install/zed_topic_benchmark:/home/user/vision_ws/install/zed_topic_benchmark_component:/home/user/vision_ws/install/zed_topic_benchmark_interfaces:/home/user/vision_ws/install/zed_rgb_convert:/home/user/vision_ws/install/zed_aruco_localization:/home/user/vision_ws/install/rviz_plugin_zed_od:/home/user/autorover_ws/install/zed_components:/home/user/autorover_ws/install/mavros_extras:/home/user/autorover_ws/install/mavros:/home/user/autorover_ws/install/mavros_msgs:/home/user/autorover_ws/install/libmavconn:/home/user/autorover_ws/install/autorover_bringup:/opt/ros/humble LD_LIBRARY_PATH=/home/user/vision_ws/install/zed_components/lib:/home/user/vision_ws/install/zed_ipc/lib:/home/user/vision_ws/install/zed_topic_benchmark_component/lib:/home/user/vision_ws/install/zed_topic_benchmark_interfaces/lib:/home/user/vision_ws/install/zed_rgb_convert/lib:/home/user/vision_ws/install/zed_aruco_localization/lib:/home/user/vision_ws/install/rviz_plugin_zed_od/lib:/home/user/autorover_ws/install/zed_components/lib:/home/user/autorover_ws/install/mavros_extras/lib:/home/user/autorover_ws/install/mavros/lib:/home/user/autorover_ws/install/mavros_msgs/lib:/home/user/autorover_ws/install/libmavconn/lib:/opt/ros/humble/opt/rviz_ogre_vendor/lib:/opt/ros/humble/lib/aarch64-linux-gnu:/opt/ros/humble/lib /usr/bin/cmake --build /home/user/vision_ws/build/zed_ros2 -- -j8 -l8
[2.242s] DEBUG:colcon.colcon_core.event_handler.log_command:Invoking command in '/home/user/vision_ws/build/zed_ros2': CMAKE_PREFIX_PATH=/home/user/vision_ws/install/zed_wrapper:/home/user/vision_ws/install/zed_components:/home/user/vision_ws/install/zed_ros2:/home/user/vision_ws/install/zed_robot_integration:/home/user/vision_ws/install/zed_ipc:/home/user/vision_ws/install/zed_multi_camera:/home/user/vision_ws/install/zed_display_rviz2:/home/user/vision_ws/install/zed_depth_to_laserscan:/home/user/vision_ws/install/zed_tutorial_video:/home/user/vision_ws/install/zed_tutorial_pos_tracking:/home/user/vision_ws/install/zed_tutorial_depth:/home/user/vision_ws/install/zed_topic_benchmark:/home/user/vision_ws/install/zed_topic_benchmark_component:/home/user/vision_ws/install/zed_topic_benchmark_interfaces:/home/user/vision_ws/install/zed_rgb_convert:/home/user/vision_ws/install/zed_aruco_localization:/home/user/vision_ws/install/rviz_plugin_zed_od:/home/user/autorover_ws/install/zed_components:/home/user/autorover_ws/install/mavros_extras:/home/user/autorover_ws/install/mavros:/home/user/autorover_ws/install/mavros_msgs:/home/user/autorover_ws/install/libmavconn:/home/user/autorover_ws/install/autorover_bringup:/opt/ros/humble LD_LIBRARY_PATH=/home/user/vision_ws/install/zed_components/lib:/home/user/vision_ws/install/zed_ipc/lib:/home/user/vision_ws/install/zed_topic_benchmark_component/lib:/home/user/vision_ws/install/zed_topic_benchmark_interfaces/lib:/home/user/vision_ws/install/zed_rgb_convert/lib:/home/user/vision_ws/install/zed_aruco_localization/lib:/home/user/vision_ws/install/rviz_plugin_zed_od/lib:/home/user/autorover_ws/install/zed_components/lib:/home/user/autorover_ws/install/mavros_extras/lib:/home/user/autorover_ws/install/mavros/lib:/home/user/autorover_ws/install/mavros_msgs/lib:/home/user/autorover_ws/install/libmavconn/lib:/opt/ros/humble/opt/rviz_ogre_vendor/lib:/opt/ros/humble/lib/aarch64-linux-gnu:/opt/ros/humble/lib /usr/bin/cmake --install /home/user/vision_ws/build/zed_ros2
[2.253s] Level 1:colcon.colcon_core.environment:create_environment_scripts_only(zed_multi_camera)
[2.254s] Level 1:colcon.colcon_core.environment:checking '/home/user/vision_ws/install/zed_multi_camera' for CMake module files
[2.258s] Level 1:colcon.colcon_core.environment:checking '/home/user/vision_ws/install/zed_multi_camera' for CMake config files
[2.260s] Level 1:colcon.colcon_core.shell:create_environment_hook('zed_multi_camera', 'cmake_prefix_path')
[2.260s] INFO:colcon.colcon_core.shell:Creating environment hook '/home/user/vision_ws/install/zed_multi_camera/share/zed_multi_camera/hook/cmake_prefix_path.ps1'
[2.262s] INFO:colcon.colcon_core.shell:Creating environment descriptor '/home/user/vision_ws/install/zed_multi_camera/share/zed_multi_camera/hook/cmake_prefix_path.dsv'
[2.264s] INFO:colcon.colcon_core.shell:Creating environment hook '/home/user/vision_ws/install/zed_multi_camera/share/zed_multi_camera/hook/cmake_prefix_path.sh'
[2.265s] DEBUG:colcon.colcon_core.event_handler.log_command:Invoked command in '/home/user/vision_ws/build/zed_multi_camera' returned '0': CMAKE_PREFIX_PATH=/home/user/vision_ws/install/zed_wrapper:/home/user/vision_ws/install/zed_components:/home/user/vision_ws/install/zed_ros2:/home/user/vision_ws/install/zed_robot_integration:/home/user/vision_ws/install/zed_ipc:/home/user/vision_ws/install/zed_multi_camera:/home/user/vision_ws/install/zed_display_rviz2:/home/user/vision_ws/install/zed_depth_to_laserscan:/home/user/vision_ws/install/zed_tutorial_video:/home/user/vision_ws/install/zed_tutorial_pos_tracking:/home/user/vision_ws/install/zed_tutorial_depth:/home/user/vision_ws/install/zed_topic_benchmark:/home/user/vision_ws/install/zed_topic_benchmark_component:/home/user/vision_ws/install/zed_topic_benchmark_interfaces:/home/user/vision_ws/install/zed_rgb_convert:/home/user/vision_ws/install/zed_aruco_localization:/home/user/vision_ws/install/rviz_plugin_zed_od:/home/user/autorover_ws/install/zed_components:/home/user/autorover_ws/install/mavros_extras:/home/user/autorover_ws/install/mavros:/home/user/autorover_ws/install/mavros_msgs:/home/user/autorover_ws/install/libmavconn:/home/user/autorover_ws/install/autorover_bringup:/opt/ros/humble LD_LIBRARY_PATH=/home/user/vision_ws/install/zed_components/lib:/home/user/vision_ws/install/zed_ipc/lib:/home/user/vision_ws/install/zed_topic_benchmark_component/lib:/home/user/vision_ws/install/zed_topic_benchmark_interfaces/lib:/home/user/vision_ws/install/zed_rgb_convert/lib:/home/user/vision_ws/install/zed_aruco_localization/lib:/home/user/vision_ws/install/rviz_plugin_zed_od/lib:/home/user/autorover_ws/install/zed_components/lib:/home/user/autorover_ws/install/mavros_extras/lib:/home/user/autorover_ws/install/mavros/lib:/home/user/autorover_ws/install/mavros_msgs/lib:/home/user/autorover_ws/install/libmavconn/lib:/opt/ros/humble/opt/rviz_ogre_vendor/lib:/opt/ros/humble/lib/aarch64-linux-gnu:/opt/ros/humble/lib /usr/bin/cmake --install /home/user/vision_ws/build/zed_multi_camera
[2.267s] Level 1:colcon.colcon_core.environment:checking '/home/user/vision_ws/install/zed_multi_camera/bin'
[2.267s] Level 1:colcon.colcon_core.environment:checking '/home/user/vision_ws/install/zed_multi_camera/lib/pkgconfig/zed_multi_camera.pc'
[2.268s] Level 1:colcon.colcon_core.environment:checking '/home/user/vision_ws/install/zed_multi_camera/lib/python3.10/site-packages'
[2.269s] Level 1:colcon.colcon_core.environment:checking '/home/user/vision_ws/install/zed_multi_camera/bin'
[2.270s] INFO:colcon.colcon_core.shell:Creating package script '/home/user/vision_ws/install/zed_multi_camera/share/zed_multi_camera/package.ps1'
[2.272s] INFO:colcon.colcon_core.shell:Creating package descriptor '/home/user/vision_ws/install/zed_multi_camera/share/zed_multi_camera/package.dsv'
[2.273s] INFO:colcon.colcon_core.shell:Creating package script '/home/user/vision_ws/install/zed_multi_camera/share/zed_multi_camera/package.sh'
[2.275s] INFO:colcon.colcon_core.shell:Creating package script '/home/user/vision_ws/install/zed_multi_camera/share/zed_multi_camera/package.bash'
[2.277s] INFO:colcon.colcon_core.shell:Creating package script '/home/user/vision_ws/install/zed_multi_camera/share/zed_multi_camera/package.zsh'
[2.278s] Level 1:colcon.colcon_core.environment:create_file_with_runtime_dependencies(/home/user/vision_ws/install/zed_multi_camera/share/colcon-core/packages/zed_multi_camera)
[2.281s] Level 1:colcon.colcon_core.environment:create_environment_scripts_only(zed_multi_camera)
[2.281s] Level 1:colcon.colcon_core.environment:checking '/home/user/vision_ws/install/zed_multi_camera' for CMake module files
[2.284s] Level 1:colcon.colcon_core.environment:checking '/home/user/vision_ws/install/zed_multi_camera' for CMake config files
[2.284s] Level 1:colcon.colcon_core.shell:create_environment_hook('zed_multi_camera', 'cmake_prefix_path')
[2.285s] INFO:colcon.colcon_core.shell:Creating environment hook '/home/user/vision_ws/install/zed_multi_camera/share/zed_multi_camera/hook/cmake_prefix_path.ps1'
[2.286s] INFO:colcon.colcon_core.shell:Creating environment descriptor '/home/user/vision_ws/install/zed_multi_camera/share/zed_multi_camera/hook/cmake_prefix_path.dsv'
[2.287s] INFO:colcon.colcon_core.shell:Creating environment hook '/home/user/vision_ws/install/zed_multi_camera/share/zed_multi_camera/hook/cmake_prefix_path.sh'
[2.289s] Level 1:colcon.colcon_core.environment:checking '/home/user/vision_ws/install/zed_multi_camera/bin'
[2.289s] Level 1:colcon.colcon_core.environment:checking '/home/user/vision_ws/install/zed_multi_camera/lib/pkgconfig/zed_multi_camera.pc'
[2.289s] Level 1:colcon.colcon_core.environment:checking '/home/user/vision_ws/install/zed_multi_camera/lib/python3.10/site-packages'
[2.290s] Level 1:colcon.colcon_core.environment:checking '/home/user/vision_ws/install/zed_multi_camera/bin'
[2.290s] INFO:colcon.colcon_core.shell:Creating package script '/home/user/vision_ws/install/zed_multi_camera/share/zed_multi_camera/package.ps1'
[2.292s] INFO:colcon.colcon_core.shell:Creating package descriptor '/home/user/vision_ws/install/zed_multi_camera/share/zed_multi_camera/package.dsv'
[2.293s] INFO:colcon.colcon_core.shell:Creating package script '/home/user/vision_ws/install/zed_multi_camera/share/zed_multi_camera/package.sh'
[2.293s] INFO:colcon.colcon_core.shell:Creating package script '/home/user/vision_ws/install/zed_multi_camera/share/zed_multi_camera/package.bash'
[2.294s] INFO:colcon.colcon_core.shell:Creating package script '/home/user/vision_ws/install/zed_multi_camera/share/zed_multi_camera/package.zsh'
[2.295s] Level 1:colcon.colcon_core.environment:create_file_with_runtime_dependencies(/home/user/vision_ws/install/zed_multi_camera/share/colcon-core/packages/zed_multi_camera)
[2.296s] INFO:colcon.colcon_ros.task.ament_cmake.build:Building ROS package in '/home/user/vision_ws/src/zed-ros2-examples/tutorials/zed_ipc' with build type 'ament_cmake'
[2.297s] INFO:colcon.colcon_cmake.task.cmake.build:Building CMake package in '/home/user/vision_ws/src/zed-ros2-examples/tutorials/zed_ipc'
[2.297s] INFO:colcon.colcon_core.shell:Skip shell extension 'powershell' for command environment: Not usable outside of PowerShell
[2.298s] DEBUG:colcon.colcon_core.shell:Skip shell extension 'dsv' for command environment
[2.313s] Level 1:colcon.colcon_core.environment:create_environment_scripts_only(zed_display_rviz2)
[2.315s] Level 1:colcon.colcon_core.environment:checking '/home/user/vision_ws/install/zed_display_rviz2' for CMake module files
[2.316s] DEBUG:colcon.colcon_core.event_handler.log_command:Invoked command in '/home/user/vision_ws/build/zed_display_rviz2' returned '0': CMAKE_PREFIX_PATH=/home/user/vision_ws/install/zed_wrapper:/home/user/vision_ws/install/zed_components:/home/user/vision_ws/install/zed_ros2:/home/user/vision_ws/install/zed_robot_integration:/home/user/vision_ws/install/zed_ipc:/home/user/vision_ws/install/zed_multi_camera:/home/user/vision_ws/install/zed_display_rviz2:/home/user/vision_ws/install/zed_depth_to_laserscan:/home/user/vision_ws/install/zed_tutorial_video:/home/user/vision_ws/install/zed_tutorial_pos_tracking:/home/user/vision_ws/install/zed_tutorial_depth:/home/user/vision_ws/install/zed_topic_benchmark:/home/user/vision_ws/install/zed_topic_benchmark_component:/home/user/vision_ws/install/zed_topic_benchmark_interfaces:/home/user/vision_ws/install/zed_rgb_convert:/home/user/vision_ws/install/zed_aruco_localization:/home/user/vision_ws/install/rviz_plugin_zed_od:/home/user/autorover_ws/install/zed_components:/home/user/autorover_ws/install/mavros_extras:/home/user/autorover_ws/install/mavros:/home/user/autorover_ws/install/mavros_msgs:/home/user/autorover_ws/install/libmavconn:/home/user/autorover_ws/install/autorover_bringup:/opt/ros/humble LD_LIBRARY_PATH=/home/user/vision_ws/install/zed_components/lib:/home/user/vision_ws/install/zed_ipc/lib:/home/user/vision_ws/install/zed_topic_benchmark_component/lib:/home/user/vision_ws/install/zed_topic_benchmark_interfaces/lib:/home/user/vision_ws/install/zed_rgb_convert/lib:/home/user/vision_ws/install/zed_aruco_localization/lib:/home/user/vision_ws/install/rviz_plugin_zed_od/lib:/home/user/autorover_ws/install/zed_components/lib:/home/user/autorover_ws/install/mavros_extras/lib:/home/user/autorover_ws/install/mavros/lib:/home/user/autorover_ws/install/mavros_msgs/lib:/home/user/autorover_ws/install/libmavconn/lib:/opt/ros/humble/opt/rviz_ogre_vendor/lib:/opt/ros/humble/lib/aarch64-linux-gnu:/opt/ros/humble/lib /usr/bin/cmake --install /home/user/vision_ws/build/zed_display_rviz2
[2.317s] Level 1:colcon.colcon_core.environment:checking '/home/user/vision_ws/install/zed_display_rviz2' for CMake config files
[2.318s] Level 1:colcon.colcon_core.shell:create_environment_hook('zed_display_rviz2', 'cmake_prefix_path')
[2.318s] INFO:colcon.colcon_core.shell:Creating environment hook '/home/user/vision_ws/install/zed_display_rviz2/share/zed_display_rviz2/hook/cmake_prefix_path.ps1'
[2.319s] INFO:colcon.colcon_core.shell:Creating environment descriptor '/home/user/vision_ws/install/zed_display_rviz2/share/zed_display_rviz2/hook/cmake_prefix_path.dsv'
[2.320s] INFO:colcon.colcon_core.shell:Creating environment hook '/home/user/vision_ws/install/zed_display_rviz2/share/zed_display_rviz2/hook/cmake_prefix_path.sh'
[2.321s] Level 1:colcon.colcon_core.environment:checking '/home/user/vision_ws/install/zed_display_rviz2/bin'
[2.322s] Level 1:colcon.colcon_core.environment:checking '/home/user/vision_ws/install/zed_display_rviz2/lib/pkgconfig/zed_display_rviz2.pc'
[2.322s] Level 1:colcon.colcon_core.environment:checking '/home/user/vision_ws/install/zed_display_rviz2/lib/python3.10/site-packages'
[2.323s] Level 1:colcon.colcon_core.environment:checking '/home/user/vision_ws/install/zed_display_rviz2/bin'
[2.323s] INFO:colcon.colcon_core.shell:Creating package script '/home/user/vision_ws/install/zed_display_rviz2/share/zed_display_rviz2/package.ps1'
[2.324s] INFO:colcon.colcon_core.shell:Creating package descriptor '/home/user/vision_ws/install/zed_display_rviz2/share/zed_display_rviz2/package.dsv'
[2.325s] INFO:colcon.colcon_core.shell:Creating package script '/home/user/vision_ws/install/zed_display_rviz2/share/zed_display_rviz2/package.sh'
[2.326s] INFO:colcon.colcon_core.shell:Creating package script '/home/user/vision_ws/install/zed_display_rviz2/share/zed_display_rviz2/package.bash'
[2.327s] INFO:colcon.colcon_core.shell:Creating package script '/home/user/vision_ws/install/zed_display_rviz2/share/zed_display_rviz2/package.zsh'
[2.327s] Level 1:colcon.colcon_core.environment:create_file_with_runtime_dependencies(/home/user/vision_ws/install/zed_display_rviz2/share/colcon-core/packages/zed_display_rviz2)
[2.328s] Level 1:colcon.colcon_core.environment:create_environment_scripts_only(zed_display_rviz2)
[2.329s] Level 1:colcon.colcon_core.environment:checking '/home/user/vision_ws/install/zed_display_rviz2' for CMake module files
[2.330s] Level 1:colcon.colcon_core.environment:checking '/home/user/vision_ws/install/zed_display_rviz2' for CMake config files
[2.331s] Level 1:colcon.colcon_core.shell:create_environment_hook('zed_display_rviz2', 'cmake_prefix_path')
[2.331s] INFO:colcon.colcon_core.shell:Creating environment hook '/home/user/vision_ws/install/zed_display_rviz2/share/zed_display_rviz2/hook/cmake_prefix_path.ps1'
[2.332s] INFO:colcon.colcon_core.shell:Creating environment descriptor '/home/user/vision_ws/install/zed_display_rviz2/share/zed_display_rviz2/hook/cmake_prefix_path.dsv'
[2.333s] INFO:colcon.colcon_core.shell:Creating environment hook '/home/user/vision_ws/install/zed_display_rviz2/share/zed_display_rviz2/hook/cmake_prefix_path.sh'
[2.334s] Level 1:colcon.colcon_core.environment:checking '/home/user/vision_ws/install/zed_display_rviz2/bin'
[2.334s] Level 1:colcon.colcon_core.environment:checking '/home/user/vision_ws/install/zed_display_rviz2/lib/pkgconfig/zed_display_rviz2.pc'
[2.334s] Level 1:colcon.colcon_core.environment:checking '/home/user/vision_ws/install/zed_display_rviz2/lib/python3.10/site-packages'
[2.335s] Level 1:colcon.colcon_core.environment:checking '/home/user/vision_ws/install/zed_display_rviz2/bin'
[2.335s] INFO:colcon.colcon_core.shell:Creating package script '/home/user/vision_ws/install/zed_display_rviz2/share/zed_display_rviz2/package.ps1'
[2.336s] INFO:colcon.colcon_core.shell:Creating package descriptor '/home/user/vision_ws/install/zed_display_rviz2/share/zed_display_rviz2/package.dsv'
[2.337s] INFO:colcon.colcon_core.shell:Creating package script '/home/user/vision_ws/install/zed_display_rviz2/share/zed_display_rviz2/package.sh'
[2.338s] INFO:colcon.colcon_core.shell:Creating package script '/home/user/vision_ws/install/zed_display_rviz2/share/zed_display_rviz2/package.bash'
[2.339s] INFO:colcon.colcon_core.shell:Creating package script '/home/user/vision_ws/install/zed_display_rviz2/share/zed_display_rviz2/package.zsh'
[2.340s] Level 1:colcon.colcon_core.environment:create_file_with_runtime_dependencies(/home/user/vision_ws/install/zed_display_rviz2/share/colcon-core/packages/zed_display_rviz2)
[2.341s] Level 1:colcon.colcon_core.environment:create_environment_scripts_only(zed_depth_to_laserscan)
[2.341s] Level 1:colcon.colcon_core.environment:checking '/home/user/vision_ws/install/zed_depth_to_laserscan' for CMake module files
[2.343s] DEBUG:colcon.colcon_core.event_handler.log_command:Invoked command in '/home/user/vision_ws/build/zed_depth_to_laserscan' returned '0': CMAKE_PREFIX_PATH=/home/user/vision_ws/install/zed_wrapper:/home/user/vision_ws/install/zed_components:/home/user/vision_ws/install/zed_ros2:/home/user/vision_ws/install/zed_robot_integration:/home/user/vision_ws/install/zed_ipc:/home/user/vision_ws/install/zed_multi_camera:/home/user/vision_ws/install/zed_display_rviz2:/home/user/vision_ws/install/zed_depth_to_laserscan:/home/user/vision_ws/install/zed_tutorial_video:/home/user/vision_ws/install/zed_tutorial_pos_tracking:/home/user/vision_ws/install/zed_tutorial_depth:/home/user/vision_ws/install/zed_topic_benchmark:/home/user/vision_ws/install/zed_topic_benchmark_component:/home/user/vision_ws/install/zed_topic_benchmark_interfaces:/home/user/vision_ws/install/zed_rgb_convert:/home/user/vision_ws/install/zed_aruco_localization:/home/user/vision_ws/install/rviz_plugin_zed_od:/home/user/autorover_ws/install/zed_components:/home/user/autorover_ws/install/mavros_extras:/home/user/autorover_ws/install/mavros:/home/user/autorover_ws/install/mavros_msgs:/home/user/autorover_ws/install/libmavconn:/home/user/autorover_ws/install/autorover_bringup:/opt/ros/humble LD_LIBRARY_PATH=/home/user/vision_ws/install/zed_components/lib:/home/user/vision_ws/install/zed_ipc/lib:/home/user/vision_ws/install/zed_topic_benchmark_component/lib:/home/user/vision_ws/install/zed_topic_benchmark_interfaces/lib:/home/user/vision_ws/install/zed_rgb_convert/lib:/home/user/vision_ws/install/zed_aruco_localization/lib:/home/user/vision_ws/install/rviz_plugin_zed_od/lib:/home/user/autorover_ws/install/zed_components/lib:/home/user/autorover_ws/install/mavros_extras/lib:/home/user/autorover_ws/install/mavros/lib:/home/user/autorover_ws/install/mavros_msgs/lib:/home/user/autorover_ws/install/libmavconn/lib:/opt/ros/humble/opt/rviz_ogre_vendor/lib:/opt/ros/humble/lib/aarch64-linux-gnu:/opt/ros/humble/lib /usr/bin/cmake --install /home/user/vision_ws/build/zed_depth_to_laserscan
[2.343s] Level 1:colcon.colcon_core.environment:checking '/home/user/vision_ws/install/zed_depth_to_laserscan' for CMake config files
[2.344s] Level 1:colcon.colcon_core.shell:create_environment_hook('zed_depth_to_laserscan', 'cmake_prefix_path')
[2.344s] INFO:colcon.colcon_core.shell:Creating environment hook '/home/user/vision_ws/install/zed_depth_to_laserscan/share/zed_depth_to_laserscan/hook/cmake_prefix_path.ps1'
[2.346s] INFO:colcon.colcon_core.shell:Creating environment descriptor '/home/user/vision_ws/install/zed_depth_to_laserscan/share/zed_depth_to_laserscan/hook/cmake_prefix_path.dsv'
[2.347s] INFO:colcon.colcon_core.shell:Creating environment hook '/home/user/vision_ws/install/zed_depth_to_laserscan/share/zed_depth_to_laserscan/hook/cmake_prefix_path.sh'
[2.348s] Level 1:colcon.colcon_core.environment:checking '/home/user/vision_ws/install/zed_depth_to_laserscan/bin'
[2.348s] Level 1:colcon.colcon_core.environment:checking '/home/user/vision_ws/install/zed_depth_to_laserscan/lib/pkgconfig/zed_depth_to_laserscan.pc'
[2.349s] Level 1:colcon.colcon_core.environment:checking '/home/user/vision_ws/install/zed_depth_to_laserscan/lib/python3.10/site-packages'
[2.349s] Level 1:colcon.colcon_core.environment:checking '/home/user/vision_ws/install/zed_depth_to_laserscan/bin'
[2.350s] INFO:colcon.colcon_core.shell:Creating package script '/home/user/vision_ws/install/zed_depth_to_laserscan/share/zed_depth_to_laserscan/package.ps1'
[2.351s] INFO:colcon.colcon_core.shell:Creating package descriptor '/home/user/vision_ws/install/zed_depth_to_laserscan/share/zed_depth_to_laserscan/package.dsv'
[2.352s] INFO:colcon.colcon_core.shell:Creating package script '/home/user/vision_ws/install/zed_depth_to_laserscan/share/zed_depth_to_laserscan/package.sh'
[2.353s] INFO:colcon.colcon_core.shell:Creating package script '/home/user/vision_ws/install/zed_depth_to_laserscan/share/zed_depth_to_laserscan/package.bash'
[2.354s] INFO:colcon.colcon_core.shell:Creating package script '/home/user/vision_ws/install/zed_depth_to_laserscan/share/zed_depth_to_laserscan/package.zsh'
[2.354s] Level 1:colcon.colcon_core.environment:create_file_with_runtime_dependencies(/home/user/vision_ws/install/zed_depth_to_laserscan/share/colcon-core/packages/zed_depth_to_laserscan)
[2.356s] Level 1:colcon.colcon_core.environment:create_environment_scripts_only(zed_depth_to_laserscan)
[2.356s] Level 1:colcon.colcon_core.environment:checking '/home/user/vision_ws/install/zed_depth_to_laserscan' for CMake module files
[2.360s] Level 1:colcon.colcon_core.environment:checking '/home/user/vision_ws/install/zed_depth_to_laserscan' for CMake config files
[2.363s] Level 1:colcon.colcon_core.shell:create_environment_hook('zed_depth_to_laserscan', 'cmake_prefix_path')
[2.364s] INFO:colcon.colcon_core.shell:Creating environment hook '/home/user/vision_ws/install/zed_depth_to_laserscan/share/zed_depth_to_laserscan/hook/cmake_prefix_path.ps1'
[2.366s] INFO:colcon.colcon_core.shell:Creating environment descriptor '/home/user/vision_ws/install/zed_depth_to_laserscan/share/zed_depth_to_laserscan/hook/cmake_prefix_path.dsv'
[2.368s] INFO:colcon.colcon_core.shell:Creating environment hook '/home/user/vision_ws/install/zed_depth_to_laserscan/share/zed_depth_to_laserscan/hook/cmake_prefix_path.sh'
[2.369s] Level 1:colcon.colcon_core.environment:checking '/home/user/vision_ws/install/zed_depth_to_laserscan/bin'
[2.369s] Level 1:colcon.colcon_core.environment:checking '/home/user/vision_ws/install/zed_depth_to_laserscan/lib/pkgconfig/zed_depth_to_laserscan.pc'
[2.369s] Level 1:colcon.colcon_core.environment:checking '/home/user/vision_ws/install/zed_depth_to_laserscan/lib/python3.10/site-packages'
[2.370s] Level 1:colcon.colcon_core.environment:checking '/home/user/vision_ws/install/zed_depth_to_laserscan/bin'
[2.370s] INFO:colcon.colcon_core.shell:Creating package script '/home/user/vision_ws/install/zed_depth_to_laserscan/share/zed_depth_to_laserscan/package.ps1'
[2.372s] INFO:colcon.colcon_core.shell:Creating package descriptor '/home/user/vision_ws/install/zed_depth_to_laserscan/share/zed_depth_to_laserscan/package.dsv'
[2.372s] INFO:colcon.colcon_core.shell:Creating package script '/home/user/vision_ws/install/zed_depth_to_laserscan/share/zed_depth_to_laserscan/package.sh'
[2.373s] INFO:colcon.colcon_core.shell:Creating package script '/home/user/vision_ws/install/zed_depth_to_laserscan/share/zed_depth_to_laserscan/package.bash'
[2.374s] INFO:colcon.colcon_core.shell:Creating package script '/home/user/vision_ws/install/zed_depth_to_laserscan/share/zed_depth_to_laserscan/package.zsh'
[2.375s] Level 1:colcon.colcon_core.environment:create_file_with_runtime_dependencies(/home/user/vision_ws/install/zed_depth_to_laserscan/share/colcon-core/packages/zed_depth_to_laserscan)
[2.375s] Level 1:colcon.colcon_core.environment:create_environment_scripts_only(zed_robot_integration)
[2.376s] Level 1:colcon.colcon_core.environment:checking '/home/user/vision_ws/install/zed_robot_integration' for CMake module files
[2.378s] DEBUG:colcon.colcon_core.event_handler.log_command:Invoked command in '/home/user/vision_ws/build/zed_robot_integration' returned '0': CMAKE_PREFIX_PATH=/home/user/vision_ws/install/zed_wrapper:/home/user/vision_ws/install/zed_components:/home/user/vision_ws/install/zed_ros2:/home/user/vision_ws/install/zed_robot_integration:/home/user/vision_ws/install/zed_ipc:/home/user/vision_ws/install/zed_multi_camera:/home/user/vision_ws/install/zed_display_rviz2:/home/user/vision_ws/install/zed_depth_to_laserscan:/home/user/vision_ws/install/zed_tutorial_video:/home/user/vision_ws/install/zed_tutorial_pos_tracking:/home/user/vision_ws/install/zed_tutorial_depth:/home/user/vision_ws/install/zed_topic_benchmark:/home/user/vision_ws/install/zed_topic_benchmark_component:/home/user/vision_ws/install/zed_topic_benchmark_interfaces:/home/user/vision_ws/install/zed_rgb_convert:/home/user/vision_ws/install/zed_aruco_localization:/home/user/vision_ws/install/rviz_plugin_zed_od:/home/user/autorover_ws/install/zed_components:/home/user/autorover_ws/install/mavros_extras:/home/user/autorover_ws/install/mavros:/home/user/autorover_ws/install/mavros_msgs:/home/user/autorover_ws/install/libmavconn:/home/user/autorover_ws/install/autorover_bringup:/opt/ros/humble LD_LIBRARY_PATH=/home/user/vision_ws/install/zed_components/lib:/home/user/vision_ws/install/zed_ipc/lib:/home/user/vision_ws/install/zed_topic_benchmark_component/lib:/home/user/vision_ws/install/zed_topic_benchmark_interfaces/lib:/home/user/vision_ws/install/zed_rgb_convert/lib:/home/user/vision_ws/install/zed_aruco_localization/lib:/home/user/vision_ws/install/rviz_plugin_zed_od/lib:/home/user/autorover_ws/install/zed_components/lib:/home/user/autorover_ws/install/mavros_extras/lib:/home/user/autorover_ws/install/mavros/lib:/home/user/autorover_ws/install/mavros_msgs/lib:/home/user/autorover_ws/install/libmavconn/lib:/opt/ros/humble/opt/rviz_ogre_vendor/lib:/opt/ros/humble/lib/aarch64-linux-gnu:/opt/ros/humble/lib /usr/bin/cmake --install /home/user/vision_ws/build/zed_robot_integration
[2.378s] Level 1:colcon.colcon_core.environment:checking '/home/user/vision_ws/install/zed_robot_integration' for CMake config files
[2.379s] Level 1:colcon.colcon_core.shell:create_environment_hook('zed_robot_integration', 'cmake_prefix_path')
[2.379s] INFO:colcon.colcon_core.shell:Creating environment hook '/home/user/vision_ws/install/zed_robot_integration/share/zed_robot_integration/hook/cmake_prefix_path.ps1'
[2.380s] INFO:colcon.colcon_core.shell:Creating environment descriptor '/home/user/vision_ws/install/zed_robot_integration/share/zed_robot_integration/hook/cmake_prefix_path.dsv'
[2.381s] INFO:colcon.colcon_core.shell:Creating environment hook '/home/user/vision_ws/install/zed_robot_integration/share/zed_robot_integration/hook/cmake_prefix_path.sh'
[2.382s] Level 1:colcon.colcon_core.environment:checking '/home/user/vision_ws/install/zed_robot_integration/bin'
[2.383s] Level 1:colcon.colcon_core.environment:checking '/home/user/vision_ws/install/zed_robot_integration/lib/pkgconfig/zed_robot_integration.pc'
[2.383s] Level 1:colcon.colcon_core.environment:checking '/home/user/vision_ws/install/zed_robot_integration/lib/python3.10/site-packages'
[2.383s] Level 1:colcon.colcon_core.environment:checking '/home/user/vision_ws/install/zed_robot_integration/bin'
[2.384s] INFO:colcon.colcon_core.shell:Creating package script '/home/user/vision_ws/install/zed_robot_integration/share/zed_robot_integration/package.ps1'
[2.385s] INFO:colcon.colcon_core.shell:Creating package descriptor '/home/user/vision_ws/install/zed_robot_integration/share/zed_robot_integration/package.dsv'
[2.386s] INFO:colcon.colcon_core.shell:Creating package script '/home/user/vision_ws/install/zed_robot_integration/share/zed_robot_integration/package.sh'
[2.387s] INFO:colcon.colcon_core.shell:Creating package script '/home/user/vision_ws/install/zed_robot_integration/share/zed_robot_integration/package.bash'
[2.388s] INFO:colcon.colcon_core.shell:Creating package script '/home/user/vision_ws/install/zed_robot_integration/share/zed_robot_integration/package.zsh'
[2.389s] Level 1:colcon.colcon_core.environment:create_file_with_runtime_dependencies(/home/user/vision_ws/install/zed_robot_integration/share/colcon-core/packages/zed_robot_integration)
[2.390s] Level 1:colcon.colcon_core.environment:create_environment_scripts_only(zed_robot_integration)
[2.390s] Level 1:colcon.colcon_core.environment:checking '/home/user/vision_ws/install/zed_robot_integration' for CMake module files
[2.391s] Level 1:colcon.colcon_core.environment:checking '/home/user/vision_ws/install/zed_robot_integration' for CMake config files
[2.392s] Level 1:colcon.colcon_core.shell:create_environment_hook('zed_robot_integration', 'cmake_prefix_path')
[2.392s] INFO:colcon.colcon_core.shell:Creating environment hook '/home/user/vision_ws/install/zed_robot_integration/share/zed_robot_integration/hook/cmake_prefix_path.ps1'
[2.393s] INFO:colcon.colcon_core.shell:Creating environment descriptor '/home/user/vision_ws/install/zed_robot_integration/share/zed_robot_integration/hook/cmake_prefix_path.dsv'
[2.394s] INFO:colcon.colcon_core.shell:Creating environment hook '/home/user/vision_ws/install/zed_robot_integration/share/zed_robot_integration/hook/cmake_prefix_path.sh'
[2.395s] Level 1:colcon.colcon_core.environment:checking '/home/user/vision_ws/install/zed_robot_integration/bin'
[2.395s] Level 1:colcon.colcon_core.environment:checking '/home/user/vision_ws/install/zed_robot_integration/lib/pkgconfig/zed_robot_integration.pc'
[2.395s] Level 1:colcon.colcon_core.environment:checking '/home/user/vision_ws/install/zed_robot_integration/lib/python3.10/site-packages'
[2.396s] Level 1:colcon.colcon_core.environment:checking '/home/user/vision_ws/install/zed_robot_integration/bin'
[2.396s] INFO:colcon.colcon_core.shell:Creating package script '/home/user/vision_ws/install/zed_robot_integration/share/zed_robot_integration/package.ps1'
[2.397s] INFO:colcon.colcon_core.shell:Creating package descriptor '/home/user/vision_ws/install/zed_robot_integration/share/zed_robot_integration/package.dsv'
[2.398s] INFO:colcon.colcon_core.shell:Creating package script '/home/user/vision_ws/install/zed_robot_integration/share/zed_robot_integration/package.sh'
[2.399s] INFO:colcon.colcon_core.shell:Creating package script '/home/user/vision_ws/install/zed_robot_integration/share/zed_robot_integration/package.bash'
[2.400s] INFO:colcon.colcon_core.shell:Creating package script '/home/user/vision_ws/install/zed_robot_integration/share/zed_robot_integration/package.zsh'
[2.401s] Level 1:colcon.colcon_core.environment:create_file_with_runtime_dependencies(/home/user/vision_ws/install/zed_robot_integration/share/colcon-core/packages/zed_robot_integration)
[2.402s] Level 1:colcon.colcon_core.environment:create_environment_scripts_only(zed_ros2)
[2.402s] Level 1:colcon.colcon_core.environment:checking '/home/user/vision_ws/install/zed_ros2' for CMake module files
[2.404s] DEBUG:colcon.colcon_core.event_handler.log_command:Invoked command in '/home/user/vision_ws/build/zed_ros2' returned '0': CMAKE_PREFIX_PATH=/home/user/vision_ws/install/zed_wrapper:/home/user/vision_ws/install/zed_components:/home/user/vision_ws/install/zed_ros2:/home/user/vision_ws/install/zed_robot_integration:/home/user/vision_ws/install/zed_ipc:/home/user/vision_ws/install/zed_multi_camera:/home/user/vision_ws/install/zed_display_rviz2:/home/user/vision_ws/install/zed_depth_to_laserscan:/home/user/vision_ws/install/zed_tutorial_video:/home/user/vision_ws/install/zed_tutorial_pos_tracking:/home/user/vision_ws/install/zed_tutorial_depth:/home/user/vision_ws/install/zed_topic_benchmark:/home/user/vision_ws/install/zed_topic_benchmark_component:/home/user/vision_ws/install/zed_topic_benchmark_interfaces:/home/user/vision_ws/install/zed_rgb_convert:/home/user/vision_ws/install/zed_aruco_localization:/home/user/vision_ws/install/rviz_plugin_zed_od:/home/user/autorover_ws/install/zed_components:/home/user/autorover_ws/install/mavros_extras:/home/user/autorover_ws/install/mavros:/home/user/autorover_ws/install/mavros_msgs:/home/user/autorover_ws/install/libmavconn:/home/user/autorover_ws/install/autorover_bringup:/opt/ros/humble LD_LIBRARY_PATH=/home/user/vision_ws/install/zed_components/lib:/home/user/vision_ws/install/zed_ipc/lib:/home/user/vision_ws/install/zed_topic_benchmark_component/lib:/home/user/vision_ws/install/zed_topic_benchmark_interfaces/lib:/home/user/vision_ws/install/zed_rgb_convert/lib:/home/user/vision_ws/install/zed_aruco_localization/lib:/home/user/vision_ws/install/rviz_plugin_zed_od/lib:/home/user/autorover_ws/install/zed_components/lib:/home/user/autorover_ws/install/mavros_extras/lib:/home/user/autorover_ws/install/mavros/lib:/home/user/autorover_ws/install/mavros_msgs/lib:/home/user/autorover_ws/install/libmavconn/lib:/opt/ros/humble/opt/rviz_ogre_vendor/lib:/opt/ros/humble/lib/aarch64-linux-gnu:/opt/ros/humble/lib /usr/bin/cmake --install /home/user/vision_ws/build/zed_ros2
[2.404s] Level 1:colcon.colcon_core.environment:checking '/home/user/vision_ws/install/zed_ros2' for CMake config files
[2.405s] Level 1:colcon.colcon_core.shell:create_environment_hook('zed_ros2', 'cmake_prefix_path')
[2.405s] INFO:colcon.colcon_core.shell:Creating environment hook '/home/user/vision_ws/install/zed_ros2/share/zed_ros2/hook/cmake_prefix_path.ps1'
[2.406s] INFO:colcon.colcon_core.shell:Creating environment descriptor '/home/user/vision_ws/install/zed_ros2/share/zed_ros2/hook/cmake_prefix_path.dsv'
[2.407s] INFO:colcon.colcon_core.shell:Creating environment hook '/home/user/vision_ws/install/zed_ros2/share/zed_ros2/hook/cmake_prefix_path.sh'
[2.408s] Level 1:colcon.colcon_core.environment:checking '/home/user/vision_ws/install/zed_ros2/bin'
[2.408s] Level 1:colcon.colcon_core.environment:checking '/home/user/vision_ws/install/zed_ros2/lib/pkgconfig/zed_ros2.pc'
[2.408s] Level 1:colcon.colcon_core.environment:checking '/home/user/vision_ws/install/zed_ros2/lib/python3.10/site-packages'
[2.409s] Level 1:colcon.colcon_core.environment:checking '/home/user/vision_ws/install/zed_ros2/bin'
[2.409s] INFO:colcon.colcon_core.shell:Creating package script '/home/user/vision_ws/install/zed_ros2/share/zed_ros2/package.ps1'
[2.410s] INFO:colcon.colcon_core.shell:Creating package descriptor '/home/user/vision_ws/install/zed_ros2/share/zed_ros2/package.dsv'
[2.411s] INFO:colcon.colcon_core.shell:Creating package script '/home/user/vision_ws/install/zed_ros2/share/zed_ros2/package.sh'
[2.412s] INFO:colcon.colcon_core.shell:Creating package script '/home/user/vision_ws/install/zed_ros2/share/zed_ros2/package.bash'
[2.413s] INFO:colcon.colcon_core.shell:Creating package script '/home/user/vision_ws/install/zed_ros2/share/zed_ros2/package.zsh'
[2.413s] Level 1:colcon.colcon_core.environment:create_file_with_runtime_dependencies(/home/user/vision_ws/install/zed_ros2/share/colcon-core/packages/zed_ros2)
[2.415s] Level 1:colcon.colcon_core.environment:create_environment_scripts_only(zed_ros2)
[2.415s] Level 1:colcon.colcon_core.environment:checking '/home/user/vision_ws/install/zed_ros2' for CMake module files
[2.416s] Level 1:colcon.colcon_core.environment:checking '/home/user/vision_ws/install/zed_ros2' for CMake config files
[2.416s] Level 1:colcon.colcon_core.shell:create_environment_hook('zed_ros2', 'cmake_prefix_path')
[2.417s] INFO:colcon.colcon_core.shell:Creating environment hook '/home/user/vision_ws/install/zed_ros2/share/zed_ros2/hook/cmake_prefix_path.ps1'
[2.418s] INFO:colcon.colcon_core.shell:Creating environment descriptor '/home/user/vision_ws/install/zed_ros2/share/zed_ros2/hook/cmake_prefix_path.dsv'
[2.418s] INFO:colcon.colcon_core.shell:Creating environment hook '/home/user/vision_ws/install/zed_ros2/share/zed_ros2/hook/cmake_prefix_path.sh'
[2.420s] Level 1:colcon.colcon_core.environment:checking '/home/user/vision_ws/install/zed_ros2/bin'
[2.421s] Level 1:colcon.colcon_core.environment:checking '/home/user/vision_ws/install/zed_ros2/lib/pkgconfig/zed_ros2.pc'
[2.421s] Level 1:colcon.colcon_core.environment:checking '/home/user/vision_ws/install/zed_ros2/lib/python3.10/site-packages'
[2.421s] Level 1:colcon.colcon_core.environment:checking '/home/user/vision_ws/install/zed_ros2/bin'
[2.422s] INFO:colcon.colcon_core.shell:Creating package script '/home/user/vision_ws/install/zed_ros2/share/zed_ros2/package.ps1'
[2.423s] INFO:colcon.colcon_core.shell:Creating package descriptor '/home/user/vision_ws/install/zed_ros2/share/zed_ros2/package.dsv'
[2.424s] INFO:colcon.colcon_core.shell:Creating package script '/home/user/vision_ws/install/zed_ros2/share/zed_ros2/package.sh'
[2.425s] INFO:colcon.colcon_core.shell:Creating package script '/home/user/vision_ws/install/zed_ros2/share/zed_ros2/package.bash'
[2.426s] INFO:colcon.colcon_core.shell:Creating package script '/home/user/vision_ws/install/zed_ros2/share/zed_ros2/package.zsh'
[2.426s] Level 1:colcon.colcon_core.environment:create_file_with_runtime_dependencies(/home/user/vision_ws/install/zed_ros2/share/colcon-core/packages/zed_ros2)
[2.435s] Level 1:colcon.colcon_core.environment:create_environment_scripts_only(zed_topic_benchmark_interfaces)
[2.435s] Level 1:colcon.colcon_core.environment:checking '/home/user/vision_ws/install/zed_topic_benchmark_interfaces' for CMake module files
[2.437s] DEBUG:colcon.colcon_core.event_handler.log_command:Invoking command in '/home/user/vision_ws/build/zed_ipc': CMAKE_PREFIX_PATH=/home/user/vision_ws/install/zed_multi_camera:/home/user/vision_ws/install/zed_wrapper:/home/user/vision_ws/install/zed_components:/home/user/vision_ws/install/zed_ros2:/home/user/vision_ws/install/zed_robot_integration:/home/user/vision_ws/install/zed_ipc:/home/user/vision_ws/install/zed_display_rviz2:/home/user/vision_ws/install/zed_depth_to_laserscan:/home/user/vision_ws/install/zed_tutorial_video:/home/user/vision_ws/install/zed_tutorial_pos_tracking:/home/user/vision_ws/install/zed_tutorial_depth:/home/user/vision_ws/install/zed_topic_benchmark:/home/user/vision_ws/install/zed_topic_benchmark_component:/home/user/vision_ws/install/zed_topic_benchmark_interfaces:/home/user/vision_ws/install/zed_rgb_convert:/home/user/vision_ws/install/zed_aruco_localization:/home/user/vision_ws/install/rviz_plugin_zed_od:/home/user/autorover_ws/install/zed_components:/home/user/autorover_ws/install/mavros_extras:/home/user/autorover_ws/install/mavros:/home/user/autorover_ws/install/mavros_msgs:/home/user/autorover_ws/install/libmavconn:/home/user/autorover_ws/install/autorover_bringup:/opt/ros/humble LD_LIBRARY_PATH=/home/user/vision_ws/install/zed_components/lib:/home/user/vision_ws/install/zed_ipc/lib:/home/user/vision_ws/install/zed_topic_benchmark_component/lib:/home/user/vision_ws/install/zed_topic_benchmark_interfaces/lib:/home/user/vision_ws/install/zed_rgb_convert/lib:/home/user/vision_ws/install/zed_aruco_localization/lib:/home/user/vision_ws/install/rviz_plugin_zed_od/lib:/home/user/autorover_ws/install/zed_components/lib:/home/user/autorover_ws/install/mavros_extras/lib:/home/user/autorover_ws/install/mavros/lib:/home/user/autorover_ws/install/mavros_msgs/lib:/home/user/autorover_ws/install/libmavconn/lib:/opt/ros/humble/opt/rviz_ogre_vendor/lib:/opt/ros/humble/lib/aarch64-linux-gnu:/opt/ros/humble/lib /usr/bin/cmake --build /home/user/vision_ws/build/zed_ipc -- -j8 -l8
[2.437s] DEBUG:colcon.colcon_core.event_handler.log_command:Invoked command in '/home/user/vision_ws/build/zed_topic_benchmark_interfaces' returned '0': CMAKE_PREFIX_PATH=${CMAKE_PREFIX_PATH}:/home/user/autorover_ws/install/autorover_bringup:/opt/ros/humble /usr/bin/cmake --install /home/user/vision_ws/build/zed_topic_benchmark_interfaces
[2.438s] Level 1:colcon.colcon_core.environment:checking '/home/user/vision_ws/install/zed_topic_benchmark_interfaces' for CMake config files
[2.440s] Level 1:colcon.colcon_core.shell:create_environment_hook('zed_topic_benchmark_interfaces', 'cmake_prefix_path')
[2.440s] INFO:colcon.colcon_core.shell:Creating environment hook '/home/user/vision_ws/install/zed_topic_benchmark_interfaces/share/zed_topic_benchmark_interfaces/hook/cmake_prefix_path.ps1'
[2.441s] INFO:colcon.colcon_core.shell:Creating environment descriptor '/home/user/vision_ws/install/zed_topic_benchmark_interfaces/share/zed_topic_benchmark_interfaces/hook/cmake_prefix_path.dsv'
[2.442s] INFO:colcon.colcon_core.shell:Creating environment hook '/home/user/vision_ws/install/zed_topic_benchmark_interfaces/share/zed_topic_benchmark_interfaces/hook/cmake_prefix_path.sh'
[2.443s] Level 1:colcon.colcon_core.environment:checking '/home/user/vision_ws/install/zed_topic_benchmark_interfaces/lib'
[2.443s] Level 1:colcon.colcon_core.shell:create_environment_hook('zed_topic_benchmark_interfaces', 'ld_library_path_lib')
[2.444s] INFO:colcon.colcon_core.shell:Creating environment hook '/home/user/vision_ws/install/zed_topic_benchmark_interfaces/share/zed_topic_benchmark_interfaces/hook/ld_library_path_lib.ps1'
[2.445s] INFO:colcon.colcon_core.shell:Creating environment descriptor '/home/user/vision_ws/install/zed_topic_benchmark_interfaces/share/zed_topic_benchmark_interfaces/hook/ld_library_path_lib.dsv'
[2.445s] INFO:colcon.colcon_core.shell:Creating environment hook '/home/user/vision_ws/install/zed_topic_benchmark_interfaces/share/zed_topic_benchmark_interfaces/hook/ld_library_path_lib.sh'
[2.446s] Level 1:colcon.colcon_core.environment:checking '/home/user/vision_ws/install/zed_topic_benchmark_interfaces/bin'
[2.446s] Level 1:colcon.colcon_core.environment:checking '/home/user/vision_ws/install/zed_topic_benchmark_interfaces/lib/pkgconfig/zed_topic_benchmark_interfaces.pc'
[2.447s] Level 1:colcon.colcon_core.environment:checking '/home/user/vision_ws/install/zed_topic_benchmark_interfaces/lib/python3.10/site-packages'
[2.447s] Level 1:colcon.colcon_core.environment:checking '/home/user/vision_ws/install/zed_topic_benchmark_interfaces/bin'
[2.448s] INFO:colcon.colcon_core.shell:Creating package script '/home/user/vision_ws/install/zed_topic_benchmark_interfaces/share/zed_topic_benchmark_interfaces/package.ps1'
[2.449s] INFO:colcon.colcon_core.shell:Creating package descriptor '/home/user/vision_ws/install/zed_topic_benchmark_interfaces/share/zed_topic_benchmark_interfaces/package.dsv'
[2.450s] INFO:colcon.colcon_core.shell:Creating package script '/home/user/vision_ws/install/zed_topic_benchmark_interfaces/share/zed_topic_benchmark_interfaces/package.sh'
[2.451s] INFO:colcon.colcon_core.shell:Creating package script '/home/user/vision_ws/install/zed_topic_benchmark_interfaces/share/zed_topic_benchmark_interfaces/package.bash'
[2.452s] INFO:colcon.colcon_core.shell:Creating package script '/home/user/vision_ws/install/zed_topic_benchmark_interfaces/share/zed_topic_benchmark_interfaces/package.zsh'
[2.453s] Level 1:colcon.colcon_core.environment:create_file_with_runtime_dependencies(/home/user/vision_ws/install/zed_topic_benchmark_interfaces/share/colcon-core/packages/zed_topic_benchmark_interfaces)
[2.454s] Level 1:colcon.colcon_core.environment:create_environment_scripts_only(zed_topic_benchmark_interfaces)
[2.455s] Level 1:colcon.colcon_core.environment:checking '/home/user/vision_ws/install/zed_topic_benchmark_interfaces' for CMake module files
[2.456s] Level 1:colcon.colcon_core.environment:checking '/home/user/vision_ws/install/zed_topic_benchmark_interfaces' for CMake config files
[2.458s] Level 1:colcon.colcon_core.shell:create_environment_hook('zed_topic_benchmark_interfaces', 'cmake_prefix_path')
[2.458s] INFO:colcon.colcon_core.shell:Creating environment hook '/home/user/vision_ws/install/zed_topic_benchmark_interfaces/share/zed_topic_benchmark_interfaces/hook/cmake_prefix_path.ps1'
[2.459s] INFO:colcon.colcon_core.shell:Creating environment descriptor '/home/user/vision_ws/install/zed_topic_benchmark_interfaces/share/zed_topic_benchmark_interfaces/hook/cmake_prefix_path.dsv'
[2.460s] INFO:colcon.colcon_core.shell:Creating environment hook '/home/user/vision_ws/install/zed_topic_benchmark_interfaces/share/zed_topic_benchmark_interfaces/hook/cmake_prefix_path.sh'
[2.461s] Level 1:colcon.colcon_core.environment:checking '/home/user/vision_ws/install/zed_topic_benchmark_interfaces/lib'
[2.461s] Level 1:colcon.colcon_core.shell:create_environment_hook('zed_topic_benchmark_interfaces', 'ld_library_path_lib')
[2.461s] INFO:colcon.colcon_core.shell:Creating environment hook '/home/user/vision_ws/install/zed_topic_benchmark_interfaces/share/zed_topic_benchmark_interfaces/hook/ld_library_path_lib.ps1'
[2.462s] INFO:colcon.colcon_core.shell:Creating environment descriptor '/home/user/vision_ws/install/zed_topic_benchmark_interfaces/share/zed_topic_benchmark_interfaces/hook/ld_library_path_lib.dsv'
[2.463s] INFO:colcon.colcon_core.shell:Creating environment hook '/home/user/vision_ws/install/zed_topic_benchmark_interfaces/share/zed_topic_benchmark_interfaces/hook/ld_library_path_lib.sh'
[2.463s] Level 1:colcon.colcon_core.environment:checking '/home/user/vision_ws/install/zed_topic_benchmark_interfaces/bin'
[2.464s] Level 1:colcon.colcon_core.environment:checking '/home/user/vision_ws/install/zed_topic_benchmark_interfaces/lib/pkgconfig/zed_topic_benchmark_interfaces.pc'
[2.464s] Level 1:colcon.colcon_core.environment:checking '/home/user/vision_ws/install/zed_topic_benchmark_interfaces/lib/python3.10/site-packages'
[2.464s] Level 1:colcon.colcon_core.environment:checking '/home/user/vision_ws/install/zed_topic_benchmark_interfaces/bin'
[2.465s] INFO:colcon.colcon_core.shell:Creating package script '/home/user/vision_ws/install/zed_topic_benchmark_interfaces/share/zed_topic_benchmark_interfaces/package.ps1'
[2.466s] INFO:colcon.colcon_core.shell:Creating package descriptor '/home/user/vision_ws/install/zed_topic_benchmark_interfaces/share/zed_topic_benchmark_interfaces/package.dsv'
[2.467s] INFO:colcon.colcon_core.shell:Creating package script '/home/user/vision_ws/install/zed_topic_benchmark_interfaces/share/zed_topic_benchmark_interfaces/package.sh'
[2.468s] INFO:colcon.colcon_core.shell:Creating package script '/home/user/vision_ws/install/zed_topic_benchmark_interfaces/share/zed_topic_benchmark_interfaces/package.bash'
[2.469s] INFO:colcon.colcon_core.shell:Creating package script '/home/user/vision_ws/install/zed_topic_benchmark_interfaces/share/zed_topic_benchmark_interfaces/package.zsh'
[2.470s] Level 1:colcon.colcon_core.environment:create_file_with_runtime_dependencies(/home/user/vision_ws/install/zed_topic_benchmark_interfaces/share/colcon-core/packages/zed_topic_benchmark_interfaces)
[2.471s] INFO:colcon.colcon_ros.task.ament_cmake.build:Building ROS package in '/home/user/vision_ws/src/zed-ros2-examples/tools/zed_benchmark_component' with build type 'ament_cmake'
[2.471s] INFO:colcon.colcon_cmake.task.cmake.build:Building CMake package in '/home/user/vision_ws/src/zed-ros2-examples/tools/zed_benchmark_component'
[2.472s] INFO:colcon.colcon_core.shell:Skip shell extension 'powershell' for command environment: Not usable outside of PowerShell
[2.472s] DEBUG:colcon.colcon_core.shell:Skip shell extension 'dsv' for command environment
[2.500s] DEBUG:colcon.colcon_core.event_handler.log_command:Invoking command in '/home/user/vision_ws/build/zed_topic_benchmark_component': CMAKE_PREFIX_PATH=/home/user/vision_ws/install/zed_topic_benchmark_interfaces:/home/user/vision_ws/install/zed_ros2:/home/user/vision_ws/install/zed_robot_integration:/home/user/vision_ws/install/zed_ipc:/home/user/vision_ws/install/zed_multi_camera:/home/user/vision_ws/install/zed_display_rviz2:/home/user/vision_ws/install/zed_depth_to_laserscan:/home/user/vision_ws/install/zed_wrapper:/home/user/vision_ws/install/zed_tutorial_video:/home/user/vision_ws/install/zed_tutorial_pos_tracking:/home/user/vision_ws/install/zed_tutorial_depth:/home/user/vision_ws/install/zed_topic_benchmark:/home/user/vision_ws/install/zed_topic_benchmark_component:/home/user/vision_ws/install/zed_rgb_convert:/home/user/vision_ws/install/zed_aruco_localization:/home/user/vision_ws/install/zed_components:/home/user/vision_ws/install/rviz_plugin_zed_od:/home/user/autorover_ws/install/zed_components:/home/user/autorover_ws/install/mavros_extras:/home/user/autorover_ws/install/mavros:/home/user/autorover_ws/install/mavros_msgs:/home/user/autorover_ws/install/libmavconn:/home/user/autorover_ws/install/autorover_bringup:/opt/ros/humble LD_LIBRARY_PATH=/home/user/vision_ws/install/zed_topic_benchmark_interfaces/lib:/home/user/vision_ws/install/zed_ipc/lib:/home/user/vision_ws/install/zed_topic_benchmark_component/lib:/home/user/vision_ws/install/zed_rgb_convert/lib:/home/user/vision_ws/install/zed_aruco_localization/lib:/home/user/vision_ws/install/zed_components/lib:/home/user/vision_ws/install/rviz_plugin_zed_od/lib:/home/user/autorover_ws/install/zed_components/lib:/home/user/autorover_ws/install/mavros_extras/lib:/home/user/autorover_ws/install/mavros/lib:/home/user/autorover_ws/install/mavros_msgs/lib:/home/user/autorover_ws/install/libmavconn/lib:/opt/ros/humble/opt/rviz_ogre_vendor/lib:/opt/ros/humble/lib/aarch64-linux-gnu:/opt/ros/humble/lib /usr/bin/cmake --build /home/user/vision_ws/build/zed_topic_benchmark_component -- -j8 -l8
[2.591s] DEBUG:colcon.colcon_core.event_handler.log_command:Invoked command in '/home/user/vision_ws/build/zed_ipc' returned '0': CMAKE_PREFIX_PATH=/home/user/vision_ws/install/zed_multi_camera:/home/user/vision_ws/install/zed_wrapper:/home/user/vision_ws/install/zed_components:/home/user/vision_ws/install/zed_ros2:/home/user/vision_ws/install/zed_robot_integration:/home/user/vision_ws/install/zed_ipc:/home/user/vision_ws/install/zed_display_rviz2:/home/user/vision_ws/install/zed_depth_to_laserscan:/home/user/vision_ws/install/zed_tutorial_video:/home/user/vision_ws/install/zed_tutorial_pos_tracking:/home/user/vision_ws/install/zed_tutorial_depth:/home/user/vision_ws/install/zed_topic_benchmark:/home/user/vision_ws/install/zed_topic_benchmark_component:/home/user/vision_ws/install/zed_topic_benchmark_interfaces:/home/user/vision_ws/install/zed_rgb_convert:/home/user/vision_ws/install/zed_aruco_localization:/home/user/vision_ws/install/rviz_plugin_zed_od:/home/user/autorover_ws/install/zed_components:/home/user/autorover_ws/install/mavros_extras:/home/user/autorover_ws/install/mavros:/home/user/autorover_ws/install/mavros_msgs:/home/user/autorover_ws/install/libmavconn:/home/user/autorover_ws/install/autorover_bringup:/opt/ros/humble LD_LIBRARY_PATH=/home/user/vision_ws/install/zed_components/lib:/home/user/vision_ws/install/zed_ipc/lib:/home/user/vision_ws/install/zed_topic_benchmark_component/lib:/home/user/vision_ws/install/zed_topic_benchmark_interfaces/lib:/home/user/vision_ws/install/zed_rgb_convert/lib:/home/user/vision_ws/install/zed_aruco_localization/lib:/home/user/vision_ws/install/rviz_plugin_zed_od/lib:/home/user/autorover_ws/install/zed_components/lib:/home/user/autorover_ws/install/mavros_extras/lib:/home/user/autorover_ws/install/mavros/lib:/home/user/autorover_ws/install/mavros_msgs/lib:/home/user/autorover_ws/install/libmavconn/lib:/opt/ros/humble/opt/rviz_ogre_vendor/lib:/opt/ros/humble/lib/aarch64-linux-gnu:/opt/ros/humble/lib /usr/bin/cmake --build /home/user/vision_ws/build/zed_ipc -- -j8 -l8
[2.595s] DEBUG:colcon.colcon_core.event_handler.log_command:Invoking command in '/home/user/vision_ws/build/zed_ipc': CMAKE_PREFIX_PATH=/home/user/vision_ws/install/zed_multi_camera:/home/user/vision_ws/install/zed_wrapper:/home/user/vision_ws/install/zed_components:/home/user/vision_ws/install/zed_ros2:/home/user/vision_ws/install/zed_robot_integration:/home/user/vision_ws/install/zed_ipc:/home/user/vision_ws/install/zed_display_rviz2:/home/user/vision_ws/install/zed_depth_to_laserscan:/home/user/vision_ws/install/zed_tutorial_video:/home/user/vision_ws/install/zed_tutorial_pos_tracking:/home/user/vision_ws/install/zed_tutorial_depth:/home/user/vision_ws/install/zed_topic_benchmark:/home/user/vision_ws/install/zed_topic_benchmark_component:/home/user/vision_ws/install/zed_topic_benchmark_interfaces:/home/user/vision_ws/install/zed_rgb_convert:/home/user/vision_ws/install/zed_aruco_localization:/home/user/vision_ws/install/rviz_plugin_zed_od:/home/user/autorover_ws/install/zed_components:/home/user/autorover_ws/install/mavros_extras:/home/user/autorover_ws/install/mavros:/home/user/autorover_ws/install/mavros_msgs:/home/user/autorover_ws/install/libmavconn:/home/user/autorover_ws/install/autorover_bringup:/opt/ros/humble LD_LIBRARY_PATH=/home/user/vision_ws/install/zed_components/lib:/home/user/vision_ws/install/zed_ipc/lib:/home/user/vision_ws/install/zed_topic_benchmark_component/lib:/home/user/vision_ws/install/zed_topic_benchmark_interfaces/lib:/home/user/vision_ws/install/zed_rgb_convert/lib:/home/user/vision_ws/install/zed_aruco_localization/lib:/home/user/vision_ws/install/rviz_plugin_zed_od/lib:/home/user/autorover_ws/install/zed_components/lib:/home/user/autorover_ws/install/mavros_extras/lib:/home/user/autorover_ws/install/mavros/lib:/home/user/autorover_ws/install/mavros_msgs/lib:/home/user/autorover_ws/install/libmavconn/lib:/opt/ros/humble/opt/rviz_ogre_vendor/lib:/opt/ros/humble/lib/aarch64-linux-gnu:/opt/ros/humble/lib /usr/bin/cmake --install /home/user/vision_ws/build/zed_ipc
[2.652s] Level 1:colcon.colcon_core.environment:create_environment_scripts_only(zed_ipc)
[2.653s] Level 1:colcon.colcon_core.environment:checking '/home/user/vision_ws/install/zed_ipc' for CMake module files
[2.654s] DEBUG:colcon.colcon_core.event_handler.log_command:Invoked command in '/home/user/vision_ws/build/zed_ipc' returned '0': CMAKE_PREFIX_PATH=/home/user/vision_ws/install/zed_multi_camera:/home/user/vision_ws/install/zed_wrapper:/home/user/vision_ws/install/zed_components:/home/user/vision_ws/install/zed_ros2:/home/user/vision_ws/install/zed_robot_integration:/home/user/vision_ws/install/zed_ipc:/home/user/vision_ws/install/zed_display_rviz2:/home/user/vision_ws/install/zed_depth_to_laserscan:/home/user/vision_ws/install/zed_tutorial_video:/home/user/vision_ws/install/zed_tutorial_pos_tracking:/home/user/vision_ws/install/zed_tutorial_depth:/home/user/vision_ws/install/zed_topic_benchmark:/home/user/vision_ws/install/zed_topic_benchmark_component:/home/user/vision_ws/install/zed_topic_benchmark_interfaces:/home/user/vision_ws/install/zed_rgb_convert:/home/user/vision_ws/install/zed_aruco_localization:/home/user/vision_ws/install/rviz_plugin_zed_od:/home/user/autorover_ws/install/zed_components:/home/user/autorover_ws/install/mavros_extras:/home/user/autorover_ws/install/mavros:/home/user/autorover_ws/install/mavros_msgs:/home/user/autorover_ws/install/libmavconn:/home/user/autorover_ws/install/autorover_bringup:/opt/ros/humble LD_LIBRARY_PATH=/home/user/vision_ws/install/zed_components/lib:/home/user/vision_ws/install/zed_ipc/lib:/home/user/vision_ws/install/zed_topic_benchmark_component/lib:/home/user/vision_ws/install/zed_topic_benchmark_interfaces/lib:/home/user/vision_ws/install/zed_rgb_convert/lib:/home/user/vision_ws/install/zed_aruco_localization/lib:/home/user/vision_ws/install/rviz_plugin_zed_od/lib:/home/user/autorover_ws/install/zed_components/lib:/home/user/autorover_ws/install/mavros_extras/lib:/home/user/autorover_ws/install/mavros/lib:/home/user/autorover_ws/install/mavros_msgs/lib:/home/user/autorover_ws/install/libmavconn/lib:/opt/ros/humble/opt/rviz_ogre_vendor/lib:/opt/ros/humble/lib/aarch64-linux-gnu:/opt/ros/humble/lib /usr/bin/cmake --install /home/user/vision_ws/build/zed_ipc
[2.655s] Level 1:colcon.colcon_core.environment:checking '/home/user/vision_ws/install/zed_ipc' for CMake config files
[2.656s] Level 1:colcon.colcon_core.shell:create_environment_hook('zed_ipc', 'cmake_prefix_path')
[2.657s] INFO:colcon.colcon_core.shell:Creating environment hook '/home/user/vision_ws/install/zed_ipc/share/zed_ipc/hook/cmake_prefix_path.ps1'
[2.658s] INFO:colcon.colcon_core.shell:Creating environment descriptor '/home/user/vision_ws/install/zed_ipc/share/zed_ipc/hook/cmake_prefix_path.dsv'
[2.660s] INFO:colcon.colcon_core.shell:Creating environment hook '/home/user/vision_ws/install/zed_ipc/share/zed_ipc/hook/cmake_prefix_path.sh'
[2.661s] Level 1:colcon.colcon_core.environment:checking '/home/user/vision_ws/install/zed_ipc/lib'
[2.661s] Level 1:colcon.colcon_core.shell:create_environment_hook('zed_ipc', 'ld_library_path_lib')
[2.662s] INFO:colcon.colcon_core.shell:Creating environment hook '/home/user/vision_ws/install/zed_ipc/share/zed_ipc/hook/ld_library_path_lib.ps1'
[2.663s] INFO:colcon.colcon_core.shell:Creating environment descriptor '/home/user/vision_ws/install/zed_ipc/share/zed_ipc/hook/ld_library_path_lib.dsv'
[2.664s] INFO:colcon.colcon_core.shell:Creating environment hook '/home/user/vision_ws/install/zed_ipc/share/zed_ipc/hook/ld_library_path_lib.sh'
[2.665s] Level 1:colcon.colcon_core.environment:checking '/home/user/vision_ws/install/zed_ipc/bin'
[2.665s] Level 1:colcon.colcon_core.environment:checking '/home/user/vision_ws/install/zed_ipc/lib/pkgconfig/zed_ipc.pc'
[2.666s] Level 1:colcon.colcon_core.environment:checking '/home/user/vision_ws/install/zed_ipc/lib/python3.10/site-packages'
[2.666s] Level 1:colcon.colcon_core.environment:checking '/home/user/vision_ws/install/zed_ipc/bin'
[2.667s] INFO:colcon.colcon_core.shell:Creating package script '/home/user/vision_ws/install/zed_ipc/share/zed_ipc/package.ps1'
[2.668s] INFO:colcon.colcon_core.shell:Creating package descriptor '/home/user/vision_ws/install/zed_ipc/share/zed_ipc/package.dsv'
[2.670s] INFO:colcon.colcon_core.shell:Creating package script '/home/user/vision_ws/install/zed_ipc/share/zed_ipc/package.sh'
[2.672s] INFO:colcon.colcon_core.shell:Creating package script '/home/user/vision_ws/install/zed_ipc/share/zed_ipc/package.bash'
[2.673s] INFO:colcon.colcon_core.shell:Creating package script '/home/user/vision_ws/install/zed_ipc/share/zed_ipc/package.zsh'
[2.674s] Level 1:colcon.colcon_core.environment:create_file_with_runtime_dependencies(/home/user/vision_ws/install/zed_ipc/share/colcon-core/packages/zed_ipc)
[2.676s] Level 1:colcon.colcon_core.environment:create_environment_scripts_only(zed_ipc)
[2.677s] Level 1:colcon.colcon_core.environment:checking '/home/user/vision_ws/install/zed_ipc' for CMake module files
[2.679s] Level 1:colcon.colcon_core.environment:checking '/home/user/vision_ws/install/zed_ipc' for CMake config files
[2.680s] Level 1:colcon.colcon_core.shell:create_environment_hook('zed_ipc', 'cmake_prefix_path')
[2.681s] INFO:colcon.colcon_core.shell:Creating environment hook '/home/user/vision_ws/install/zed_ipc/share/zed_ipc/hook/cmake_prefix_path.ps1'
[2.682s] INFO:colcon.colcon_core.shell:Creating environment descriptor '/home/user/vision_ws/install/zed_ipc/share/zed_ipc/hook/cmake_prefix_path.dsv'
[2.683s] INFO:colcon.colcon_core.shell:Creating environment hook '/home/user/vision_ws/install/zed_ipc/share/zed_ipc/hook/cmake_prefix_path.sh'
[2.685s] Level 1:colcon.colcon_core.environment:checking '/home/user/vision_ws/install/zed_ipc/lib'
[2.686s] Level 1:colcon.colcon_core.shell:create_environment_hook('zed_ipc', 'ld_library_path_lib')
[2.687s] INFO:colcon.colcon_core.shell:Creating environment hook '/home/user/vision_ws/install/zed_ipc/share/zed_ipc/hook/ld_library_path_lib.ps1'
[2.689s] INFO:colcon.colcon_core.shell:Creating environment descriptor '/home/user/vision_ws/install/zed_ipc/share/zed_ipc/hook/ld_library_path_lib.dsv'
[2.691s] INFO:colcon.colcon_core.shell:Creating environment hook '/home/user/vision_ws/install/zed_ipc/share/zed_ipc/hook/ld_library_path_lib.sh'
[2.692s] Level 1:colcon.colcon_core.environment:checking '/home/user/vision_ws/install/zed_ipc/bin'
[2.692s] Level 1:colcon.colcon_core.environment:checking '/home/user/vision_ws/install/zed_ipc/lib/pkgconfig/zed_ipc.pc'
[2.693s] Level 1:colcon.colcon_core.environment:checking '/home/user/vision_ws/install/zed_ipc/lib/python3.10/site-packages'
[2.694s] Level 1:colcon.colcon_core.environment:checking '/home/user/vision_ws/install/zed_ipc/bin'
[2.695s] INFO:colcon.colcon_core.shell:Creating package script '/home/user/vision_ws/install/zed_ipc/share/zed_ipc/package.ps1'
[2.697s] INFO:colcon.colcon_core.shell:Creating package descriptor '/home/user/vision_ws/install/zed_ipc/share/zed_ipc/package.dsv'
[2.699s] INFO:colcon.colcon_core.shell:Creating package script '/home/user/vision_ws/install/zed_ipc/share/zed_ipc/package.sh'
[2.700s] INFO:colcon.colcon_core.shell:Creating package script '/home/user/vision_ws/install/zed_ipc/share/zed_ipc/package.bash'
[2.702s] INFO:colcon.colcon_core.shell:Creating package script '/home/user/vision_ws/install/zed_ipc/share/zed_ipc/package.zsh'
[2.704s] Level 1:colcon.colcon_core.environment:create_file_with_runtime_dependencies(/home/user/vision_ws/install/zed_ipc/share/colcon-core/packages/zed_ipc)
[2.708s] DEBUG:colcon.colcon_core.event_handler.log_command:Invoked command in '/home/user/vision_ws/build/zed_topic_benchmark_component' returned '0': CMAKE_PREFIX_PATH=/home/user/vision_ws/install/zed_topic_benchmark_interfaces:/home/user/vision_ws/install/zed_ros2:/home/user/vision_ws/install/zed_robot_integration:/home/user/vision_ws/install/zed_ipc:/home/user/vision_ws/install/zed_multi_camera:/home/user/vision_ws/install/zed_display_rviz2:/home/user/vision_ws/install/zed_depth_to_laserscan:/home/user/vision_ws/install/zed_wrapper:/home/user/vision_ws/install/zed_tutorial_video:/home/user/vision_ws/install/zed_tutorial_pos_tracking:/home/user/vision_ws/install/zed_tutorial_depth:/home/user/vision_ws/install/zed_topic_benchmark:/home/user/vision_ws/install/zed_topic_benchmark_component:/home/user/vision_ws/install/zed_rgb_convert:/home/user/vision_ws/install/zed_aruco_localization:/home/user/vision_ws/install/zed_components:/home/user/vision_ws/install/rviz_plugin_zed_od:/home/user/autorover_ws/install/zed_components:/home/user/autorover_ws/install/mavros_extras:/home/user/autorover_ws/install/mavros:/home/user/autorover_ws/install/mavros_msgs:/home/user/autorover_ws/install/libmavconn:/home/user/autorover_ws/install/autorover_bringup:/opt/ros/humble LD_LIBRARY_PATH=/home/user/vision_ws/install/zed_topic_benchmark_interfaces/lib:/home/user/vision_ws/install/zed_ipc/lib:/home/user/vision_ws/install/zed_topic_benchmark_component/lib:/home/user/vision_ws/install/zed_rgb_convert/lib:/home/user/vision_ws/install/zed_aruco_localization/lib:/home/user/vision_ws/install/zed_components/lib:/home/user/vision_ws/install/rviz_plugin_zed_od/lib:/home/user/autorover_ws/install/zed_components/lib:/home/user/autorover_ws/install/mavros_extras/lib:/home/user/autorover_ws/install/mavros/lib:/home/user/autorover_ws/install/mavros_msgs/lib:/home/user/autorover_ws/install/libmavconn/lib:/opt/ros/humble/opt/rviz_ogre_vendor/lib:/opt/ros/humble/lib/aarch64-linux-gnu:/opt/ros/humble/lib /usr/bin/cmake --build /home/user/vision_ws/build/zed_topic_benchmark_component -- -j8 -l8
[2.713s] DEBUG:colcon.colcon_core.event_handler.log_command:Invoking command in '/home/user/vision_ws/build/zed_topic_benchmark_component': CMAKE_PREFIX_PATH=/home/user/vision_ws/install/zed_topic_benchmark_interfaces:/home/user/vision_ws/install/zed_ros2:/home/user/vision_ws/install/zed_robot_integration:/home/user/vision_ws/install/zed_ipc:/home/user/vision_ws/install/zed_multi_camera:/home/user/vision_ws/install/zed_display_rviz2:/home/user/vision_ws/install/zed_depth_to_laserscan:/home/user/vision_ws/install/zed_wrapper:/home/user/vision_ws/install/zed_tutorial_video:/home/user/vision_ws/install/zed_tutorial_pos_tracking:/home/user/vision_ws/install/zed_tutorial_depth:/home/user/vision_ws/install/zed_topic_benchmark:/home/user/vision_ws/install/zed_topic_benchmark_component:/home/user/vision_ws/install/zed_rgb_convert:/home/user/vision_ws/install/zed_aruco_localization:/home/user/vision_ws/install/zed_components:/home/user/vision_ws/install/rviz_plugin_zed_od:/home/user/autorover_ws/install/zed_components:/home/user/autorover_ws/install/mavros_extras:/home/user/autorover_ws/install/mavros:/home/user/autorover_ws/install/mavros_msgs:/home/user/autorover_ws/install/libmavconn:/home/user/autorover_ws/install/autorover_bringup:/opt/ros/humble LD_LIBRARY_PATH=/home/user/vision_ws/install/zed_topic_benchmark_interfaces/lib:/home/user/vision_ws/install/zed_ipc/lib:/home/user/vision_ws/install/zed_topic_benchmark_component/lib:/home/user/vision_ws/install/zed_rgb_convert/lib:/home/user/vision_ws/install/zed_aruco_localization/lib:/home/user/vision_ws/install/zed_components/lib:/home/user/vision_ws/install/rviz_plugin_zed_od/lib:/home/user/autorover_ws/install/zed_components/lib:/home/user/autorover_ws/install/mavros_extras/lib:/home/user/autorover_ws/install/mavros/lib:/home/user/autorover_ws/install/mavros_msgs/lib:/home/user/autorover_ws/install/libmavconn/lib:/opt/ros/humble/opt/rviz_ogre_vendor/lib:/opt/ros/humble/lib/aarch64-linux-gnu:/opt/ros/humble/lib /usr/bin/cmake --install /home/user/vision_ws/build/zed_topic_benchmark_component
[2.766s] Level 1:colcon.colcon_core.environment:create_environment_scripts_only(zed_topic_benchmark_component)
[2.767s] Level 1:colcon.colcon_core.environment:checking '/home/user/vision_ws/install/zed_topic_benchmark_component' for CMake module files
[2.769s] DEBUG:colcon.colcon_core.event_handler.log_command:Invoked command in '/home/user/vision_ws/build/zed_topic_benchmark_component' returned '0': CMAKE_PREFIX_PATH=/home/user/vision_ws/install/zed_topic_benchmark_interfaces:/home/user/vision_ws/install/zed_ros2:/home/user/vision_ws/install/zed_robot_integration:/home/user/vision_ws/install/zed_ipc:/home/user/vision_ws/install/zed_multi_camera:/home/user/vision_ws/install/zed_display_rviz2:/home/user/vision_ws/install/zed_depth_to_laserscan:/home/user/vision_ws/install/zed_wrapper:/home/user/vision_ws/install/zed_tutorial_video:/home/user/vision_ws/install/zed_tutorial_pos_tracking:/home/user/vision_ws/install/zed_tutorial_depth:/home/user/vision_ws/install/zed_topic_benchmark:/home/user/vision_ws/install/zed_topic_benchmark_component:/home/user/vision_ws/install/zed_rgb_convert:/home/user/vision_ws/install/zed_aruco_localization:/home/user/vision_ws/install/zed_components:/home/user/vision_ws/install/rviz_plugin_zed_od:/home/user/autorover_ws/install/zed_components:/home/user/autorover_ws/install/mavros_extras:/home/user/autorover_ws/install/mavros:/home/user/autorover_ws/install/mavros_msgs:/home/user/autorover_ws/install/libmavconn:/home/user/autorover_ws/install/autorover_bringup:/opt/ros/humble LD_LIBRARY_PATH=/home/user/vision_ws/install/zed_topic_benchmark_interfaces/lib:/home/user/vision_ws/install/zed_ipc/lib:/home/user/vision_ws/install/zed_topic_benchmark_component/lib:/home/user/vision_ws/install/zed_rgb_convert/lib:/home/user/vision_ws/install/zed_aruco_localization/lib:/home/user/vision_ws/install/zed_components/lib:/home/user/vision_ws/install/rviz_plugin_zed_od/lib:/home/user/autorover_ws/install/zed_components/lib:/home/user/autorover_ws/install/mavros_extras/lib:/home/user/autorover_ws/install/mavros/lib:/home/user/autorover_ws/install/mavros_msgs/lib:/home/user/autorover_ws/install/libmavconn/lib:/opt/ros/humble/opt/rviz_ogre_vendor/lib:/opt/ros/humble/lib/aarch64-linux-gnu:/opt/ros/humble/lib /usr/bin/cmake --install /home/user/vision_ws/build/zed_topic_benchmark_component
[2.770s] Level 1:colcon.colcon_core.environment:checking '/home/user/vision_ws/install/zed_topic_benchmark_component' for CMake config files
[2.771s] Level 1:colcon.colcon_core.shell:create_environment_hook('zed_topic_benchmark_component', 'cmake_prefix_path')
[2.772s] INFO:colcon.colcon_core.shell:Creating environment hook '/home/user/vision_ws/install/zed_topic_benchmark_component/share/zed_topic_benchmark_component/hook/cmake_prefix_path.ps1'
[2.773s] INFO:colcon.colcon_core.shell:Creating environment descriptor '/home/user/vision_ws/install/zed_topic_benchmark_component/share/zed_topic_benchmark_component/hook/cmake_prefix_path.dsv'
[2.775s] INFO:colcon.colcon_core.shell:Creating environment hook '/home/user/vision_ws/install/zed_topic_benchmark_component/share/zed_topic_benchmark_component/hook/cmake_prefix_path.sh'
[2.776s] Level 1:colcon.colcon_core.environment:checking '/home/user/vision_ws/install/zed_topic_benchmark_component/lib'
[2.776s] Level 1:colcon.colcon_core.shell:create_environment_hook('zed_topic_benchmark_component', 'ld_library_path_lib')
[2.776s] INFO:colcon.colcon_core.shell:Creating environment hook '/home/user/vision_ws/install/zed_topic_benchmark_component/share/zed_topic_benchmark_component/hook/ld_library_path_lib.ps1'
[2.777s] INFO:colcon.colcon_core.shell:Creating environment descriptor '/home/user/vision_ws/install/zed_topic_benchmark_component/share/zed_topic_benchmark_component/hook/ld_library_path_lib.dsv'
[2.778s] INFO:colcon.colcon_core.shell:Creating environment hook '/home/user/vision_ws/install/zed_topic_benchmark_component/share/zed_topic_benchmark_component/hook/ld_library_path_lib.sh'
[2.780s] Level 1:colcon.colcon_core.environment:checking '/home/user/vision_ws/install/zed_topic_benchmark_component/bin'
[2.780s] Level 1:colcon.colcon_core.environment:checking '/home/user/vision_ws/install/zed_topic_benchmark_component/lib/pkgconfig/zed_topic_benchmark_component.pc'
[2.780s] Level 1:colcon.colcon_core.environment:checking '/home/user/vision_ws/install/zed_topic_benchmark_component/lib/python3.10/site-packages'
[2.781s] Level 1:colcon.colcon_core.environment:checking '/home/user/vision_ws/install/zed_topic_benchmark_component/bin'
[2.781s] INFO:colcon.colcon_core.shell:Creating package script '/home/user/vision_ws/install/zed_topic_benchmark_component/share/zed_topic_benchmark_component/package.ps1'
[2.782s] INFO:colcon.colcon_core.shell:Creating package descriptor '/home/user/vision_ws/install/zed_topic_benchmark_component/share/zed_topic_benchmark_component/package.dsv'
[2.784s] INFO:colcon.colcon_core.shell:Creating package script '/home/user/vision_ws/install/zed_topic_benchmark_component/share/zed_topic_benchmark_component/package.sh'
[2.786s] INFO:colcon.colcon_core.shell:Creating package script '/home/user/vision_ws/install/zed_topic_benchmark_component/share/zed_topic_benchmark_component/package.bash'
[2.787s] INFO:colcon.colcon_core.shell:Creating package script '/home/user/vision_ws/install/zed_topic_benchmark_component/share/zed_topic_benchmark_component/package.zsh'
[2.789s] Level 1:colcon.colcon_core.environment:create_file_with_runtime_dependencies(/home/user/vision_ws/install/zed_topic_benchmark_component/share/colcon-core/packages/zed_topic_benchmark_component)
[2.791s] Level 1:colcon.colcon_core.environment:create_environment_scripts_only(zed_topic_benchmark_component)
[2.791s] Level 1:colcon.colcon_core.environment:checking '/home/user/vision_ws/install/zed_topic_benchmark_component' for CMake module files
[2.793s] Level 1:colcon.colcon_core.environment:checking '/home/user/vision_ws/install/zed_topic_benchmark_component' for CMake config files
[2.795s] Level 1:colcon.colcon_core.shell:create_environment_hook('zed_topic_benchmark_component', 'cmake_prefix_path')
[2.795s] INFO:colcon.colcon_core.shell:Creating environment hook '/home/user/vision_ws/install/zed_topic_benchmark_component/share/zed_topic_benchmark_component/hook/cmake_prefix_path.ps1'
[2.797s] INFO:colcon.colcon_core.shell:Creating environment descriptor '/home/user/vision_ws/install/zed_topic_benchmark_component/share/zed_topic_benchmark_component/hook/cmake_prefix_path.dsv'
[2.798s] INFO:colcon.colcon_core.shell:Creating environment hook '/home/user/vision_ws/install/zed_topic_benchmark_component/share/zed_topic_benchmark_component/hook/cmake_prefix_path.sh'
[2.800s] Level 1:colcon.colcon_core.environment:checking '/home/user/vision_ws/install/zed_topic_benchmark_component/lib'
[2.800s] Level 1:colcon.colcon_core.shell:create_environment_hook('zed_topic_benchmark_component', 'ld_library_path_lib')
[2.801s] INFO:colcon.colcon_core.shell:Creating environment hook '/home/user/vision_ws/install/zed_topic_benchmark_component/share/zed_topic_benchmark_component/hook/ld_library_path_lib.ps1'
[2.803s] INFO:colcon.colcon_core.shell:Creating environment descriptor '/home/user/vision_ws/install/zed_topic_benchmark_component/share/zed_topic_benchmark_component/hook/ld_library_path_lib.dsv'
[2.804s] INFO:colcon.colcon_core.shell:Creating environment hook '/home/user/vision_ws/install/zed_topic_benchmark_component/share/zed_topic_benchmark_component/hook/ld_library_path_lib.sh'
[2.805s] Level 1:colcon.colcon_core.environment:checking '/home/user/vision_ws/install/zed_topic_benchmark_component/bin'
[2.806s] Level 1:colcon.colcon_core.environment:checking '/home/user/vision_ws/install/zed_topic_benchmark_component/lib/pkgconfig/zed_topic_benchmark_component.pc'
[2.806s] Level 1:colcon.colcon_core.environment:checking '/home/user/vision_ws/install/zed_topic_benchmark_component/lib/python3.10/site-packages'
[2.807s] Level 1:colcon.colcon_core.environment:checking '/home/user/vision_ws/install/zed_topic_benchmark_component/bin'
[2.808s] INFO:colcon.colcon_core.shell:Creating package script '/home/user/vision_ws/install/zed_topic_benchmark_component/share/zed_topic_benchmark_component/package.ps1'
[2.810s] INFO:colcon.colcon_core.shell:Creating package descriptor '/home/user/vision_ws/install/zed_topic_benchmark_component/share/zed_topic_benchmark_component/package.dsv'
[2.811s] INFO:colcon.colcon_core.shell:Creating package script '/home/user/vision_ws/install/zed_topic_benchmark_component/share/zed_topic_benchmark_component/package.sh'
[2.812s] INFO:colcon.colcon_core.shell:Creating package script '/home/user/vision_ws/install/zed_topic_benchmark_component/share/zed_topic_benchmark_component/package.bash'
[2.814s] INFO:colcon.colcon_core.shell:Creating package script '/home/user/vision_ws/install/zed_topic_benchmark_component/share/zed_topic_benchmark_component/package.zsh'
[2.814s] Level 1:colcon.colcon_core.environment:create_file_with_runtime_dependencies(/home/user/vision_ws/install/zed_topic_benchmark_component/share/colcon-core/packages/zed_topic_benchmark_component)
[2.815s] INFO:colcon.colcon_ros.task.ament_cmake.build:Building ROS package in '/home/user/vision_ws/src/zed-ros2-examples/tools/zed_benchmark' with build type 'ament_cmake'
[2.816s] INFO:colcon.colcon_cmake.task.cmake.build:Building CMake package in '/home/user/vision_ws/src/zed-ros2-examples/tools/zed_benchmark'
[2.816s] INFO:colcon.colcon_core.shell:Skip shell extension 'powershell' for command environment: Not usable outside of PowerShell
[2.816s] DEBUG:colcon.colcon_core.shell:Skip shell extension 'dsv' for command environment
[2.856s] DEBUG:colcon.colcon_core.event_handler.log_command:Invoking command in '/home/user/vision_ws/build/zed_topic_benchmark': CMAKE_PREFIX_PATH=/home/user/vision_ws/install/zed_topic_benchmark_component:/home/user/vision_ws/install/zed_topic_benchmark_interfaces:/home/user/vision_ws/install/zed_ros2:/home/user/vision_ws/install/zed_robot_integration:/home/user/vision_ws/install/zed_ipc:/home/user/vision_ws/install/zed_multi_camera:/home/user/vision_ws/install/zed_display_rviz2:/home/user/vision_ws/install/zed_depth_to_laserscan:/home/user/vision_ws/install/zed_wrapper:/home/user/vision_ws/install/zed_tutorial_video:/home/user/vision_ws/install/zed_tutorial_pos_tracking:/home/user/vision_ws/install/zed_tutorial_depth:/home/user/vision_ws/install/zed_topic_benchmark:/home/user/vision_ws/install/zed_rgb_convert:/home/user/vision_ws/install/zed_aruco_localization:/home/user/vision_ws/install/zed_components:/home/user/vision_ws/install/rviz_plugin_zed_od:/home/user/autorover_ws/install/zed_components:/home/user/autorover_ws/install/mavros_extras:/home/user/autorover_ws/install/mavros:/home/user/autorover_ws/install/mavros_msgs:/home/user/autorover_ws/install/libmavconn:/home/user/autorover_ws/install/autorover_bringup:/opt/ros/humble LD_LIBRARY_PATH=/home/user/vision_ws/install/zed_topic_benchmark_component/lib:/home/user/vision_ws/install/zed_topic_benchmark_interfaces/lib:/home/user/vision_ws/install/zed_ipc/lib:/home/user/vision_ws/install/zed_rgb_convert/lib:/home/user/vision_ws/install/zed_aruco_localization/lib:/home/user/vision_ws/install/zed_components/lib:/home/user/vision_ws/install/rviz_plugin_zed_od/lib:/home/user/autorover_ws/install/zed_components/lib:/home/user/autorover_ws/install/mavros_extras/lib:/home/user/autorover_ws/install/mavros/lib:/home/user/autorover_ws/install/mavros_msgs/lib:/home/user/autorover_ws/install/libmavconn/lib:/opt/ros/humble/opt/rviz_ogre_vendor/lib:/opt/ros/humble/lib/aarch64-linux-gnu:/opt/ros/humble/lib /usr/bin/cmake --build /home/user/vision_ws/build/zed_topic_benchmark -- -j8 -l8
[3.016s] DEBUG:colcon.colcon_core.event_handler.log_command:Invoked command in '/home/user/vision_ws/build/zed_topic_benchmark' returned '0': CMAKE_PREFIX_PATH=/home/user/vision_ws/install/zed_topic_benchmark_component:/home/user/vision_ws/install/zed_topic_benchmark_interfaces:/home/user/vision_ws/install/zed_ros2:/home/user/vision_ws/install/zed_robot_integration:/home/user/vision_ws/install/zed_ipc:/home/user/vision_ws/install/zed_multi_camera:/home/user/vision_ws/install/zed_display_rviz2:/home/user/vision_ws/install/zed_depth_to_laserscan:/home/user/vision_ws/install/zed_wrapper:/home/user/vision_ws/install/zed_tutorial_video:/home/user/vision_ws/install/zed_tutorial_pos_tracking:/home/user/vision_ws/install/zed_tutorial_depth:/home/user/vision_ws/install/zed_topic_benchmark:/home/user/vision_ws/install/zed_rgb_convert:/home/user/vision_ws/install/zed_aruco_localization:/home/user/vision_ws/install/zed_components:/home/user/vision_ws/install/rviz_plugin_zed_od:/home/user/autorover_ws/install/zed_components:/home/user/autorover_ws/install/mavros_extras:/home/user/autorover_ws/install/mavros:/home/user/autorover_ws/install/mavros_msgs:/home/user/autorover_ws/install/libmavconn:/home/user/autorover_ws/install/autorover_bringup:/opt/ros/humble LD_LIBRARY_PATH=/home/user/vision_ws/install/zed_topic_benchmark_component/lib:/home/user/vision_ws/install/zed_topic_benchmark_interfaces/lib:/home/user/vision_ws/install/zed_ipc/lib:/home/user/vision_ws/install/zed_rgb_convert/lib:/home/user/vision_ws/install/zed_aruco_localization/lib:/home/user/vision_ws/install/zed_components/lib:/home/user/vision_ws/install/rviz_plugin_zed_od/lib:/home/user/autorover_ws/install/zed_components/lib:/home/user/autorover_ws/install/mavros_extras/lib:/home/user/autorover_ws/install/mavros/lib:/home/user/autorover_ws/install/mavros_msgs/lib:/home/user/autorover_ws/install/libmavconn/lib:/opt/ros/humble/opt/rviz_ogre_vendor/lib:/opt/ros/humble/lib/aarch64-linux-gnu:/opt/ros/humble/lib /usr/bin/cmake --build /home/user/vision_ws/build/zed_topic_benchmark -- -j8 -l8
[3.022s] DEBUG:colcon.colcon_core.event_handler.log_command:Invoking command in '/home/user/vision_ws/build/zed_topic_benchmark': CMAKE_PREFIX_PATH=/home/user/vision_ws/install/zed_topic_benchmark_component:/home/user/vision_ws/install/zed_topic_benchmark_interfaces:/home/user/vision_ws/install/zed_ros2:/home/user/vision_ws/install/zed_robot_integration:/home/user/vision_ws/install/zed_ipc:/home/user/vision_ws/install/zed_multi_camera:/home/user/vision_ws/install/zed_display_rviz2:/home/user/vision_ws/install/zed_depth_to_laserscan:/home/user/vision_ws/install/zed_wrapper:/home/user/vision_ws/install/zed_tutorial_video:/home/user/vision_ws/install/zed_tutorial_pos_tracking:/home/user/vision_ws/install/zed_tutorial_depth:/home/user/vision_ws/install/zed_topic_benchmark:/home/user/vision_ws/install/zed_rgb_convert:/home/user/vision_ws/install/zed_aruco_localization:/home/user/vision_ws/install/zed_components:/home/user/vision_ws/install/rviz_plugin_zed_od:/home/user/autorover_ws/install/zed_components:/home/user/autorover_ws/install/mavros_extras:/home/user/autorover_ws/install/mavros:/home/user/autorover_ws/install/mavros_msgs:/home/user/autorover_ws/install/libmavconn:/home/user/autorover_ws/install/autorover_bringup:/opt/ros/humble LD_LIBRARY_PATH=/home/user/vision_ws/install/zed_topic_benchmark_component/lib:/home/user/vision_ws/install/zed_topic_benchmark_interfaces/lib:/home/user/vision_ws/install/zed_ipc/lib:/home/user/vision_ws/install/zed_rgb_convert/lib:/home/user/vision_ws/install/zed_aruco_localization/lib:/home/user/vision_ws/install/zed_components/lib:/home/user/vision_ws/install/rviz_plugin_zed_od/lib:/home/user/autorover_ws/install/zed_components/lib:/home/user/autorover_ws/install/mavros_extras/lib:/home/user/autorover_ws/install/mavros/lib:/home/user/autorover_ws/install/mavros_msgs/lib:/home/user/autorover_ws/install/libmavconn/lib:/opt/ros/humble/opt/rviz_ogre_vendor/lib:/opt/ros/humble/lib/aarch64-linux-gnu:/opt/ros/humble/lib /usr/bin/cmake --install /home/user/vision_ws/build/zed_topic_benchmark
[3.071s] Level 1:colcon.colcon_core.environment:create_environment_scripts_only(zed_topic_benchmark)
[3.073s] Level 1:colcon.colcon_core.environment:checking '/home/user/vision_ws/install/zed_topic_benchmark' for CMake module files
[3.074s] DEBUG:colcon.colcon_core.event_handler.log_command:Invoked command in '/home/user/vision_ws/build/zed_topic_benchmark' returned '0': CMAKE_PREFIX_PATH=/home/user/vision_ws/install/zed_topic_benchmark_component:/home/user/vision_ws/install/zed_topic_benchmark_interfaces:/home/user/vision_ws/install/zed_ros2:/home/user/vision_ws/install/zed_robot_integration:/home/user/vision_ws/install/zed_ipc:/home/user/vision_ws/install/zed_multi_camera:/home/user/vision_ws/install/zed_display_rviz2:/home/user/vision_ws/install/zed_depth_to_laserscan:/home/user/vision_ws/install/zed_wrapper:/home/user/vision_ws/install/zed_tutorial_video:/home/user/vision_ws/install/zed_tutorial_pos_tracking:/home/user/vision_ws/install/zed_tutorial_depth:/home/user/vision_ws/install/zed_topic_benchmark:/home/user/vision_ws/install/zed_rgb_convert:/home/user/vision_ws/install/zed_aruco_localization:/home/user/vision_ws/install/zed_components:/home/user/vision_ws/install/rviz_plugin_zed_od:/home/user/autorover_ws/install/zed_components:/home/user/autorover_ws/install/mavros_extras:/home/user/autorover_ws/install/mavros:/home/user/autorover_ws/install/mavros_msgs:/home/user/autorover_ws/install/libmavconn:/home/user/autorover_ws/install/autorover_bringup:/opt/ros/humble LD_LIBRARY_PATH=/home/user/vision_ws/install/zed_topic_benchmark_component/lib:/home/user/vision_ws/install/zed_topic_benchmark_interfaces/lib:/home/user/vision_ws/install/zed_ipc/lib:/home/user/vision_ws/install/zed_rgb_convert/lib:/home/user/vision_ws/install/zed_aruco_localization/lib:/home/user/vision_ws/install/zed_components/lib:/home/user/vision_ws/install/rviz_plugin_zed_od/lib:/home/user/autorover_ws/install/zed_components/lib:/home/user/autorover_ws/install/mavros_extras/lib:/home/user/autorover_ws/install/mavros/lib:/home/user/autorover_ws/install/mavros_msgs/lib:/home/user/autorover_ws/install/libmavconn/lib:/opt/ros/humble/opt/rviz_ogre_vendor/lib:/opt/ros/humble/lib/aarch64-linux-gnu:/opt/ros/humble/lib /usr/bin/cmake --install /home/user/vision_ws/build/zed_topic_benchmark
[3.076s] Level 1:colcon.colcon_core.environment:checking '/home/user/vision_ws/install/zed_topic_benchmark' for CMake config files
[3.076s] Level 1:colcon.colcon_core.shell:create_environment_hook('zed_topic_benchmark', 'cmake_prefix_path')
[3.077s] INFO:colcon.colcon_core.shell:Creating environment hook '/home/user/vision_ws/install/zed_topic_benchmark/share/zed_topic_benchmark/hook/cmake_prefix_path.ps1'
[3.079s] INFO:colcon.colcon_core.shell:Creating environment descriptor '/home/user/vision_ws/install/zed_topic_benchmark/share/zed_topic_benchmark/hook/cmake_prefix_path.dsv'
[3.080s] INFO:colcon.colcon_core.shell:Creating environment hook '/home/user/vision_ws/install/zed_topic_benchmark/share/zed_topic_benchmark/hook/cmake_prefix_path.sh'
[3.083s] Level 1:colcon.colcon_core.environment:checking '/home/user/vision_ws/install/zed_topic_benchmark/lib'
[3.083s] Level 1:colcon.colcon_core.environment:checking '/home/user/vision_ws/install/zed_topic_benchmark/bin'
[3.083s] Level 1:colcon.colcon_core.environment:checking '/home/user/vision_ws/install/zed_topic_benchmark/lib/pkgconfig/zed_topic_benchmark.pc'
[3.084s] Level 1:colcon.colcon_core.environment:checking '/home/user/vision_ws/install/zed_topic_benchmark/lib/python3.10/site-packages'
[3.085s] Level 1:colcon.colcon_core.environment:checking '/home/user/vision_ws/install/zed_topic_benchmark/bin'
[3.086s] INFO:colcon.colcon_core.shell:Creating package script '/home/user/vision_ws/install/zed_topic_benchmark/share/zed_topic_benchmark/package.ps1'
[3.088s] INFO:colcon.colcon_core.shell:Creating package descriptor '/home/user/vision_ws/install/zed_topic_benchmark/share/zed_topic_benchmark/package.dsv'
[3.089s] INFO:colcon.colcon_core.shell:Creating package script '/home/user/vision_ws/install/zed_topic_benchmark/share/zed_topic_benchmark/package.sh'
[3.091s] INFO:colcon.colcon_core.shell:Creating package script '/home/user/vision_ws/install/zed_topic_benchmark/share/zed_topic_benchmark/package.bash'
[3.092s] INFO:colcon.colcon_core.shell:Creating package script '/home/user/vision_ws/install/zed_topic_benchmark/share/zed_topic_benchmark/package.zsh'
[3.094s] Level 1:colcon.colcon_core.environment:create_file_with_runtime_dependencies(/home/user/vision_ws/install/zed_topic_benchmark/share/colcon-core/packages/zed_topic_benchmark)
[3.096s] Level 1:colcon.colcon_core.environment:create_environment_scripts_only(zed_topic_benchmark)
[3.096s] Level 1:colcon.colcon_core.environment:checking '/home/user/vision_ws/install/zed_topic_benchmark' for CMake module files
[3.098s] Level 1:colcon.colcon_core.environment:checking '/home/user/vision_ws/install/zed_topic_benchmark' for CMake config files
[3.099s] Level 1:colcon.colcon_core.shell:create_environment_hook('zed_topic_benchmark', 'cmake_prefix_path')
[3.100s] INFO:colcon.colcon_core.shell:Creating environment hook '/home/user/vision_ws/install/zed_topic_benchmark/share/zed_topic_benchmark/hook/cmake_prefix_path.ps1'
[3.101s] INFO:colcon.colcon_core.shell:Creating environment descriptor '/home/user/vision_ws/install/zed_topic_benchmark/share/zed_topic_benchmark/hook/cmake_prefix_path.dsv'
[3.102s] INFO:colcon.colcon_core.shell:Creating environment hook '/home/user/vision_ws/install/zed_topic_benchmark/share/zed_topic_benchmark/hook/cmake_prefix_path.sh'
[3.104s] Level 1:colcon.colcon_core.environment:checking '/home/user/vision_ws/install/zed_topic_benchmark/lib'
[3.105s] Level 1:colcon.colcon_core.environment:checking '/home/user/vision_ws/install/zed_topic_benchmark/bin'
[3.105s] Level 1:colcon.colcon_core.environment:checking '/home/user/vision_ws/install/zed_topic_benchmark/lib/pkgconfig/zed_topic_benchmark.pc'
[3.106s] Level 1:colcon.colcon_core.environment:checking '/home/user/vision_ws/install/zed_topic_benchmark/lib/python3.10/site-packages'
[3.107s] Level 1:colcon.colcon_core.environment:checking '/home/user/vision_ws/install/zed_topic_benchmark/bin'
[3.108s] INFO:colcon.colcon_core.shell:Creating package script '/home/user/vision_ws/install/zed_topic_benchmark/share/zed_topic_benchmark/package.ps1'
[3.109s] INFO:colcon.colcon_core.shell:Creating package descriptor '/home/user/vision_ws/install/zed_topic_benchmark/share/zed_topic_benchmark/package.dsv'
[3.111s] INFO:colcon.colcon_core.shell:Creating package script '/home/user/vision_ws/install/zed_topic_benchmark/share/zed_topic_benchmark/package.sh'
[3.113s] INFO:colcon.colcon_core.shell:Creating package script '/home/user/vision_ws/install/zed_topic_benchmark/share/zed_topic_benchmark/package.bash'
[3.114s] INFO:colcon.colcon_core.shell:Creating package script '/home/user/vision_ws/install/zed_topic_benchmark/share/zed_topic_benchmark/package.zsh'
[3.116s] Level 1:colcon.colcon_core.environment:create_file_with_runtime_dependencies(/home/user/vision_ws/install/zed_topic_benchmark/share/colcon-core/packages/zed_topic_benchmark)
[3.117s] DEBUG:colcon.colcon_parallel_executor.executor.parallel:closing loop
[3.118s] DEBUG:colcon.colcon_parallel_executor.executor.parallel:loop closed
[3.118s] DEBUG:colcon.colcon_parallel_executor.executor.parallel:run_until_complete finished with '0'
[3.119s] DEBUG:colcon.colcon_core.event_reactor:joining thread
[3.141s] INFO:colcon.colcon_core.plugin_system:Skipping extension 'colcon_notification.desktop_notification.terminal_notifier': Not used on non-Darwin systems
[3.141s] INFO:colcon.colcon_core.plugin_system:Skipping extension 'colcon_notification.desktop_notification.win32': Not used on non-Windows systems
[3.141s] INFO:colcon.colcon_notification.desktop_notification:Sending desktop notification using 'notify2'
[3.207s] DEBUG:colcon.colcon_core.event_reactor:joined thread
[3.208s] INFO:colcon.colcon_core.shell:Creating prefix script '/home/user/vision_ws/install/local_setup.ps1'
[3.210s] INFO:colcon.colcon_core.shell:Creating prefix util module '/home/user/vision_ws/install/_local_setup_util_ps1.py'
[3.214s] INFO:colcon.colcon_core.shell:Creating prefix chain script '/home/user/vision_ws/install/setup.ps1'
[3.219s] INFO:colcon.colcon_core.shell:Creating prefix script '/home/user/vision_ws/install/local_setup.sh'
[3.221s] INFO:colcon.colcon_core.shell:Creating prefix util module '/home/user/vision_ws/install/_local_setup_util_sh.py'
[3.223s] INFO:colcon.colcon_core.shell:Creating prefix chain script '/home/user/vision_ws/install/setup.sh'
[3.229s] INFO:colcon.colcon_core.shell:Creating prefix script '/home/user/vision_ws/install/local_setup.bash'
[3.231s] INFO:colcon.colcon_core.shell:Creating prefix chain script '/home/user/vision_ws/install/setup.bash'
[3.235s] INFO:colcon.colcon_core.shell:Creating prefix script '/home/user/vision_ws/install/local_setup.zsh'
[3.237s] INFO:colcon.colcon_core.shell:Creating prefix chain script '/home/user/vision_ws/install/setup.zsh'
