[0.296s] DEBUG:colcon:Command line arguments: ['/usr/bin/colcon', 'build', '--symlink-install', '--cmake-args=-DCMAKE_BUILD_TYPE=Release', '--parallel-workers', '8']
[0.297s] DEBUG:colcon:Parsed command line arguments: Namespace(log_base=None, log_level=None, verb_name='build', build_base='build', install_base='install', merge_install=False, symlink_install=True, test_result_base=None, continue_on_error=False, executor='parallel', parallel_workers=8, event_handlers=None, ignore_user_meta=False, metas=['./colcon.meta'], base_paths=['.'], packages_ignore=None, packages_ignore_regex=None, paths=None, packages_up_to=None, packages_up_to_regex=None, packages_above=None, packages_above_and_dependencies=None, packages_above_depth=None, packages_select_by_dep=None, packages_skip_by_dep=None, packages_skip_up_to=None, packages_select_build_failed=False, packages_skip_build_finished=False, packages_select_test_failures=False, packages_skip_test_passed=False, packages_select=None, packages_skip=None, packages_select_regex=None, packages_skip_regex=None, packages_start=None, packages_end=None, allow_overriding=[], cmake_args=['-DCMAKE_BUILD_TYPE=Release'], cmake_target=None, cmake_target_skip_unavailable=False, cmake_clean_cache=False, cmake_clean_first=False, cmake_force_configure=False, ament_cmake_args=None, catkin_cmake_args=None, catkin_skip_building_tests=False, verb_parser=<colcon_defaults.argument_parser.defaults.DefaultArgumentsDecorator object at 0xffff85891bd0>, verb_extension=<colcon_core.verb.build.BuildVerb object at 0xffff85a57040>, main=<bound method BuildVerb.main of <colcon_core.verb.build.BuildVerb object at 0xffff85a57040>>)
[0.837s] Level 1:colcon.colcon_core.package_discovery:discover_packages(colcon_meta) check parameters
[0.837s] Level 1:colcon.colcon_core.package_discovery:discover_packages(recursive) check parameters
[0.837s] Level 1:colcon.colcon_core.package_discovery:discover_packages(ignore) check parameters
[0.837s] Level 1:colcon.colcon_core.package_discovery:discover_packages(path) check parameters
[0.837s] Level 1:colcon.colcon_core.package_discovery:discover_packages(colcon_meta) discover
[0.838s] Level 1:colcon.colcon_core.package_discovery:discover_packages(recursive) discover
[0.838s] INFO:colcon.colcon_core.package_discovery:Crawling recursively for packages in '/home/user/vision_ws'
[0.838s] Level 1:colcon.colcon_core.package_identification:_identify(.) by extensions ['ignore', 'ignore_ament_install']
[0.838s] Level 1:colcon.colcon_core.package_identification:_identify(.) by extension 'ignore'
[0.838s] Level 1:colcon.colcon_core.package_identification:_identify(.) by extension 'ignore_ament_install'
[0.839s] Level 1:colcon.colcon_core.package_identification:_identify(.) by extensions ['colcon_pkg']
[0.839s] Level 1:colcon.colcon_core.package_identification:_identify(.) by extension 'colcon_pkg'
[0.839s] Level 1:colcon.colcon_core.package_identification:_identify(.) by extensions ['colcon_meta']
[0.839s] Level 1:colcon.colcon_core.package_identification:_identify(.) by extension 'colcon_meta'
[0.839s] Level 1:colcon.colcon_core.package_identification:_identify(.) by extensions ['ros']
[0.839s] Level 1:colcon.colcon_core.package_identification:_identify(.) by extension 'ros'
[0.865s] Level 1:colcon.colcon_core.package_identification:_identify(.) by extensions ['cmake', 'python']
[0.865s] Level 1:colcon.colcon_core.package_identification:_identify(.) by extension 'cmake'
[0.865s] Level 1:colcon.colcon_core.package_identification:_identify(.) by extension 'python'
[0.865s] Level 1:colcon.colcon_core.package_identification:_identify(.) by extensions ['python_setup_py']
[0.865s] Level 1:colcon.colcon_core.package_identification:_identify(.) by extension 'python_setup_py'
[0.866s] Level 1:colcon.colcon_core.package_identification:_identify(build) by extensions ['ignore', 'ignore_ament_install']
[0.866s] Level 1:colcon.colcon_core.package_identification:_identify(build) by extension 'ignore'
[0.866s] Level 1:colcon.colcon_core.package_identification:_identify(build) ignored
[0.866s] Level 1:colcon.colcon_core.package_identification:_identify(install) by extensions ['ignore', 'ignore_ament_install']
[0.867s] Level 1:colcon.colcon_core.package_identification:_identify(install) by extension 'ignore'
[0.867s] Level 1:colcon.colcon_core.package_identification:_identify(install) ignored
[0.867s] Level 1:colcon.colcon_core.package_identification:_identify(log) by extensions ['ignore', 'ignore_ament_install']
[0.867s] Level 1:colcon.colcon_core.package_identification:_identify(log) by extension 'ignore'
[0.867s] Level 1:colcon.colcon_core.package_identification:_identify(log) ignored
[0.867s] Level 1:colcon.colcon_core.package_identification:_identify(src) by extensions ['ignore', 'ignore_ament_install']
[0.868s] Level 1:colcon.colcon_core.package_identification:_identify(src) by extension 'ignore'
[0.868s] Level 1:colcon.colcon_core.package_identification:_identify(src) by extension 'ignore_ament_install'
[0.868s] Level 1:colcon.colcon_core.package_identification:_identify(src) by extensions ['colcon_pkg']
[0.868s] Level 1:colcon.colcon_core.package_identification:_identify(src) by extension 'colcon_pkg'
[0.868s] Level 1:colcon.colcon_core.package_identification:_identify(src) by extensions ['colcon_meta']
[0.868s] Level 1:colcon.colcon_core.package_identification:_identify(src) by extension 'colcon_meta'
[0.868s] Level 1:colcon.colcon_core.package_identification:_identify(src) by extensions ['ros']
[0.868s] Level 1:colcon.colcon_core.package_identification:_identify(src) by extension 'ros'
[0.868s] Level 1:colcon.colcon_core.package_identification:_identify(src) by extensions ['cmake', 'python']
[0.869s] Level 1:colcon.colcon_core.package_identification:_identify(src) by extension 'cmake'
[0.869s] Level 1:colcon.colcon_core.package_identification:_identify(src) by extension 'python'
[0.869s] Level 1:colcon.colcon_core.package_identification:_identify(src) by extensions ['python_setup_py']
[0.869s] Level 1:colcon.colcon_core.package_identification:_identify(src) by extension 'python_setup_py'
[0.869s] Level 1:colcon.colcon_core.package_identification:_identify(src/zed-ros2-examples) by extensions ['ignore', 'ignore_ament_install']
[0.869s] Level 1:colcon.colcon_core.package_identification:_identify(src/zed-ros2-examples) by extension 'ignore'
[0.869s] Level 1:colcon.colcon_core.package_identification:_identify(src/zed-ros2-examples) by extension 'ignore_ament_install'
[0.869s] Level 1:colcon.colcon_core.package_identification:_identify(src/zed-ros2-examples) by extensions ['colcon_pkg']
[0.869s] Level 1:colcon.colcon_core.package_identification:_identify(src/zed-ros2-examples) by extension 'colcon_pkg'
[0.870s] Level 1:colcon.colcon_core.package_identification:_identify(src/zed-ros2-examples) by extensions ['colcon_meta']
[0.870s] Level 1:colcon.colcon_core.package_identification:_identify(src/zed-ros2-examples) by extension 'colcon_meta'
[0.870s] Level 1:colcon.colcon_core.package_identification:_identify(src/zed-ros2-examples) by extensions ['ros']
[0.870s] Level 1:colcon.colcon_core.package_identification:_identify(src/zed-ros2-examples) by extension 'ros'
[0.870s] Level 1:colcon.colcon_core.package_identification:_identify(src/zed-ros2-examples) by extensions ['cmake', 'python']
[0.870s] Level 1:colcon.colcon_core.package_identification:_identify(src/zed-ros2-examples) by extension 'cmake'
[0.870s] Level 1:colcon.colcon_core.package_identification:_identify(src/zed-ros2-examples) by extension 'python'
[0.870s] Level 1:colcon.colcon_core.package_identification:_identify(src/zed-ros2-examples) by extensions ['python_setup_py']
[0.870s] Level 1:colcon.colcon_core.package_identification:_identify(src/zed-ros2-examples) by extension 'python_setup_py'
[0.871s] Level 1:colcon.colcon_core.package_identification:_identify(src/zed-ros2-examples/examples) by extensions ['ignore', 'ignore_ament_install']
[0.871s] Level 1:colcon.colcon_core.package_identification:_identify(src/zed-ros2-examples/examples) by extension 'ignore'
[0.871s] Level 1:colcon.colcon_core.package_identification:_identify(src/zed-ros2-examples/examples) by extension 'ignore_ament_install'
[0.871s] Level 1:colcon.colcon_core.package_identification:_identify(src/zed-ros2-examples/examples) by extensions ['colcon_pkg']
[0.871s] Level 1:colcon.colcon_core.package_identification:_identify(src/zed-ros2-examples/examples) by extension 'colcon_pkg'
[0.871s] Level 1:colcon.colcon_core.package_identification:_identify(src/zed-ros2-examples/examples) by extensions ['colcon_meta']
[0.871s] Level 1:colcon.colcon_core.package_identification:_identify(src/zed-ros2-examples/examples) by extension 'colcon_meta'
[0.872s] Level 1:colcon.colcon_core.package_identification:_identify(src/zed-ros2-examples/examples) by extensions ['ros']
[0.872s] Level 1:colcon.colcon_core.package_identification:_identify(src/zed-ros2-examples/examples) by extension 'ros'
[0.872s] Level 1:colcon.colcon_core.package_identification:_identify(src/zed-ros2-examples/examples) by extensions ['cmake', 'python']
[0.872s] Level 1:colcon.colcon_core.package_identification:_identify(src/zed-ros2-examples/examples) by extension 'cmake'
[0.872s] Level 1:colcon.colcon_core.package_identification:_identify(src/zed-ros2-examples/examples) by extension 'python'
[0.872s] Level 1:colcon.colcon_core.package_identification:_identify(src/zed-ros2-examples/examples) by extensions ['python_setup_py']
[0.872s] Level 1:colcon.colcon_core.package_identification:_identify(src/zed-ros2-examples/examples) by extension 'python_setup_py'
[0.872s] Level 1:colcon.colcon_core.package_identification:_identify(src/zed-ros2-examples/examples/zed_aruco_localization) by extensions ['ignore', 'ignore_ament_install']
[0.873s] Level 1:colcon.colcon_core.package_identification:_identify(src/zed-ros2-examples/examples/zed_aruco_localization) by extension 'ignore'
[0.873s] Level 1:colcon.colcon_core.package_identification:_identify(src/zed-ros2-examples/examples/zed_aruco_localization) by extension 'ignore_ament_install'
[0.873s] Level 1:colcon.colcon_core.package_identification:_identify(src/zed-ros2-examples/examples/zed_aruco_localization) by extensions ['colcon_pkg']
[0.873s] Level 1:colcon.colcon_core.package_identification:_identify(src/zed-ros2-examples/examples/zed_aruco_localization) by extension 'colcon_pkg'
[0.873s] Level 1:colcon.colcon_core.package_identification:_identify(src/zed-ros2-examples/examples/zed_aruco_localization) by extensions ['colcon_meta']
[0.873s] Level 1:colcon.colcon_core.package_identification:_identify(src/zed-ros2-examples/examples/zed_aruco_localization) by extension 'colcon_meta'
[0.873s] Level 1:colcon.colcon_core.package_identification:_identify(src/zed-ros2-examples/examples/zed_aruco_localization) by extensions ['ros']
[0.873s] Level 1:colcon.colcon_core.package_identification:_identify(src/zed-ros2-examples/examples/zed_aruco_localization) by extension 'ros'
[0.880s] DEBUG:colcon.colcon_core.package_identification:Package 'src/zed-ros2-examples/examples/zed_aruco_localization' with type 'ros.ament_cmake' and name 'zed_aruco_localization'
[0.881s] Level 1:colcon.colcon_core.package_identification:_identify(src/zed-ros2-examples/examples/zed_depth_to_laserscan) by extensions ['ignore', 'ignore_ament_install']
[0.881s] Level 1:colcon.colcon_core.package_identification:_identify(src/zed-ros2-examples/examples/zed_depth_to_laserscan) by extension 'ignore'
[0.881s] Level 1:colcon.colcon_core.package_identification:_identify(src/zed-ros2-examples/examples/zed_depth_to_laserscan) by extension 'ignore_ament_install'
[0.881s] Level 1:colcon.colcon_core.package_identification:_identify(src/zed-ros2-examples/examples/zed_depth_to_laserscan) by extensions ['colcon_pkg']
[0.881s] Level 1:colcon.colcon_core.package_identification:_identify(src/zed-ros2-examples/examples/zed_depth_to_laserscan) by extension 'colcon_pkg'
[0.881s] Level 1:colcon.colcon_core.package_identification:_identify(src/zed-ros2-examples/examples/zed_depth_to_laserscan) by extensions ['colcon_meta']
[0.882s] Level 1:colcon.colcon_core.package_identification:_identify(src/zed-ros2-examples/examples/zed_depth_to_laserscan) by extension 'colcon_meta'
[0.882s] Level 1:colcon.colcon_core.package_identification:_identify(src/zed-ros2-examples/examples/zed_depth_to_laserscan) by extensions ['ros']
[0.882s] Level 1:colcon.colcon_core.package_identification:_identify(src/zed-ros2-examples/examples/zed_depth_to_laserscan) by extension 'ros'
[0.884s] DEBUG:colcon.colcon_core.package_identification:Package 'src/zed-ros2-examples/examples/zed_depth_to_laserscan' with type 'ros.ament_cmake' and name 'zed_depth_to_laserscan'
[0.884s] Level 1:colcon.colcon_core.package_identification:_identify(src/zed-ros2-examples/images) by extensions ['ignore', 'ignore_ament_install']
[0.885s] Level 1:colcon.colcon_core.package_identification:_identify(src/zed-ros2-examples/images) by extension 'ignore'
[0.885s] Level 1:colcon.colcon_core.package_identification:_identify(src/zed-ros2-examples/images) by extension 'ignore_ament_install'
[0.885s] Level 1:colcon.colcon_core.package_identification:_identify(src/zed-ros2-examples/images) by extensions ['colcon_pkg']
[0.885s] Level 1:colcon.colcon_core.package_identification:_identify(src/zed-ros2-examples/images) by extension 'colcon_pkg'
[0.885s] Level 1:colcon.colcon_core.package_identification:_identify(src/zed-ros2-examples/images) by extensions ['colcon_meta']
[0.885s] Level 1:colcon.colcon_core.package_identification:_identify(src/zed-ros2-examples/images) by extension 'colcon_meta'
[0.885s] Level 1:colcon.colcon_core.package_identification:_identify(src/zed-ros2-examples/images) by extensions ['ros']
[0.885s] Level 1:colcon.colcon_core.package_identification:_identify(src/zed-ros2-examples/images) by extension 'ros'
[0.886s] Level 1:colcon.colcon_core.package_identification:_identify(src/zed-ros2-examples/images) by extensions ['cmake', 'python']
[0.886s] Level 1:colcon.colcon_core.package_identification:_identify(src/zed-ros2-examples/images) by extension 'cmake'
[0.886s] Level 1:colcon.colcon_core.package_identification:_identify(src/zed-ros2-examples/images) by extension 'python'
[0.886s] Level 1:colcon.colcon_core.package_identification:_identify(src/zed-ros2-examples/images) by extensions ['python_setup_py']
[0.886s] Level 1:colcon.colcon_core.package_identification:_identify(src/zed-ros2-examples/images) by extension 'python_setup_py'
[0.886s] Level 1:colcon.colcon_core.package_identification:_identify(src/zed-ros2-examples/rviz-plugin-zed-od) by extensions ['ignore', 'ignore_ament_install']
[0.887s] Level 1:colcon.colcon_core.package_identification:_identify(src/zed-ros2-examples/rviz-plugin-zed-od) by extension 'ignore'
[0.887s] Level 1:colcon.colcon_core.package_identification:_identify(src/zed-ros2-examples/rviz-plugin-zed-od) by extension 'ignore_ament_install'
[0.887s] Level 1:colcon.colcon_core.package_identification:_identify(src/zed-ros2-examples/rviz-plugin-zed-od) by extensions ['colcon_pkg']
[0.887s] Level 1:colcon.colcon_core.package_identification:_identify(src/zed-ros2-examples/rviz-plugin-zed-od) by extension 'colcon_pkg'
[0.887s] Level 1:colcon.colcon_core.package_identification:_identify(src/zed-ros2-examples/rviz-plugin-zed-od) by extensions ['colcon_meta']
[0.887s] Level 1:colcon.colcon_core.package_identification:_identify(src/zed-ros2-examples/rviz-plugin-zed-od) by extension 'colcon_meta'
[0.887s] Level 1:colcon.colcon_core.package_identification:_identify(src/zed-ros2-examples/rviz-plugin-zed-od) by extensions ['ros']
[0.887s] Level 1:colcon.colcon_core.package_identification:_identify(src/zed-ros2-examples/rviz-plugin-zed-od) by extension 'ros'
[0.889s] DEBUG:colcon.colcon_core.package_identification:Package 'src/zed-ros2-examples/rviz-plugin-zed-od' with type 'ros.ament_cmake' and name 'rviz_plugin_zed_od'
[0.889s] Level 1:colcon.colcon_core.package_identification:_identify(src/zed-ros2-examples/tools) by extensions ['ignore', 'ignore_ament_install']
[0.890s] Level 1:colcon.colcon_core.package_identification:_identify(src/zed-ros2-examples/tools) by extension 'ignore'
[0.890s] Level 1:colcon.colcon_core.package_identification:_identify(src/zed-ros2-examples/tools) by extension 'ignore_ament_install'
[0.890s] Level 1:colcon.colcon_core.package_identification:_identify(src/zed-ros2-examples/tools) by extensions ['colcon_pkg']
[0.890s] Level 1:colcon.colcon_core.package_identification:_identify(src/zed-ros2-examples/tools) by extension 'colcon_pkg'
[0.890s] Level 1:colcon.colcon_core.package_identification:_identify(src/zed-ros2-examples/tools) by extensions ['colcon_meta']
[0.890s] Level 1:colcon.colcon_core.package_identification:_identify(src/zed-ros2-examples/tools) by extension 'colcon_meta'
[0.890s] Level 1:colcon.colcon_core.package_identification:_identify(src/zed-ros2-examples/tools) by extensions ['ros']
[0.890s] Level 1:colcon.colcon_core.package_identification:_identify(src/zed-ros2-examples/tools) by extension 'ros'
[0.891s] Level 1:colcon.colcon_core.package_identification:_identify(src/zed-ros2-examples/tools) by extensions ['cmake', 'python']
[0.891s] Level 1:colcon.colcon_core.package_identification:_identify(src/zed-ros2-examples/tools) by extension 'cmake'
[0.891s] Level 1:colcon.colcon_core.package_identification:_identify(src/zed-ros2-examples/tools) by extension 'python'
[0.891s] Level 1:colcon.colcon_core.package_identification:_identify(src/zed-ros2-examples/tools) by extensions ['python_setup_py']
[0.891s] Level 1:colcon.colcon_core.package_identification:_identify(src/zed-ros2-examples/tools) by extension 'python_setup_py'
[0.891s] Level 1:colcon.colcon_core.package_identification:_identify(src/zed-ros2-examples/tools/zed_benchmark) by extensions ['ignore', 'ignore_ament_install']
[0.892s] Level 1:colcon.colcon_core.package_identification:_identify(src/zed-ros2-examples/tools/zed_benchmark) by extension 'ignore'
[0.892s] Level 1:colcon.colcon_core.package_identification:_identify(src/zed-ros2-examples/tools/zed_benchmark) by extension 'ignore_ament_install'
[0.892s] Level 1:colcon.colcon_core.package_identification:_identify(src/zed-ros2-examples/tools/zed_benchmark) by extensions ['colcon_pkg']
[0.892s] Level 1:colcon.colcon_core.package_identification:_identify(src/zed-ros2-examples/tools/zed_benchmark) by extension 'colcon_pkg'
[0.892s] Level 1:colcon.colcon_core.package_identification:_identify(src/zed-ros2-examples/tools/zed_benchmark) by extensions ['colcon_meta']
[0.892s] Level 1:colcon.colcon_core.package_identification:_identify(src/zed-ros2-examples/tools/zed_benchmark) by extension 'colcon_meta'
[0.892s] Level 1:colcon.colcon_core.package_identification:_identify(src/zed-ros2-examples/tools/zed_benchmark) by extensions ['ros']
[0.892s] Level 1:colcon.colcon_core.package_identification:_identify(src/zed-ros2-examples/tools/zed_benchmark) by extension 'ros'
[0.894s] DEBUG:colcon.colcon_core.package_identification:Package 'src/zed-ros2-examples/tools/zed_benchmark' with type 'ros.ament_cmake' and name 'zed_topic_benchmark'
[0.894s] Level 1:colcon.colcon_core.package_identification:_identify(src/zed-ros2-examples/tools/zed_benchmark_component) by extensions ['ignore', 'ignore_ament_install']
[0.894s] Level 1:colcon.colcon_core.package_identification:_identify(src/zed-ros2-examples/tools/zed_benchmark_component) by extension 'ignore'
[0.894s] Level 1:colcon.colcon_core.package_identification:_identify(src/zed-ros2-examples/tools/zed_benchmark_component) by extension 'ignore_ament_install'
[0.895s] Level 1:colcon.colcon_core.package_identification:_identify(src/zed-ros2-examples/tools/zed_benchmark_component) by extensions ['colcon_pkg']
[0.895s] Level 1:colcon.colcon_core.package_identification:_identify(src/zed-ros2-examples/tools/zed_benchmark_component) by extension 'colcon_pkg'
[0.895s] Level 1:colcon.colcon_core.package_identification:_identify(src/zed-ros2-examples/tools/zed_benchmark_component) by extensions ['colcon_meta']
[0.895s] Level 1:colcon.colcon_core.package_identification:_identify(src/zed-ros2-examples/tools/zed_benchmark_component) by extension 'colcon_meta'
[0.895s] Level 1:colcon.colcon_core.package_identification:_identify(src/zed-ros2-examples/tools/zed_benchmark_component) by extensions ['ros']
[0.895s] Level 1:colcon.colcon_core.package_identification:_identify(src/zed-ros2-examples/tools/zed_benchmark_component) by extension 'ros'
[0.896s] DEBUG:colcon.colcon_core.package_identification:Package 'src/zed-ros2-examples/tools/zed_benchmark_component' with type 'ros.ament_cmake' and name 'zed_topic_benchmark_component'
[0.897s] Level 1:colcon.colcon_core.package_identification:_identify(src/zed-ros2-examples/tools/zed_benchmark_interfaces) by extensions ['ignore', 'ignore_ament_install']
[0.897s] Level 1:colcon.colcon_core.package_identification:_identify(src/zed-ros2-examples/tools/zed_benchmark_interfaces) by extension 'ignore'
[0.897s] Level 1:colcon.colcon_core.package_identification:_identify(src/zed-ros2-examples/tools/zed_benchmark_interfaces) by extension 'ignore_ament_install'
[0.897s] Level 1:colcon.colcon_core.package_identification:_identify(src/zed-ros2-examples/tools/zed_benchmark_interfaces) by extensions ['colcon_pkg']
[0.897s] Level 1:colcon.colcon_core.package_identification:_identify(src/zed-ros2-examples/tools/zed_benchmark_interfaces) by extension 'colcon_pkg'
[0.897s] Level 1:colcon.colcon_core.package_identification:_identify(src/zed-ros2-examples/tools/zed_benchmark_interfaces) by extensions ['colcon_meta']
[0.897s] Level 1:colcon.colcon_core.package_identification:_identify(src/zed-ros2-examples/tools/zed_benchmark_interfaces) by extension 'colcon_meta'
[0.897s] Level 1:colcon.colcon_core.package_identification:_identify(src/zed-ros2-examples/tools/zed_benchmark_interfaces) by extensions ['ros']
[0.898s] Level 1:colcon.colcon_core.package_identification:_identify(src/zed-ros2-examples/tools/zed_benchmark_interfaces) by extension 'ros'
[0.899s] DEBUG:colcon.colcon_core.package_identification:Package 'src/zed-ros2-examples/tools/zed_benchmark_interfaces' with type 'ros.ament_cmake' and name 'zed_topic_benchmark_interfaces'
[0.899s] Level 1:colcon.colcon_core.package_identification:_identify(src/zed-ros2-examples/tutorials) by extensions ['ignore', 'ignore_ament_install']
[0.900s] Level 1:colcon.colcon_core.package_identification:_identify(src/zed-ros2-examples/tutorials) by extension 'ignore'
[0.900s] Level 1:colcon.colcon_core.package_identification:_identify(src/zed-ros2-examples/tutorials) by extension 'ignore_ament_install'
[0.900s] Level 1:colcon.colcon_core.package_identification:_identify(src/zed-ros2-examples/tutorials) by extensions ['colcon_pkg']
[0.900s] Level 1:colcon.colcon_core.package_identification:_identify(src/zed-ros2-examples/tutorials) by extension 'colcon_pkg'
[0.900s] Level 1:colcon.colcon_core.package_identification:_identify(src/zed-ros2-examples/tutorials) by extensions ['colcon_meta']
[0.900s] Level 1:colcon.colcon_core.package_identification:_identify(src/zed-ros2-examples/tutorials) by extension 'colcon_meta'
[0.900s] Level 1:colcon.colcon_core.package_identification:_identify(src/zed-ros2-examples/tutorials) by extensions ['ros']
[0.900s] Level 1:colcon.colcon_core.package_identification:_identify(src/zed-ros2-examples/tutorials) by extension 'ros'
[0.901s] Level 1:colcon.colcon_core.package_identification:_identify(src/zed-ros2-examples/tutorials) by extensions ['cmake', 'python']
[0.901s] Level 1:colcon.colcon_core.package_identification:_identify(src/zed-ros2-examples/tutorials) by extension 'cmake'
[0.901s] Level 1:colcon.colcon_core.package_identification:_identify(src/zed-ros2-examples/tutorials) by extension 'python'
[0.901s] Level 1:colcon.colcon_core.package_identification:_identify(src/zed-ros2-examples/tutorials) by extensions ['python_setup_py']
[0.901s] Level 1:colcon.colcon_core.package_identification:_identify(src/zed-ros2-examples/tutorials) by extension 'python_setup_py'
[0.901s] Level 1:colcon.colcon_core.package_identification:_identify(src/zed-ros2-examples/tutorials/zed_depth_tutorial) by extensions ['ignore', 'ignore_ament_install']
[0.901s] Level 1:colcon.colcon_core.package_identification:_identify(src/zed-ros2-examples/tutorials/zed_depth_tutorial) by extension 'ignore'
[0.902s] Level 1:colcon.colcon_core.package_identification:_identify(src/zed-ros2-examples/tutorials/zed_depth_tutorial) by extension 'ignore_ament_install'
[0.902s] Level 1:colcon.colcon_core.package_identification:_identify(src/zed-ros2-examples/tutorials/zed_depth_tutorial) by extensions ['colcon_pkg']
[0.902s] Level 1:colcon.colcon_core.package_identification:_identify(src/zed-ros2-examples/tutorials/zed_depth_tutorial) by extension 'colcon_pkg'
[0.902s] Level 1:colcon.colcon_core.package_identification:_identify(src/zed-ros2-examples/tutorials/zed_depth_tutorial) by extensions ['colcon_meta']
[0.902s] Level 1:colcon.colcon_core.package_identification:_identify(src/zed-ros2-examples/tutorials/zed_depth_tutorial) by extension 'colcon_meta'
[0.902s] Level 1:colcon.colcon_core.package_identification:_identify(src/zed-ros2-examples/tutorials/zed_depth_tutorial) by extensions ['ros']
[0.902s] Level 1:colcon.colcon_core.package_identification:_identify(src/zed-ros2-examples/tutorials/zed_depth_tutorial) by extension 'ros'
[0.904s] DEBUG:colcon.colcon_core.package_identification:Package 'src/zed-ros2-examples/tutorials/zed_depth_tutorial' with type 'ros.ament_cmake' and name 'zed_tutorial_depth'
[0.904s] Level 1:colcon.colcon_core.package_identification:_identify(src/zed-ros2-examples/tutorials/zed_ipc) by extensions ['ignore', 'ignore_ament_install']
[0.904s] Level 1:colcon.colcon_core.package_identification:_identify(src/zed-ros2-examples/tutorials/zed_ipc) by extension 'ignore'
[0.904s] Level 1:colcon.colcon_core.package_identification:_identify(src/zed-ros2-examples/tutorials/zed_ipc) by extension 'ignore_ament_install'
[0.904s] Level 1:colcon.colcon_core.package_identification:_identify(src/zed-ros2-examples/tutorials/zed_ipc) by extensions ['colcon_pkg']
[0.904s] Level 1:colcon.colcon_core.package_identification:_identify(src/zed-ros2-examples/tutorials/zed_ipc) by extension 'colcon_pkg'
[0.905s] Level 1:colcon.colcon_core.package_identification:_identify(src/zed-ros2-examples/tutorials/zed_ipc) by extensions ['colcon_meta']
[0.905s] Level 1:colcon.colcon_core.package_identification:_identify(src/zed-ros2-examples/tutorials/zed_ipc) by extension 'colcon_meta'
[0.905s] Level 1:colcon.colcon_core.package_identification:_identify(src/zed-ros2-examples/tutorials/zed_ipc) by extensions ['ros']
[0.905s] Level 1:colcon.colcon_core.package_identification:_identify(src/zed-ros2-examples/tutorials/zed_ipc) by extension 'ros'
[0.907s] DEBUG:colcon.colcon_core.package_identification:Package 'src/zed-ros2-examples/tutorials/zed_ipc' with type 'ros.ament_cmake' and name 'zed_ipc'
[0.907s] Level 1:colcon.colcon_core.package_identification:_identify(src/zed-ros2-examples/tutorials/zed_multi_camera) by extensions ['ignore', 'ignore_ament_install']
[0.907s] Level 1:colcon.colcon_core.package_identification:_identify(src/zed-ros2-examples/tutorials/zed_multi_camera) by extension 'ignore'
[0.907s] Level 1:colcon.colcon_core.package_identification:_identify(src/zed-ros2-examples/tutorials/zed_multi_camera) by extension 'ignore_ament_install'
[0.908s] Level 1:colcon.colcon_core.package_identification:_identify(src/zed-ros2-examples/tutorials/zed_multi_camera) by extensions ['colcon_pkg']
[0.908s] Level 1:colcon.colcon_core.package_identification:_identify(src/zed-ros2-examples/tutorials/zed_multi_camera) by extension 'colcon_pkg'
[0.908s] Level 1:colcon.colcon_core.package_identification:_identify(src/zed-ros2-examples/tutorials/zed_multi_camera) by extensions ['colcon_meta']
[0.908s] Level 1:colcon.colcon_core.package_identification:_identify(src/zed-ros2-examples/tutorials/zed_multi_camera) by extension 'colcon_meta'
[0.908s] Level 1:colcon.colcon_core.package_identification:_identify(src/zed-ros2-examples/tutorials/zed_multi_camera) by extensions ['ros']
[0.908s] Level 1:colcon.colcon_core.package_identification:_identify(src/zed-ros2-examples/tutorials/zed_multi_camera) by extension 'ros'
[0.909s] DEBUG:colcon.colcon_core.package_identification:Package 'src/zed-ros2-examples/tutorials/zed_multi_camera' with type 'ros.ament_cmake' and name 'zed_multi_camera'
[0.910s] Level 1:colcon.colcon_core.package_identification:_identify(src/zed-ros2-examples/tutorials/zed_pose_tutorial) by extensions ['ignore', 'ignore_ament_install']
[0.910s] Level 1:colcon.colcon_core.package_identification:_identify(src/zed-ros2-examples/tutorials/zed_pose_tutorial) by extension 'ignore'
[0.910s] Level 1:colcon.colcon_core.package_identification:_identify(src/zed-ros2-examples/tutorials/zed_pose_tutorial) by extension 'ignore_ament_install'
[0.910s] Level 1:colcon.colcon_core.package_identification:_identify(src/zed-ros2-examples/tutorials/zed_pose_tutorial) by extensions ['colcon_pkg']
[0.910s] Level 1:colcon.colcon_core.package_identification:_identify(src/zed-ros2-examples/tutorials/zed_pose_tutorial) by extension 'colcon_pkg'
[0.910s] Level 1:colcon.colcon_core.package_identification:_identify(src/zed-ros2-examples/tutorials/zed_pose_tutorial) by extensions ['colcon_meta']
[0.910s] Level 1:colcon.colcon_core.package_identification:_identify(src/zed-ros2-examples/tutorials/zed_pose_tutorial) by extension 'colcon_meta'
[0.911s] Level 1:colcon.colcon_core.package_identification:_identify(src/zed-ros2-examples/tutorials/zed_pose_tutorial) by extensions ['ros']
[0.911s] Level 1:colcon.colcon_core.package_identification:_identify(src/zed-ros2-examples/tutorials/zed_pose_tutorial) by extension 'ros'
[0.915s] DEBUG:colcon.colcon_core.package_identification:Package 'src/zed-ros2-examples/tutorials/zed_pose_tutorial' with type 'ros.ament_cmake' and name 'zed_tutorial_pos_tracking'
[0.915s] Level 1:colcon.colcon_core.package_identification:_identify(src/zed-ros2-examples/tutorials/zed_rgb_convert) by extensions ['ignore', 'ignore_ament_install']
[0.916s] Level 1:colcon.colcon_core.package_identification:_identify(src/zed-ros2-examples/tutorials/zed_rgb_convert) by extension 'ignore'
[0.916s] Level 1:colcon.colcon_core.package_identification:_identify(src/zed-ros2-examples/tutorials/zed_rgb_convert) by extension 'ignore_ament_install'
[0.916s] Level 1:colcon.colcon_core.package_identification:_identify(src/zed-ros2-examples/tutorials/zed_rgb_convert) by extensions ['colcon_pkg']
[0.916s] Level 1:colcon.colcon_core.package_identification:_identify(src/zed-ros2-examples/tutorials/zed_rgb_convert) by extension 'colcon_pkg'
[0.916s] Level 1:colcon.colcon_core.package_identification:_identify(src/zed-ros2-examples/tutorials/zed_rgb_convert) by extensions ['colcon_meta']
[0.916s] Level 1:colcon.colcon_core.package_identification:_identify(src/zed-ros2-examples/tutorials/zed_rgb_convert) by extension 'colcon_meta'
[0.916s] Level 1:colcon.colcon_core.package_identification:_identify(src/zed-ros2-examples/tutorials/zed_rgb_convert) by extensions ['ros']
[0.916s] Level 1:colcon.colcon_core.package_identification:_identify(src/zed-ros2-examples/tutorials/zed_rgb_convert) by extension 'ros'
[0.918s] DEBUG:colcon.colcon_core.package_identification:Package 'src/zed-ros2-examples/tutorials/zed_rgb_convert' with type 'ros.ament_cmake' and name 'zed_rgb_convert'
[0.918s] Level 1:colcon.colcon_core.package_identification:_identify(src/zed-ros2-examples/tutorials/zed_robot_integration) by extensions ['ignore', 'ignore_ament_install']
[0.919s] Level 1:colcon.colcon_core.package_identification:_identify(src/zed-ros2-examples/tutorials/zed_robot_integration) by extension 'ignore'
[0.919s] Level 1:colcon.colcon_core.package_identification:_identify(src/zed-ros2-examples/tutorials/zed_robot_integration) by extension 'ignore_ament_install'
[0.919s] Level 1:colcon.colcon_core.package_identification:_identify(src/zed-ros2-examples/tutorials/zed_robot_integration) by extensions ['colcon_pkg']
[0.919s] Level 1:colcon.colcon_core.package_identification:_identify(src/zed-ros2-examples/tutorials/zed_robot_integration) by extension 'colcon_pkg'
[0.919s] Level 1:colcon.colcon_core.package_identification:_identify(src/zed-ros2-examples/tutorials/zed_robot_integration) by extensions ['colcon_meta']
[0.919s] Level 1:colcon.colcon_core.package_identification:_identify(src/zed-ros2-examples/tutorials/zed_robot_integration) by extension 'colcon_meta'
[0.919s] Level 1:colcon.colcon_core.package_identification:_identify(src/zed-ros2-examples/tutorials/zed_robot_integration) by extensions ['ros']
[0.919s] Level 1:colcon.colcon_core.package_identification:_identify(src/zed-ros2-examples/tutorials/zed_robot_integration) by extension 'ros'
[0.920s] DEBUG:colcon.colcon_core.package_identification:Package 'src/zed-ros2-examples/tutorials/zed_robot_integration' with type 'ros.ament_cmake' and name 'zed_robot_integration'
[0.921s] Level 1:colcon.colcon_core.package_identification:_identify(src/zed-ros2-examples/tutorials/zed_video_tutorial) by extensions ['ignore', 'ignore_ament_install']
[0.921s] Level 1:colcon.colcon_core.package_identification:_identify(src/zed-ros2-examples/tutorials/zed_video_tutorial) by extension 'ignore'
[0.921s] Level 1:colcon.colcon_core.package_identification:_identify(src/zed-ros2-examples/tutorials/zed_video_tutorial) by extension 'ignore_ament_install'
[0.921s] Level 1:colcon.colcon_core.package_identification:_identify(src/zed-ros2-examples/tutorials/zed_video_tutorial) by extensions ['colcon_pkg']
[0.921s] Level 1:colcon.colcon_core.package_identification:_identify(src/zed-ros2-examples/tutorials/zed_video_tutorial) by extension 'colcon_pkg'
[0.922s] Level 1:colcon.colcon_core.package_identification:_identify(src/zed-ros2-examples/tutorials/zed_video_tutorial) by extensions ['colcon_meta']
[0.922s] Level 1:colcon.colcon_core.package_identification:_identify(src/zed-ros2-examples/tutorials/zed_video_tutorial) by extension 'colcon_meta'
[0.922s] Level 1:colcon.colcon_core.package_identification:_identify(src/zed-ros2-examples/tutorials/zed_video_tutorial) by extensions ['ros']
[0.922s] Level 1:colcon.colcon_core.package_identification:_identify(src/zed-ros2-examples/tutorials/zed_video_tutorial) by extension 'ros'
[0.923s] DEBUG:colcon.colcon_core.package_identification:Package 'src/zed-ros2-examples/tutorials/zed_video_tutorial' with type 'ros.ament_cmake' and name 'zed_tutorial_video'
[0.924s] Level 1:colcon.colcon_core.package_identification:_identify(src/zed-ros2-examples/zed_display_foxglove) by extensions ['ignore', 'ignore_ament_install']
[0.924s] Level 1:colcon.colcon_core.package_identification:_identify(src/zed-ros2-examples/zed_display_foxglove) by extension 'ignore'
[0.924s] Level 1:colcon.colcon_core.package_identification:_identify(src/zed-ros2-examples/zed_display_foxglove) by extension 'ignore_ament_install'
[0.924s] Level 1:colcon.colcon_core.package_identification:_identify(src/zed-ros2-examples/zed_display_foxglove) by extensions ['colcon_pkg']
[0.924s] Level 1:colcon.colcon_core.package_identification:_identify(src/zed-ros2-examples/zed_display_foxglove) by extension 'colcon_pkg'
[0.924s] Level 1:colcon.colcon_core.package_identification:_identify(src/zed-ros2-examples/zed_display_foxglove) by extensions ['colcon_meta']
[0.924s] Level 1:colcon.colcon_core.package_identification:_identify(src/zed-ros2-examples/zed_display_foxglove) by extension 'colcon_meta'
[0.924s] Level 1:colcon.colcon_core.package_identification:_identify(src/zed-ros2-examples/zed_display_foxglove) by extensions ['ros']
[0.924s] Level 1:colcon.colcon_core.package_identification:_identify(src/zed-ros2-examples/zed_display_foxglove) by extension 'ros'
[0.925s] Level 1:colcon.colcon_core.package_identification:_identify(src/zed-ros2-examples/zed_display_foxglove) by extensions ['cmake', 'python']
[0.925s] Level 1:colcon.colcon_core.package_identification:_identify(src/zed-ros2-examples/zed_display_foxglove) by extension 'cmake'
[0.925s] Level 1:colcon.colcon_core.package_identification:_identify(src/zed-ros2-examples/zed_display_foxglove) by extension 'python'
[0.925s] Level 1:colcon.colcon_core.package_identification:_identify(src/zed-ros2-examples/zed_display_foxglove) by extensions ['python_setup_py']
[0.925s] Level 1:colcon.colcon_core.package_identification:_identify(src/zed-ros2-examples/zed_display_foxglove) by extension 'python_setup_py'
[0.925s] Level 1:colcon.colcon_core.package_identification:_identify(src/zed-ros2-examples/zed_display_foxglove/images) by extensions ['ignore', 'ignore_ament_install']
[0.926s] Level 1:colcon.colcon_core.package_identification:_identify(src/zed-ros2-examples/zed_display_foxglove/images) by extension 'ignore'
[0.926s] Level 1:colcon.colcon_core.package_identification:_identify(src/zed-ros2-examples/zed_display_foxglove/images) by extension 'ignore_ament_install'
[0.926s] Level 1:colcon.colcon_core.package_identification:_identify(src/zed-ros2-examples/zed_display_foxglove/images) by extensions ['colcon_pkg']
[0.926s] Level 1:colcon.colcon_core.package_identification:_identify(src/zed-ros2-examples/zed_display_foxglove/images) by extension 'colcon_pkg'
[0.926s] Level 1:colcon.colcon_core.package_identification:_identify(src/zed-ros2-examples/zed_display_foxglove/images) by extensions ['colcon_meta']
[0.926s] Level 1:colcon.colcon_core.package_identification:_identify(src/zed-ros2-examples/zed_display_foxglove/images) by extension 'colcon_meta'
[0.926s] Level 1:colcon.colcon_core.package_identification:_identify(src/zed-ros2-examples/zed_display_foxglove/images) by extensions ['ros']
[0.926s] Level 1:colcon.colcon_core.package_identification:_identify(src/zed-ros2-examples/zed_display_foxglove/images) by extension 'ros'
[0.926s] Level 1:colcon.colcon_core.package_identification:_identify(src/zed-ros2-examples/zed_display_foxglove/images) by extensions ['cmake', 'python']
[0.927s] Level 1:colcon.colcon_core.package_identification:_identify(src/zed-ros2-examples/zed_display_foxglove/images) by extension 'cmake'
[0.927s] Level 1:colcon.colcon_core.package_identification:_identify(src/zed-ros2-examples/zed_display_foxglove/images) by extension 'python'
[0.927s] Level 1:colcon.colcon_core.package_identification:_identify(src/zed-ros2-examples/zed_display_foxglove/images) by extensions ['python_setup_py']
[0.927s] Level 1:colcon.colcon_core.package_identification:_identify(src/zed-ros2-examples/zed_display_foxglove/images) by extension 'python_setup_py'
[0.927s] Level 1:colcon.colcon_core.package_identification:_identify(src/zed-ros2-examples/zed_display_foxglove/layouts) by extensions ['ignore', 'ignore_ament_install']
[0.927s] Level 1:colcon.colcon_core.package_identification:_identify(src/zed-ros2-examples/zed_display_foxglove/layouts) by extension 'ignore'
[0.927s] Level 1:colcon.colcon_core.package_identification:_identify(src/zed-ros2-examples/zed_display_foxglove/layouts) by extension 'ignore_ament_install'
[0.928s] Level 1:colcon.colcon_core.package_identification:_identify(src/zed-ros2-examples/zed_display_foxglove/layouts) by extensions ['colcon_pkg']
[0.928s] Level 1:colcon.colcon_core.package_identification:_identify(src/zed-ros2-examples/zed_display_foxglove/layouts) by extension 'colcon_pkg'
[0.928s] Level 1:colcon.colcon_core.package_identification:_identify(src/zed-ros2-examples/zed_display_foxglove/layouts) by extensions ['colcon_meta']
[0.928s] Level 1:colcon.colcon_core.package_identification:_identify(src/zed-ros2-examples/zed_display_foxglove/layouts) by extension 'colcon_meta'
[0.928s] Level 1:colcon.colcon_core.package_identification:_identify(src/zed-ros2-examples/zed_display_foxglove/layouts) by extensions ['ros']
[0.928s] Level 1:colcon.colcon_core.package_identification:_identify(src/zed-ros2-examples/zed_display_foxglove/layouts) by extension 'ros'
[0.928s] Level 1:colcon.colcon_core.package_identification:_identify(src/zed-ros2-examples/zed_display_foxglove/layouts) by extensions ['cmake', 'python']
[0.928s] Level 1:colcon.colcon_core.package_identification:_identify(src/zed-ros2-examples/zed_display_foxglove/layouts) by extension 'cmake'
[0.928s] Level 1:colcon.colcon_core.package_identification:_identify(src/zed-ros2-examples/zed_display_foxglove/layouts) by extension 'python'
[0.928s] Level 1:colcon.colcon_core.package_identification:_identify(src/zed-ros2-examples/zed_display_foxglove/layouts) by extensions ['python_setup_py']
[0.928s] Level 1:colcon.colcon_core.package_identification:_identify(src/zed-ros2-examples/zed_display_foxglove/layouts) by extension 'python_setup_py'
[0.929s] Level 1:colcon.colcon_core.package_identification:_identify(src/zed-ros2-examples/zed_display_rviz2) by extensions ['ignore', 'ignore_ament_install']
[0.929s] Level 1:colcon.colcon_core.package_identification:_identify(src/zed-ros2-examples/zed_display_rviz2) by extension 'ignore'
[0.929s] Level 1:colcon.colcon_core.package_identification:_identify(src/zed-ros2-examples/zed_display_rviz2) by extension 'ignore_ament_install'
[0.929s] Level 1:colcon.colcon_core.package_identification:_identify(src/zed-ros2-examples/zed_display_rviz2) by extensions ['colcon_pkg']
[0.929s] Level 1:colcon.colcon_core.package_identification:_identify(src/zed-ros2-examples/zed_display_rviz2) by extension 'colcon_pkg'
[0.929s] Level 1:colcon.colcon_core.package_identification:_identify(src/zed-ros2-examples/zed_display_rviz2) by extensions ['colcon_meta']
[0.929s] Level 1:colcon.colcon_core.package_identification:_identify(src/zed-ros2-examples/zed_display_rviz2) by extension 'colcon_meta'
[0.929s] Level 1:colcon.colcon_core.package_identification:_identify(src/zed-ros2-examples/zed_display_rviz2) by extensions ['ros']
[0.930s] Level 1:colcon.colcon_core.package_identification:_identify(src/zed-ros2-examples/zed_display_rviz2) by extension 'ros'
[0.931s] DEBUG:colcon.colcon_core.package_identification:Package 'src/zed-ros2-examples/zed_display_rviz2' with type 'ros.ament_cmake' and name 'zed_display_rviz2'
[0.931s] Level 1:colcon.colcon_core.package_identification:_identify(src/zed-ros2-wrapper) by extensions ['ignore', 'ignore_ament_install']
[0.931s] Level 1:colcon.colcon_core.package_identification:_identify(src/zed-ros2-wrapper) by extension 'ignore'
[0.931s] Level 1:colcon.colcon_core.package_identification:_identify(src/zed-ros2-wrapper) by extension 'ignore_ament_install'
[0.932s] Level 1:colcon.colcon_core.package_identification:_identify(src/zed-ros2-wrapper) by extensions ['colcon_pkg']
[0.932s] Level 1:colcon.colcon_core.package_identification:_identify(src/zed-ros2-wrapper) by extension 'colcon_pkg'
[0.932s] Level 1:colcon.colcon_core.package_identification:_identify(src/zed-ros2-wrapper) by extensions ['colcon_meta']
[0.932s] Level 1:colcon.colcon_core.package_identification:_identify(src/zed-ros2-wrapper) by extension 'colcon_meta'
[0.932s] Level 1:colcon.colcon_core.package_identification:_identify(src/zed-ros2-wrapper) by extensions ['ros']
[0.932s] Level 1:colcon.colcon_core.package_identification:_identify(src/zed-ros2-wrapper) by extension 'ros'
[0.932s] Level 1:colcon.colcon_core.package_identification:_identify(src/zed-ros2-wrapper) by extensions ['cmake', 'python']
[0.932s] Level 1:colcon.colcon_core.package_identification:_identify(src/zed-ros2-wrapper) by extension 'cmake'
[0.932s] Level 1:colcon.colcon_core.package_identification:_identify(src/zed-ros2-wrapper) by extension 'python'
[0.932s] Level 1:colcon.colcon_core.package_identification:_identify(src/zed-ros2-wrapper) by extensions ['python_setup_py']
[0.933s] Level 1:colcon.colcon_core.package_identification:_identify(src/zed-ros2-wrapper) by extension 'python_setup_py'
[0.933s] Level 1:colcon.colcon_core.package_identification:_identify(src/zed-ros2-wrapper/docker) by extensions ['ignore', 'ignore_ament_install']
[0.933s] Level 1:colcon.colcon_core.package_identification:_identify(src/zed-ros2-wrapper/docker) by extension 'ignore'
[0.933s] Level 1:colcon.colcon_core.package_identification:_identify(src/zed-ros2-wrapper/docker) by extension 'ignore_ament_install'
[0.933s] Level 1:colcon.colcon_core.package_identification:_identify(src/zed-ros2-wrapper/docker) by extensions ['colcon_pkg']
[0.933s] Level 1:colcon.colcon_core.package_identification:_identify(src/zed-ros2-wrapper/docker) by extension 'colcon_pkg'
[0.933s] Level 1:colcon.colcon_core.package_identification:_identify(src/zed-ros2-wrapper/docker) by extensions ['colcon_meta']
[0.933s] Level 1:colcon.colcon_core.package_identification:_identify(src/zed-ros2-wrapper/docker) by extension 'colcon_meta'
[0.934s] Level 1:colcon.colcon_core.package_identification:_identify(src/zed-ros2-wrapper/docker) by extensions ['ros']
[0.934s] Level 1:colcon.colcon_core.package_identification:_identify(src/zed-ros2-wrapper/docker) by extension 'ros'
[0.934s] Level 1:colcon.colcon_core.package_identification:_identify(src/zed-ros2-wrapper/docker) by extensions ['cmake', 'python']
[0.934s] Level 1:colcon.colcon_core.package_identification:_identify(src/zed-ros2-wrapper/docker) by extension 'cmake'
[0.934s] Level 1:colcon.colcon_core.package_identification:_identify(src/zed-ros2-wrapper/docker) by extension 'python'
[0.934s] Level 1:colcon.colcon_core.package_identification:_identify(src/zed-ros2-wrapper/docker) by extensions ['python_setup_py']
[0.934s] Level 1:colcon.colcon_core.package_identification:_identify(src/zed-ros2-wrapper/docker) by extension 'python_setup_py'
[0.934s] Level 1:colcon.colcon_core.package_identification:_identify(src/zed-ros2-wrapper/images) by extensions ['ignore', 'ignore_ament_install']
[0.935s] Level 1:colcon.colcon_core.package_identification:_identify(src/zed-ros2-wrapper/images) by extension 'ignore'
[0.935s] Level 1:colcon.colcon_core.package_identification:_identify(src/zed-ros2-wrapper/images) by extension 'ignore_ament_install'
[0.935s] Level 1:colcon.colcon_core.package_identification:_identify(src/zed-ros2-wrapper/images) by extensions ['colcon_pkg']
[0.935s] Level 1:colcon.colcon_core.package_identification:_identify(src/zed-ros2-wrapper/images) by extension 'colcon_pkg'
[0.935s] Level 1:colcon.colcon_core.package_identification:_identify(src/zed-ros2-wrapper/images) by extensions ['colcon_meta']
[0.935s] Level 1:colcon.colcon_core.package_identification:_identify(src/zed-ros2-wrapper/images) by extension 'colcon_meta'
[0.935s] Level 1:colcon.colcon_core.package_identification:_identify(src/zed-ros2-wrapper/images) by extensions ['ros']
[0.935s] Level 1:colcon.colcon_core.package_identification:_identify(src/zed-ros2-wrapper/images) by extension 'ros'
[0.935s] Level 1:colcon.colcon_core.package_identification:_identify(src/zed-ros2-wrapper/images) by extensions ['cmake', 'python']
[0.935s] Level 1:colcon.colcon_core.package_identification:_identify(src/zed-ros2-wrapper/images) by extension 'cmake'
[0.936s] Level 1:colcon.colcon_core.package_identification:_identify(src/zed-ros2-wrapper/images) by extension 'python'
[0.936s] Level 1:colcon.colcon_core.package_identification:_identify(src/zed-ros2-wrapper/images) by extensions ['python_setup_py']
[0.936s] Level 1:colcon.colcon_core.package_identification:_identify(src/zed-ros2-wrapper/images) by extension 'python_setup_py'
[0.936s] Level 1:colcon.colcon_core.package_identification:_identify(src/zed-ros2-wrapper/zed_components) by extensions ['ignore', 'ignore_ament_install']
[0.936s] Level 1:colcon.colcon_core.package_identification:_identify(src/zed-ros2-wrapper/zed_components) by extension 'ignore'
[0.936s] Level 1:colcon.colcon_core.package_identification:_identify(src/zed-ros2-wrapper/zed_components) by extension 'ignore_ament_install'
[0.936s] Level 1:colcon.colcon_core.package_identification:_identify(src/zed-ros2-wrapper/zed_components) by extensions ['colcon_pkg']
[0.936s] Level 1:colcon.colcon_core.package_identification:_identify(src/zed-ros2-wrapper/zed_components) by extension 'colcon_pkg'
[0.936s] Level 1:colcon.colcon_core.package_identification:_identify(src/zed-ros2-wrapper/zed_components) by extensions ['colcon_meta']
[0.936s] Level 1:colcon.colcon_core.package_identification:_identify(src/zed-ros2-wrapper/zed_components) by extension 'colcon_meta'
[0.937s] Level 1:colcon.colcon_core.package_identification:_identify(src/zed-ros2-wrapper/zed_components) by extensions ['ros']
[0.937s] Level 1:colcon.colcon_core.package_identification:_identify(src/zed-ros2-wrapper/zed_components) by extension 'ros'
[0.965s] DEBUG:colcon.colcon_core.package_identification:Package 'src/zed-ros2-wrapper/zed_components' with type 'ros.ament_cmake' and name 'zed_components'
[0.965s] Level 1:colcon.colcon_core.package_identification:_identify(src/zed-ros2-wrapper/zed_ros2) by extensions ['ignore', 'ignore_ament_install']
[0.966s] Level 1:colcon.colcon_core.package_identification:_identify(src/zed-ros2-wrapper/zed_ros2) by extension 'ignore'
[0.966s] Level 1:colcon.colcon_core.package_identification:_identify(src/zed-ros2-wrapper/zed_ros2) by extension 'ignore_ament_install'
[0.966s] Level 1:colcon.colcon_core.package_identification:_identify(src/zed-ros2-wrapper/zed_ros2) by extensions ['colcon_pkg']
[0.966s] Level 1:colcon.colcon_core.package_identification:_identify(src/zed-ros2-wrapper/zed_ros2) by extension 'colcon_pkg'
[0.966s] Level 1:colcon.colcon_core.package_identification:_identify(src/zed-ros2-wrapper/zed_ros2) by extensions ['colcon_meta']
[0.966s] Level 1:colcon.colcon_core.package_identification:_identify(src/zed-ros2-wrapper/zed_ros2) by extension 'colcon_meta'
[0.966s] Level 1:colcon.colcon_core.package_identification:_identify(src/zed-ros2-wrapper/zed_ros2) by extensions ['ros']
[0.967s] Level 1:colcon.colcon_core.package_identification:_identify(src/zed-ros2-wrapper/zed_ros2) by extension 'ros'
[0.968s] DEBUG:colcon.colcon_core.package_identification:Package 'src/zed-ros2-wrapper/zed_ros2' with type 'ros.ament_cmake' and name 'zed_ros2'
[0.968s] Level 1:colcon.colcon_core.package_identification:_identify(src/zed-ros2-wrapper/zed_wrapper) by extensions ['ignore', 'ignore_ament_install']
[0.968s] Level 1:colcon.colcon_core.package_identification:_identify(src/zed-ros2-wrapper/zed_wrapper) by extension 'ignore'
[0.969s] Level 1:colcon.colcon_core.package_identification:_identify(src/zed-ros2-wrapper/zed_wrapper) by extension 'ignore_ament_install'
[0.969s] Level 1:colcon.colcon_core.package_identification:_identify(src/zed-ros2-wrapper/zed_wrapper) by extensions ['colcon_pkg']
[0.969s] Level 1:colcon.colcon_core.package_identification:_identify(src/zed-ros2-wrapper/zed_wrapper) by extension 'colcon_pkg'
[0.969s] Level 1:colcon.colcon_core.package_identification:_identify(src/zed-ros2-wrapper/zed_wrapper) by extensions ['colcon_meta']
[0.969s] Level 1:colcon.colcon_core.package_identification:_identify(src/zed-ros2-wrapper/zed_wrapper) by extension 'colcon_meta'
[0.969s] Level 1:colcon.colcon_core.package_identification:_identify(src/zed-ros2-wrapper/zed_wrapper) by extensions ['ros']
[0.969s] Level 1:colcon.colcon_core.package_identification:_identify(src/zed-ros2-wrapper/zed_wrapper) by extension 'ros'
[0.971s] DEBUG:colcon.colcon_core.package_identification:Package 'src/zed-ros2-wrapper/zed_wrapper' with type 'ros.ament_cmake' and name 'zed_wrapper'
[0.971s] Level 1:colcon.colcon_core.package_discovery:discover_packages(recursive) using defaults
[0.971s] Level 1:colcon.colcon_core.package_discovery:discover_packages(ignore) discover
[0.972s] Level 1:colcon.colcon_core.package_discovery:discover_packages(ignore) using defaults
[0.972s] Level 1:colcon.colcon_core.package_discovery:discover_packages(path) discover
[0.972s] Level 1:colcon.colcon_core.package_discovery:discover_packages(path) using defaults
[1.030s] Level 1:colcon.colcon_core.package_discovery:discover_packages(prefix_path) check parameters
[1.030s] Level 1:colcon.colcon_core.package_discovery:discover_packages(prefix_path) discover
[1.039s] DEBUG:colcon.colcon_installed_package_information.package_discovery:Found 17 installed packages in /home/user/vision_ws/install
[1.040s] DEBUG:colcon.colcon_installed_package_information.package_discovery:Found 10 installed packages in /home/user/autorover_ws/install
[1.043s] DEBUG:colcon.colcon_installed_package_information.package_discovery:Found 370 installed packages in /opt/ros/humble
[1.049s] Level 1:colcon.colcon_core.package_discovery:discover_packages(prefix_path) using defaults
[1.174s] Level 5:colcon.colcon_core.verb:set package 'rviz_plugin_zed_od' build argument 'cmake_args' from command line to '['-DCMAKE_BUILD_TYPE=Release']'
[1.175s] Level 5:colcon.colcon_core.verb:set package 'rviz_plugin_zed_od' build argument 'cmake_target' from command line to 'None'
[1.175s] Level 5:colcon.colcon_core.verb:set package 'rviz_plugin_zed_od' build argument 'cmake_target_skip_unavailable' from command line to 'False'
[1.175s] Level 5:colcon.colcon_core.verb:set package 'rviz_plugin_zed_od' build argument 'cmake_clean_cache' from command line to 'False'
[1.175s] Level 5:colcon.colcon_core.verb:set package 'rviz_plugin_zed_od' build argument 'cmake_clean_first' from command line to 'False'
[1.175s] Level 5:colcon.colcon_core.verb:set package 'rviz_plugin_zed_od' build argument 'cmake_force_configure' from command line to 'False'
[1.175s] Level 5:colcon.colcon_core.verb:set package 'rviz_plugin_zed_od' build argument 'ament_cmake_args' from command line to 'None'
[1.175s] Level 5:colcon.colcon_core.verb:set package 'rviz_plugin_zed_od' build argument 'catkin_cmake_args' from command line to 'None'
[1.175s] Level 5:colcon.colcon_core.verb:set package 'rviz_plugin_zed_od' build argument 'catkin_skip_building_tests' from command line to 'False'
[1.175s] DEBUG:colcon.colcon_core.verb:Building package 'rviz_plugin_zed_od' with the following arguments: {'ament_cmake_args': None, 'build_base': '/home/user/vision_ws/build/rviz_plugin_zed_od', 'catkin_cmake_args': None, 'catkin_skip_building_tests': False, 'cmake_args': ['-DCMAKE_BUILD_TYPE=Release'], 'cmake_clean_cache': False, 'cmake_clean_first': False, 'cmake_force_configure': False, 'cmake_target': None, 'cmake_target_skip_unavailable': False, 'install_base': '/home/user/vision_ws/install/rviz_plugin_zed_od', 'merge_install': False, 'path': '/home/user/vision_ws/src/zed-ros2-examples/rviz-plugin-zed-od', 'symlink_install': True, 'test_result_base': None}
[1.176s] Level 5:colcon.colcon_core.verb:set package 'zed_components' build argument 'cmake_args' from command line to '['-DCMAKE_BUILD_TYPE=Release']'
[1.176s] Level 5:colcon.colcon_core.verb:set package 'zed_components' build argument 'cmake_target' from command line to 'None'
[1.176s] Level 5:colcon.colcon_core.verb:set package 'zed_components' build argument 'cmake_target_skip_unavailable' from command line to 'False'
[1.176s] Level 5:colcon.colcon_core.verb:set package 'zed_components' build argument 'cmake_clean_cache' from command line to 'False'
[1.176s] Level 5:colcon.colcon_core.verb:set package 'zed_components' build argument 'cmake_clean_first' from command line to 'False'
[1.176s] Level 5:colcon.colcon_core.verb:set package 'zed_components' build argument 'cmake_force_configure' from command line to 'False'
[1.176s] Level 5:colcon.colcon_core.verb:set package 'zed_components' build argument 'ament_cmake_args' from command line to 'None'
[1.176s] Level 5:colcon.colcon_core.verb:set package 'zed_components' build argument 'catkin_cmake_args' from command line to 'None'
[1.176s] Level 5:colcon.colcon_core.verb:set package 'zed_components' build argument 'catkin_skip_building_tests' from command line to 'False'
[1.176s] DEBUG:colcon.colcon_core.verb:Building package 'zed_components' with the following arguments: {'ament_cmake_args': None, 'build_base': '/home/user/vision_ws/build/zed_components', 'catkin_cmake_args': None, 'catkin_skip_building_tests': False, 'cmake_args': ['-DCMAKE_BUILD_TYPE=Release'], 'cmake_clean_cache': False, 'cmake_clean_first': False, 'cmake_force_configure': False, 'cmake_target': None, 'cmake_target_skip_unavailable': False, 'install_base': '/home/user/vision_ws/install/zed_components', 'merge_install': False, 'path': '/home/user/vision_ws/src/zed-ros2-wrapper/zed_components', 'symlink_install': True, 'test_result_base': None}
[1.177s] Level 5:colcon.colcon_core.verb:set package 'zed_topic_benchmark_interfaces' build argument 'cmake_args' from command line to '['-DCMAKE_BUILD_TYPE=Release']'
[1.177s] Level 5:colcon.colcon_core.verb:set package 'zed_topic_benchmark_interfaces' build argument 'cmake_target' from command line to 'None'
[1.177s] Level 5:colcon.colcon_core.verb:set package 'zed_topic_benchmark_interfaces' build argument 'cmake_target_skip_unavailable' from command line to 'False'
[1.177s] Level 5:colcon.colcon_core.verb:set package 'zed_topic_benchmark_interfaces' build argument 'cmake_clean_cache' from command line to 'False'
[1.177s] Level 5:colcon.colcon_core.verb:set package 'zed_topic_benchmark_interfaces' build argument 'cmake_clean_first' from command line to 'False'
[1.177s] Level 5:colcon.colcon_core.verb:set package 'zed_topic_benchmark_interfaces' build argument 'cmake_force_configure' from command line to 'False'
[1.177s] Level 5:colcon.colcon_core.verb:set package 'zed_topic_benchmark_interfaces' build argument 'ament_cmake_args' from command line to 'None'
[1.177s] Level 5:colcon.colcon_core.verb:set package 'zed_topic_benchmark_interfaces' build argument 'catkin_cmake_args' from command line to 'None'
[1.178s] Level 5:colcon.colcon_core.verb:set package 'zed_topic_benchmark_interfaces' build argument 'catkin_skip_building_tests' from command line to 'False'
[1.178s] DEBUG:colcon.colcon_core.verb:Building package 'zed_topic_benchmark_interfaces' with the following arguments: {'ament_cmake_args': None, 'build_base': '/home/user/vision_ws/build/zed_topic_benchmark_interfaces', 'catkin_cmake_args': None, 'catkin_skip_building_tests': False, 'cmake_args': ['-DCMAKE_BUILD_TYPE=Release'], 'cmake_clean_cache': False, 'cmake_clean_first': False, 'cmake_force_configure': False, 'cmake_target': None, 'cmake_target_skip_unavailable': False, 'install_base': '/home/user/vision_ws/install/zed_topic_benchmark_interfaces', 'merge_install': False, 'path': '/home/user/vision_ws/src/zed-ros2-examples/tools/zed_benchmark_interfaces', 'symlink_install': True, 'test_result_base': None}
[1.178s] Level 5:colcon.colcon_core.verb:set package 'zed_tutorial_depth' build argument 'cmake_args' from command line to '['-DCMAKE_BUILD_TYPE=Release']'
[1.178s] Level 5:colcon.colcon_core.verb:set package 'zed_tutorial_depth' build argument 'cmake_target' from command line to 'None'
[1.178s] Level 5:colcon.colcon_core.verb:set package 'zed_tutorial_depth' build argument 'cmake_target_skip_unavailable' from command line to 'False'
[1.178s] Level 5:colcon.colcon_core.verb:set package 'zed_tutorial_depth' build argument 'cmake_clean_cache' from command line to 'False'
[1.178s] Level 5:colcon.colcon_core.verb:set package 'zed_tutorial_depth' build argument 'cmake_clean_first' from command line to 'False'
[1.179s] Level 5:colcon.colcon_core.verb:set package 'zed_tutorial_depth' build argument 'cmake_force_configure' from command line to 'False'
[1.179s] Level 5:colcon.colcon_core.verb:set package 'zed_tutorial_depth' build argument 'ament_cmake_args' from command line to 'None'
[1.179s] Level 5:colcon.colcon_core.verb:set package 'zed_tutorial_depth' build argument 'catkin_cmake_args' from command line to 'None'
[1.179s] Level 5:colcon.colcon_core.verb:set package 'zed_tutorial_depth' build argument 'catkin_skip_building_tests' from command line to 'False'
[1.179s] DEBUG:colcon.colcon_core.verb:Building package 'zed_tutorial_depth' with the following arguments: {'ament_cmake_args': None, 'build_base': '/home/user/vision_ws/build/zed_tutorial_depth', 'catkin_cmake_args': None, 'catkin_skip_building_tests': False, 'cmake_args': ['-DCMAKE_BUILD_TYPE=Release'], 'cmake_clean_cache': False, 'cmake_clean_first': False, 'cmake_force_configure': False, 'cmake_target': None, 'cmake_target_skip_unavailable': False, 'install_base': '/home/user/vision_ws/install/zed_tutorial_depth', 'merge_install': False, 'path': '/home/user/vision_ws/src/zed-ros2-examples/tutorials/zed_depth_tutorial', 'symlink_install': True, 'test_result_base': None}
[1.179s] Level 5:colcon.colcon_core.verb:set package 'zed_tutorial_pos_tracking' build argument 'cmake_args' from command line to '['-DCMAKE_BUILD_TYPE=Release']'
[1.179s] Level 5:colcon.colcon_core.verb:set package 'zed_tutorial_pos_tracking' build argument 'cmake_target' from command line to 'None'
[1.179s] Level 5:colcon.colcon_core.verb:set package 'zed_tutorial_pos_tracking' build argument 'cmake_target_skip_unavailable' from command line to 'False'
[1.180s] Level 5:colcon.colcon_core.verb:set package 'zed_tutorial_pos_tracking' build argument 'cmake_clean_cache' from command line to 'False'
[1.180s] Level 5:colcon.colcon_core.verb:set package 'zed_tutorial_pos_tracking' build argument 'cmake_clean_first' from command line to 'False'
[1.180s] Level 5:colcon.colcon_core.verb:set package 'zed_tutorial_pos_tracking' build argument 'cmake_force_configure' from command line to 'False'
[1.180s] Level 5:colcon.colcon_core.verb:set package 'zed_tutorial_pos_tracking' build argument 'ament_cmake_args' from command line to 'None'
[1.180s] Level 5:colcon.colcon_core.verb:set package 'zed_tutorial_pos_tracking' build argument 'catkin_cmake_args' from command line to 'None'
[1.180s] Level 5:colcon.colcon_core.verb:set package 'zed_tutorial_pos_tracking' build argument 'catkin_skip_building_tests' from command line to 'False'
[1.180s] DEBUG:colcon.colcon_core.verb:Building package 'zed_tutorial_pos_tracking' with the following arguments: {'ament_cmake_args': None, 'build_base': '/home/user/vision_ws/build/zed_tutorial_pos_tracking', 'catkin_cmake_args': None, 'catkin_skip_building_tests': False, 'cmake_args': ['-DCMAKE_BUILD_TYPE=Release'], 'cmake_clean_cache': False, 'cmake_clean_first': False, 'cmake_force_configure': False, 'cmake_target': None, 'cmake_target_skip_unavailable': False, 'install_base': '/home/user/vision_ws/install/zed_tutorial_pos_tracking', 'merge_install': False, 'path': '/home/user/vision_ws/src/zed-ros2-examples/tutorials/zed_pose_tutorial', 'symlink_install': True, 'test_result_base': None}
[1.180s] Level 5:colcon.colcon_core.verb:set package 'zed_tutorial_video' build argument 'cmake_args' from command line to '['-DCMAKE_BUILD_TYPE=Release']'
[1.181s] Level 5:colcon.colcon_core.verb:set package 'zed_tutorial_video' build argument 'cmake_target' from command line to 'None'
[1.181s] Level 5:colcon.colcon_core.verb:set package 'zed_tutorial_video' build argument 'cmake_target_skip_unavailable' from command line to 'False'
[1.181s] Level 5:colcon.colcon_core.verb:set package 'zed_tutorial_video' build argument 'cmake_clean_cache' from command line to 'False'
[1.181s] Level 5:colcon.colcon_core.verb:set package 'zed_tutorial_video' build argument 'cmake_clean_first' from command line to 'False'
[1.181s] Level 5:colcon.colcon_core.verb:set package 'zed_tutorial_video' build argument 'cmake_force_configure' from command line to 'False'
[1.181s] Level 5:colcon.colcon_core.verb:set package 'zed_tutorial_video' build argument 'ament_cmake_args' from command line to 'None'
[1.181s] Level 5:colcon.colcon_core.verb:set package 'zed_tutorial_video' build argument 'catkin_cmake_args' from command line to 'None'
[1.181s] Level 5:colcon.colcon_core.verb:set package 'zed_tutorial_video' build argument 'catkin_skip_building_tests' from command line to 'False'
[1.181s] DEBUG:colcon.colcon_core.verb:Building package 'zed_tutorial_video' with the following arguments: {'ament_cmake_args': None, 'build_base': '/home/user/vision_ws/build/zed_tutorial_video', 'catkin_cmake_args': None, 'catkin_skip_building_tests': False, 'cmake_args': ['-DCMAKE_BUILD_TYPE=Release'], 'cmake_clean_cache': False, 'cmake_clean_first': False, 'cmake_force_configure': False, 'cmake_target': None, 'cmake_target_skip_unavailable': False, 'install_base': '/home/user/vision_ws/install/zed_tutorial_video', 'merge_install': False, 'path': '/home/user/vision_ws/src/zed-ros2-examples/tutorials/zed_video_tutorial', 'symlink_install': True, 'test_result_base': None}
[1.182s] Level 5:colcon.colcon_core.verb:set package 'zed_aruco_localization' build argument 'cmake_args' from command line to '['-DCMAKE_BUILD_TYPE=Release']'
[1.182s] Level 5:colcon.colcon_core.verb:set package 'zed_aruco_localization' build argument 'cmake_target' from command line to 'None'
[1.182s] Level 5:colcon.colcon_core.verb:set package 'zed_aruco_localization' build argument 'cmake_target_skip_unavailable' from command line to 'False'
[1.182s] Level 5:colcon.colcon_core.verb:set package 'zed_aruco_localization' build argument 'cmake_clean_cache' from command line to 'False'
[1.182s] Level 5:colcon.colcon_core.verb:set package 'zed_aruco_localization' build argument 'cmake_clean_first' from command line to 'False'
[1.182s] Level 5:colcon.colcon_core.verb:set package 'zed_aruco_localization' build argument 'cmake_force_configure' from command line to 'False'
[1.182s] Level 5:colcon.colcon_core.verb:set package 'zed_aruco_localization' build argument 'ament_cmake_args' from command line to 'None'
[1.182s] Level 5:colcon.colcon_core.verb:set package 'zed_aruco_localization' build argument 'catkin_cmake_args' from command line to 'None'
[1.182s] Level 5:colcon.colcon_core.verb:set package 'zed_aruco_localization' build argument 'catkin_skip_building_tests' from command line to 'False'
[1.182s] DEBUG:colcon.colcon_core.verb:Building package 'zed_aruco_localization' with the following arguments: {'ament_cmake_args': None, 'build_base': '/home/user/vision_ws/build/zed_aruco_localization', 'catkin_cmake_args': None, 'catkin_skip_building_tests': False, 'cmake_args': ['-DCMAKE_BUILD_TYPE=Release'], 'cmake_clean_cache': False, 'cmake_clean_first': False, 'cmake_force_configure': False, 'cmake_target': None, 'cmake_target_skip_unavailable': False, 'install_base': '/home/user/vision_ws/install/zed_aruco_localization', 'merge_install': False, 'path': '/home/user/vision_ws/src/zed-ros2-examples/examples/zed_aruco_localization', 'symlink_install': True, 'test_result_base': None}
[1.183s] Level 5:colcon.colcon_core.verb:set package 'zed_rgb_convert' build argument 'cmake_args' from command line to '['-DCMAKE_BUILD_TYPE=Release']'
[1.183s] Level 5:colcon.colcon_core.verb:set package 'zed_rgb_convert' build argument 'cmake_target' from command line to 'None'
[1.183s] Level 5:colcon.colcon_core.verb:set package 'zed_rgb_convert' build argument 'cmake_target_skip_unavailable' from command line to 'False'
[1.183s] Level 5:colcon.colcon_core.verb:set package 'zed_rgb_convert' build argument 'cmake_clean_cache' from command line to 'False'
[1.183s] Level 5:colcon.colcon_core.verb:set package 'zed_rgb_convert' build argument 'cmake_clean_first' from command line to 'False'
[1.183s] Level 5:colcon.colcon_core.verb:set package 'zed_rgb_convert' build argument 'cmake_force_configure' from command line to 'False'
[1.183s] Level 5:colcon.colcon_core.verb:set package 'zed_rgb_convert' build argument 'ament_cmake_args' from command line to 'None'
[1.183s] Level 5:colcon.colcon_core.verb:set package 'zed_rgb_convert' build argument 'catkin_cmake_args' from command line to 'None'
[1.183s] Level 5:colcon.colcon_core.verb:set package 'zed_rgb_convert' build argument 'catkin_skip_building_tests' from command line to 'False'
[1.183s] DEBUG:colcon.colcon_core.verb:Building package 'zed_rgb_convert' with the following arguments: {'ament_cmake_args': None, 'build_base': '/home/user/vision_ws/build/zed_rgb_convert', 'catkin_cmake_args': None, 'catkin_skip_building_tests': False, 'cmake_args': ['-DCMAKE_BUILD_TYPE=Release'], 'cmake_clean_cache': False, 'cmake_clean_first': False, 'cmake_force_configure': False, 'cmake_target': None, 'cmake_target_skip_unavailable': False, 'install_base': '/home/user/vision_ws/install/zed_rgb_convert', 'merge_install': False, 'path': '/home/user/vision_ws/src/zed-ros2-examples/tutorials/zed_rgb_convert', 'symlink_install': True, 'test_result_base': None}
[1.184s] Level 5:colcon.colcon_core.verb:set package 'zed_topic_benchmark_component' build argument 'cmake_args' from command line to '['-DCMAKE_BUILD_TYPE=Release']'
[1.184s] Level 5:colcon.colcon_core.verb:set package 'zed_topic_benchmark_component' build argument 'cmake_target' from command line to 'None'
[1.184s] Level 5:colcon.colcon_core.verb:set package 'zed_topic_benchmark_component' build argument 'cmake_target_skip_unavailable' from command line to 'False'
[1.184s] Level 5:colcon.colcon_core.verb:set package 'zed_topic_benchmark_component' build argument 'cmake_clean_cache' from command line to 'False'
[1.184s] Level 5:colcon.colcon_core.verb:set package 'zed_topic_benchmark_component' build argument 'cmake_clean_first' from command line to 'False'
[1.184s] Level 5:colcon.colcon_core.verb:set package 'zed_topic_benchmark_component' build argument 'cmake_force_configure' from command line to 'False'
[1.184s] Level 5:colcon.colcon_core.verb:set package 'zed_topic_benchmark_component' build argument 'ament_cmake_args' from command line to 'None'
[1.184s] Level 5:colcon.colcon_core.verb:set package 'zed_topic_benchmark_component' build argument 'catkin_cmake_args' from command line to 'None'
[1.184s] Level 5:colcon.colcon_core.verb:set package 'zed_topic_benchmark_component' build argument 'catkin_skip_building_tests' from command line to 'False'
[1.184s] DEBUG:colcon.colcon_core.verb:Building package 'zed_topic_benchmark_component' with the following arguments: {'ament_cmake_args': None, 'build_base': '/home/user/vision_ws/build/zed_topic_benchmark_component', 'catkin_cmake_args': None, 'catkin_skip_building_tests': False, 'cmake_args': ['-DCMAKE_BUILD_TYPE=Release'], 'cmake_clean_cache': False, 'cmake_clean_first': False, 'cmake_force_configure': False, 'cmake_target': None, 'cmake_target_skip_unavailable': False, 'install_base': '/home/user/vision_ws/install/zed_topic_benchmark_component', 'merge_install': False, 'path': '/home/user/vision_ws/src/zed-ros2-examples/tools/zed_benchmark_component', 'symlink_install': True, 'test_result_base': None}
[1.185s] Level 5:colcon.colcon_core.verb:set package 'zed_wrapper' build argument 'cmake_args' from command line to '['-DCMAKE_BUILD_TYPE=Release']'
[1.185s] Level 5:colcon.colcon_core.verb:set package 'zed_wrapper' build argument 'cmake_target' from command line to 'None'
[1.185s] Level 5:colcon.colcon_core.verb:set package 'zed_wrapper' build argument 'cmake_target_skip_unavailable' from command line to 'False'
[1.185s] Level 5:colcon.colcon_core.verb:set package 'zed_wrapper' build argument 'cmake_clean_cache' from command line to 'False'
[1.185s] Level 5:colcon.colcon_core.verb:set package 'zed_wrapper' build argument 'cmake_clean_first' from command line to 'False'
[1.185s] Level 5:colcon.colcon_core.verb:set package 'zed_wrapper' build argument 'cmake_force_configure' from command line to 'False'
[1.185s] Level 5:colcon.colcon_core.verb:set package 'zed_wrapper' build argument 'ament_cmake_args' from command line to 'None'
[1.185s] Level 5:colcon.colcon_core.verb:set package 'zed_wrapper' build argument 'catkin_cmake_args' from command line to 'None'
[1.185s] Level 5:colcon.colcon_core.verb:set package 'zed_wrapper' build argument 'catkin_skip_building_tests' from command line to 'False'
[1.185s] DEBUG:colcon.colcon_core.verb:Building package 'zed_wrapper' with the following arguments: {'ament_cmake_args': None, 'build_base': '/home/user/vision_ws/build/zed_wrapper', 'catkin_cmake_args': None, 'catkin_skip_building_tests': False, 'cmake_args': ['-DCMAKE_BUILD_TYPE=Release'], 'cmake_clean_cache': False, 'cmake_clean_first': False, 'cmake_force_configure': False, 'cmake_target': None, 'cmake_target_skip_unavailable': False, 'install_base': '/home/user/vision_ws/install/zed_wrapper', 'merge_install': False, 'path': '/home/user/vision_ws/src/zed-ros2-wrapper/zed_wrapper', 'symlink_install': True, 'test_result_base': None}
[1.186s] Level 5:colcon.colcon_core.verb:set package 'zed_depth_to_laserscan' build argument 'cmake_args' from command line to '['-DCMAKE_BUILD_TYPE=Release']'
[1.186s] Level 5:colcon.colcon_core.verb:set package 'zed_depth_to_laserscan' build argument 'cmake_target' from command line to 'None'
[1.186s] Level 5:colcon.colcon_core.verb:set package 'zed_depth_to_laserscan' build argument 'cmake_target_skip_unavailable' from command line to 'False'
[1.186s] Level 5:colcon.colcon_core.verb:set package 'zed_depth_to_laserscan' build argument 'cmake_clean_cache' from command line to 'False'
[1.186s] Level 5:colcon.colcon_core.verb:set package 'zed_depth_to_laserscan' build argument 'cmake_clean_first' from command line to 'False'
[1.186s] Level 5:colcon.colcon_core.verb:set package 'zed_depth_to_laserscan' build argument 'cmake_force_configure' from command line to 'False'
[1.186s] Level 5:colcon.colcon_core.verb:set package 'zed_depth_to_laserscan' build argument 'ament_cmake_args' from command line to 'None'
[1.186s] Level 5:colcon.colcon_core.verb:set package 'zed_depth_to_laserscan' build argument 'catkin_cmake_args' from command line to 'None'
[1.186s] Level 5:colcon.colcon_core.verb:set package 'zed_depth_to_laserscan' build argument 'catkin_skip_building_tests' from command line to 'False'
[1.187s] DEBUG:colcon.colcon_core.verb:Building package 'zed_depth_to_laserscan' with the following arguments: {'ament_cmake_args': None, 'build_base': '/home/user/vision_ws/build/zed_depth_to_laserscan', 'catkin_cmake_args': None, 'catkin_skip_building_tests': False, 'cmake_args': ['-DCMAKE_BUILD_TYPE=Release'], 'cmake_clean_cache': False, 'cmake_clean_first': False, 'cmake_force_configure': False, 'cmake_target': None, 'cmake_target_skip_unavailable': False, 'install_base': '/home/user/vision_ws/install/zed_depth_to_laserscan', 'merge_install': False, 'path': '/home/user/vision_ws/src/zed-ros2-examples/examples/zed_depth_to_laserscan', 'symlink_install': True, 'test_result_base': None}
[1.187s] Level 5:colcon.colcon_core.verb:set package 'zed_display_rviz2' build argument 'cmake_args' from command line to '['-DCMAKE_BUILD_TYPE=Release']'
[1.187s] Level 5:colcon.colcon_core.verb:set package 'zed_display_rviz2' build argument 'cmake_target' from command line to 'None'
[1.187s] Level 5:colcon.colcon_core.verb:set package 'zed_display_rviz2' build argument 'cmake_target_skip_unavailable' from command line to 'False'
[1.187s] Level 5:colcon.colcon_core.verb:set package 'zed_display_rviz2' build argument 'cmake_clean_cache' from command line to 'False'
[1.187s] Level 5:colcon.colcon_core.verb:set package 'zed_display_rviz2' build argument 'cmake_clean_first' from command line to 'False'
[1.187s] Level 5:colcon.colcon_core.verb:set package 'zed_display_rviz2' build argument 'cmake_force_configure' from command line to 'False'
[1.188s] Level 5:colcon.colcon_core.verb:set package 'zed_display_rviz2' build argument 'ament_cmake_args' from command line to 'None'
[1.188s] Level 5:colcon.colcon_core.verb:set package 'zed_display_rviz2' build argument 'catkin_cmake_args' from command line to 'None'
[1.188s] Level 5:colcon.colcon_core.verb:set package 'zed_display_rviz2' build argument 'catkin_skip_building_tests' from command line to 'False'
[1.188s] DEBUG:colcon.colcon_core.verb:Building package 'zed_display_rviz2' with the following arguments: {'ament_cmake_args': None, 'build_base': '/home/user/vision_ws/build/zed_display_rviz2', 'catkin_cmake_args': None, 'catkin_skip_building_tests': False, 'cmake_args': ['-DCMAKE_BUILD_TYPE=Release'], 'cmake_clean_cache': False, 'cmake_clean_first': False, 'cmake_force_configure': False, 'cmake_target': None, 'cmake_target_skip_unavailable': False, 'install_base': '/home/user/vision_ws/install/zed_display_rviz2', 'merge_install': False, 'path': '/home/user/vision_ws/src/zed-ros2-examples/zed_display_rviz2', 'symlink_install': True, 'test_result_base': None}
[1.188s] Level 5:colcon.colcon_core.verb:set package 'zed_multi_camera' build argument 'cmake_args' from command line to '['-DCMAKE_BUILD_TYPE=Release']'
[1.188s] Level 5:colcon.colcon_core.verb:set package 'zed_multi_camera' build argument 'cmake_target' from command line to 'None'
[1.188s] Level 5:colcon.colcon_core.verb:set package 'zed_multi_camera' build argument 'cmake_target_skip_unavailable' from command line to 'False'
[1.188s] Level 5:colcon.colcon_core.verb:set package 'zed_multi_camera' build argument 'cmake_clean_cache' from command line to 'False'
[1.189s] Level 5:colcon.colcon_core.verb:set package 'zed_multi_camera' build argument 'cmake_clean_first' from command line to 'False'
[1.189s] Level 5:colcon.colcon_core.verb:set package 'zed_multi_camera' build argument 'cmake_force_configure' from command line to 'False'
[1.189s] Level 5:colcon.colcon_core.verb:set package 'zed_multi_camera' build argument 'ament_cmake_args' from command line to 'None'
[1.189s] Level 5:colcon.colcon_core.verb:set package 'zed_multi_camera' build argument 'catkin_cmake_args' from command line to 'None'
[1.189s] Level 5:colcon.colcon_core.verb:set package 'zed_multi_camera' build argument 'catkin_skip_building_tests' from command line to 'False'
[1.189s] DEBUG:colcon.colcon_core.verb:Building package 'zed_multi_camera' with the following arguments: {'ament_cmake_args': None, 'build_base': '/home/user/vision_ws/build/zed_multi_camera', 'catkin_cmake_args': None, 'catkin_skip_building_tests': False, 'cmake_args': ['-DCMAKE_BUILD_TYPE=Release'], 'cmake_clean_cache': False, 'cmake_clean_first': False, 'cmake_force_configure': False, 'cmake_target': None, 'cmake_target_skip_unavailable': False, 'install_base': '/home/user/vision_ws/install/zed_multi_camera', 'merge_install': False, 'path': '/home/user/vision_ws/src/zed-ros2-examples/tutorials/zed_multi_camera', 'symlink_install': True, 'test_result_base': None}
[1.189s] Level 5:colcon.colcon_core.verb:set package 'zed_robot_integration' build argument 'cmake_args' from command line to '['-DCMAKE_BUILD_TYPE=Release']'
[1.190s] Level 5:colcon.colcon_core.verb:set package 'zed_robot_integration' build argument 'cmake_target' from command line to 'None'
[1.190s] Level 5:colcon.colcon_core.verb:set package 'zed_robot_integration' build argument 'cmake_target_skip_unavailable' from command line to 'False'
[1.190s] Level 5:colcon.colcon_core.verb:set package 'zed_robot_integration' build argument 'cmake_clean_cache' from command line to 'False'
[1.190s] Level 5:colcon.colcon_core.verb:set package 'zed_robot_integration' build argument 'cmake_clean_first' from command line to 'False'
[1.190s] Level 5:colcon.colcon_core.verb:set package 'zed_robot_integration' build argument 'cmake_force_configure' from command line to 'False'
[1.190s] Level 5:colcon.colcon_core.verb:set package 'zed_robot_integration' build argument 'ament_cmake_args' from command line to 'None'
[1.190s] Level 5:colcon.colcon_core.verb:set package 'zed_robot_integration' build argument 'catkin_cmake_args' from command line to 'None'
[1.190s] Level 5:colcon.colcon_core.verb:set package 'zed_robot_integration' build argument 'catkin_skip_building_tests' from command line to 'False'
[1.190s] DEBUG:colcon.colcon_core.verb:Building package 'zed_robot_integration' with the following arguments: {'ament_cmake_args': None, 'build_base': '/home/user/vision_ws/build/zed_robot_integration', 'catkin_cmake_args': None, 'catkin_skip_building_tests': False, 'cmake_args': ['-DCMAKE_BUILD_TYPE=Release'], 'cmake_clean_cache': False, 'cmake_clean_first': False, 'cmake_force_configure': False, 'cmake_target': None, 'cmake_target_skip_unavailable': False, 'install_base': '/home/user/vision_ws/install/zed_robot_integration', 'merge_install': False, 'path': '/home/user/vision_ws/src/zed-ros2-examples/tutorials/zed_robot_integration', 'symlink_install': True, 'test_result_base': None}
[1.191s] Level 5:colcon.colcon_core.verb:set package 'zed_ros2' build argument 'cmake_args' from command line to '['-DCMAKE_BUILD_TYPE=Release']'
[1.191s] Level 5:colcon.colcon_core.verb:set package 'zed_ros2' build argument 'cmake_target' from command line to 'None'
[1.191s] Level 5:colcon.colcon_core.verb:set package 'zed_ros2' build argument 'cmake_target_skip_unavailable' from command line to 'False'
[1.191s] Level 5:colcon.colcon_core.verb:set package 'zed_ros2' build argument 'cmake_clean_cache' from command line to 'False'
[1.191s] Level 5:colcon.colcon_core.verb:set package 'zed_ros2' build argument 'cmake_clean_first' from command line to 'False'
[1.191s] Level 5:colcon.colcon_core.verb:set package 'zed_ros2' build argument 'cmake_force_configure' from command line to 'False'
[1.191s] Level 5:colcon.colcon_core.verb:set package 'zed_ros2' build argument 'ament_cmake_args' from command line to 'None'
[1.191s] Level 5:colcon.colcon_core.verb:set package 'zed_ros2' build argument 'catkin_cmake_args' from command line to 'None'
[1.191s] Level 5:colcon.colcon_core.verb:set package 'zed_ros2' build argument 'catkin_skip_building_tests' from command line to 'False'
[1.191s] DEBUG:colcon.colcon_core.verb:Building package 'zed_ros2' with the following arguments: {'ament_cmake_args': None, 'build_base': '/home/user/vision_ws/build/zed_ros2', 'catkin_cmake_args': None, 'catkin_skip_building_tests': False, 'cmake_args': ['-DCMAKE_BUILD_TYPE=Release'], 'cmake_clean_cache': False, 'cmake_clean_first': False, 'cmake_force_configure': False, 'cmake_target': None, 'cmake_target_skip_unavailable': False, 'install_base': '/home/user/vision_ws/install/zed_ros2', 'merge_install': False, 'path': '/home/user/vision_ws/src/zed-ros2-wrapper/zed_ros2', 'symlink_install': True, 'test_result_base': None}
[1.192s] Level 5:colcon.colcon_core.verb:set package 'zed_topic_benchmark' build argument 'cmake_args' from command line to '['-DCMAKE_BUILD_TYPE=Release']'
[1.192s] Level 5:colcon.colcon_core.verb:set package 'zed_topic_benchmark' build argument 'cmake_target' from command line to 'None'
[1.192s] Level 5:colcon.colcon_core.verb:set package 'zed_topic_benchmark' build argument 'cmake_target_skip_unavailable' from command line to 'False'
[1.192s] Level 5:colcon.colcon_core.verb:set package 'zed_topic_benchmark' build argument 'cmake_clean_cache' from command line to 'False'
[1.192s] Level 5:colcon.colcon_core.verb:set package 'zed_topic_benchmark' build argument 'cmake_clean_first' from command line to 'False'
[1.192s] Level 5:colcon.colcon_core.verb:set package 'zed_topic_benchmark' build argument 'cmake_force_configure' from command line to 'False'
[1.192s] Level 5:colcon.colcon_core.verb:set package 'zed_topic_benchmark' build argument 'ament_cmake_args' from command line to 'None'
[1.192s] Level 5:colcon.colcon_core.verb:set package 'zed_topic_benchmark' build argument 'catkin_cmake_args' from command line to 'None'
[1.192s] Level 5:colcon.colcon_core.verb:set package 'zed_topic_benchmark' build argument 'catkin_skip_building_tests' from command line to 'False'
[1.192s] DEBUG:colcon.colcon_core.verb:Building package 'zed_topic_benchmark' with the following arguments: {'ament_cmake_args': None, 'build_base': '/home/user/vision_ws/build/zed_topic_benchmark', 'catkin_cmake_args': None, 'catkin_skip_building_tests': False, 'cmake_args': ['-DCMAKE_BUILD_TYPE=Release'], 'cmake_clean_cache': False, 'cmake_clean_first': False, 'cmake_force_configure': False, 'cmake_target': None, 'cmake_target_skip_unavailable': False, 'install_base': '/home/user/vision_ws/install/zed_topic_benchmark', 'merge_install': False, 'path': '/home/user/vision_ws/src/zed-ros2-examples/tools/zed_benchmark', 'symlink_install': True, 'test_result_base': None}
[1.193s] Level 5:colcon.colcon_core.verb:set package 'zed_ipc' build argument 'cmake_args' from command line to '['-DCMAKE_BUILD_TYPE=Release']'
[1.193s] Level 5:colcon.colcon_core.verb:set package 'zed_ipc' build argument 'cmake_target' from command line to 'None'
[1.193s] Level 5:colcon.colcon_core.verb:set package 'zed_ipc' build argument 'cmake_target_skip_unavailable' from command line to 'False'
[1.193s] Level 5:colcon.colcon_core.verb:set package 'zed_ipc' build argument 'cmake_clean_cache' from command line to 'False'
[1.193s] Level 5:colcon.colcon_core.verb:set package 'zed_ipc' build argument 'cmake_clean_first' from command line to 'False'
[1.193s] Level 5:colcon.colcon_core.verb:set package 'zed_ipc' build argument 'cmake_force_configure' from command line to 'False'
[1.193s] Level 5:colcon.colcon_core.verb:set package 'zed_ipc' build argument 'ament_cmake_args' from command line to 'None'
[1.193s] Level 5:colcon.colcon_core.verb:set package 'zed_ipc' build argument 'catkin_cmake_args' from command line to 'None'
[1.193s] Level 5:colcon.colcon_core.verb:set package 'zed_ipc' build argument 'catkin_skip_building_tests' from command line to 'False'
[1.193s] DEBUG:colcon.colcon_core.verb:Building package 'zed_ipc' with the following arguments: {'ament_cmake_args': None, 'build_base': '/home/user/vision_ws/build/zed_ipc', 'catkin_cmake_args': None, 'catkin_skip_building_tests': False, 'cmake_args': ['-DCMAKE_BUILD_TYPE=Release'], 'cmake_clean_cache': False, 'cmake_clean_first': False, 'cmake_force_configure': False, 'cmake_target': None, 'cmake_target_skip_unavailable': False, 'install_base': '/home/user/vision_ws/install/zed_ipc', 'merge_install': False, 'path': '/home/user/vision_ws/src/zed-ros2-examples/tutorials/zed_ipc', 'symlink_install': True, 'test_result_base': None}
[1.193s] INFO:colcon.colcon_core.executor:Executing jobs using 'parallel' executor
[1.196s] DEBUG:colcon.colcon_parallel_executor.executor.parallel:run_until_complete
[1.197s] INFO:colcon.colcon_ros.task.ament_cmake.build:Building ROS package in '/home/user/vision_ws/src/zed-ros2-wrapper/zed_components' with build type 'ament_cmake'
[1.197s] INFO:colcon.colcon_cmake.task.cmake.build:Building CMake package in '/home/user/vision_ws/src/zed-ros2-wrapper/zed_components'
[1.205s] INFO:colcon.colcon_core.plugin_system:Skipping extension 'colcon_core.shell.bat': Not used on non-Windows systems
[1.206s] INFO:colcon.colcon_core.shell:Skip shell extension 'powershell' for command environment: Not usable outside of PowerShell
[1.206s] DEBUG:colcon.colcon_core.shell:Skip shell extension 'dsv' for command environment
[1.218s] INFO:colcon.colcon_ros.task.ament_cmake.build:Building ROS package in '/home/user/vision_ws/src/zed-ros2-examples/tools/zed_benchmark_interfaces' with build type 'ament_cmake'
[1.218s] INFO:colcon.colcon_cmake.task.cmake.build:Building CMake package in '/home/user/vision_ws/src/zed-ros2-examples/tools/zed_benchmark_interfaces'
[1.219s] INFO:colcon.colcon_core.shell:Skip shell extension 'powershell' for command environment: Not usable outside of PowerShell
[1.221s] DEBUG:colcon.colcon_core.shell:Skip shell extension 'dsv' for command environment
[1.231s] INFO:colcon.colcon_ros.task.ament_cmake.build:Building ROS package in '/home/user/vision_ws/src/zed-ros2-examples/rviz-plugin-zed-od' with build type 'ament_cmake'
[1.232s] INFO:colcon.colcon_cmake.task.cmake.build:Building CMake package in '/home/user/vision_ws/src/zed-ros2-examples/rviz-plugin-zed-od'
[1.232s] INFO:colcon.colcon_core.shell:Skip shell extension 'powershell' for command environment: Not usable outside of PowerShell
[1.233s] DEBUG:colcon.colcon_core.shell:Skip shell extension 'dsv' for command environment
[1.243s] INFO:colcon.colcon_ros.task.ament_cmake.build:Building ROS package in '/home/user/vision_ws/src/zed-ros2-examples/tutorials/zed_depth_tutorial' with build type 'ament_cmake'
[1.243s] INFO:colcon.colcon_cmake.task.cmake.build:Building CMake package in '/home/user/vision_ws/src/zed-ros2-examples/tutorials/zed_depth_tutorial'
[1.244s] INFO:colcon.colcon_core.shell:Skip shell extension 'powershell' for command environment: Not usable outside of PowerShell
[1.244s] DEBUG:colcon.colcon_core.shell:Skip shell extension 'dsv' for command environment
[1.254s] INFO:colcon.colcon_ros.task.ament_cmake.build:Building ROS package in '/home/user/vision_ws/src/zed-ros2-examples/tutorials/zed_pose_tutorial' with build type 'ament_cmake'
[1.254s] INFO:colcon.colcon_cmake.task.cmake.build:Building CMake package in '/home/user/vision_ws/src/zed-ros2-examples/tutorials/zed_pose_tutorial'
[1.255s] INFO:colcon.colcon_core.shell:Skip shell extension 'powershell' for command environment: Not usable outside of PowerShell
[1.255s] DEBUG:colcon.colcon_core.shell:Skip shell extension 'dsv' for command environment
[1.265s] INFO:colcon.colcon_ros.task.ament_cmake.build:Building ROS package in '/home/user/vision_ws/src/zed-ros2-examples/tutorials/zed_video_tutorial' with build type 'ament_cmake'
[1.265s] INFO:colcon.colcon_cmake.task.cmake.build:Building CMake package in '/home/user/vision_ws/src/zed-ros2-examples/tutorials/zed_video_tutorial'
[1.266s] INFO:colcon.colcon_core.shell:Skip shell extension 'powershell' for command environment: Not usable outside of PowerShell
[1.266s] DEBUG:colcon.colcon_core.shell:Skip shell extension 'dsv' for command environment
[1.288s] DEBUG:colcon.colcon_core.event_handler.log_command:Invoking command in '/home/user/vision_ws/build/zed_components': CMAKE_PREFIX_PATH=${CMAKE_PREFIX_PATH}:/home/user/autorover_ws/install/teleop_twist_keyboard:/home/user/autorover_ws/install/autorover_bringup:/opt/ros/humble /usr/bin/cmake /home/user/vision_ws/src/zed-ros2-wrapper/zed_components -DCMAKE_BUILD_TYPE=Release -DAMENT_CMAKE_SYMLINK_INSTALL=1 -DCMAKE_INSTALL_PREFIX=/home/user/vision_ws/install/zed_components
[1.294s] DEBUG:colcon.colcon_core.event_handler.log_command:Invoking command in '/home/user/vision_ws/build/zed_topic_benchmark_interfaces': CMAKE_PREFIX_PATH=${CMAKE_PREFIX_PATH}:/home/user/autorover_ws/install/teleop_twist_keyboard:/home/user/autorover_ws/install/autorover_bringup:/opt/ros/humble /usr/bin/cmake /home/user/vision_ws/src/zed-ros2-examples/tools/zed_benchmark_interfaces -DCMAKE_BUILD_TYPE=Release -DAMENT_CMAKE_SYMLINK_INSTALL=1 -DCMAKE_INSTALL_PREFIX=/home/user/vision_ws/install/zed_topic_benchmark_interfaces
[1.300s] DEBUG:colcon.colcon_core.event_handler.log_command:Invoking command in '/home/user/vision_ws/build/rviz_plugin_zed_od': CMAKE_PREFIX_PATH=${CMAKE_PREFIX_PATH}:/home/user/autorover_ws/install/teleop_twist_keyboard:/home/user/autorover_ws/install/autorover_bringup:/opt/ros/humble /usr/bin/cmake /home/user/vision_ws/src/zed-ros2-examples/rviz-plugin-zed-od -DCMAKE_BUILD_TYPE=Release -DAMENT_CMAKE_SYMLINK_INSTALL=1 -DCMAKE_INSTALL_PREFIX=/home/user/vision_ws/install/rviz_plugin_zed_od
[1.306s] DEBUG:colcon.colcon_core.event_handler.log_command:Invoking command in '/home/user/vision_ws/build/zed_tutorial_depth': CMAKE_PREFIX_PATH=${CMAKE_PREFIX_PATH}:/home/user/autorover_ws/install/teleop_twist_keyboard:/home/user/autorover_ws/install/autorover_bringup:/opt/ros/humble /usr/bin/cmake /home/user/vision_ws/src/zed-ros2-examples/tutorials/zed_depth_tutorial -DCMAKE_BUILD_TYPE=Release -DAMENT_CMAKE_SYMLINK_INSTALL=1 -DCMAKE_INSTALL_PREFIX=/home/user/vision_ws/install/zed_tutorial_depth
[1.311s] DEBUG:colcon.colcon_core.event_handler.log_command:Invoking command in '/home/user/vision_ws/build/zed_tutorial_pos_tracking': CMAKE_PREFIX_PATH=${CMAKE_PREFIX_PATH}:/home/user/autorover_ws/install/teleop_twist_keyboard:/home/user/autorover_ws/install/autorover_bringup:/opt/ros/humble /usr/bin/cmake /home/user/vision_ws/src/zed-ros2-examples/tutorials/zed_pose_tutorial -DCMAKE_BUILD_TYPE=Release -DAMENT_CMAKE_SYMLINK_INSTALL=1 -DCMAKE_INSTALL_PREFIX=/home/user/vision_ws/install/zed_tutorial_pos_tracking
[1.323s] DEBUG:colcon.colcon_core.event_handler.log_command:Invoking command in '/home/user/vision_ws/build/zed_tutorial_video': CMAKE_PREFIX_PATH=${CMAKE_PREFIX_PATH}:/home/user/autorover_ws/install/teleop_twist_keyboard:/home/user/autorover_ws/install/autorover_bringup:/opt/ros/humble /usr/bin/cmake /home/user/vision_ws/src/zed-ros2-examples/tutorials/zed_video_tutorial -DCMAKE_BUILD_TYPE=Release -DAMENT_CMAKE_SYMLINK_INSTALL=1 -DCMAKE_INSTALL_PREFIX=/home/user/vision_ws/install/zed_tutorial_video
[2.597s] DEBUG:colcon.colcon_core.event_handler.log_command:Invoked command in '/home/user/vision_ws/build/zed_tutorial_video' returned '0': CMAKE_PREFIX_PATH=${CMAKE_PREFIX_PATH}:/home/user/autorover_ws/install/teleop_twist_keyboard:/home/user/autorover_ws/install/autorover_bringup:/opt/ros/humble /usr/bin/cmake /home/user/vision_ws/src/zed-ros2-examples/tutorials/zed_video_tutorial -DCMAKE_BUILD_TYPE=Release -DAMENT_CMAKE_SYMLINK_INSTALL=1 -DCMAKE_INSTALL_PREFIX=/home/user/vision_ws/install/zed_tutorial_video
[2.598s] DEBUG:colcon.colcon_core.event_handler.log_command:Invoking command in '/home/user/vision_ws/build/zed_tutorial_video': CMAKE_PREFIX_PATH=${CMAKE_PREFIX_PATH}:/home/user/autorover_ws/install/teleop_twist_keyboard:/home/user/autorover_ws/install/autorover_bringup:/opt/ros/humble /usr/bin/cmake --build /home/user/vision_ws/build/zed_tutorial_video -- -j8 -l8
[2.632s] DEBUG:colcon.colcon_core.event_handler.log_command:Invoked command in '/home/user/vision_ws/build/zed_tutorial_depth' returned '0': CMAKE_PREFIX_PATH=${CMAKE_PREFIX_PATH}:/home/user/autorover_ws/install/teleop_twist_keyboard:/home/user/autorover_ws/install/autorover_bringup:/opt/ros/humble /usr/bin/cmake /home/user/vision_ws/src/zed-ros2-examples/tutorials/zed_depth_tutorial -DCMAKE_BUILD_TYPE=Release -DAMENT_CMAKE_SYMLINK_INSTALL=1 -DCMAKE_INSTALL_PREFIX=/home/user/vision_ws/install/zed_tutorial_depth
[2.635s] DEBUG:colcon.colcon_core.event_handler.log_command:Invoking command in '/home/user/vision_ws/build/zed_tutorial_depth': CMAKE_PREFIX_PATH=${CMAKE_PREFIX_PATH}:/home/user/autorover_ws/install/teleop_twist_keyboard:/home/user/autorover_ws/install/autorover_bringup:/opt/ros/humble /usr/bin/cmake --build /home/user/vision_ws/build/zed_tutorial_depth -- -j8 -l8
[2.777s] DEBUG:colcon.colcon_core.event_handler.log_command:Invoked command in '/home/user/vision_ws/build/zed_tutorial_video' returned '0': CMAKE_PREFIX_PATH=${CMAKE_PREFIX_PATH}:/home/user/autorover_ws/install/teleop_twist_keyboard:/home/user/autorover_ws/install/autorover_bringup:/opt/ros/humble /usr/bin/cmake --build /home/user/vision_ws/build/zed_tutorial_video -- -j8 -l8
[2.799s] DEBUG:colcon.colcon_core.event_handler.log_command:Invoking command in '/home/user/vision_ws/build/zed_tutorial_video': CMAKE_PREFIX_PATH=${CMAKE_PREFIX_PATH}:/home/user/autorover_ws/install/teleop_twist_keyboard:/home/user/autorover_ws/install/autorover_bringup:/opt/ros/humble /usr/bin/cmake --install /home/user/vision_ws/build/zed_tutorial_video
[2.802s] DEBUG:colcon.colcon_core.event_handler.log_command:Invoked command in '/home/user/vision_ws/build/zed_tutorial_depth' returned '0': CMAKE_PREFIX_PATH=${CMAKE_PREFIX_PATH}:/home/user/autorover_ws/install/teleop_twist_keyboard:/home/user/autorover_ws/install/autorover_bringup:/opt/ros/humble /usr/bin/cmake --build /home/user/vision_ws/build/zed_tutorial_depth -- -j8 -l8
[2.805s] DEBUG:colcon.colcon_core.event_handler.log_command:Invoking command in '/home/user/vision_ws/build/zed_tutorial_depth': CMAKE_PREFIX_PATH=${CMAKE_PREFIX_PATH}:/home/user/autorover_ws/install/teleop_twist_keyboard:/home/user/autorover_ws/install/autorover_bringup:/opt/ros/humble /usr/bin/cmake --install /home/user/vision_ws/build/zed_tutorial_depth
[2.841s] DEBUG:colcon.colcon_core.event_handler.log_command:Invoked command in '/home/user/vision_ws/build/zed_tutorial_pos_tracking' returned '0': CMAKE_PREFIX_PATH=${CMAKE_PREFIX_PATH}:/home/user/autorover_ws/install/teleop_twist_keyboard:/home/user/autorover_ws/install/autorover_bringup:/opt/ros/humble /usr/bin/cmake /home/user/vision_ws/src/zed-ros2-examples/tutorials/zed_pose_tutorial -DCMAKE_BUILD_TYPE=Release -DAMENT_CMAKE_SYMLINK_INSTALL=1 -DCMAKE_INSTALL_PREFIX=/home/user/vision_ws/install/zed_tutorial_pos_tracking
[2.842s] DEBUG:colcon.colcon_core.event_handler.log_command:Invoking command in '/home/user/vision_ws/build/zed_tutorial_pos_tracking': CMAKE_PREFIX_PATH=${CMAKE_PREFIX_PATH}:/home/user/autorover_ws/install/teleop_twist_keyboard:/home/user/autorover_ws/install/autorover_bringup:/opt/ros/humble /usr/bin/cmake --build /home/user/vision_ws/build/zed_tutorial_pos_tracking -- -j8 -l8
[2.851s] Level 1:colcon.colcon_core.environment:create_environment_scripts_only(zed_tutorial_video)
[2.852s] DEBUG:colcon.colcon_core.event_handler.log_command:Invoked command in '/home/user/vision_ws/build/zed_tutorial_video' returned '0': CMAKE_PREFIX_PATH=${CMAKE_PREFIX_PATH}:/home/user/autorover_ws/install/teleop_twist_keyboard:/home/user/autorover_ws/install/autorover_bringup:/opt/ros/humble /usr/bin/cmake --install /home/user/vision_ws/build/zed_tutorial_video
[2.862s] Level 1:colcon.colcon_core.environment:checking '/home/user/vision_ws/install/zed_tutorial_video' for CMake module files
[2.863s] Level 1:colcon.colcon_core.environment:checking '/home/user/vision_ws/install/zed_tutorial_video' for CMake config files
[2.864s] Level 1:colcon.colcon_core.shell:create_environment_hook('zed_tutorial_video', 'cmake_prefix_path')
[2.864s] INFO:colcon.colcon_core.shell:Creating environment hook '/home/user/vision_ws/install/zed_tutorial_video/share/zed_tutorial_video/hook/cmake_prefix_path.ps1'
[2.866s] INFO:colcon.colcon_core.shell:Creating environment descriptor '/home/user/vision_ws/install/zed_tutorial_video/share/zed_tutorial_video/hook/cmake_prefix_path.dsv'
[2.867s] INFO:colcon.colcon_core.shell:Creating environment hook '/home/user/vision_ws/install/zed_tutorial_video/share/zed_tutorial_video/hook/cmake_prefix_path.sh'
[2.870s] Level 1:colcon.colcon_core.environment:checking '/home/user/vision_ws/install/zed_tutorial_video/lib'
[2.870s] Level 1:colcon.colcon_core.environment:checking '/home/user/vision_ws/install/zed_tutorial_video/bin'
[2.870s] Level 1:colcon.colcon_core.environment:checking '/home/user/vision_ws/install/zed_tutorial_video/lib/pkgconfig/zed_tutorial_video.pc'
[2.871s] Level 1:colcon.colcon_core.environment:checking '/home/user/vision_ws/install/zed_tutorial_video/lib/python3.10/site-packages'
[2.871s] Level 1:colcon.colcon_core.environment:checking '/home/user/vision_ws/install/zed_tutorial_video/bin'
[2.872s] INFO:colcon.colcon_core.shell:Creating package script '/home/user/vision_ws/install/zed_tutorial_video/share/zed_tutorial_video/package.ps1'
[2.874s] INFO:colcon.colcon_core.shell:Creating package descriptor '/home/user/vision_ws/install/zed_tutorial_video/share/zed_tutorial_video/package.dsv'
[2.875s] INFO:colcon.colcon_core.shell:Creating package script '/home/user/vision_ws/install/zed_tutorial_video/share/zed_tutorial_video/package.sh'
[2.877s] INFO:colcon.colcon_core.shell:Creating package script '/home/user/vision_ws/install/zed_tutorial_video/share/zed_tutorial_video/package.bash'
[2.879s] INFO:colcon.colcon_core.shell:Creating package script '/home/user/vision_ws/install/zed_tutorial_video/share/zed_tutorial_video/package.zsh'
[2.881s] Level 1:colcon.colcon_core.environment:create_file_with_runtime_dependencies(/home/user/vision_ws/install/zed_tutorial_video/share/colcon-core/packages/zed_tutorial_video)
[2.882s] Level 1:colcon.colcon_core.environment:create_environment_scripts_only(zed_tutorial_video)
[2.883s] Level 1:colcon.colcon_core.environment:checking '/home/user/vision_ws/install/zed_tutorial_video' for CMake module files
[2.884s] Level 1:colcon.colcon_core.environment:checking '/home/user/vision_ws/install/zed_tutorial_video' for CMake config files
[2.884s] Level 1:colcon.colcon_core.shell:create_environment_hook('zed_tutorial_video', 'cmake_prefix_path')
[2.885s] INFO:colcon.colcon_core.shell:Creating environment hook '/home/user/vision_ws/install/zed_tutorial_video/share/zed_tutorial_video/hook/cmake_prefix_path.ps1'
[2.886s] INFO:colcon.colcon_core.shell:Creating environment descriptor '/home/user/vision_ws/install/zed_tutorial_video/share/zed_tutorial_video/hook/cmake_prefix_path.dsv'
[2.886s] INFO:colcon.colcon_core.shell:Creating environment hook '/home/user/vision_ws/install/zed_tutorial_video/share/zed_tutorial_video/hook/cmake_prefix_path.sh'
[2.888s] Level 1:colcon.colcon_core.environment:checking '/home/user/vision_ws/install/zed_tutorial_video/lib'
[2.888s] Level 1:colcon.colcon_core.environment:checking '/home/user/vision_ws/install/zed_tutorial_video/bin'
[2.888s] Level 1:colcon.colcon_core.environment:checking '/home/user/vision_ws/install/zed_tutorial_video/lib/pkgconfig/zed_tutorial_video.pc'
[2.888s] Level 1:colcon.colcon_core.environment:checking '/home/user/vision_ws/install/zed_tutorial_video/lib/python3.10/site-packages'
[2.889s] Level 1:colcon.colcon_core.environment:checking '/home/user/vision_ws/install/zed_tutorial_video/bin'
[2.889s] INFO:colcon.colcon_core.shell:Creating package script '/home/user/vision_ws/install/zed_tutorial_video/share/zed_tutorial_video/package.ps1'
[2.890s] INFO:colcon.colcon_core.shell:Creating package descriptor '/home/user/vision_ws/install/zed_tutorial_video/share/zed_tutorial_video/package.dsv'
[2.891s] INFO:colcon.colcon_core.shell:Creating package script '/home/user/vision_ws/install/zed_tutorial_video/share/zed_tutorial_video/package.sh'
[2.892s] INFO:colcon.colcon_core.shell:Creating package script '/home/user/vision_ws/install/zed_tutorial_video/share/zed_tutorial_video/package.bash'
[2.893s] INFO:colcon.colcon_core.shell:Creating package script '/home/user/vision_ws/install/zed_tutorial_video/share/zed_tutorial_video/package.zsh'
[2.894s] Level 1:colcon.colcon_core.environment:create_file_with_runtime_dependencies(/home/user/vision_ws/install/zed_tutorial_video/share/colcon-core/packages/zed_tutorial_video)
[2.898s] Level 1:colcon.colcon_core.environment:create_environment_scripts_only(zed_tutorial_depth)
[2.898s] Level 1:colcon.colcon_core.environment:checking '/home/user/vision_ws/install/zed_tutorial_depth' for CMake module files
[2.899s] DEBUG:colcon.colcon_core.event_handler.log_command:Invoked command in '/home/user/vision_ws/build/zed_tutorial_depth' returned '0': CMAKE_PREFIX_PATH=${CMAKE_PREFIX_PATH}:/home/user/autorover_ws/install/teleop_twist_keyboard:/home/user/autorover_ws/install/autorover_bringup:/opt/ros/humble /usr/bin/cmake --install /home/user/vision_ws/build/zed_tutorial_depth
[2.900s] Level 1:colcon.colcon_core.environment:checking '/home/user/vision_ws/install/zed_tutorial_depth' for CMake config files
[2.901s] Level 1:colcon.colcon_core.shell:create_environment_hook('zed_tutorial_depth', 'cmake_prefix_path')
[2.901s] INFO:colcon.colcon_core.shell:Creating environment hook '/home/user/vision_ws/install/zed_tutorial_depth/share/zed_tutorial_depth/hook/cmake_prefix_path.ps1'
[2.902s] INFO:colcon.colcon_core.shell:Creating environment descriptor '/home/user/vision_ws/install/zed_tutorial_depth/share/zed_tutorial_depth/hook/cmake_prefix_path.dsv'
[2.903s] INFO:colcon.colcon_core.shell:Creating environment hook '/home/user/vision_ws/install/zed_tutorial_depth/share/zed_tutorial_depth/hook/cmake_prefix_path.sh'
[2.904s] Level 1:colcon.colcon_core.environment:checking '/home/user/vision_ws/install/zed_tutorial_depth/lib'
[2.904s] Level 1:colcon.colcon_core.environment:checking '/home/user/vision_ws/install/zed_tutorial_depth/bin'
[2.905s] Level 1:colcon.colcon_core.environment:checking '/home/user/vision_ws/install/zed_tutorial_depth/lib/pkgconfig/zed_tutorial_depth.pc'
[2.905s] Level 1:colcon.colcon_core.environment:checking '/home/user/vision_ws/install/zed_tutorial_depth/lib/python3.10/site-packages'
[2.905s] Level 1:colcon.colcon_core.environment:checking '/home/user/vision_ws/install/zed_tutorial_depth/bin'
[2.906s] INFO:colcon.colcon_core.shell:Creating package script '/home/user/vision_ws/install/zed_tutorial_depth/share/zed_tutorial_depth/package.ps1'
[2.907s] INFO:colcon.colcon_core.shell:Creating package descriptor '/home/user/vision_ws/install/zed_tutorial_depth/share/zed_tutorial_depth/package.dsv'
[2.908s] INFO:colcon.colcon_core.shell:Creating package script '/home/user/vision_ws/install/zed_tutorial_depth/share/zed_tutorial_depth/package.sh'
[2.909s] INFO:colcon.colcon_core.shell:Creating package script '/home/user/vision_ws/install/zed_tutorial_depth/share/zed_tutorial_depth/package.bash'
[2.910s] INFO:colcon.colcon_core.shell:Creating package script '/home/user/vision_ws/install/zed_tutorial_depth/share/zed_tutorial_depth/package.zsh'
[2.910s] Level 1:colcon.colcon_core.environment:create_file_with_runtime_dependencies(/home/user/vision_ws/install/zed_tutorial_depth/share/colcon-core/packages/zed_tutorial_depth)
[2.912s] Level 1:colcon.colcon_core.environment:create_environment_scripts_only(zed_tutorial_depth)
[2.912s] Level 1:colcon.colcon_core.environment:checking '/home/user/vision_ws/install/zed_tutorial_depth' for CMake module files
[2.913s] Level 1:colcon.colcon_core.environment:checking '/home/user/vision_ws/install/zed_tutorial_depth' for CMake config files
[2.914s] Level 1:colcon.colcon_core.shell:create_environment_hook('zed_tutorial_depth', 'cmake_prefix_path')
[2.914s] INFO:colcon.colcon_core.shell:Creating environment hook '/home/user/vision_ws/install/zed_tutorial_depth/share/zed_tutorial_depth/hook/cmake_prefix_path.ps1'
[2.915s] INFO:colcon.colcon_core.shell:Creating environment descriptor '/home/user/vision_ws/install/zed_tutorial_depth/share/zed_tutorial_depth/hook/cmake_prefix_path.dsv'
[2.916s] INFO:colcon.colcon_core.shell:Creating environment hook '/home/user/vision_ws/install/zed_tutorial_depth/share/zed_tutorial_depth/hook/cmake_prefix_path.sh'
[2.918s] Level 1:colcon.colcon_core.environment:checking '/home/user/vision_ws/install/zed_tutorial_depth/lib'
[2.918s] Level 1:colcon.colcon_core.environment:checking '/home/user/vision_ws/install/zed_tutorial_depth/bin'
[2.918s] Level 1:colcon.colcon_core.environment:checking '/home/user/vision_ws/install/zed_tutorial_depth/lib/pkgconfig/zed_tutorial_depth.pc'
[2.919s] Level 1:colcon.colcon_core.environment:checking '/home/user/vision_ws/install/zed_tutorial_depth/lib/python3.10/site-packages'
[2.919s] Level 1:colcon.colcon_core.environment:checking '/home/user/vision_ws/install/zed_tutorial_depth/bin'
[2.920s] INFO:colcon.colcon_core.shell:Creating package script '/home/user/vision_ws/install/zed_tutorial_depth/share/zed_tutorial_depth/package.ps1'
[2.921s] INFO:colcon.colcon_core.shell:Creating package descriptor '/home/user/vision_ws/install/zed_tutorial_depth/share/zed_tutorial_depth/package.dsv'
[2.922s] INFO:colcon.colcon_core.shell:Creating package script '/home/user/vision_ws/install/zed_tutorial_depth/share/zed_tutorial_depth/package.sh'
[2.923s] INFO:colcon.colcon_core.shell:Creating package script '/home/user/vision_ws/install/zed_tutorial_depth/share/zed_tutorial_depth/package.bash'
[2.924s] INFO:colcon.colcon_core.shell:Creating package script '/home/user/vision_ws/install/zed_tutorial_depth/share/zed_tutorial_depth/package.zsh'
[2.925s] Level 1:colcon.colcon_core.environment:create_file_with_runtime_dependencies(/home/user/vision_ws/install/zed_tutorial_depth/share/colcon-core/packages/zed_tutorial_depth)
[2.999s] DEBUG:colcon.colcon_core.event_handler.log_command:Invoked command in '/home/user/vision_ws/build/zed_tutorial_pos_tracking' returned '0': CMAKE_PREFIX_PATH=${CMAKE_PREFIX_PATH}:/home/user/autorover_ws/install/teleop_twist_keyboard:/home/user/autorover_ws/install/autorover_bringup:/opt/ros/humble /usr/bin/cmake --build /home/user/vision_ws/build/zed_tutorial_pos_tracking -- -j8 -l8
[3.003s] DEBUG:colcon.colcon_core.event_handler.log_command:Invoking command in '/home/user/vision_ws/build/zed_tutorial_pos_tracking': CMAKE_PREFIX_PATH=${CMAKE_PREFIX_PATH}:/home/user/autorover_ws/install/teleop_twist_keyboard:/home/user/autorover_ws/install/autorover_bringup:/opt/ros/humble /usr/bin/cmake --install /home/user/vision_ws/build/zed_tutorial_pos_tracking
[3.049s] Level 1:colcon.colcon_core.environment:create_environment_scripts_only(zed_tutorial_pos_tracking)
[3.050s] Level 1:colcon.colcon_core.environment:checking '/home/user/vision_ws/install/zed_tutorial_pos_tracking' for CMake module files
[3.051s] DEBUG:colcon.colcon_core.event_handler.log_command:Invoked command in '/home/user/vision_ws/build/zed_tutorial_pos_tracking' returned '0': CMAKE_PREFIX_PATH=${CMAKE_PREFIX_PATH}:/home/user/autorover_ws/install/teleop_twist_keyboard:/home/user/autorover_ws/install/autorover_bringup:/opt/ros/humble /usr/bin/cmake --install /home/user/vision_ws/build/zed_tutorial_pos_tracking
[3.051s] Level 1:colcon.colcon_core.environment:checking '/home/user/vision_ws/install/zed_tutorial_pos_tracking' for CMake config files
[3.052s] Level 1:colcon.colcon_core.shell:create_environment_hook('zed_tutorial_pos_tracking', 'cmake_prefix_path')
[3.052s] INFO:colcon.colcon_core.shell:Creating environment hook '/home/user/vision_ws/install/zed_tutorial_pos_tracking/share/zed_tutorial_pos_tracking/hook/cmake_prefix_path.ps1'
[3.054s] INFO:colcon.colcon_core.shell:Creating environment descriptor '/home/user/vision_ws/install/zed_tutorial_pos_tracking/share/zed_tutorial_pos_tracking/hook/cmake_prefix_path.dsv'
[3.054s] INFO:colcon.colcon_core.shell:Creating environment hook '/home/user/vision_ws/install/zed_tutorial_pos_tracking/share/zed_tutorial_pos_tracking/hook/cmake_prefix_path.sh'
[3.056s] Level 1:colcon.colcon_core.environment:checking '/home/user/vision_ws/install/zed_tutorial_pos_tracking/lib'
[3.056s] Level 1:colcon.colcon_core.environment:checking '/home/user/vision_ws/install/zed_tutorial_pos_tracking/bin'
[3.056s] Level 1:colcon.colcon_core.environment:checking '/home/user/vision_ws/install/zed_tutorial_pos_tracking/lib/pkgconfig/zed_tutorial_pos_tracking.pc'
[3.057s] Level 1:colcon.colcon_core.environment:checking '/home/user/vision_ws/install/zed_tutorial_pos_tracking/lib/python3.10/site-packages'
[3.057s] Level 1:colcon.colcon_core.environment:checking '/home/user/vision_ws/install/zed_tutorial_pos_tracking/bin'
[3.058s] INFO:colcon.colcon_core.shell:Creating package script '/home/user/vision_ws/install/zed_tutorial_pos_tracking/share/zed_tutorial_pos_tracking/package.ps1'
[3.059s] INFO:colcon.colcon_core.shell:Creating package descriptor '/home/user/vision_ws/install/zed_tutorial_pos_tracking/share/zed_tutorial_pos_tracking/package.dsv'
[3.060s] INFO:colcon.colcon_core.shell:Creating package script '/home/user/vision_ws/install/zed_tutorial_pos_tracking/share/zed_tutorial_pos_tracking/package.sh'
[3.061s] INFO:colcon.colcon_core.shell:Creating package script '/home/user/vision_ws/install/zed_tutorial_pos_tracking/share/zed_tutorial_pos_tracking/package.bash'
[3.062s] INFO:colcon.colcon_core.shell:Creating package script '/home/user/vision_ws/install/zed_tutorial_pos_tracking/share/zed_tutorial_pos_tracking/package.zsh'
[3.062s] Level 1:colcon.colcon_core.environment:create_file_with_runtime_dependencies(/home/user/vision_ws/install/zed_tutorial_pos_tracking/share/colcon-core/packages/zed_tutorial_pos_tracking)
[3.064s] Level 1:colcon.colcon_core.environment:create_environment_scripts_only(zed_tutorial_pos_tracking)
[3.064s] Level 1:colcon.colcon_core.environment:checking '/home/user/vision_ws/install/zed_tutorial_pos_tracking' for CMake module files
[3.065s] Level 1:colcon.colcon_core.environment:checking '/home/user/vision_ws/install/zed_tutorial_pos_tracking' for CMake config files
[3.065s] Level 1:colcon.colcon_core.shell:create_environment_hook('zed_tutorial_pos_tracking', 'cmake_prefix_path')
[3.066s] INFO:colcon.colcon_core.shell:Creating environment hook '/home/user/vision_ws/install/zed_tutorial_pos_tracking/share/zed_tutorial_pos_tracking/hook/cmake_prefix_path.ps1'
[3.067s] INFO:colcon.colcon_core.shell:Creating environment descriptor '/home/user/vision_ws/install/zed_tutorial_pos_tracking/share/zed_tutorial_pos_tracking/hook/cmake_prefix_path.dsv'
[3.067s] INFO:colcon.colcon_core.shell:Creating environment hook '/home/user/vision_ws/install/zed_tutorial_pos_tracking/share/zed_tutorial_pos_tracking/hook/cmake_prefix_path.sh'
[3.069s] Level 1:colcon.colcon_core.environment:checking '/home/user/vision_ws/install/zed_tutorial_pos_tracking/lib'
[3.069s] Level 1:colcon.colcon_core.environment:checking '/home/user/vision_ws/install/zed_tutorial_pos_tracking/bin'
[3.069s] Level 1:colcon.colcon_core.environment:checking '/home/user/vision_ws/install/zed_tutorial_pos_tracking/lib/pkgconfig/zed_tutorial_pos_tracking.pc'
[3.069s] Level 1:colcon.colcon_core.environment:checking '/home/user/vision_ws/install/zed_tutorial_pos_tracking/lib/python3.10/site-packages'
[3.070s] Level 1:colcon.colcon_core.environment:checking '/home/user/vision_ws/install/zed_tutorial_pos_tracking/bin'
[3.070s] INFO:colcon.colcon_core.shell:Creating package script '/home/user/vision_ws/install/zed_tutorial_pos_tracking/share/zed_tutorial_pos_tracking/package.ps1'
[3.072s] INFO:colcon.colcon_core.shell:Creating package descriptor '/home/user/vision_ws/install/zed_tutorial_pos_tracking/share/zed_tutorial_pos_tracking/package.dsv'
[3.073s] INFO:colcon.colcon_core.shell:Creating package script '/home/user/vision_ws/install/zed_tutorial_pos_tracking/share/zed_tutorial_pos_tracking/package.sh'
[3.074s] INFO:colcon.colcon_core.shell:Creating package script '/home/user/vision_ws/install/zed_tutorial_pos_tracking/share/zed_tutorial_pos_tracking/package.bash'
[3.074s] INFO:colcon.colcon_core.shell:Creating package script '/home/user/vision_ws/install/zed_tutorial_pos_tracking/share/zed_tutorial_pos_tracking/package.zsh'
[3.075s] Level 1:colcon.colcon_core.environment:create_file_with_runtime_dependencies(/home/user/vision_ws/install/zed_tutorial_pos_tracking/share/colcon-core/packages/zed_tutorial_pos_tracking)
[3.169s] DEBUG:colcon.colcon_core.event_handler.log_command:Invoked command in '/home/user/vision_ws/build/rviz_plugin_zed_od' returned '0': CMAKE_PREFIX_PATH=${CMAKE_PREFIX_PATH}:/home/user/autorover_ws/install/teleop_twist_keyboard:/home/user/autorover_ws/install/autorover_bringup:/opt/ros/humble /usr/bin/cmake /home/user/vision_ws/src/zed-ros2-examples/rviz-plugin-zed-od -DCMAKE_BUILD_TYPE=Release -DAMENT_CMAKE_SYMLINK_INSTALL=1 -DCMAKE_INSTALL_PREFIX=/home/user/vision_ws/install/rviz_plugin_zed_od
[3.173s] DEBUG:colcon.colcon_core.event_handler.log_command:Invoking command in '/home/user/vision_ws/build/rviz_plugin_zed_od': CMAKE_PREFIX_PATH=${CMAKE_PREFIX_PATH}:/home/user/autorover_ws/install/teleop_twist_keyboard:/home/user/autorover_ws/install/autorover_bringup:/opt/ros/humble /usr/bin/cmake --build /home/user/vision_ws/build/rviz_plugin_zed_od -- -j8 -l8
[3.445s] DEBUG:colcon.colcon_core.event_handler.log_command:Invoked command in '/home/user/vision_ws/build/zed_components' returned '0': CMAKE_PREFIX_PATH=${CMAKE_PREFIX_PATH}:/home/user/autorover_ws/install/teleop_twist_keyboard:/home/user/autorover_ws/install/autorover_bringup:/opt/ros/humble /usr/bin/cmake /home/user/vision_ws/src/zed-ros2-wrapper/zed_components -DCMAKE_BUILD_TYPE=Release -DAMENT_CMAKE_SYMLINK_INSTALL=1 -DCMAKE_INSTALL_PREFIX=/home/user/vision_ws/install/zed_components
[3.448s] DEBUG:colcon.colcon_core.event_handler.log_command:Invoking command in '/home/user/vision_ws/build/zed_components': CMAKE_PREFIX_PATH=${CMAKE_PREFIX_PATH}:/home/user/autorover_ws/install/teleop_twist_keyboard:/home/user/autorover_ws/install/autorover_bringup:/opt/ros/humble /usr/bin/cmake --build /home/user/vision_ws/build/zed_components -- -j8 -l8
[3.456s] DEBUG:colcon.colcon_core.event_handler.log_command:Invoked command in '/home/user/vision_ws/build/rviz_plugin_zed_od' returned '0': CMAKE_PREFIX_PATH=${CMAKE_PREFIX_PATH}:/home/user/autorover_ws/install/teleop_twist_keyboard:/home/user/autorover_ws/install/autorover_bringup:/opt/ros/humble /usr/bin/cmake --build /home/user/vision_ws/build/rviz_plugin_zed_od -- -j8 -l8
[3.459s] DEBUG:colcon.colcon_core.event_handler.log_command:Invoking command in '/home/user/vision_ws/build/rviz_plugin_zed_od': CMAKE_PREFIX_PATH=${CMAKE_PREFIX_PATH}:/home/user/autorover_ws/install/teleop_twist_keyboard:/home/user/autorover_ws/install/autorover_bringup:/opt/ros/humble /usr/bin/cmake --install /home/user/vision_ws/build/rviz_plugin_zed_od
[3.514s] Level 1:colcon.colcon_core.environment:create_environment_scripts_only(rviz_plugin_zed_od)
[3.515s] Level 1:colcon.colcon_core.environment:checking '/home/user/vision_ws/install/rviz_plugin_zed_od' for CMake module files
[3.516s] DEBUG:colcon.colcon_core.event_handler.log_command:Invoked command in '/home/user/vision_ws/build/rviz_plugin_zed_od' returned '0': CMAKE_PREFIX_PATH=${CMAKE_PREFIX_PATH}:/home/user/autorover_ws/install/teleop_twist_keyboard:/home/user/autorover_ws/install/autorover_bringup:/opt/ros/humble /usr/bin/cmake --install /home/user/vision_ws/build/rviz_plugin_zed_od
[3.517s] Level 1:colcon.colcon_core.environment:checking '/home/user/vision_ws/install/rviz_plugin_zed_od' for CMake config files
[3.518s] Level 1:colcon.colcon_core.shell:create_environment_hook('rviz_plugin_zed_od', 'cmake_prefix_path')
[3.518s] INFO:colcon.colcon_core.shell:Creating environment hook '/home/user/vision_ws/install/rviz_plugin_zed_od/share/rviz_plugin_zed_od/hook/cmake_prefix_path.ps1'
[3.520s] INFO:colcon.colcon_core.shell:Creating environment descriptor '/home/user/vision_ws/install/rviz_plugin_zed_od/share/rviz_plugin_zed_od/hook/cmake_prefix_path.dsv'
[3.521s] INFO:colcon.colcon_core.shell:Creating environment hook '/home/user/vision_ws/install/rviz_plugin_zed_od/share/rviz_plugin_zed_od/hook/cmake_prefix_path.sh'
[3.522s] Level 1:colcon.colcon_core.environment:checking '/home/user/vision_ws/install/rviz_plugin_zed_od/lib'
[3.522s] Level 1:colcon.colcon_core.shell:create_environment_hook('rviz_plugin_zed_od', 'ld_library_path_lib')
[3.523s] INFO:colcon.colcon_core.shell:Creating environment hook '/home/user/vision_ws/install/rviz_plugin_zed_od/share/rviz_plugin_zed_od/hook/ld_library_path_lib.ps1'
[3.524s] INFO:colcon.colcon_core.shell:Creating environment descriptor '/home/user/vision_ws/install/rviz_plugin_zed_od/share/rviz_plugin_zed_od/hook/ld_library_path_lib.dsv'
[3.525s] INFO:colcon.colcon_core.shell:Creating environment hook '/home/user/vision_ws/install/rviz_plugin_zed_od/share/rviz_plugin_zed_od/hook/ld_library_path_lib.sh'
[3.526s] Level 1:colcon.colcon_core.environment:checking '/home/user/vision_ws/install/rviz_plugin_zed_od/bin'
[3.526s] Level 1:colcon.colcon_core.environment:checking '/home/user/vision_ws/install/rviz_plugin_zed_od/lib/pkgconfig/rviz_plugin_zed_od.pc'
[3.526s] Level 1:colcon.colcon_core.environment:checking '/home/user/vision_ws/install/rviz_plugin_zed_od/lib/python3.10/site-packages'
[3.527s] Level 1:colcon.colcon_core.environment:checking '/home/user/vision_ws/install/rviz_plugin_zed_od/bin'
[3.528s] INFO:colcon.colcon_core.shell:Creating package script '/home/user/vision_ws/install/rviz_plugin_zed_od/share/rviz_plugin_zed_od/package.ps1'
[3.529s] INFO:colcon.colcon_core.shell:Creating package descriptor '/home/user/vision_ws/install/rviz_plugin_zed_od/share/rviz_plugin_zed_od/package.dsv'
[3.530s] INFO:colcon.colcon_core.shell:Creating package script '/home/user/vision_ws/install/rviz_plugin_zed_od/share/rviz_plugin_zed_od/package.sh'
[3.531s] INFO:colcon.colcon_core.shell:Creating package script '/home/user/vision_ws/install/rviz_plugin_zed_od/share/rviz_plugin_zed_od/package.bash'
[3.532s] INFO:colcon.colcon_core.shell:Creating package script '/home/user/vision_ws/install/rviz_plugin_zed_od/share/rviz_plugin_zed_od/package.zsh'
[3.533s] Level 1:colcon.colcon_core.environment:create_file_with_runtime_dependencies(/home/user/vision_ws/install/rviz_plugin_zed_od/share/colcon-core/packages/rviz_plugin_zed_od)
[3.534s] Level 1:colcon.colcon_core.environment:create_environment_scripts_only(rviz_plugin_zed_od)
[3.535s] Level 1:colcon.colcon_core.environment:checking '/home/user/vision_ws/install/rviz_plugin_zed_od' for CMake module files
[3.536s] Level 1:colcon.colcon_core.environment:checking '/home/user/vision_ws/install/rviz_plugin_zed_od' for CMake config files
[3.537s] Level 1:colcon.colcon_core.shell:create_environment_hook('rviz_plugin_zed_od', 'cmake_prefix_path')
[3.537s] INFO:colcon.colcon_core.shell:Creating environment hook '/home/user/vision_ws/install/rviz_plugin_zed_od/share/rviz_plugin_zed_od/hook/cmake_prefix_path.ps1'
[3.538s] INFO:colcon.colcon_core.shell:Creating environment descriptor '/home/user/vision_ws/install/rviz_plugin_zed_od/share/rviz_plugin_zed_od/hook/cmake_prefix_path.dsv'
[3.539s] INFO:colcon.colcon_core.shell:Creating environment hook '/home/user/vision_ws/install/rviz_plugin_zed_od/share/rviz_plugin_zed_od/hook/cmake_prefix_path.sh'
[3.540s] Level 1:colcon.colcon_core.environment:checking '/home/user/vision_ws/install/rviz_plugin_zed_od/lib'
[3.540s] Level 1:colcon.colcon_core.shell:create_environment_hook('rviz_plugin_zed_od', 'ld_library_path_lib')
[3.541s] INFO:colcon.colcon_core.shell:Creating environment hook '/home/user/vision_ws/install/rviz_plugin_zed_od/share/rviz_plugin_zed_od/hook/ld_library_path_lib.ps1'
[3.542s] INFO:colcon.colcon_core.shell:Creating environment descriptor '/home/user/vision_ws/install/rviz_plugin_zed_od/share/rviz_plugin_zed_od/hook/ld_library_path_lib.dsv'
[3.542s] INFO:colcon.colcon_core.shell:Creating environment hook '/home/user/vision_ws/install/rviz_plugin_zed_od/share/rviz_plugin_zed_od/hook/ld_library_path_lib.sh'
[3.543s] Level 1:colcon.colcon_core.environment:checking '/home/user/vision_ws/install/rviz_plugin_zed_od/bin'
[3.543s] Level 1:colcon.colcon_core.environment:checking '/home/user/vision_ws/install/rviz_plugin_zed_od/lib/pkgconfig/rviz_plugin_zed_od.pc'
[3.544s] Level 1:colcon.colcon_core.environment:checking '/home/user/vision_ws/install/rviz_plugin_zed_od/lib/python3.10/site-packages'
[3.544s] Level 1:colcon.colcon_core.environment:checking '/home/user/vision_ws/install/rviz_plugin_zed_od/bin'
[3.545s] INFO:colcon.colcon_core.shell:Creating package script '/home/user/vision_ws/install/rviz_plugin_zed_od/share/rviz_plugin_zed_od/package.ps1'
[3.546s] INFO:colcon.colcon_core.shell:Creating package descriptor '/home/user/vision_ws/install/rviz_plugin_zed_od/share/rviz_plugin_zed_od/package.dsv'
[3.547s] INFO:colcon.colcon_core.shell:Creating package script '/home/user/vision_ws/install/rviz_plugin_zed_od/share/rviz_plugin_zed_od/package.sh'
[3.548s] INFO:colcon.colcon_core.shell:Creating package script '/home/user/vision_ws/install/rviz_plugin_zed_od/share/rviz_plugin_zed_od/package.bash'
[3.550s] INFO:colcon.colcon_core.shell:Creating package script '/home/user/vision_ws/install/rviz_plugin_zed_od/share/rviz_plugin_zed_od/package.zsh'
[3.551s] Level 1:colcon.colcon_core.environment:create_file_with_runtime_dependencies(/home/user/vision_ws/install/rviz_plugin_zed_od/share/colcon-core/packages/rviz_plugin_zed_od)
[3.654s] DEBUG:colcon.colcon_core.event_handler.log_command:Invoked command in '/home/user/vision_ws/build/zed_components' returned '0': CMAKE_PREFIX_PATH=${CMAKE_PREFIX_PATH}:/home/user/autorover_ws/install/teleop_twist_keyboard:/home/user/autorover_ws/install/autorover_bringup:/opt/ros/humble /usr/bin/cmake --build /home/user/vision_ws/build/zed_components -- -j8 -l8
[3.659s] DEBUG:colcon.colcon_core.event_handler.log_command:Invoking command in '/home/user/vision_ws/build/zed_components': CMAKE_PREFIX_PATH=${CMAKE_PREFIX_PATH}:/home/user/autorover_ws/install/teleop_twist_keyboard:/home/user/autorover_ws/install/autorover_bringup:/opt/ros/humble /usr/bin/cmake --install /home/user/vision_ws/build/zed_components
[3.715s] Level 1:colcon.colcon_core.environment:create_environment_scripts_only(zed_components)
[3.716s] Level 1:colcon.colcon_core.environment:checking '/home/user/vision_ws/install/zed_components' for CMake module files
[3.716s] DEBUG:colcon.colcon_core.event_handler.log_command:Invoked command in '/home/user/vision_ws/build/zed_components' returned '0': CMAKE_PREFIX_PATH=${CMAKE_PREFIX_PATH}:/home/user/autorover_ws/install/teleop_twist_keyboard:/home/user/autorover_ws/install/autorover_bringup:/opt/ros/humble /usr/bin/cmake --install /home/user/vision_ws/build/zed_components
[3.719s] Level 1:colcon.colcon_core.environment:checking '/home/user/vision_ws/install/zed_components' for CMake config files
[3.720s] Level 1:colcon.colcon_core.shell:create_environment_hook('zed_components', 'cmake_prefix_path')
[3.721s] INFO:colcon.colcon_core.shell:Creating environment hook '/home/user/vision_ws/install/zed_components/share/zed_components/hook/cmake_prefix_path.ps1'
[3.723s] INFO:colcon.colcon_core.shell:Creating environment descriptor '/home/user/vision_ws/install/zed_components/share/zed_components/hook/cmake_prefix_path.dsv'
[3.724s] INFO:colcon.colcon_core.shell:Creating environment hook '/home/user/vision_ws/install/zed_components/share/zed_components/hook/cmake_prefix_path.sh'
[3.726s] Level 1:colcon.colcon_core.environment:checking '/home/user/vision_ws/install/zed_components/lib'
[3.726s] Level 1:colcon.colcon_core.shell:create_environment_hook('zed_components', 'ld_library_path_lib')
[3.727s] INFO:colcon.colcon_core.shell:Creating environment hook '/home/user/vision_ws/install/zed_components/share/zed_components/hook/ld_library_path_lib.ps1'
[3.729s] INFO:colcon.colcon_core.shell:Creating environment descriptor '/home/user/vision_ws/install/zed_components/share/zed_components/hook/ld_library_path_lib.dsv'
[3.730s] INFO:colcon.colcon_core.shell:Creating environment hook '/home/user/vision_ws/install/zed_components/share/zed_components/hook/ld_library_path_lib.sh'
[3.731s] Level 1:colcon.colcon_core.environment:checking '/home/user/vision_ws/install/zed_components/bin'
[3.732s] Level 1:colcon.colcon_core.environment:checking '/home/user/vision_ws/install/zed_components/lib/pkgconfig/zed_components.pc'
[3.733s] Level 1:colcon.colcon_core.environment:checking '/home/user/vision_ws/install/zed_components/lib/python3.10/site-packages'
[3.733s] Level 1:colcon.colcon_core.environment:checking '/home/user/vision_ws/install/zed_components/bin'
[3.734s] INFO:colcon.colcon_core.shell:Creating package script '/home/user/vision_ws/install/zed_components/share/zed_components/package.ps1'
[3.736s] INFO:colcon.colcon_core.shell:Creating package descriptor '/home/user/vision_ws/install/zed_components/share/zed_components/package.dsv'
[3.738s] INFO:colcon.colcon_core.shell:Creating package script '/home/user/vision_ws/install/zed_components/share/zed_components/package.sh'
[3.740s] INFO:colcon.colcon_core.shell:Creating package script '/home/user/vision_ws/install/zed_components/share/zed_components/package.bash'
[3.741s] INFO:colcon.colcon_core.shell:Creating package script '/home/user/vision_ws/install/zed_components/share/zed_components/package.zsh'
[3.743s] Level 1:colcon.colcon_core.environment:create_file_with_runtime_dependencies(/home/user/vision_ws/install/zed_components/share/colcon-core/packages/zed_components)
[3.745s] Level 1:colcon.colcon_core.environment:create_environment_scripts_only(zed_components)
[3.745s] Level 1:colcon.colcon_core.environment:checking '/home/user/vision_ws/install/zed_components' for CMake module files
[3.747s] Level 1:colcon.colcon_core.environment:checking '/home/user/vision_ws/install/zed_components' for CMake config files
[3.748s] Level 1:colcon.colcon_core.shell:create_environment_hook('zed_components', 'cmake_prefix_path')
[3.748s] INFO:colcon.colcon_core.shell:Creating environment hook '/home/user/vision_ws/install/zed_components/share/zed_components/hook/cmake_prefix_path.ps1'
[3.749s] INFO:colcon.colcon_core.shell:Creating environment descriptor '/home/user/vision_ws/install/zed_components/share/zed_components/hook/cmake_prefix_path.dsv'
[3.750s] INFO:colcon.colcon_core.shell:Creating environment hook '/home/user/vision_ws/install/zed_components/share/zed_components/hook/cmake_prefix_path.sh'
[3.751s] Level 1:colcon.colcon_core.environment:checking '/home/user/vision_ws/install/zed_components/lib'
[3.751s] Level 1:colcon.colcon_core.shell:create_environment_hook('zed_components', 'ld_library_path_lib')
[3.752s] INFO:colcon.colcon_core.shell:Creating environment hook '/home/user/vision_ws/install/zed_components/share/zed_components/hook/ld_library_path_lib.ps1'
[3.753s] INFO:colcon.colcon_core.shell:Creating environment descriptor '/home/user/vision_ws/install/zed_components/share/zed_components/hook/ld_library_path_lib.dsv'
[3.754s] INFO:colcon.colcon_core.shell:Creating environment hook '/home/user/vision_ws/install/zed_components/share/zed_components/hook/ld_library_path_lib.sh'
[3.755s] Level 1:colcon.colcon_core.environment:checking '/home/user/vision_ws/install/zed_components/bin'
[3.755s] Level 1:colcon.colcon_core.environment:checking '/home/user/vision_ws/install/zed_components/lib/pkgconfig/zed_components.pc'
[3.756s] Level 1:colcon.colcon_core.environment:checking '/home/user/vision_ws/install/zed_components/lib/python3.10/site-packages'
[3.756s] Level 1:colcon.colcon_core.environment:checking '/home/user/vision_ws/install/zed_components/bin'
[3.757s] INFO:colcon.colcon_core.shell:Creating package script '/home/user/vision_ws/install/zed_components/share/zed_components/package.ps1'
[3.759s] INFO:colcon.colcon_core.shell:Creating package descriptor '/home/user/vision_ws/install/zed_components/share/zed_components/package.dsv'
[3.761s] INFO:colcon.colcon_core.shell:Creating package script '/home/user/vision_ws/install/zed_components/share/zed_components/package.sh'
[3.762s] INFO:colcon.colcon_core.shell:Creating package script '/home/user/vision_ws/install/zed_components/share/zed_components/package.bash'
[3.764s] INFO:colcon.colcon_core.shell:Creating package script '/home/user/vision_ws/install/zed_components/share/zed_components/package.zsh'
[3.765s] Level 1:colcon.colcon_core.environment:create_file_with_runtime_dependencies(/home/user/vision_ws/install/zed_components/share/colcon-core/packages/zed_components)
[3.766s] INFO:colcon.colcon_ros.task.ament_cmake.build:Building ROS package in '/home/user/vision_ws/src/zed-ros2-wrapper/zed_wrapper' with build type 'ament_cmake'
[3.766s] INFO:colcon.colcon_cmake.task.cmake.build:Building CMake package in '/home/user/vision_ws/src/zed-ros2-wrapper/zed_wrapper'
[3.767s] INFO:colcon.colcon_core.shell:Skip shell extension 'powershell' for command environment: Not usable outside of PowerShell
[3.768s] DEBUG:colcon.colcon_core.shell:Skip shell extension 'dsv' for command environment
[3.786s] INFO:colcon.colcon_ros.task.ament_cmake.build:Building ROS package in '/home/user/vision_ws/src/zed-ros2-examples/examples/zed_aruco_localization' with build type 'ament_cmake'
[3.787s] INFO:colcon.colcon_cmake.task.cmake.build:Building CMake package in '/home/user/vision_ws/src/zed-ros2-examples/examples/zed_aruco_localization'
[3.787s] INFO:colcon.colcon_core.shell:Skip shell extension 'powershell' for command environment: Not usable outside of PowerShell
[3.787s] DEBUG:colcon.colcon_core.shell:Skip shell extension 'dsv' for command environment
[3.806s] INFO:colcon.colcon_ros.task.ament_cmake.build:Building ROS package in '/home/user/vision_ws/src/zed-ros2-examples/tutorials/zed_rgb_convert' with build type 'ament_cmake'
[3.806s] INFO:colcon.colcon_cmake.task.cmake.build:Building CMake package in '/home/user/vision_ws/src/zed-ros2-examples/tutorials/zed_rgb_convert'
[3.807s] INFO:colcon.colcon_core.shell:Skip shell extension 'powershell' for command environment: Not usable outside of PowerShell
[3.807s] DEBUG:colcon.colcon_core.shell:Skip shell extension 'dsv' for command environment
[3.827s] DEBUG:colcon.colcon_core.event_handler.log_command:Invoking command in '/home/user/vision_ws/build/zed_wrapper': CMAKE_PREFIX_PATH=/home/user/vision_ws/install/zed_components:/home/user/autorover_ws/install/zed_ros2:/home/user/autorover_ws/install/zed_wrapper:/home/user/autorover_ws/install/zed_components:/home/user/autorover_ws/install/robot_localization:/home/user/autorover_ws/install/mavros_extras:/home/user/autorover_ws/install/mavros:/home/user/autorover_ws/install/mavros_msgs:/home/user/autorover_ws/install/libmavconn:/home/user/vision_ws/install/zed_ros2:/home/user/vision_ws/install/zed_robot_integration:/home/user/vision_ws/install/zed_ipc:/home/user/vision_ws/install/zed_multi_camera:/home/user/vision_ws/install/zed_display_rviz2:/home/user/vision_ws/install/zed_depth_to_laserscan:/home/user/vision_ws/install/zed_wrapper:/home/user/vision_ws/install/zed_tutorial_video:/home/user/vision_ws/install/zed_tutorial_pos_tracking:/home/user/vision_ws/install/zed_tutorial_depth:/home/user/vision_ws/install/zed_topic_benchmark:/home/user/vision_ws/install/zed_topic_benchmark_component:/home/user/vision_ws/install/zed_topic_benchmark_interfaces:/home/user/vision_ws/install/zed_rgb_convert:/home/user/vision_ws/install/zed_aruco_localization:/home/user/vision_ws/install/rviz_plugin_zed_od:/home/user/autorover_ws/install/teleop_twist_keyboard:/home/user/autorover_ws/install/autorover_bringup:/opt/ros/humble LD_LIBRARY_PATH=/home/user/vision_ws/install/zed_components/lib:/home/user/autorover_ws/install/zed_components/lib:/home/user/autorover_ws/install/robot_localization/lib:/home/user/autorover_ws/install/mavros_extras/lib:/home/user/autorover_ws/install/mavros/lib:/home/user/autorover_ws/install/mavros_msgs/lib:/home/user/autorover_ws/install/libmavconn/lib:/home/user/vision_ws/install/zed_ipc/lib:/home/user/vision_ws/install/zed_topic_benchmark_component/lib:/home/user/vision_ws/install/zed_topic_benchmark_interfaces/lib:/home/user/vision_ws/install/zed_rgb_convert/lib:/home/user/vision_ws/install/zed_aruco_localization/lib:/home/user/vision_ws/install/rviz_plugin_zed_od/lib:/opt/ros/humble/opt/rviz_ogre_vendor/lib:/opt/ros/humble/lib/aarch64-linux-gnu:/opt/ros/humble/lib /usr/bin/cmake /home/user/vision_ws/src/zed-ros2-wrapper/zed_wrapper -DCMAKE_BUILD_TYPE=Release -DAMENT_CMAKE_SYMLINK_INSTALL=1 -DCMAKE_INSTALL_PREFIX=/home/user/vision_ws/install/zed_wrapper
[3.835s] DEBUG:colcon.colcon_core.event_handler.log_command:Invoking command in '/home/user/vision_ws/build/zed_aruco_localization': CMAKE_PREFIX_PATH=/home/user/vision_ws/install/zed_components:/home/user/autorover_ws/install/zed_ros2:/home/user/autorover_ws/install/zed_wrapper:/home/user/autorover_ws/install/zed_components:/home/user/autorover_ws/install/robot_localization:/home/user/autorover_ws/install/mavros_extras:/home/user/autorover_ws/install/mavros:/home/user/autorover_ws/install/mavros_msgs:/home/user/autorover_ws/install/libmavconn:/home/user/vision_ws/install/zed_ros2:/home/user/vision_ws/install/zed_robot_integration:/home/user/vision_ws/install/zed_ipc:/home/user/vision_ws/install/zed_multi_camera:/home/user/vision_ws/install/zed_display_rviz2:/home/user/vision_ws/install/zed_depth_to_laserscan:/home/user/vision_ws/install/zed_wrapper:/home/user/vision_ws/install/zed_tutorial_video:/home/user/vision_ws/install/zed_tutorial_pos_tracking:/home/user/vision_ws/install/zed_tutorial_depth:/home/user/vision_ws/install/zed_topic_benchmark:/home/user/vision_ws/install/zed_topic_benchmark_component:/home/user/vision_ws/install/zed_topic_benchmark_interfaces:/home/user/vision_ws/install/zed_rgb_convert:/home/user/vision_ws/install/zed_aruco_localization:/home/user/vision_ws/install/rviz_plugin_zed_od:/home/user/autorover_ws/install/teleop_twist_keyboard:/home/user/autorover_ws/install/autorover_bringup:/opt/ros/humble LD_LIBRARY_PATH=/home/user/vision_ws/install/zed_components/lib:/home/user/autorover_ws/install/zed_components/lib:/home/user/autorover_ws/install/robot_localization/lib:/home/user/autorover_ws/install/mavros_extras/lib:/home/user/autorover_ws/install/mavros/lib:/home/user/autorover_ws/install/mavros_msgs/lib:/home/user/autorover_ws/install/libmavconn/lib:/home/user/vision_ws/install/zed_ipc/lib:/home/user/vision_ws/install/zed_topic_benchmark_component/lib:/home/user/vision_ws/install/zed_topic_benchmark_interfaces/lib:/home/user/vision_ws/install/zed_rgb_convert/lib:/home/user/vision_ws/install/zed_aruco_localization/lib:/home/user/vision_ws/install/rviz_plugin_zed_od/lib:/opt/ros/humble/opt/rviz_ogre_vendor/lib:/opt/ros/humble/lib/aarch64-linux-gnu:/opt/ros/humble/lib /usr/bin/cmake /home/user/vision_ws/src/zed-ros2-examples/examples/zed_aruco_localization -DCMAKE_BUILD_TYPE=Release -DAMENT_CMAKE_SYMLINK_INSTALL=1 -DCMAKE_INSTALL_PREFIX=/home/user/vision_ws/install/zed_aruco_localization
[3.842s] DEBUG:colcon.colcon_core.event_handler.log_command:Invoking command in '/home/user/vision_ws/build/zed_rgb_convert': CMAKE_PREFIX_PATH=/home/user/vision_ws/install/zed_components:/home/user/autorover_ws/install/zed_ros2:/home/user/autorover_ws/install/zed_wrapper:/home/user/autorover_ws/install/zed_components:/home/user/autorover_ws/install/robot_localization:/home/user/autorover_ws/install/mavros_extras:/home/user/autorover_ws/install/mavros:/home/user/autorover_ws/install/mavros_msgs:/home/user/autorover_ws/install/libmavconn:/home/user/vision_ws/install/zed_ros2:/home/user/vision_ws/install/zed_robot_integration:/home/user/vision_ws/install/zed_ipc:/home/user/vision_ws/install/zed_multi_camera:/home/user/vision_ws/install/zed_display_rviz2:/home/user/vision_ws/install/zed_depth_to_laserscan:/home/user/vision_ws/install/zed_wrapper:/home/user/vision_ws/install/zed_tutorial_video:/home/user/vision_ws/install/zed_tutorial_pos_tracking:/home/user/vision_ws/install/zed_tutorial_depth:/home/user/vision_ws/install/zed_topic_benchmark:/home/user/vision_ws/install/zed_topic_benchmark_component:/home/user/vision_ws/install/zed_topic_benchmark_interfaces:/home/user/vision_ws/install/zed_rgb_convert:/home/user/vision_ws/install/zed_aruco_localization:/home/user/vision_ws/install/rviz_plugin_zed_od:/home/user/autorover_ws/install/teleop_twist_keyboard:/home/user/autorover_ws/install/autorover_bringup:/opt/ros/humble LD_LIBRARY_PATH=/home/user/vision_ws/install/zed_components/lib:/home/user/autorover_ws/install/zed_components/lib:/home/user/autorover_ws/install/robot_localization/lib:/home/user/autorover_ws/install/mavros_extras/lib:/home/user/autorover_ws/install/mavros/lib:/home/user/autorover_ws/install/mavros_msgs/lib:/home/user/autorover_ws/install/libmavconn/lib:/home/user/vision_ws/install/zed_ipc/lib:/home/user/vision_ws/install/zed_topic_benchmark_component/lib:/home/user/vision_ws/install/zed_topic_benchmark_interfaces/lib:/home/user/vision_ws/install/zed_rgb_convert/lib:/home/user/vision_ws/install/zed_aruco_localization/lib:/home/user/vision_ws/install/rviz_plugin_zed_od/lib:/opt/ros/humble/opt/rviz_ogre_vendor/lib:/opt/ros/humble/lib/aarch64-linux-gnu:/opt/ros/humble/lib /usr/bin/cmake /home/user/vision_ws/src/zed-ros2-examples/tutorials/zed_rgb_convert -DCMAKE_BUILD_TYPE=Release -DAMENT_CMAKE_SYMLINK_INSTALL=1 -DCMAKE_INSTALL_PREFIX=/home/user/vision_ws/install/zed_rgb_convert
[4.139s] DEBUG:colcon.colcon_core.event_handler.log_command:Invoked command in '/home/user/vision_ws/build/zed_topic_benchmark_interfaces' returned '0': CMAKE_PREFIX_PATH=${CMAKE_PREFIX_PATH}:/home/user/autorover_ws/install/teleop_twist_keyboard:/home/user/autorover_ws/install/autorover_bringup:/opt/ros/humble /usr/bin/cmake /home/user/vision_ws/src/zed-ros2-examples/tools/zed_benchmark_interfaces -DCMAKE_BUILD_TYPE=Release -DAMENT_CMAKE_SYMLINK_INSTALL=1 -DCMAKE_INSTALL_PREFIX=/home/user/vision_ws/install/zed_topic_benchmark_interfaces
[4.142s] DEBUG:colcon.colcon_core.event_handler.log_command:Invoking command in '/home/user/vision_ws/build/zed_topic_benchmark_interfaces': CMAKE_PREFIX_PATH=${CMAKE_PREFIX_PATH}:/home/user/autorover_ws/install/teleop_twist_keyboard:/home/user/autorover_ws/install/autorover_bringup:/opt/ros/humble /usr/bin/cmake --build /home/user/vision_ws/build/zed_topic_benchmark_interfaces -- -j8 -l8
[5.004s] DEBUG:colcon.colcon_core.event_handler.log_command:Invoked command in '/home/user/vision_ws/build/zed_topic_benchmark_interfaces' returned '0': CMAKE_PREFIX_PATH=${CMAKE_PREFIX_PATH}:/home/user/autorover_ws/install/teleop_twist_keyboard:/home/user/autorover_ws/install/autorover_bringup:/opt/ros/humble /usr/bin/cmake --build /home/user/vision_ws/build/zed_topic_benchmark_interfaces -- -j8 -l8
[5.008s] DEBUG:colcon.colcon_core.event_handler.log_command:Invoking command in '/home/user/vision_ws/build/zed_topic_benchmark_interfaces': CMAKE_PREFIX_PATH=${CMAKE_PREFIX_PATH}:/home/user/autorover_ws/install/teleop_twist_keyboard:/home/user/autorover_ws/install/autorover_bringup:/opt/ros/humble /usr/bin/cmake --install /home/user/vision_ws/build/zed_topic_benchmark_interfaces
[5.248s] Level 1:colcon.colcon_core.environment:create_environment_scripts_only(zed_topic_benchmark_interfaces)
[5.249s] Level 1:colcon.colcon_core.environment:checking '/home/user/vision_ws/install/zed_topic_benchmark_interfaces' for CMake module files
[5.250s] DEBUG:colcon.colcon_core.event_handler.log_command:Invoked command in '/home/user/vision_ws/build/zed_topic_benchmark_interfaces' returned '0': CMAKE_PREFIX_PATH=${CMAKE_PREFIX_PATH}:/home/user/autorover_ws/install/teleop_twist_keyboard:/home/user/autorover_ws/install/autorover_bringup:/opt/ros/humble /usr/bin/cmake --install /home/user/vision_ws/build/zed_topic_benchmark_interfaces
[5.251s] Level 1:colcon.colcon_core.environment:checking '/home/user/vision_ws/install/zed_topic_benchmark_interfaces' for CMake config files
[5.253s] Level 1:colcon.colcon_core.shell:create_environment_hook('zed_topic_benchmark_interfaces', 'cmake_prefix_path')
[5.253s] INFO:colcon.colcon_core.shell:Creating environment hook '/home/user/vision_ws/install/zed_topic_benchmark_interfaces/share/zed_topic_benchmark_interfaces/hook/cmake_prefix_path.ps1'
[5.255s] INFO:colcon.colcon_core.shell:Creating environment descriptor '/home/user/vision_ws/install/zed_topic_benchmark_interfaces/share/zed_topic_benchmark_interfaces/hook/cmake_prefix_path.dsv'
[5.255s] INFO:colcon.colcon_core.shell:Creating environment hook '/home/user/vision_ws/install/zed_topic_benchmark_interfaces/share/zed_topic_benchmark_interfaces/hook/cmake_prefix_path.sh'
[5.257s] Level 1:colcon.colcon_core.environment:checking '/home/user/vision_ws/install/zed_topic_benchmark_interfaces/lib'
[5.257s] Level 1:colcon.colcon_core.shell:create_environment_hook('zed_topic_benchmark_interfaces', 'ld_library_path_lib')
[5.257s] INFO:colcon.colcon_core.shell:Creating environment hook '/home/user/vision_ws/install/zed_topic_benchmark_interfaces/share/zed_topic_benchmark_interfaces/hook/ld_library_path_lib.ps1'
[5.258s] INFO:colcon.colcon_core.shell:Creating environment descriptor '/home/user/vision_ws/install/zed_topic_benchmark_interfaces/share/zed_topic_benchmark_interfaces/hook/ld_library_path_lib.dsv'
[5.259s] INFO:colcon.colcon_core.shell:Creating environment hook '/home/user/vision_ws/install/zed_topic_benchmark_interfaces/share/zed_topic_benchmark_interfaces/hook/ld_library_path_lib.sh'
[5.260s] Level 1:colcon.colcon_core.environment:checking '/home/user/vision_ws/install/zed_topic_benchmark_interfaces/bin'
[5.260s] Level 1:colcon.colcon_core.environment:checking '/home/user/vision_ws/install/zed_topic_benchmark_interfaces/lib/pkgconfig/zed_topic_benchmark_interfaces.pc'
[5.261s] Level 1:colcon.colcon_core.environment:checking '/home/user/vision_ws/install/zed_topic_benchmark_interfaces/lib/python3.10/site-packages'
[5.261s] Level 1:colcon.colcon_core.environment:checking '/home/user/vision_ws/install/zed_topic_benchmark_interfaces/bin'
[5.262s] INFO:colcon.colcon_core.shell:Creating package script '/home/user/vision_ws/install/zed_topic_benchmark_interfaces/share/zed_topic_benchmark_interfaces/package.ps1'
[5.263s] INFO:colcon.colcon_core.shell:Creating package descriptor '/home/user/vision_ws/install/zed_topic_benchmark_interfaces/share/zed_topic_benchmark_interfaces/package.dsv'
[5.264s] INFO:colcon.colcon_core.shell:Creating package script '/home/user/vision_ws/install/zed_topic_benchmark_interfaces/share/zed_topic_benchmark_interfaces/package.sh'
[5.265s] INFO:colcon.colcon_core.shell:Creating package script '/home/user/vision_ws/install/zed_topic_benchmark_interfaces/share/zed_topic_benchmark_interfaces/package.bash'
[5.266s] INFO:colcon.colcon_core.shell:Creating package script '/home/user/vision_ws/install/zed_topic_benchmark_interfaces/share/zed_topic_benchmark_interfaces/package.zsh'
[5.266s] Level 1:colcon.colcon_core.environment:create_file_with_runtime_dependencies(/home/user/vision_ws/install/zed_topic_benchmark_interfaces/share/colcon-core/packages/zed_topic_benchmark_interfaces)
[5.268s] Level 1:colcon.colcon_core.environment:create_environment_scripts_only(zed_topic_benchmark_interfaces)
[5.268s] Level 1:colcon.colcon_core.environment:checking '/home/user/vision_ws/install/zed_topic_benchmark_interfaces' for CMake module files
[5.269s] Level 1:colcon.colcon_core.environment:checking '/home/user/vision_ws/install/zed_topic_benchmark_interfaces' for CMake config files
[5.271s] Level 1:colcon.colcon_core.shell:create_environment_hook('zed_topic_benchmark_interfaces', 'cmake_prefix_path')
[5.271s] INFO:colcon.colcon_core.shell:Creating environment hook '/home/user/vision_ws/install/zed_topic_benchmark_interfaces/share/zed_topic_benchmark_interfaces/hook/cmake_prefix_path.ps1'
[5.272s] INFO:colcon.colcon_core.shell:Creating environment descriptor '/home/user/vision_ws/install/zed_topic_benchmark_interfaces/share/zed_topic_benchmark_interfaces/hook/cmake_prefix_path.dsv'
[5.273s] INFO:colcon.colcon_core.shell:Creating environment hook '/home/user/vision_ws/install/zed_topic_benchmark_interfaces/share/zed_topic_benchmark_interfaces/hook/cmake_prefix_path.sh'
[5.274s] Level 1:colcon.colcon_core.environment:checking '/home/user/vision_ws/install/zed_topic_benchmark_interfaces/lib'
[5.275s] Level 1:colcon.colcon_core.shell:create_environment_hook('zed_topic_benchmark_interfaces', 'ld_library_path_lib')
[5.275s] INFO:colcon.colcon_core.shell:Creating environment hook '/home/user/vision_ws/install/zed_topic_benchmark_interfaces/share/zed_topic_benchmark_interfaces/hook/ld_library_path_lib.ps1'
[5.276s] INFO:colcon.colcon_core.shell:Creating environment descriptor '/home/user/vision_ws/install/zed_topic_benchmark_interfaces/share/zed_topic_benchmark_interfaces/hook/ld_library_path_lib.dsv'
[5.277s] INFO:colcon.colcon_core.shell:Creating environment hook '/home/user/vision_ws/install/zed_topic_benchmark_interfaces/share/zed_topic_benchmark_interfaces/hook/ld_library_path_lib.sh'
[5.278s] Level 1:colcon.colcon_core.environment:checking '/home/user/vision_ws/install/zed_topic_benchmark_interfaces/bin'
[5.278s] Level 1:colcon.colcon_core.environment:checking '/home/user/vision_ws/install/zed_topic_benchmark_interfaces/lib/pkgconfig/zed_topic_benchmark_interfaces.pc'
[5.279s] Level 1:colcon.colcon_core.environment:checking '/home/user/vision_ws/install/zed_topic_benchmark_interfaces/lib/python3.10/site-packages'
[5.279s] Level 1:colcon.colcon_core.environment:checking '/home/user/vision_ws/install/zed_topic_benchmark_interfaces/bin'
[5.280s] INFO:colcon.colcon_core.shell:Creating package script '/home/user/vision_ws/install/zed_topic_benchmark_interfaces/share/zed_topic_benchmark_interfaces/package.ps1'
[5.281s] INFO:colcon.colcon_core.shell:Creating package descriptor '/home/user/vision_ws/install/zed_topic_benchmark_interfaces/share/zed_topic_benchmark_interfaces/package.dsv'
[5.282s] INFO:colcon.colcon_core.shell:Creating package script '/home/user/vision_ws/install/zed_topic_benchmark_interfaces/share/zed_topic_benchmark_interfaces/package.sh'
[5.283s] INFO:colcon.colcon_core.shell:Creating package script '/home/user/vision_ws/install/zed_topic_benchmark_interfaces/share/zed_topic_benchmark_interfaces/package.bash'
[5.284s] INFO:colcon.colcon_core.shell:Creating package script '/home/user/vision_ws/install/zed_topic_benchmark_interfaces/share/zed_topic_benchmark_interfaces/package.zsh'
[5.285s] Level 1:colcon.colcon_core.environment:create_file_with_runtime_dependencies(/home/user/vision_ws/install/zed_topic_benchmark_interfaces/share/colcon-core/packages/zed_topic_benchmark_interfaces)
[5.286s] INFO:colcon.colcon_ros.task.ament_cmake.build:Building ROS package in '/home/user/vision_ws/src/zed-ros2-examples/tools/zed_benchmark_component' with build type 'ament_cmake'
[5.286s] INFO:colcon.colcon_cmake.task.cmake.build:Building CMake package in '/home/user/vision_ws/src/zed-ros2-examples/tools/zed_benchmark_component'
[5.287s] INFO:colcon.colcon_core.shell:Skip shell extension 'powershell' for command environment: Not usable outside of PowerShell
[5.287s] DEBUG:colcon.colcon_core.shell:Skip shell extension 'dsv' for command environment
[5.313s] DEBUG:colcon.colcon_core.event_handler.log_command:Invoking command in '/home/user/vision_ws/build/zed_topic_benchmark_component': CMAKE_PREFIX_PATH=/home/user/vision_ws/install/zed_topic_benchmark_interfaces:/home/user/autorover_ws/install/zed_ros2:/home/user/autorover_ws/install/zed_wrapper:/home/user/autorover_ws/install/zed_components:/home/user/autorover_ws/install/robot_localization:/home/user/autorover_ws/install/mavros_extras:/home/user/autorover_ws/install/mavros:/home/user/autorover_ws/install/mavros_msgs:/home/user/autorover_ws/install/libmavconn:/home/user/vision_ws/install/zed_ros2:/home/user/vision_ws/install/zed_robot_integration:/home/user/vision_ws/install/zed_ipc:/home/user/vision_ws/install/zed_multi_camera:/home/user/vision_ws/install/zed_display_rviz2:/home/user/vision_ws/install/zed_depth_to_laserscan:/home/user/vision_ws/install/zed_wrapper:/home/user/vision_ws/install/zed_tutorial_video:/home/user/vision_ws/install/zed_tutorial_pos_tracking:/home/user/vision_ws/install/zed_tutorial_depth:/home/user/vision_ws/install/zed_topic_benchmark:/home/user/vision_ws/install/zed_topic_benchmark_component:/home/user/vision_ws/install/zed_rgb_convert:/home/user/vision_ws/install/zed_aruco_localization:/home/user/vision_ws/install/zed_components:/home/user/vision_ws/install/rviz_plugin_zed_od:/home/user/autorover_ws/install/teleop_twist_keyboard:/home/user/autorover_ws/install/autorover_bringup:/opt/ros/humble LD_LIBRARY_PATH=/home/user/vision_ws/install/zed_topic_benchmark_interfaces/lib:/home/user/autorover_ws/install/zed_components/lib:/home/user/autorover_ws/install/robot_localization/lib:/home/user/autorover_ws/install/mavros_extras/lib:/home/user/autorover_ws/install/mavros/lib:/home/user/autorover_ws/install/mavros_msgs/lib:/home/user/autorover_ws/install/libmavconn/lib:/home/user/vision_ws/install/zed_ipc/lib:/home/user/vision_ws/install/zed_topic_benchmark_component/lib:/home/user/vision_ws/install/zed_rgb_convert/lib:/home/user/vision_ws/install/zed_aruco_localization/lib:/home/user/vision_ws/install/zed_components/lib:/home/user/vision_ws/install/rviz_plugin_zed_od/lib:/opt/ros/humble/opt/rviz_ogre_vendor/lib:/opt/ros/humble/lib/aarch64-linux-gnu:/opt/ros/humble/lib /usr/bin/cmake /home/user/vision_ws/src/zed-ros2-examples/tools/zed_benchmark_component -DCMAKE_BUILD_TYPE=Release -DAMENT_CMAKE_SYMLINK_INSTALL=1 -DCMAKE_INSTALL_PREFIX=/home/user/vision_ws/install/zed_topic_benchmark_component
[5.439s] DEBUG:colcon.colcon_core.event_handler.log_command:Invoked command in '/home/user/vision_ws/build/zed_wrapper' returned '0': CMAKE_PREFIX_PATH=/home/user/vision_ws/install/zed_components:/home/user/autorover_ws/install/zed_ros2:/home/user/autorover_ws/install/zed_wrapper:/home/user/autorover_ws/install/zed_components:/home/user/autorover_ws/install/robot_localization:/home/user/autorover_ws/install/mavros_extras:/home/user/autorover_ws/install/mavros:/home/user/autorover_ws/install/mavros_msgs:/home/user/autorover_ws/install/libmavconn:/home/user/vision_ws/install/zed_ros2:/home/user/vision_ws/install/zed_robot_integration:/home/user/vision_ws/install/zed_ipc:/home/user/vision_ws/install/zed_multi_camera:/home/user/vision_ws/install/zed_display_rviz2:/home/user/vision_ws/install/zed_depth_to_laserscan:/home/user/vision_ws/install/zed_wrapper:/home/user/vision_ws/install/zed_tutorial_video:/home/user/vision_ws/install/zed_tutorial_pos_tracking:/home/user/vision_ws/install/zed_tutorial_depth:/home/user/vision_ws/install/zed_topic_benchmark:/home/user/vision_ws/install/zed_topic_benchmark_component:/home/user/vision_ws/install/zed_topic_benchmark_interfaces:/home/user/vision_ws/install/zed_rgb_convert:/home/user/vision_ws/install/zed_aruco_localization:/home/user/vision_ws/install/rviz_plugin_zed_od:/home/user/autorover_ws/install/teleop_twist_keyboard:/home/user/autorover_ws/install/autorover_bringup:/opt/ros/humble LD_LIBRARY_PATH=/home/user/vision_ws/install/zed_components/lib:/home/user/autorover_ws/install/zed_components/lib:/home/user/autorover_ws/install/robot_localization/lib:/home/user/autorover_ws/install/mavros_extras/lib:/home/user/autorover_ws/install/mavros/lib:/home/user/autorover_ws/install/mavros_msgs/lib:/home/user/autorover_ws/install/libmavconn/lib:/home/user/vision_ws/install/zed_ipc/lib:/home/user/vision_ws/install/zed_topic_benchmark_component/lib:/home/user/vision_ws/install/zed_topic_benchmark_interfaces/lib:/home/user/vision_ws/install/zed_rgb_convert/lib:/home/user/vision_ws/install/zed_aruco_localization/lib:/home/user/vision_ws/install/rviz_plugin_zed_od/lib:/opt/ros/humble/opt/rviz_ogre_vendor/lib:/opt/ros/humble/lib/aarch64-linux-gnu:/opt/ros/humble/lib /usr/bin/cmake /home/user/vision_ws/src/zed-ros2-wrapper/zed_wrapper -DCMAKE_BUILD_TYPE=Release -DAMENT_CMAKE_SYMLINK_INSTALL=1 -DCMAKE_INSTALL_PREFIX=/home/user/vision_ws/install/zed_wrapper
[5.442s] DEBUG:colcon.colcon_core.event_handler.log_command:Invoking command in '/home/user/vision_ws/build/zed_wrapper': CMAKE_PREFIX_PATH=/home/user/vision_ws/install/zed_components:/home/user/autorover_ws/install/zed_ros2:/home/user/autorover_ws/install/zed_wrapper:/home/user/autorover_ws/install/zed_components:/home/user/autorover_ws/install/robot_localization:/home/user/autorover_ws/install/mavros_extras:/home/user/autorover_ws/install/mavros:/home/user/autorover_ws/install/mavros_msgs:/home/user/autorover_ws/install/libmavconn:/home/user/vision_ws/install/zed_ros2:/home/user/vision_ws/install/zed_robot_integration:/home/user/vision_ws/install/zed_ipc:/home/user/vision_ws/install/zed_multi_camera:/home/user/vision_ws/install/zed_display_rviz2:/home/user/vision_ws/install/zed_depth_to_laserscan:/home/user/vision_ws/install/zed_wrapper:/home/user/vision_ws/install/zed_tutorial_video:/home/user/vision_ws/install/zed_tutorial_pos_tracking:/home/user/vision_ws/install/zed_tutorial_depth:/home/user/vision_ws/install/zed_topic_benchmark:/home/user/vision_ws/install/zed_topic_benchmark_component:/home/user/vision_ws/install/zed_topic_benchmark_interfaces:/home/user/vision_ws/install/zed_rgb_convert:/home/user/vision_ws/install/zed_aruco_localization:/home/user/vision_ws/install/rviz_plugin_zed_od:/home/user/autorover_ws/install/teleop_twist_keyboard:/home/user/autorover_ws/install/autorover_bringup:/opt/ros/humble LD_LIBRARY_PATH=/home/user/vision_ws/install/zed_components/lib:/home/user/autorover_ws/install/zed_components/lib:/home/user/autorover_ws/install/robot_localization/lib:/home/user/autorover_ws/install/mavros_extras/lib:/home/user/autorover_ws/install/mavros/lib:/home/user/autorover_ws/install/mavros_msgs/lib:/home/user/autorover_ws/install/libmavconn/lib:/home/user/vision_ws/install/zed_ipc/lib:/home/user/vision_ws/install/zed_topic_benchmark_component/lib:/home/user/vision_ws/install/zed_topic_benchmark_interfaces/lib:/home/user/vision_ws/install/zed_rgb_convert/lib:/home/user/vision_ws/install/zed_aruco_localization/lib:/home/user/vision_ws/install/rviz_plugin_zed_od/lib:/opt/ros/humble/opt/rviz_ogre_vendor/lib:/opt/ros/humble/lib/aarch64-linux-gnu:/opt/ros/humble/lib /usr/bin/cmake --build /home/user/vision_ws/build/zed_wrapper -- -j8 -l8
[5.534s] DEBUG:colcon.colcon_core.event_handler.log_command:Invoked command in '/home/user/vision_ws/build/zed_wrapper' returned '0': CMAKE_PREFIX_PATH=/home/user/vision_ws/install/zed_components:/home/user/autorover_ws/install/zed_ros2:/home/user/autorover_ws/install/zed_wrapper:/home/user/autorover_ws/install/zed_components:/home/user/autorover_ws/install/robot_localization:/home/user/autorover_ws/install/mavros_extras:/home/user/autorover_ws/install/mavros:/home/user/autorover_ws/install/mavros_msgs:/home/user/autorover_ws/install/libmavconn:/home/user/vision_ws/install/zed_ros2:/home/user/vision_ws/install/zed_robot_integration:/home/user/vision_ws/install/zed_ipc:/home/user/vision_ws/install/zed_multi_camera:/home/user/vision_ws/install/zed_display_rviz2:/home/user/vision_ws/install/zed_depth_to_laserscan:/home/user/vision_ws/install/zed_wrapper:/home/user/vision_ws/install/zed_tutorial_video:/home/user/vision_ws/install/zed_tutorial_pos_tracking:/home/user/vision_ws/install/zed_tutorial_depth:/home/user/vision_ws/install/zed_topic_benchmark:/home/user/vision_ws/install/zed_topic_benchmark_component:/home/user/vision_ws/install/zed_topic_benchmark_interfaces:/home/user/vision_ws/install/zed_rgb_convert:/home/user/vision_ws/install/zed_aruco_localization:/home/user/vision_ws/install/rviz_plugin_zed_od:/home/user/autorover_ws/install/teleop_twist_keyboard:/home/user/autorover_ws/install/autorover_bringup:/opt/ros/humble LD_LIBRARY_PATH=/home/user/vision_ws/install/zed_components/lib:/home/user/autorover_ws/install/zed_components/lib:/home/user/autorover_ws/install/robot_localization/lib:/home/user/autorover_ws/install/mavros_extras/lib:/home/user/autorover_ws/install/mavros/lib:/home/user/autorover_ws/install/mavros_msgs/lib:/home/user/autorover_ws/install/libmavconn/lib:/home/user/vision_ws/install/zed_ipc/lib:/home/user/vision_ws/install/zed_topic_benchmark_component/lib:/home/user/vision_ws/install/zed_topic_benchmark_interfaces/lib:/home/user/vision_ws/install/zed_rgb_convert/lib:/home/user/vision_ws/install/zed_aruco_localization/lib:/home/user/vision_ws/install/rviz_plugin_zed_od/lib:/opt/ros/humble/opt/rviz_ogre_vendor/lib:/opt/ros/humble/lib/aarch64-linux-gnu:/opt/ros/humble/lib /usr/bin/cmake --build /home/user/vision_ws/build/zed_wrapper -- -j8 -l8
[5.537s] DEBUG:colcon.colcon_core.event_handler.log_command:Invoking command in '/home/user/vision_ws/build/zed_wrapper': CMAKE_PREFIX_PATH=/home/user/vision_ws/install/zed_components:/home/user/autorover_ws/install/zed_ros2:/home/user/autorover_ws/install/zed_wrapper:/home/user/autorover_ws/install/zed_components:/home/user/autorover_ws/install/robot_localization:/home/user/autorover_ws/install/mavros_extras:/home/user/autorover_ws/install/mavros:/home/user/autorover_ws/install/mavros_msgs:/home/user/autorover_ws/install/libmavconn:/home/user/vision_ws/install/zed_ros2:/home/user/vision_ws/install/zed_robot_integration:/home/user/vision_ws/install/zed_ipc:/home/user/vision_ws/install/zed_multi_camera:/home/user/vision_ws/install/zed_display_rviz2:/home/user/vision_ws/install/zed_depth_to_laserscan:/home/user/vision_ws/install/zed_wrapper:/home/user/vision_ws/install/zed_tutorial_video:/home/user/vision_ws/install/zed_tutorial_pos_tracking:/home/user/vision_ws/install/zed_tutorial_depth:/home/user/vision_ws/install/zed_topic_benchmark:/home/user/vision_ws/install/zed_topic_benchmark_component:/home/user/vision_ws/install/zed_topic_benchmark_interfaces:/home/user/vision_ws/install/zed_rgb_convert:/home/user/vision_ws/install/zed_aruco_localization:/home/user/vision_ws/install/rviz_plugin_zed_od:/home/user/autorover_ws/install/teleop_twist_keyboard:/home/user/autorover_ws/install/autorover_bringup:/opt/ros/humble LD_LIBRARY_PATH=/home/user/vision_ws/install/zed_components/lib:/home/user/autorover_ws/install/zed_components/lib:/home/user/autorover_ws/install/robot_localization/lib:/home/user/autorover_ws/install/mavros_extras/lib:/home/user/autorover_ws/install/mavros/lib:/home/user/autorover_ws/install/mavros_msgs/lib:/home/user/autorover_ws/install/libmavconn/lib:/home/user/vision_ws/install/zed_ipc/lib:/home/user/vision_ws/install/zed_topic_benchmark_component/lib:/home/user/vision_ws/install/zed_topic_benchmark_interfaces/lib:/home/user/vision_ws/install/zed_rgb_convert/lib:/home/user/vision_ws/install/zed_aruco_localization/lib:/home/user/vision_ws/install/rviz_plugin_zed_od/lib:/opt/ros/humble/opt/rviz_ogre_vendor/lib:/opt/ros/humble/lib/aarch64-linux-gnu:/opt/ros/humble/lib /usr/bin/cmake --install /home/user/vision_ws/build/zed_wrapper
[5.591s] Level 1:colcon.colcon_core.environment:create_environment_scripts_only(zed_wrapper)
[5.592s] Level 1:colcon.colcon_core.environment:checking '/home/user/vision_ws/install/zed_wrapper' for CMake module files
[5.593s] DEBUG:colcon.colcon_core.event_handler.log_command:Invoked command in '/home/user/vision_ws/build/zed_wrapper' returned '0': CMAKE_PREFIX_PATH=/home/user/vision_ws/install/zed_components:/home/user/autorover_ws/install/zed_ros2:/home/user/autorover_ws/install/zed_wrapper:/home/user/autorover_ws/install/zed_components:/home/user/autorover_ws/install/robot_localization:/home/user/autorover_ws/install/mavros_extras:/home/user/autorover_ws/install/mavros:/home/user/autorover_ws/install/mavros_msgs:/home/user/autorover_ws/install/libmavconn:/home/user/vision_ws/install/zed_ros2:/home/user/vision_ws/install/zed_robot_integration:/home/user/vision_ws/install/zed_ipc:/home/user/vision_ws/install/zed_multi_camera:/home/user/vision_ws/install/zed_display_rviz2:/home/user/vision_ws/install/zed_depth_to_laserscan:/home/user/vision_ws/install/zed_wrapper:/home/user/vision_ws/install/zed_tutorial_video:/home/user/vision_ws/install/zed_tutorial_pos_tracking:/home/user/vision_ws/install/zed_tutorial_depth:/home/user/vision_ws/install/zed_topic_benchmark:/home/user/vision_ws/install/zed_topic_benchmark_component:/home/user/vision_ws/install/zed_topic_benchmark_interfaces:/home/user/vision_ws/install/zed_rgb_convert:/home/user/vision_ws/install/zed_aruco_localization:/home/user/vision_ws/install/rviz_plugin_zed_od:/home/user/autorover_ws/install/teleop_twist_keyboard:/home/user/autorover_ws/install/autorover_bringup:/opt/ros/humble LD_LIBRARY_PATH=/home/user/vision_ws/install/zed_components/lib:/home/user/autorover_ws/install/zed_components/lib:/home/user/autorover_ws/install/robot_localization/lib:/home/user/autorover_ws/install/mavros_extras/lib:/home/user/autorover_ws/install/mavros/lib:/home/user/autorover_ws/install/mavros_msgs/lib:/home/user/autorover_ws/install/libmavconn/lib:/home/user/vision_ws/install/zed_ipc/lib:/home/user/vision_ws/install/zed_topic_benchmark_component/lib:/home/user/vision_ws/install/zed_topic_benchmark_interfaces/lib:/home/user/vision_ws/install/zed_rgb_convert/lib:/home/user/vision_ws/install/zed_aruco_localization/lib:/home/user/vision_ws/install/rviz_plugin_zed_od/lib:/opt/ros/humble/opt/rviz_ogre_vendor/lib:/opt/ros/humble/lib/aarch64-linux-gnu:/opt/ros/humble/lib /usr/bin/cmake --install /home/user/vision_ws/build/zed_wrapper
[5.594s] Level 1:colcon.colcon_core.environment:checking '/home/user/vision_ws/install/zed_wrapper' for CMake config files
[5.595s] Level 1:colcon.colcon_core.shell:create_environment_hook('zed_wrapper', 'cmake_prefix_path')
[5.596s] INFO:colcon.colcon_core.shell:Creating environment hook '/home/user/vision_ws/install/zed_wrapper/share/zed_wrapper/hook/cmake_prefix_path.ps1'
[5.597s] INFO:colcon.colcon_core.shell:Creating environment descriptor '/home/user/vision_ws/install/zed_wrapper/share/zed_wrapper/hook/cmake_prefix_path.dsv'
[5.598s] INFO:colcon.colcon_core.shell:Creating environment hook '/home/user/vision_ws/install/zed_wrapper/share/zed_wrapper/hook/cmake_prefix_path.sh'
[5.600s] Level 1:colcon.colcon_core.environment:checking '/home/user/vision_ws/install/zed_wrapper/bin'
[5.600s] Level 1:colcon.colcon_core.environment:checking '/home/user/vision_ws/install/zed_wrapper/lib/pkgconfig/zed_wrapper.pc'
[5.600s] Level 1:colcon.colcon_core.environment:checking '/home/user/vision_ws/install/zed_wrapper/lib/python3.10/site-packages'
[5.601s] Level 1:colcon.colcon_core.environment:checking '/home/user/vision_ws/install/zed_wrapper/bin'
[5.602s] INFO:colcon.colcon_core.shell:Creating package script '/home/user/vision_ws/install/zed_wrapper/share/zed_wrapper/package.ps1'
[5.603s] INFO:colcon.colcon_core.shell:Creating package descriptor '/home/user/vision_ws/install/zed_wrapper/share/zed_wrapper/package.dsv'
[5.605s] INFO:colcon.colcon_core.shell:Creating package script '/home/user/vision_ws/install/zed_wrapper/share/zed_wrapper/package.sh'
[5.606s] INFO:colcon.colcon_core.shell:Creating package script '/home/user/vision_ws/install/zed_wrapper/share/zed_wrapper/package.bash'
[5.607s] INFO:colcon.colcon_core.shell:Creating package script '/home/user/vision_ws/install/zed_wrapper/share/zed_wrapper/package.zsh'
[5.608s] Level 1:colcon.colcon_core.environment:create_file_with_runtime_dependencies(/home/user/vision_ws/install/zed_wrapper/share/colcon-core/packages/zed_wrapper)
[5.610s] Level 1:colcon.colcon_core.environment:create_environment_scripts_only(zed_wrapper)
[5.610s] Level 1:colcon.colcon_core.environment:checking '/home/user/vision_ws/install/zed_wrapper' for CMake module files
[5.612s] Level 1:colcon.colcon_core.environment:checking '/home/user/vision_ws/install/zed_wrapper' for CMake config files
[5.613s] Level 1:colcon.colcon_core.shell:create_environment_hook('zed_wrapper', 'cmake_prefix_path')
[5.613s] INFO:colcon.colcon_core.shell:Creating environment hook '/home/user/vision_ws/install/zed_wrapper/share/zed_wrapper/hook/cmake_prefix_path.ps1'
[5.614s] INFO:colcon.colcon_core.shell:Creating environment descriptor '/home/user/vision_ws/install/zed_wrapper/share/zed_wrapper/hook/cmake_prefix_path.dsv'
[5.616s] INFO:colcon.colcon_core.shell:Creating environment hook '/home/user/vision_ws/install/zed_wrapper/share/zed_wrapper/hook/cmake_prefix_path.sh'
[5.618s] Level 1:colcon.colcon_core.environment:checking '/home/user/vision_ws/install/zed_wrapper/bin'
[5.619s] Level 1:colcon.colcon_core.environment:checking '/home/user/vision_ws/install/zed_wrapper/lib/pkgconfig/zed_wrapper.pc'
[5.620s] Level 1:colcon.colcon_core.environment:checking '/home/user/vision_ws/install/zed_wrapper/lib/python3.10/site-packages'
[5.621s] Level 1:colcon.colcon_core.environment:checking '/home/user/vision_ws/install/zed_wrapper/bin'
[5.622s] INFO:colcon.colcon_core.shell:Creating package script '/home/user/vision_ws/install/zed_wrapper/share/zed_wrapper/package.ps1'
[5.624s] INFO:colcon.colcon_core.shell:Creating package descriptor '/home/user/vision_ws/install/zed_wrapper/share/zed_wrapper/package.dsv'
[5.626s] INFO:colcon.colcon_core.shell:Creating package script '/home/user/vision_ws/install/zed_wrapper/share/zed_wrapper/package.sh'
[5.627s] INFO:colcon.colcon_core.shell:Creating package script '/home/user/vision_ws/install/zed_wrapper/share/zed_wrapper/package.bash'
[5.629s] INFO:colcon.colcon_core.shell:Creating package script '/home/user/vision_ws/install/zed_wrapper/share/zed_wrapper/package.zsh'
[5.630s] Level 1:colcon.colcon_core.environment:create_file_with_runtime_dependencies(/home/user/vision_ws/install/zed_wrapper/share/colcon-core/packages/zed_wrapper)
[5.631s] INFO:colcon.colcon_ros.task.ament_cmake.build:Building ROS package in '/home/user/vision_ws/src/zed-ros2-examples/tutorials/zed_multi_camera' with build type 'ament_cmake'
[5.632s] INFO:colcon.colcon_cmake.task.cmake.build:Building CMake package in '/home/user/vision_ws/src/zed-ros2-examples/tutorials/zed_multi_camera'
[5.633s] INFO:colcon.colcon_core.shell:Skip shell extension 'powershell' for command environment: Not usable outside of PowerShell
[5.633s] DEBUG:colcon.colcon_core.shell:Skip shell extension 'dsv' for command environment
[5.649s] INFO:colcon.colcon_ros.task.ament_cmake.build:Building ROS package in '/home/user/vision_ws/src/zed-ros2-examples/examples/zed_depth_to_laserscan' with build type 'ament_cmake'
[5.649s] INFO:colcon.colcon_cmake.task.cmake.build:Building CMake package in '/home/user/vision_ws/src/zed-ros2-examples/examples/zed_depth_to_laserscan'
[5.650s] INFO:colcon.colcon_core.shell:Skip shell extension 'powershell' for command environment: Not usable outside of PowerShell
[5.650s] DEBUG:colcon.colcon_core.shell:Skip shell extension 'dsv' for command environment
[5.663s] INFO:colcon.colcon_ros.task.ament_cmake.build:Building ROS package in '/home/user/vision_ws/src/zed-ros2-examples/zed_display_rviz2' with build type 'ament_cmake'
[5.663s] INFO:colcon.colcon_cmake.task.cmake.build:Building CMake package in '/home/user/vision_ws/src/zed-ros2-examples/zed_display_rviz2'
[5.663s] INFO:colcon.colcon_core.shell:Skip shell extension 'powershell' for command environment: Not usable outside of PowerShell
[5.664s] DEBUG:colcon.colcon_core.shell:Skip shell extension 'dsv' for command environment
[5.676s] INFO:colcon.colcon_ros.task.ament_cmake.build:Building ROS package in '/home/user/vision_ws/src/zed-ros2-examples/tutorials/zed_robot_integration' with build type 'ament_cmake'
[5.676s] INFO:colcon.colcon_cmake.task.cmake.build:Building CMake package in '/home/user/vision_ws/src/zed-ros2-examples/tutorials/zed_robot_integration'
[5.677s] INFO:colcon.colcon_core.shell:Skip shell extension 'powershell' for command environment: Not usable outside of PowerShell
[5.677s] DEBUG:colcon.colcon_core.shell:Skip shell extension 'dsv' for command environment
[5.691s] INFO:colcon.colcon_ros.task.ament_cmake.build:Building ROS package in '/home/user/vision_ws/src/zed-ros2-wrapper/zed_ros2' with build type 'ament_cmake'
[5.692s] INFO:colcon.colcon_cmake.task.cmake.build:Building CMake package in '/home/user/vision_ws/src/zed-ros2-wrapper/zed_ros2'
[5.692s] INFO:colcon.colcon_core.shell:Skip shell extension 'powershell' for command environment: Not usable outside of PowerShell
[5.693s] DEBUG:colcon.colcon_core.shell:Skip shell extension 'dsv' for command environment
[5.712s] DEBUG:colcon.colcon_core.event_handler.log_command:Invoked command in '/home/user/vision_ws/build/zed_aruco_localization' returned '0': CMAKE_PREFIX_PATH=/home/user/vision_ws/install/zed_components:/home/user/autorover_ws/install/zed_ros2:/home/user/autorover_ws/install/zed_wrapper:/home/user/autorover_ws/install/zed_components:/home/user/autorover_ws/install/robot_localization:/home/user/autorover_ws/install/mavros_extras:/home/user/autorover_ws/install/mavros:/home/user/autorover_ws/install/mavros_msgs:/home/user/autorover_ws/install/libmavconn:/home/user/vision_ws/install/zed_ros2:/home/user/vision_ws/install/zed_robot_integration:/home/user/vision_ws/install/zed_ipc:/home/user/vision_ws/install/zed_multi_camera:/home/user/vision_ws/install/zed_display_rviz2:/home/user/vision_ws/install/zed_depth_to_laserscan:/home/user/vision_ws/install/zed_wrapper:/home/user/vision_ws/install/zed_tutorial_video:/home/user/vision_ws/install/zed_tutorial_pos_tracking:/home/user/vision_ws/install/zed_tutorial_depth:/home/user/vision_ws/install/zed_topic_benchmark:/home/user/vision_ws/install/zed_topic_benchmark_component:/home/user/vision_ws/install/zed_topic_benchmark_interfaces:/home/user/vision_ws/install/zed_rgb_convert:/home/user/vision_ws/install/zed_aruco_localization:/home/user/vision_ws/install/rviz_plugin_zed_od:/home/user/autorover_ws/install/teleop_twist_keyboard:/home/user/autorover_ws/install/autorover_bringup:/opt/ros/humble LD_LIBRARY_PATH=/home/user/vision_ws/install/zed_components/lib:/home/user/autorover_ws/install/zed_components/lib:/home/user/autorover_ws/install/robot_localization/lib:/home/user/autorover_ws/install/mavros_extras/lib:/home/user/autorover_ws/install/mavros/lib:/home/user/autorover_ws/install/mavros_msgs/lib:/home/user/autorover_ws/install/libmavconn/lib:/home/user/vision_ws/install/zed_ipc/lib:/home/user/vision_ws/install/zed_topic_benchmark_component/lib:/home/user/vision_ws/install/zed_topic_benchmark_interfaces/lib:/home/user/vision_ws/install/zed_rgb_convert/lib:/home/user/vision_ws/install/zed_aruco_localization/lib:/home/user/vision_ws/install/rviz_plugin_zed_od/lib:/opt/ros/humble/opt/rviz_ogre_vendor/lib:/opt/ros/humble/lib/aarch64-linux-gnu:/opt/ros/humble/lib /usr/bin/cmake /home/user/vision_ws/src/zed-ros2-examples/examples/zed_aruco_localization -DCMAKE_BUILD_TYPE=Release -DAMENT_CMAKE_SYMLINK_INSTALL=1 -DCMAKE_INSTALL_PREFIX=/home/user/vision_ws/install/zed_aruco_localization
[5.715s] DEBUG:colcon.colcon_core.event_handler.log_command:Invoking command in '/home/user/vision_ws/build/zed_aruco_localization': CMAKE_PREFIX_PATH=/home/user/vision_ws/install/zed_components:/home/user/autorover_ws/install/zed_ros2:/home/user/autorover_ws/install/zed_wrapper:/home/user/autorover_ws/install/zed_components:/home/user/autorover_ws/install/robot_localization:/home/user/autorover_ws/install/mavros_extras:/home/user/autorover_ws/install/mavros:/home/user/autorover_ws/install/mavros_msgs:/home/user/autorover_ws/install/libmavconn:/home/user/vision_ws/install/zed_ros2:/home/user/vision_ws/install/zed_robot_integration:/home/user/vision_ws/install/zed_ipc:/home/user/vision_ws/install/zed_multi_camera:/home/user/vision_ws/install/zed_display_rviz2:/home/user/vision_ws/install/zed_depth_to_laserscan:/home/user/vision_ws/install/zed_wrapper:/home/user/vision_ws/install/zed_tutorial_video:/home/user/vision_ws/install/zed_tutorial_pos_tracking:/home/user/vision_ws/install/zed_tutorial_depth:/home/user/vision_ws/install/zed_topic_benchmark:/home/user/vision_ws/install/zed_topic_benchmark_component:/home/user/vision_ws/install/zed_topic_benchmark_interfaces:/home/user/vision_ws/install/zed_rgb_convert:/home/user/vision_ws/install/zed_aruco_localization:/home/user/vision_ws/install/rviz_plugin_zed_od:/home/user/autorover_ws/install/teleop_twist_keyboard:/home/user/autorover_ws/install/autorover_bringup:/opt/ros/humble LD_LIBRARY_PATH=/home/user/vision_ws/install/zed_components/lib:/home/user/autorover_ws/install/zed_components/lib:/home/user/autorover_ws/install/robot_localization/lib:/home/user/autorover_ws/install/mavros_extras/lib:/home/user/autorover_ws/install/mavros/lib:/home/user/autorover_ws/install/mavros_msgs/lib:/home/user/autorover_ws/install/libmavconn/lib:/home/user/vision_ws/install/zed_ipc/lib:/home/user/vision_ws/install/zed_topic_benchmark_component/lib:/home/user/vision_ws/install/zed_topic_benchmark_interfaces/lib:/home/user/vision_ws/install/zed_rgb_convert/lib:/home/user/vision_ws/install/zed_aruco_localization/lib:/home/user/vision_ws/install/rviz_plugin_zed_od/lib:/opt/ros/humble/opt/rviz_ogre_vendor/lib:/opt/ros/humble/lib/aarch64-linux-gnu:/opt/ros/humble/lib /usr/bin/cmake --build /home/user/vision_ws/build/zed_aruco_localization -- -j8 -l8
[5.722s] DEBUG:colcon.colcon_core.event_handler.log_command:Invoking command in '/home/user/vision_ws/build/zed_multi_camera': CMAKE_PREFIX_PATH=/home/user/vision_ws/install/zed_wrapper:/home/user/vision_ws/install/zed_components:/home/user/autorover_ws/install/zed_ros2:/home/user/autorover_ws/install/zed_wrapper:/home/user/autorover_ws/install/zed_components:/home/user/autorover_ws/install/robot_localization:/home/user/autorover_ws/install/mavros_extras:/home/user/autorover_ws/install/mavros:/home/user/autorover_ws/install/mavros_msgs:/home/user/autorover_ws/install/libmavconn:/home/user/vision_ws/install/zed_ros2:/home/user/vision_ws/install/zed_robot_integration:/home/user/vision_ws/install/zed_ipc:/home/user/vision_ws/install/zed_multi_camera:/home/user/vision_ws/install/zed_display_rviz2:/home/user/vision_ws/install/zed_depth_to_laserscan:/home/user/vision_ws/install/zed_tutorial_video:/home/user/vision_ws/install/zed_tutorial_pos_tracking:/home/user/vision_ws/install/zed_tutorial_depth:/home/user/vision_ws/install/zed_topic_benchmark:/home/user/vision_ws/install/zed_topic_benchmark_component:/home/user/vision_ws/install/zed_topic_benchmark_interfaces:/home/user/vision_ws/install/zed_rgb_convert:/home/user/vision_ws/install/zed_aruco_localization:/home/user/vision_ws/install/rviz_plugin_zed_od:/home/user/autorover_ws/install/teleop_twist_keyboard:/home/user/autorover_ws/install/autorover_bringup:/opt/ros/humble LD_LIBRARY_PATH=/home/user/vision_ws/install/zed_components/lib:/home/user/autorover_ws/install/zed_components/lib:/home/user/autorover_ws/install/robot_localization/lib:/home/user/autorover_ws/install/mavros_extras/lib:/home/user/autorover_ws/install/mavros/lib:/home/user/autorover_ws/install/mavros_msgs/lib:/home/user/autorover_ws/install/libmavconn/lib:/home/user/vision_ws/install/zed_ipc/lib:/home/user/vision_ws/install/zed_topic_benchmark_component/lib:/home/user/vision_ws/install/zed_topic_benchmark_interfaces/lib:/home/user/vision_ws/install/zed_rgb_convert/lib:/home/user/vision_ws/install/zed_aruco_localization/lib:/home/user/vision_ws/install/rviz_plugin_zed_od/lib:/opt/ros/humble/opt/rviz_ogre_vendor/lib:/opt/ros/humble/lib/aarch64-linux-gnu:/opt/ros/humble/lib /usr/bin/cmake /home/user/vision_ws/src/zed-ros2-examples/tutorials/zed_multi_camera -DCMAKE_BUILD_TYPE=Release -DAMENT_CMAKE_SYMLINK_INSTALL=1 -DCMAKE_INSTALL_PREFIX=/home/user/vision_ws/install/zed_multi_camera
[5.728s] DEBUG:colcon.colcon_core.event_handler.log_command:Invoking command in '/home/user/vision_ws/build/zed_depth_to_laserscan': CMAKE_PREFIX_PATH=/home/user/vision_ws/install/zed_wrapper:/home/user/vision_ws/install/zed_components:/home/user/autorover_ws/install/zed_ros2:/home/user/autorover_ws/install/zed_wrapper:/home/user/autorover_ws/install/zed_components:/home/user/autorover_ws/install/robot_localization:/home/user/autorover_ws/install/mavros_extras:/home/user/autorover_ws/install/mavros:/home/user/autorover_ws/install/mavros_msgs:/home/user/autorover_ws/install/libmavconn:/home/user/vision_ws/install/zed_ros2:/home/user/vision_ws/install/zed_robot_integration:/home/user/vision_ws/install/zed_ipc:/home/user/vision_ws/install/zed_multi_camera:/home/user/vision_ws/install/zed_display_rviz2:/home/user/vision_ws/install/zed_depth_to_laserscan:/home/user/vision_ws/install/zed_tutorial_video:/home/user/vision_ws/install/zed_tutorial_pos_tracking:/home/user/vision_ws/install/zed_tutorial_depth:/home/user/vision_ws/install/zed_topic_benchmark:/home/user/vision_ws/install/zed_topic_benchmark_component:/home/user/vision_ws/install/zed_topic_benchmark_interfaces:/home/user/vision_ws/install/zed_rgb_convert:/home/user/vision_ws/install/zed_aruco_localization:/home/user/vision_ws/install/rviz_plugin_zed_od:/home/user/autorover_ws/install/teleop_twist_keyboard:/home/user/autorover_ws/install/autorover_bringup:/opt/ros/humble LD_LIBRARY_PATH=/home/user/vision_ws/install/zed_components/lib:/home/user/autorover_ws/install/zed_components/lib:/home/user/autorover_ws/install/robot_localization/lib:/home/user/autorover_ws/install/mavros_extras/lib:/home/user/autorover_ws/install/mavros/lib:/home/user/autorover_ws/install/mavros_msgs/lib:/home/user/autorover_ws/install/libmavconn/lib:/home/user/vision_ws/install/zed_ipc/lib:/home/user/vision_ws/install/zed_topic_benchmark_component/lib:/home/user/vision_ws/install/zed_topic_benchmark_interfaces/lib:/home/user/vision_ws/install/zed_rgb_convert/lib:/home/user/vision_ws/install/zed_aruco_localization/lib:/home/user/vision_ws/install/rviz_plugin_zed_od/lib:/opt/ros/humble/opt/rviz_ogre_vendor/lib:/opt/ros/humble/lib/aarch64-linux-gnu:/opt/ros/humble/lib /usr/bin/cmake /home/user/vision_ws/src/zed-ros2-examples/examples/zed_depth_to_laserscan -DCMAKE_BUILD_TYPE=Release -DAMENT_CMAKE_SYMLINK_INSTALL=1 -DCMAKE_INSTALL_PREFIX=/home/user/vision_ws/install/zed_depth_to_laserscan
[5.734s] DEBUG:colcon.colcon_core.event_handler.log_command:Invoking command in '/home/user/vision_ws/build/zed_display_rviz2': CMAKE_PREFIX_PATH=/home/user/vision_ws/install/zed_wrapper:/home/user/vision_ws/install/zed_components:/home/user/autorover_ws/install/zed_ros2:/home/user/autorover_ws/install/zed_wrapper:/home/user/autorover_ws/install/zed_components:/home/user/autorover_ws/install/robot_localization:/home/user/autorover_ws/install/mavros_extras:/home/user/autorover_ws/install/mavros:/home/user/autorover_ws/install/mavros_msgs:/home/user/autorover_ws/install/libmavconn:/home/user/vision_ws/install/zed_ros2:/home/user/vision_ws/install/zed_robot_integration:/home/user/vision_ws/install/zed_ipc:/home/user/vision_ws/install/zed_multi_camera:/home/user/vision_ws/install/zed_display_rviz2:/home/user/vision_ws/install/zed_depth_to_laserscan:/home/user/vision_ws/install/zed_tutorial_video:/home/user/vision_ws/install/zed_tutorial_pos_tracking:/home/user/vision_ws/install/zed_tutorial_depth:/home/user/vision_ws/install/zed_topic_benchmark:/home/user/vision_ws/install/zed_topic_benchmark_component:/home/user/vision_ws/install/zed_topic_benchmark_interfaces:/home/user/vision_ws/install/zed_rgb_convert:/home/user/vision_ws/install/zed_aruco_localization:/home/user/vision_ws/install/rviz_plugin_zed_od:/home/user/autorover_ws/install/teleop_twist_keyboard:/home/user/autorover_ws/install/autorover_bringup:/opt/ros/humble LD_LIBRARY_PATH=/home/user/vision_ws/install/zed_components/lib:/home/user/autorover_ws/install/zed_components/lib:/home/user/autorover_ws/install/robot_localization/lib:/home/user/autorover_ws/install/mavros_extras/lib:/home/user/autorover_ws/install/mavros/lib:/home/user/autorover_ws/install/mavros_msgs/lib:/home/user/autorover_ws/install/libmavconn/lib:/home/user/vision_ws/install/zed_ipc/lib:/home/user/vision_ws/install/zed_topic_benchmark_component/lib:/home/user/vision_ws/install/zed_topic_benchmark_interfaces/lib:/home/user/vision_ws/install/zed_rgb_convert/lib:/home/user/vision_ws/install/zed_aruco_localization/lib:/home/user/vision_ws/install/rviz_plugin_zed_od/lib:/opt/ros/humble/opt/rviz_ogre_vendor/lib:/opt/ros/humble/lib/aarch64-linux-gnu:/opt/ros/humble/lib /usr/bin/cmake /home/user/vision_ws/src/zed-ros2-examples/zed_display_rviz2 -DCMAKE_BUILD_TYPE=Release -DAMENT_CMAKE_SYMLINK_INSTALL=1 -DCMAKE_INSTALL_PREFIX=/home/user/vision_ws/install/zed_display_rviz2
[5.759s] DEBUG:colcon.colcon_core.event_handler.log_command:Invoking command in '/home/user/vision_ws/build/zed_robot_integration': CMAKE_PREFIX_PATH=/home/user/vision_ws/install/zed_wrapper:/home/user/vision_ws/install/zed_components:/home/user/autorover_ws/install/zed_ros2:/home/user/autorover_ws/install/zed_wrapper:/home/user/autorover_ws/install/zed_components:/home/user/autorover_ws/install/robot_localization:/home/user/autorover_ws/install/mavros_extras:/home/user/autorover_ws/install/mavros:/home/user/autorover_ws/install/mavros_msgs:/home/user/autorover_ws/install/libmavconn:/home/user/vision_ws/install/zed_ros2:/home/user/vision_ws/install/zed_robot_integration:/home/user/vision_ws/install/zed_ipc:/home/user/vision_ws/install/zed_multi_camera:/home/user/vision_ws/install/zed_display_rviz2:/home/user/vision_ws/install/zed_depth_to_laserscan:/home/user/vision_ws/install/zed_tutorial_video:/home/user/vision_ws/install/zed_tutorial_pos_tracking:/home/user/vision_ws/install/zed_tutorial_depth:/home/user/vision_ws/install/zed_topic_benchmark:/home/user/vision_ws/install/zed_topic_benchmark_component:/home/user/vision_ws/install/zed_topic_benchmark_interfaces:/home/user/vision_ws/install/zed_rgb_convert:/home/user/vision_ws/install/zed_aruco_localization:/home/user/vision_ws/install/rviz_plugin_zed_od:/home/user/autorover_ws/install/teleop_twist_keyboard:/home/user/autorover_ws/install/autorover_bringup:/opt/ros/humble LD_LIBRARY_PATH=/home/user/vision_ws/install/zed_components/lib:/home/user/autorover_ws/install/zed_components/lib:/home/user/autorover_ws/install/robot_localization/lib:/home/user/autorover_ws/install/mavros_extras/lib:/home/user/autorover_ws/install/mavros/lib:/home/user/autorover_ws/install/mavros_msgs/lib:/home/user/autorover_ws/install/libmavconn/lib:/home/user/vision_ws/install/zed_ipc/lib:/home/user/vision_ws/install/zed_topic_benchmark_component/lib:/home/user/vision_ws/install/zed_topic_benchmark_interfaces/lib:/home/user/vision_ws/install/zed_rgb_convert/lib:/home/user/vision_ws/install/zed_aruco_localization/lib:/home/user/vision_ws/install/rviz_plugin_zed_od/lib:/opt/ros/humble/opt/rviz_ogre_vendor/lib:/opt/ros/humble/lib/aarch64-linux-gnu:/opt/ros/humble/lib /usr/bin/cmake /home/user/vision_ws/src/zed-ros2-examples/tutorials/zed_robot_integration -DCMAKE_BUILD_TYPE=Release -DAMENT_CMAKE_SYMLINK_INSTALL=1 -DCMAKE_INSTALL_PREFIX=/home/user/vision_ws/install/zed_robot_integration
[5.780s] DEBUG:colcon.colcon_core.event_handler.log_command:Invoking command in '/home/user/vision_ws/build/zed_ros2': CMAKE_PREFIX_PATH=/home/user/vision_ws/install/zed_wrapper:/home/user/vision_ws/install/zed_components:/home/user/autorover_ws/install/zed_ros2:/home/user/autorover_ws/install/zed_wrapper:/home/user/autorover_ws/install/zed_components:/home/user/autorover_ws/install/robot_localization:/home/user/autorover_ws/install/mavros_extras:/home/user/autorover_ws/install/mavros:/home/user/autorover_ws/install/mavros_msgs:/home/user/autorover_ws/install/libmavconn:/home/user/vision_ws/install/zed_ros2:/home/user/vision_ws/install/zed_robot_integration:/home/user/vision_ws/install/zed_ipc:/home/user/vision_ws/install/zed_multi_camera:/home/user/vision_ws/install/zed_display_rviz2:/home/user/vision_ws/install/zed_depth_to_laserscan:/home/user/vision_ws/install/zed_tutorial_video:/home/user/vision_ws/install/zed_tutorial_pos_tracking:/home/user/vision_ws/install/zed_tutorial_depth:/home/user/vision_ws/install/zed_topic_benchmark:/home/user/vision_ws/install/zed_topic_benchmark_component:/home/user/vision_ws/install/zed_topic_benchmark_interfaces:/home/user/vision_ws/install/zed_rgb_convert:/home/user/vision_ws/install/zed_aruco_localization:/home/user/vision_ws/install/rviz_plugin_zed_od:/home/user/autorover_ws/install/teleop_twist_keyboard:/home/user/autorover_ws/install/autorover_bringup:/opt/ros/humble LD_LIBRARY_PATH=/home/user/vision_ws/install/zed_components/lib:/home/user/autorover_ws/install/zed_components/lib:/home/user/autorover_ws/install/robot_localization/lib:/home/user/autorover_ws/install/mavros_extras/lib:/home/user/autorover_ws/install/mavros/lib:/home/user/autorover_ws/install/mavros_msgs/lib:/home/user/autorover_ws/install/libmavconn/lib:/home/user/vision_ws/install/zed_ipc/lib:/home/user/vision_ws/install/zed_topic_benchmark_component/lib:/home/user/vision_ws/install/zed_topic_benchmark_interfaces/lib:/home/user/vision_ws/install/zed_rgb_convert/lib:/home/user/vision_ws/install/zed_aruco_localization/lib:/home/user/vision_ws/install/rviz_plugin_zed_od/lib:/opt/ros/humble/opt/rviz_ogre_vendor/lib:/opt/ros/humble/lib/aarch64-linux-gnu:/opt/ros/humble/lib /usr/bin/cmake /home/user/vision_ws/src/zed-ros2-wrapper/zed_ros2 -DCMAKE_BUILD_TYPE=Release -DAMENT_CMAKE_SYMLINK_INSTALL=1 -DCMAKE_INSTALL_PREFIX=/home/user/vision_ws/install/zed_ros2
[5.901s] DEBUG:colcon.colcon_core.event_handler.log_command:Invoked command in '/home/user/vision_ws/build/zed_aruco_localization' returned '0': CMAKE_PREFIX_PATH=/home/user/vision_ws/install/zed_components:/home/user/autorover_ws/install/zed_ros2:/home/user/autorover_ws/install/zed_wrapper:/home/user/autorover_ws/install/zed_components:/home/user/autorover_ws/install/robot_localization:/home/user/autorover_ws/install/mavros_extras:/home/user/autorover_ws/install/mavros:/home/user/autorover_ws/install/mavros_msgs:/home/user/autorover_ws/install/libmavconn:/home/user/vision_ws/install/zed_ros2:/home/user/vision_ws/install/zed_robot_integration:/home/user/vision_ws/install/zed_ipc:/home/user/vision_ws/install/zed_multi_camera:/home/user/vision_ws/install/zed_display_rviz2:/home/user/vision_ws/install/zed_depth_to_laserscan:/home/user/vision_ws/install/zed_wrapper:/home/user/vision_ws/install/zed_tutorial_video:/home/user/vision_ws/install/zed_tutorial_pos_tracking:/home/user/vision_ws/install/zed_tutorial_depth:/home/user/vision_ws/install/zed_topic_benchmark:/home/user/vision_ws/install/zed_topic_benchmark_component:/home/user/vision_ws/install/zed_topic_benchmark_interfaces:/home/user/vision_ws/install/zed_rgb_convert:/home/user/vision_ws/install/zed_aruco_localization:/home/user/vision_ws/install/rviz_plugin_zed_od:/home/user/autorover_ws/install/teleop_twist_keyboard:/home/user/autorover_ws/install/autorover_bringup:/opt/ros/humble LD_LIBRARY_PATH=/home/user/vision_ws/install/zed_components/lib:/home/user/autorover_ws/install/zed_components/lib:/home/user/autorover_ws/install/robot_localization/lib:/home/user/autorover_ws/install/mavros_extras/lib:/home/user/autorover_ws/install/mavros/lib:/home/user/autorover_ws/install/mavros_msgs/lib:/home/user/autorover_ws/install/libmavconn/lib:/home/user/vision_ws/install/zed_ipc/lib:/home/user/vision_ws/install/zed_topic_benchmark_component/lib:/home/user/vision_ws/install/zed_topic_benchmark_interfaces/lib:/home/user/vision_ws/install/zed_rgb_convert/lib:/home/user/vision_ws/install/zed_aruco_localization/lib:/home/user/vision_ws/install/rviz_plugin_zed_od/lib:/opt/ros/humble/opt/rviz_ogre_vendor/lib:/opt/ros/humble/lib/aarch64-linux-gnu:/opt/ros/humble/lib /usr/bin/cmake --build /home/user/vision_ws/build/zed_aruco_localization -- -j8 -l8
[5.907s] DEBUG:colcon.colcon_core.event_handler.log_command:Invoking command in '/home/user/vision_ws/build/zed_aruco_localization': CMAKE_PREFIX_PATH=/home/user/vision_ws/install/zed_components:/home/user/autorover_ws/install/zed_ros2:/home/user/autorover_ws/install/zed_wrapper:/home/user/autorover_ws/install/zed_components:/home/user/autorover_ws/install/robot_localization:/home/user/autorover_ws/install/mavros_extras:/home/user/autorover_ws/install/mavros:/home/user/autorover_ws/install/mavros_msgs:/home/user/autorover_ws/install/libmavconn:/home/user/vision_ws/install/zed_ros2:/home/user/vision_ws/install/zed_robot_integration:/home/user/vision_ws/install/zed_ipc:/home/user/vision_ws/install/zed_multi_camera:/home/user/vision_ws/install/zed_display_rviz2:/home/user/vision_ws/install/zed_depth_to_laserscan:/home/user/vision_ws/install/zed_wrapper:/home/user/vision_ws/install/zed_tutorial_video:/home/user/vision_ws/install/zed_tutorial_pos_tracking:/home/user/vision_ws/install/zed_tutorial_depth:/home/user/vision_ws/install/zed_topic_benchmark:/home/user/vision_ws/install/zed_topic_benchmark_component:/home/user/vision_ws/install/zed_topic_benchmark_interfaces:/home/user/vision_ws/install/zed_rgb_convert:/home/user/vision_ws/install/zed_aruco_localization:/home/user/vision_ws/install/rviz_plugin_zed_od:/home/user/autorover_ws/install/teleop_twist_keyboard:/home/user/autorover_ws/install/autorover_bringup:/opt/ros/humble LD_LIBRARY_PATH=/home/user/vision_ws/install/zed_components/lib:/home/user/autorover_ws/install/zed_components/lib:/home/user/autorover_ws/install/robot_localization/lib:/home/user/autorover_ws/install/mavros_extras/lib:/home/user/autorover_ws/install/mavros/lib:/home/user/autorover_ws/install/mavros_msgs/lib:/home/user/autorover_ws/install/libmavconn/lib:/home/user/vision_ws/install/zed_ipc/lib:/home/user/vision_ws/install/zed_topic_benchmark_component/lib:/home/user/vision_ws/install/zed_topic_benchmark_interfaces/lib:/home/user/vision_ws/install/zed_rgb_convert/lib:/home/user/vision_ws/install/zed_aruco_localization/lib:/home/user/vision_ws/install/rviz_plugin_zed_od/lib:/opt/ros/humble/opt/rviz_ogre_vendor/lib:/opt/ros/humble/lib/aarch64-linux-gnu:/opt/ros/humble/lib /usr/bin/cmake --install /home/user/vision_ws/build/zed_aruco_localization
[5.919s] DEBUG:colcon.colcon_core.event_handler.log_command:Invoked command in '/home/user/vision_ws/build/zed_rgb_convert' returned '0': CMAKE_PREFIX_PATH=/home/user/vision_ws/install/zed_components:/home/user/autorover_ws/install/zed_ros2:/home/user/autorover_ws/install/zed_wrapper:/home/user/autorover_ws/install/zed_components:/home/user/autorover_ws/install/robot_localization:/home/user/autorover_ws/install/mavros_extras:/home/user/autorover_ws/install/mavros:/home/user/autorover_ws/install/mavros_msgs:/home/user/autorover_ws/install/libmavconn:/home/user/vision_ws/install/zed_ros2:/home/user/vision_ws/install/zed_robot_integration:/home/user/vision_ws/install/zed_ipc:/home/user/vision_ws/install/zed_multi_camera:/home/user/vision_ws/install/zed_display_rviz2:/home/user/vision_ws/install/zed_depth_to_laserscan:/home/user/vision_ws/install/zed_wrapper:/home/user/vision_ws/install/zed_tutorial_video:/home/user/vision_ws/install/zed_tutorial_pos_tracking:/home/user/vision_ws/install/zed_tutorial_depth:/home/user/vision_ws/install/zed_topic_benchmark:/home/user/vision_ws/install/zed_topic_benchmark_component:/home/user/vision_ws/install/zed_topic_benchmark_interfaces:/home/user/vision_ws/install/zed_rgb_convert:/home/user/vision_ws/install/zed_aruco_localization:/home/user/vision_ws/install/rviz_plugin_zed_od:/home/user/autorover_ws/install/teleop_twist_keyboard:/home/user/autorover_ws/install/autorover_bringup:/opt/ros/humble LD_LIBRARY_PATH=/home/user/vision_ws/install/zed_components/lib:/home/user/autorover_ws/install/zed_components/lib:/home/user/autorover_ws/install/robot_localization/lib:/home/user/autorover_ws/install/mavros_extras/lib:/home/user/autorover_ws/install/mavros/lib:/home/user/autorover_ws/install/mavros_msgs/lib:/home/user/autorover_ws/install/libmavconn/lib:/home/user/vision_ws/install/zed_ipc/lib:/home/user/vision_ws/install/zed_topic_benchmark_component/lib:/home/user/vision_ws/install/zed_topic_benchmark_interfaces/lib:/home/user/vision_ws/install/zed_rgb_convert/lib:/home/user/vision_ws/install/zed_aruco_localization/lib:/home/user/vision_ws/install/rviz_plugin_zed_od/lib:/opt/ros/humble/opt/rviz_ogre_vendor/lib:/opt/ros/humble/lib/aarch64-linux-gnu:/opt/ros/humble/lib /usr/bin/cmake /home/user/vision_ws/src/zed-ros2-examples/tutorials/zed_rgb_convert -DCMAKE_BUILD_TYPE=Release -DAMENT_CMAKE_SYMLINK_INSTALL=1 -DCMAKE_INSTALL_PREFIX=/home/user/vision_ws/install/zed_rgb_convert
[5.922s] DEBUG:colcon.colcon_core.event_handler.log_command:Invoking command in '/home/user/vision_ws/build/zed_rgb_convert': CMAKE_PREFIX_PATH=/home/user/vision_ws/install/zed_components:/home/user/autorover_ws/install/zed_ros2:/home/user/autorover_ws/install/zed_wrapper:/home/user/autorover_ws/install/zed_components:/home/user/autorover_ws/install/robot_localization:/home/user/autorover_ws/install/mavros_extras:/home/user/autorover_ws/install/mavros:/home/user/autorover_ws/install/mavros_msgs:/home/user/autorover_ws/install/libmavconn:/home/user/vision_ws/install/zed_ros2:/home/user/vision_ws/install/zed_robot_integration:/home/user/vision_ws/install/zed_ipc:/home/user/vision_ws/install/zed_multi_camera:/home/user/vision_ws/install/zed_display_rviz2:/home/user/vision_ws/install/zed_depth_to_laserscan:/home/user/vision_ws/install/zed_wrapper:/home/user/vision_ws/install/zed_tutorial_video:/home/user/vision_ws/install/zed_tutorial_pos_tracking:/home/user/vision_ws/install/zed_tutorial_depth:/home/user/vision_ws/install/zed_topic_benchmark:/home/user/vision_ws/install/zed_topic_benchmark_component:/home/user/vision_ws/install/zed_topic_benchmark_interfaces:/home/user/vision_ws/install/zed_rgb_convert:/home/user/vision_ws/install/zed_aruco_localization:/home/user/vision_ws/install/rviz_plugin_zed_od:/home/user/autorover_ws/install/teleop_twist_keyboard:/home/user/autorover_ws/install/autorover_bringup:/opt/ros/humble LD_LIBRARY_PATH=/home/user/vision_ws/install/zed_components/lib:/home/user/autorover_ws/install/zed_components/lib:/home/user/autorover_ws/install/robot_localization/lib:/home/user/autorover_ws/install/mavros_extras/lib:/home/user/autorover_ws/install/mavros/lib:/home/user/autorover_ws/install/mavros_msgs/lib:/home/user/autorover_ws/install/libmavconn/lib:/home/user/vision_ws/install/zed_ipc/lib:/home/user/vision_ws/install/zed_topic_benchmark_component/lib:/home/user/vision_ws/install/zed_topic_benchmark_interfaces/lib:/home/user/vision_ws/install/zed_rgb_convert/lib:/home/user/vision_ws/install/zed_aruco_localization/lib:/home/user/vision_ws/install/rviz_plugin_zed_od/lib:/opt/ros/humble/opt/rviz_ogre_vendor/lib:/opt/ros/humble/lib/aarch64-linux-gnu:/opt/ros/humble/lib /usr/bin/cmake --build /home/user/vision_ws/build/zed_rgb_convert -- -j8 -l8
[6.319s] DEBUG:colcon.colcon_core.event_handler.log_command:Invoked command in '/home/user/vision_ws/build/zed_display_rviz2' returned '0': CMAKE_PREFIX_PATH=/home/user/vision_ws/install/zed_wrapper:/home/user/vision_ws/install/zed_components:/home/user/autorover_ws/install/zed_ros2:/home/user/autorover_ws/install/zed_wrapper:/home/user/autorover_ws/install/zed_components:/home/user/autorover_ws/install/robot_localization:/home/user/autorover_ws/install/mavros_extras:/home/user/autorover_ws/install/mavros:/home/user/autorover_ws/install/mavros_msgs:/home/user/autorover_ws/install/libmavconn:/home/user/vision_ws/install/zed_ros2:/home/user/vision_ws/install/zed_robot_integration:/home/user/vision_ws/install/zed_ipc:/home/user/vision_ws/install/zed_multi_camera:/home/user/vision_ws/install/zed_display_rviz2:/home/user/vision_ws/install/zed_depth_to_laserscan:/home/user/vision_ws/install/zed_tutorial_video:/home/user/vision_ws/install/zed_tutorial_pos_tracking:/home/user/vision_ws/install/zed_tutorial_depth:/home/user/vision_ws/install/zed_topic_benchmark:/home/user/vision_ws/install/zed_topic_benchmark_component:/home/user/vision_ws/install/zed_topic_benchmark_interfaces:/home/user/vision_ws/install/zed_rgb_convert:/home/user/vision_ws/install/zed_aruco_localization:/home/user/vision_ws/install/rviz_plugin_zed_od:/home/user/autorover_ws/install/teleop_twist_keyboard:/home/user/autorover_ws/install/autorover_bringup:/opt/ros/humble LD_LIBRARY_PATH=/home/user/vision_ws/install/zed_components/lib:/home/user/autorover_ws/install/zed_components/lib:/home/user/autorover_ws/install/robot_localization/lib:/home/user/autorover_ws/install/mavros_extras/lib:/home/user/autorover_ws/install/mavros/lib:/home/user/autorover_ws/install/mavros_msgs/lib:/home/user/autorover_ws/install/libmavconn/lib:/home/user/vision_ws/install/zed_ipc/lib:/home/user/vision_ws/install/zed_topic_benchmark_component/lib:/home/user/vision_ws/install/zed_topic_benchmark_interfaces/lib:/home/user/vision_ws/install/zed_rgb_convert/lib:/home/user/vision_ws/install/zed_aruco_localization/lib:/home/user/vision_ws/install/rviz_plugin_zed_od/lib:/opt/ros/humble/opt/rviz_ogre_vendor/lib:/opt/ros/humble/lib/aarch64-linux-gnu:/opt/ros/humble/lib /usr/bin/cmake /home/user/vision_ws/src/zed-ros2-examples/zed_display_rviz2 -DCMAKE_BUILD_TYPE=Release -DAMENT_CMAKE_SYMLINK_INSTALL=1 -DCMAKE_INSTALL_PREFIX=/home/user/vision_ws/install/zed_display_rviz2
[6.328s] Level 1:colcon.colcon_core.environment:create_environment_scripts_only(zed_aruco_localization)
[6.329s] Level 1:colcon.colcon_core.environment:checking '/home/user/vision_ws/install/zed_aruco_localization' for CMake module files
[6.332s] Level 1:colcon.colcon_core.environment:checking '/home/user/vision_ws/install/zed_aruco_localization' for CMake config files
[6.333s] Level 1:colcon.colcon_core.shell:create_environment_hook('zed_aruco_localization', 'cmake_prefix_path')
[6.333s] INFO:colcon.colcon_core.shell:Creating environment hook '/home/user/vision_ws/install/zed_aruco_localization/share/zed_aruco_localization/hook/cmake_prefix_path.ps1'
[6.335s] INFO:colcon.colcon_core.shell:Creating environment descriptor '/home/user/vision_ws/install/zed_aruco_localization/share/zed_aruco_localization/hook/cmake_prefix_path.dsv'
[6.337s] INFO:colcon.colcon_core.shell:Creating environment hook '/home/user/vision_ws/install/zed_aruco_localization/share/zed_aruco_localization/hook/cmake_prefix_path.sh'
[6.339s] Level 1:colcon.colcon_core.environment:checking '/home/user/vision_ws/install/zed_aruco_localization/lib'
[6.339s] Level 1:colcon.colcon_core.shell:create_environment_hook('zed_aruco_localization', 'ld_library_path_lib')
[6.340s] INFO:colcon.colcon_core.shell:Creating environment hook '/home/user/vision_ws/install/zed_aruco_localization/share/zed_aruco_localization/hook/ld_library_path_lib.ps1'
[6.342s] DEBUG:colcon.colcon_core.event_handler.log_command:Invoking command in '/home/user/vision_ws/build/zed_display_rviz2': CMAKE_PREFIX_PATH=/home/user/vision_ws/install/zed_wrapper:/home/user/vision_ws/install/zed_components:/home/user/autorover_ws/install/zed_ros2:/home/user/autorover_ws/install/zed_wrapper:/home/user/autorover_ws/install/zed_components:/home/user/autorover_ws/install/robot_localization:/home/user/autorover_ws/install/mavros_extras:/home/user/autorover_ws/install/mavros:/home/user/autorover_ws/install/mavros_msgs:/home/user/autorover_ws/install/libmavconn:/home/user/vision_ws/install/zed_ros2:/home/user/vision_ws/install/zed_robot_integration:/home/user/vision_ws/install/zed_ipc:/home/user/vision_ws/install/zed_multi_camera:/home/user/vision_ws/install/zed_display_rviz2:/home/user/vision_ws/install/zed_depth_to_laserscan:/home/user/vision_ws/install/zed_tutorial_video:/home/user/vision_ws/install/zed_tutorial_pos_tracking:/home/user/vision_ws/install/zed_tutorial_depth:/home/user/vision_ws/install/zed_topic_benchmark:/home/user/vision_ws/install/zed_topic_benchmark_component:/home/user/vision_ws/install/zed_topic_benchmark_interfaces:/home/user/vision_ws/install/zed_rgb_convert:/home/user/vision_ws/install/zed_aruco_localization:/home/user/vision_ws/install/rviz_plugin_zed_od:/home/user/autorover_ws/install/teleop_twist_keyboard:/home/user/autorover_ws/install/autorover_bringup:/opt/ros/humble LD_LIBRARY_PATH=/home/user/vision_ws/install/zed_components/lib:/home/user/autorover_ws/install/zed_components/lib:/home/user/autorover_ws/install/robot_localization/lib:/home/user/autorover_ws/install/mavros_extras/lib:/home/user/autorover_ws/install/mavros/lib:/home/user/autorover_ws/install/mavros_msgs/lib:/home/user/autorover_ws/install/libmavconn/lib:/home/user/vision_ws/install/zed_ipc/lib:/home/user/vision_ws/install/zed_topic_benchmark_component/lib:/home/user/vision_ws/install/zed_topic_benchmark_interfaces/lib:/home/user/vision_ws/install/zed_rgb_convert/lib:/home/user/vision_ws/install/zed_aruco_localization/lib:/home/user/vision_ws/install/rviz_plugin_zed_od/lib:/opt/ros/humble/opt/rviz_ogre_vendor/lib:/opt/ros/humble/lib/aarch64-linux-gnu:/opt/ros/humble/lib /usr/bin/cmake --build /home/user/vision_ws/build/zed_display_rviz2 -- -j8 -l8
[6.342s] INFO:colcon.colcon_core.shell:Creating environment descriptor '/home/user/vision_ws/install/zed_aruco_localization/share/zed_aruco_localization/hook/ld_library_path_lib.dsv'
[6.343s] DEBUG:colcon.colcon_core.event_handler.log_command:Invoked command in '/home/user/vision_ws/build/zed_multi_camera' returned '0': CMAKE_PREFIX_PATH=/home/user/vision_ws/install/zed_wrapper:/home/user/vision_ws/install/zed_components:/home/user/autorover_ws/install/zed_ros2:/home/user/autorover_ws/install/zed_wrapper:/home/user/autorover_ws/install/zed_components:/home/user/autorover_ws/install/robot_localization:/home/user/autorover_ws/install/mavros_extras:/home/user/autorover_ws/install/mavros:/home/user/autorover_ws/install/mavros_msgs:/home/user/autorover_ws/install/libmavconn:/home/user/vision_ws/install/zed_ros2:/home/user/vision_ws/install/zed_robot_integration:/home/user/vision_ws/install/zed_ipc:/home/user/vision_ws/install/zed_multi_camera:/home/user/vision_ws/install/zed_display_rviz2:/home/user/vision_ws/install/zed_depth_to_laserscan:/home/user/vision_ws/install/zed_tutorial_video:/home/user/vision_ws/install/zed_tutorial_pos_tracking:/home/user/vision_ws/install/zed_tutorial_depth:/home/user/vision_ws/install/zed_topic_benchmark:/home/user/vision_ws/install/zed_topic_benchmark_component:/home/user/vision_ws/install/zed_topic_benchmark_interfaces:/home/user/vision_ws/install/zed_rgb_convert:/home/user/vision_ws/install/zed_aruco_localization:/home/user/vision_ws/install/rviz_plugin_zed_od:/home/user/autorover_ws/install/teleop_twist_keyboard:/home/user/autorover_ws/install/autorover_bringup:/opt/ros/humble LD_LIBRARY_PATH=/home/user/vision_ws/install/zed_components/lib:/home/user/autorover_ws/install/zed_components/lib:/home/user/autorover_ws/install/robot_localization/lib:/home/user/autorover_ws/install/mavros_extras/lib:/home/user/autorover_ws/install/mavros/lib:/home/user/autorover_ws/install/mavros_msgs/lib:/home/user/autorover_ws/install/libmavconn/lib:/home/user/vision_ws/install/zed_ipc/lib:/home/user/vision_ws/install/zed_topic_benchmark_component/lib:/home/user/vision_ws/install/zed_topic_benchmark_interfaces/lib:/home/user/vision_ws/install/zed_rgb_convert/lib:/home/user/vision_ws/install/zed_aruco_localization/lib:/home/user/vision_ws/install/rviz_plugin_zed_od/lib:/opt/ros/humble/opt/rviz_ogre_vendor/lib:/opt/ros/humble/lib/aarch64-linux-gnu:/opt/ros/humble/lib /usr/bin/cmake /home/user/vision_ws/src/zed-ros2-examples/tutorials/zed_multi_camera -DCMAKE_BUILD_TYPE=Release -DAMENT_CMAKE_SYMLINK_INSTALL=1 -DCMAKE_INSTALL_PREFIX=/home/user/vision_ws/install/zed_multi_camera
[6.344s] DEBUG:colcon.colcon_core.event_handler.log_command:Invoking command in '/home/user/vision_ws/build/zed_multi_camera': CMAKE_PREFIX_PATH=/home/user/vision_ws/install/zed_wrapper:/home/user/vision_ws/install/zed_components:/home/user/autorover_ws/install/zed_ros2:/home/user/autorover_ws/install/zed_wrapper:/home/user/autorover_ws/install/zed_components:/home/user/autorover_ws/install/robot_localization:/home/user/autorover_ws/install/mavros_extras:/home/user/autorover_ws/install/mavros:/home/user/autorover_ws/install/mavros_msgs:/home/user/autorover_ws/install/libmavconn:/home/user/vision_ws/install/zed_ros2:/home/user/vision_ws/install/zed_robot_integration:/home/user/vision_ws/install/zed_ipc:/home/user/vision_ws/install/zed_multi_camera:/home/user/vision_ws/install/zed_display_rviz2:/home/user/vision_ws/install/zed_depth_to_laserscan:/home/user/vision_ws/install/zed_tutorial_video:/home/user/vision_ws/install/zed_tutorial_pos_tracking:/home/user/vision_ws/install/zed_tutorial_depth:/home/user/vision_ws/install/zed_topic_benchmark:/home/user/vision_ws/install/zed_topic_benchmark_component:/home/user/vision_ws/install/zed_topic_benchmark_interfaces:/home/user/vision_ws/install/zed_rgb_convert:/home/user/vision_ws/install/zed_aruco_localization:/home/user/vision_ws/install/rviz_plugin_zed_od:/home/user/autorover_ws/install/teleop_twist_keyboard:/home/user/autorover_ws/install/autorover_bringup:/opt/ros/humble LD_LIBRARY_PATH=/home/user/vision_ws/install/zed_components/lib:/home/user/autorover_ws/install/zed_components/lib:/home/user/autorover_ws/install/robot_localization/lib:/home/user/autorover_ws/install/mavros_extras/lib:/home/user/autorover_ws/install/mavros/lib:/home/user/autorover_ws/install/mavros_msgs/lib:/home/user/autorover_ws/install/libmavconn/lib:/home/user/vision_ws/install/zed_ipc/lib:/home/user/vision_ws/install/zed_topic_benchmark_component/lib:/home/user/vision_ws/install/zed_topic_benchmark_interfaces/lib:/home/user/vision_ws/install/zed_rgb_convert/lib:/home/user/vision_ws/install/zed_aruco_localization/lib:/home/user/vision_ws/install/rviz_plugin_zed_od/lib:/opt/ros/humble/opt/rviz_ogre_vendor/lib:/opt/ros/humble/lib/aarch64-linux-gnu:/opt/ros/humble/lib /usr/bin/cmake --build /home/user/vision_ws/build/zed_multi_camera -- -j8 -l8
[6.344s] DEBUG:colcon.colcon_core.event_handler.log_command:Invoked command in '/home/user/vision_ws/build/zed_aruco_localization' returned '0': CMAKE_PREFIX_PATH=/home/user/vision_ws/install/zed_components:/home/user/autorover_ws/install/zed_ros2:/home/user/autorover_ws/install/zed_wrapper:/home/user/autorover_ws/install/zed_components:/home/user/autorover_ws/install/robot_localization:/home/user/autorover_ws/install/mavros_extras:/home/user/autorover_ws/install/mavros:/home/user/autorover_ws/install/mavros_msgs:/home/user/autorover_ws/install/libmavconn:/home/user/vision_ws/install/zed_ros2:/home/user/vision_ws/install/zed_robot_integration:/home/user/vision_ws/install/zed_ipc:/home/user/vision_ws/install/zed_multi_camera:/home/user/vision_ws/install/zed_display_rviz2:/home/user/vision_ws/install/zed_depth_to_laserscan:/home/user/vision_ws/install/zed_wrapper:/home/user/vision_ws/install/zed_tutorial_video:/home/user/vision_ws/install/zed_tutorial_pos_tracking:/home/user/vision_ws/install/zed_tutorial_depth:/home/user/vision_ws/install/zed_topic_benchmark:/home/user/vision_ws/install/zed_topic_benchmark_component:/home/user/vision_ws/install/zed_topic_benchmark_interfaces:/home/user/vision_ws/install/zed_rgb_convert:/home/user/vision_ws/install/zed_aruco_localization:/home/user/vision_ws/install/rviz_plugin_zed_od:/home/user/autorover_ws/install/teleop_twist_keyboard:/home/user/autorover_ws/install/autorover_bringup:/opt/ros/humble LD_LIBRARY_PATH=/home/user/vision_ws/install/zed_components/lib:/home/user/autorover_ws/install/zed_components/lib:/home/user/autorover_ws/install/robot_localization/lib:/home/user/autorover_ws/install/mavros_extras/lib:/home/user/autorover_ws/install/mavros/lib:/home/user/autorover_ws/install/mavros_msgs/lib:/home/user/autorover_ws/install/libmavconn/lib:/home/user/vision_ws/install/zed_ipc/lib:/home/user/vision_ws/install/zed_topic_benchmark_component/lib:/home/user/vision_ws/install/zed_topic_benchmark_interfaces/lib:/home/user/vision_ws/install/zed_rgb_convert/lib:/home/user/vision_ws/install/zed_aruco_localization/lib:/home/user/vision_ws/install/rviz_plugin_zed_od/lib:/opt/ros/humble/opt/rviz_ogre_vendor/lib:/opt/ros/humble/lib/aarch64-linux-gnu:/opt/ros/humble/lib /usr/bin/cmake --install /home/user/vision_ws/build/zed_aruco_localization
[6.344s] INFO:colcon.colcon_core.shell:Creating environment hook '/home/user/vision_ws/install/zed_aruco_localization/share/zed_aruco_localization/hook/ld_library_path_lib.sh'
[6.346s] Level 1:colcon.colcon_core.environment:checking '/home/user/vision_ws/install/zed_aruco_localization/bin'
[6.346s] Level 1:colcon.colcon_core.environment:checking '/home/user/vision_ws/install/zed_aruco_localization/lib/pkgconfig/zed_aruco_localization.pc'
[6.347s] Level 1:colcon.colcon_core.environment:checking '/home/user/vision_ws/install/zed_aruco_localization/lib/python3.10/site-packages'
[6.347s] Level 1:colcon.colcon_core.environment:checking '/home/user/vision_ws/install/zed_aruco_localization/bin'
[6.348s] INFO:colcon.colcon_core.shell:Creating package script '/home/user/vision_ws/install/zed_aruco_localization/share/zed_aruco_localization/package.ps1'
[6.349s] INFO:colcon.colcon_core.shell:Creating package descriptor '/home/user/vision_ws/install/zed_aruco_localization/share/zed_aruco_localization/package.dsv'
[6.350s] INFO:colcon.colcon_core.shell:Creating package script '/home/user/vision_ws/install/zed_aruco_localization/share/zed_aruco_localization/package.sh'
[6.351s] INFO:colcon.colcon_core.shell:Creating package script '/home/user/vision_ws/install/zed_aruco_localization/share/zed_aruco_localization/package.bash'
[6.352s] INFO:colcon.colcon_core.shell:Creating package script '/home/user/vision_ws/install/zed_aruco_localization/share/zed_aruco_localization/package.zsh'
[6.352s] Level 1:colcon.colcon_core.environment:create_file_with_runtime_dependencies(/home/user/vision_ws/install/zed_aruco_localization/share/colcon-core/packages/zed_aruco_localization)
[6.354s] Level 1:colcon.colcon_core.environment:create_environment_scripts_only(zed_aruco_localization)
[6.354s] Level 1:colcon.colcon_core.environment:checking '/home/user/vision_ws/install/zed_aruco_localization' for CMake module files
[6.355s] Level 1:colcon.colcon_core.environment:checking '/home/user/vision_ws/install/zed_aruco_localization' for CMake config files
[6.356s] Level 1:colcon.colcon_core.shell:create_environment_hook('zed_aruco_localization', 'cmake_prefix_path')
[6.356s] INFO:colcon.colcon_core.shell:Creating environment hook '/home/user/vision_ws/install/zed_aruco_localization/share/zed_aruco_localization/hook/cmake_prefix_path.ps1'
[6.357s] INFO:colcon.colcon_core.shell:Creating environment descriptor '/home/user/vision_ws/install/zed_aruco_localization/share/zed_aruco_localization/hook/cmake_prefix_path.dsv'
[6.358s] INFO:colcon.colcon_core.shell:Creating environment hook '/home/user/vision_ws/install/zed_aruco_localization/share/zed_aruco_localization/hook/cmake_prefix_path.sh'
[6.360s] Level 1:colcon.colcon_core.environment:checking '/home/user/vision_ws/install/zed_aruco_localization/lib'
[6.360s] Level 1:colcon.colcon_core.shell:create_environment_hook('zed_aruco_localization', 'ld_library_path_lib')
[6.361s] INFO:colcon.colcon_core.shell:Creating environment hook '/home/user/vision_ws/install/zed_aruco_localization/share/zed_aruco_localization/hook/ld_library_path_lib.ps1'
[6.362s] INFO:colcon.colcon_core.shell:Creating environment descriptor '/home/user/vision_ws/install/zed_aruco_localization/share/zed_aruco_localization/hook/ld_library_path_lib.dsv'
[6.363s] INFO:colcon.colcon_core.shell:Creating environment hook '/home/user/vision_ws/install/zed_aruco_localization/share/zed_aruco_localization/hook/ld_library_path_lib.sh'
[6.363s] Level 1:colcon.colcon_core.environment:checking '/home/user/vision_ws/install/zed_aruco_localization/bin'
[6.364s] Level 1:colcon.colcon_core.environment:checking '/home/user/vision_ws/install/zed_aruco_localization/lib/pkgconfig/zed_aruco_localization.pc'
[6.364s] Level 1:colcon.colcon_core.environment:checking '/home/user/vision_ws/install/zed_aruco_localization/lib/python3.10/site-packages'
[6.364s] Level 1:colcon.colcon_core.environment:checking '/home/user/vision_ws/install/zed_aruco_localization/bin'
[6.365s] INFO:colcon.colcon_core.shell:Creating package script '/home/user/vision_ws/install/zed_aruco_localization/share/zed_aruco_localization/package.ps1'
[6.366s] INFO:colcon.colcon_core.shell:Creating package descriptor '/home/user/vision_ws/install/zed_aruco_localization/share/zed_aruco_localization/package.dsv'
[6.367s] INFO:colcon.colcon_core.shell:Creating package script '/home/user/vision_ws/install/zed_aruco_localization/share/zed_aruco_localization/package.sh'
[6.368s] INFO:colcon.colcon_core.shell:Creating package script '/home/user/vision_ws/install/zed_aruco_localization/share/zed_aruco_localization/package.bash'
[6.369s] INFO:colcon.colcon_core.shell:Creating package script '/home/user/vision_ws/install/zed_aruco_localization/share/zed_aruco_localization/package.zsh'
[6.370s] Level 1:colcon.colcon_core.environment:create_file_with_runtime_dependencies(/home/user/vision_ws/install/zed_aruco_localization/share/colcon-core/packages/zed_aruco_localization)
[6.372s] DEBUG:colcon.colcon_core.event_handler.log_command:Invoked command in '/home/user/vision_ws/build/zed_rgb_convert' returned '0': CMAKE_PREFIX_PATH=/home/user/vision_ws/install/zed_components:/home/user/autorover_ws/install/zed_ros2:/home/user/autorover_ws/install/zed_wrapper:/home/user/autorover_ws/install/zed_components:/home/user/autorover_ws/install/robot_localization:/home/user/autorover_ws/install/mavros_extras:/home/user/autorover_ws/install/mavros:/home/user/autorover_ws/install/mavros_msgs:/home/user/autorover_ws/install/libmavconn:/home/user/vision_ws/install/zed_ros2:/home/user/vision_ws/install/zed_robot_integration:/home/user/vision_ws/install/zed_ipc:/home/user/vision_ws/install/zed_multi_camera:/home/user/vision_ws/install/zed_display_rviz2:/home/user/vision_ws/install/zed_depth_to_laserscan:/home/user/vision_ws/install/zed_wrapper:/home/user/vision_ws/install/zed_tutorial_video:/home/user/vision_ws/install/zed_tutorial_pos_tracking:/home/user/vision_ws/install/zed_tutorial_depth:/home/user/vision_ws/install/zed_topic_benchmark:/home/user/vision_ws/install/zed_topic_benchmark_component:/home/user/vision_ws/install/zed_topic_benchmark_interfaces:/home/user/vision_ws/install/zed_rgb_convert:/home/user/vision_ws/install/zed_aruco_localization:/home/user/vision_ws/install/rviz_plugin_zed_od:/home/user/autorover_ws/install/teleop_twist_keyboard:/home/user/autorover_ws/install/autorover_bringup:/opt/ros/humble LD_LIBRARY_PATH=/home/user/vision_ws/install/zed_components/lib:/home/user/autorover_ws/install/zed_components/lib:/home/user/autorover_ws/install/robot_localization/lib:/home/user/autorover_ws/install/mavros_extras/lib:/home/user/autorover_ws/install/mavros/lib:/home/user/autorover_ws/install/mavros_msgs/lib:/home/user/autorover_ws/install/libmavconn/lib:/home/user/vision_ws/install/zed_ipc/lib:/home/user/vision_ws/install/zed_topic_benchmark_component/lib:/home/user/vision_ws/install/zed_topic_benchmark_interfaces/lib:/home/user/vision_ws/install/zed_rgb_convert/lib:/home/user/vision_ws/install/zed_aruco_localization/lib:/home/user/vision_ws/install/rviz_plugin_zed_od/lib:/opt/ros/humble/opt/rviz_ogre_vendor/lib:/opt/ros/humble/lib/aarch64-linux-gnu:/opt/ros/humble/lib /usr/bin/cmake --build /home/user/vision_ws/build/zed_rgb_convert -- -j8 -l8
[6.374s] DEBUG:colcon.colcon_core.event_handler.log_command:Invoking command in '/home/user/vision_ws/build/zed_rgb_convert': CMAKE_PREFIX_PATH=/home/user/vision_ws/install/zed_components:/home/user/autorover_ws/install/zed_ros2:/home/user/autorover_ws/install/zed_wrapper:/home/user/autorover_ws/install/zed_components:/home/user/autorover_ws/install/robot_localization:/home/user/autorover_ws/install/mavros_extras:/home/user/autorover_ws/install/mavros:/home/user/autorover_ws/install/mavros_msgs:/home/user/autorover_ws/install/libmavconn:/home/user/vision_ws/install/zed_ros2:/home/user/vision_ws/install/zed_robot_integration:/home/user/vision_ws/install/zed_ipc:/home/user/vision_ws/install/zed_multi_camera:/home/user/vision_ws/install/zed_display_rviz2:/home/user/vision_ws/install/zed_depth_to_laserscan:/home/user/vision_ws/install/zed_wrapper:/home/user/vision_ws/install/zed_tutorial_video:/home/user/vision_ws/install/zed_tutorial_pos_tracking:/home/user/vision_ws/install/zed_tutorial_depth:/home/user/vision_ws/install/zed_topic_benchmark:/home/user/vision_ws/install/zed_topic_benchmark_component:/home/user/vision_ws/install/zed_topic_benchmark_interfaces:/home/user/vision_ws/install/zed_rgb_convert:/home/user/vision_ws/install/zed_aruco_localization:/home/user/vision_ws/install/rviz_plugin_zed_od:/home/user/autorover_ws/install/teleop_twist_keyboard:/home/user/autorover_ws/install/autorover_bringup:/opt/ros/humble LD_LIBRARY_PATH=/home/user/vision_ws/install/zed_components/lib:/home/user/autorover_ws/install/zed_components/lib:/home/user/autorover_ws/install/robot_localization/lib:/home/user/autorover_ws/install/mavros_extras/lib:/home/user/autorover_ws/install/mavros/lib:/home/user/autorover_ws/install/mavros_msgs/lib:/home/user/autorover_ws/install/libmavconn/lib:/home/user/vision_ws/install/zed_ipc/lib:/home/user/vision_ws/install/zed_topic_benchmark_component/lib:/home/user/vision_ws/install/zed_topic_benchmark_interfaces/lib:/home/user/vision_ws/install/zed_rgb_convert/lib:/home/user/vision_ws/install/zed_aruco_localization/lib:/home/user/vision_ws/install/rviz_plugin_zed_od/lib:/opt/ros/humble/opt/rviz_ogre_vendor/lib:/opt/ros/humble/lib/aarch64-linux-gnu:/opt/ros/humble/lib /usr/bin/cmake --install /home/user/vision_ws/build/zed_rgb_convert
[6.377s] DEBUG:colcon.colcon_core.event_handler.log_command:Invoked command in '/home/user/vision_ws/build/zed_ros2' returned '0': CMAKE_PREFIX_PATH=/home/user/vision_ws/install/zed_wrapper:/home/user/vision_ws/install/zed_components:/home/user/autorover_ws/install/zed_ros2:/home/user/autorover_ws/install/zed_wrapper:/home/user/autorover_ws/install/zed_components:/home/user/autorover_ws/install/robot_localization:/home/user/autorover_ws/install/mavros_extras:/home/user/autorover_ws/install/mavros:/home/user/autorover_ws/install/mavros_msgs:/home/user/autorover_ws/install/libmavconn:/home/user/vision_ws/install/zed_ros2:/home/user/vision_ws/install/zed_robot_integration:/home/user/vision_ws/install/zed_ipc:/home/user/vision_ws/install/zed_multi_camera:/home/user/vision_ws/install/zed_display_rviz2:/home/user/vision_ws/install/zed_depth_to_laserscan:/home/user/vision_ws/install/zed_tutorial_video:/home/user/vision_ws/install/zed_tutorial_pos_tracking:/home/user/vision_ws/install/zed_tutorial_depth:/home/user/vision_ws/install/zed_topic_benchmark:/home/user/vision_ws/install/zed_topic_benchmark_component:/home/user/vision_ws/install/zed_topic_benchmark_interfaces:/home/user/vision_ws/install/zed_rgb_convert:/home/user/vision_ws/install/zed_aruco_localization:/home/user/vision_ws/install/rviz_plugin_zed_od:/home/user/autorover_ws/install/teleop_twist_keyboard:/home/user/autorover_ws/install/autorover_bringup:/opt/ros/humble LD_LIBRARY_PATH=/home/user/vision_ws/install/zed_components/lib:/home/user/autorover_ws/install/zed_components/lib:/home/user/autorover_ws/install/robot_localization/lib:/home/user/autorover_ws/install/mavros_extras/lib:/home/user/autorover_ws/install/mavros/lib:/home/user/autorover_ws/install/mavros_msgs/lib:/home/user/autorover_ws/install/libmavconn/lib:/home/user/vision_ws/install/zed_ipc/lib:/home/user/vision_ws/install/zed_topic_benchmark_component/lib:/home/user/vision_ws/install/zed_topic_benchmark_interfaces/lib:/home/user/vision_ws/install/zed_rgb_convert/lib:/home/user/vision_ws/install/zed_aruco_localization/lib:/home/user/vision_ws/install/rviz_plugin_zed_od/lib:/opt/ros/humble/opt/rviz_ogre_vendor/lib:/opt/ros/humble/lib/aarch64-linux-gnu:/opt/ros/humble/lib /usr/bin/cmake /home/user/vision_ws/src/zed-ros2-wrapper/zed_ros2 -DCMAKE_BUILD_TYPE=Release -DAMENT_CMAKE_SYMLINK_INSTALL=1 -DCMAKE_INSTALL_PREFIX=/home/user/vision_ws/install/zed_ros2
[6.380s] DEBUG:colcon.colcon_core.event_handler.log_command:Invoking command in '/home/user/vision_ws/build/zed_ros2': CMAKE_PREFIX_PATH=/home/user/vision_ws/install/zed_wrapper:/home/user/vision_ws/install/zed_components:/home/user/autorover_ws/install/zed_ros2:/home/user/autorover_ws/install/zed_wrapper:/home/user/autorover_ws/install/zed_components:/home/user/autorover_ws/install/robot_localization:/home/user/autorover_ws/install/mavros_extras:/home/user/autorover_ws/install/mavros:/home/user/autorover_ws/install/mavros_msgs:/home/user/autorover_ws/install/libmavconn:/home/user/vision_ws/install/zed_ros2:/home/user/vision_ws/install/zed_robot_integration:/home/user/vision_ws/install/zed_ipc:/home/user/vision_ws/install/zed_multi_camera:/home/user/vision_ws/install/zed_display_rviz2:/home/user/vision_ws/install/zed_depth_to_laserscan:/home/user/vision_ws/install/zed_tutorial_video:/home/user/vision_ws/install/zed_tutorial_pos_tracking:/home/user/vision_ws/install/zed_tutorial_depth:/home/user/vision_ws/install/zed_topic_benchmark:/home/user/vision_ws/install/zed_topic_benchmark_component:/home/user/vision_ws/install/zed_topic_benchmark_interfaces:/home/user/vision_ws/install/zed_rgb_convert:/home/user/vision_ws/install/zed_aruco_localization:/home/user/vision_ws/install/rviz_plugin_zed_od:/home/user/autorover_ws/install/teleop_twist_keyboard:/home/user/autorover_ws/install/autorover_bringup:/opt/ros/humble LD_LIBRARY_PATH=/home/user/vision_ws/install/zed_components/lib:/home/user/autorover_ws/install/zed_components/lib:/home/user/autorover_ws/install/robot_localization/lib:/home/user/autorover_ws/install/mavros_extras/lib:/home/user/autorover_ws/install/mavros/lib:/home/user/autorover_ws/install/mavros_msgs/lib:/home/user/autorover_ws/install/libmavconn/lib:/home/user/vision_ws/install/zed_ipc/lib:/home/user/vision_ws/install/zed_topic_benchmark_component/lib:/home/user/vision_ws/install/zed_topic_benchmark_interfaces/lib:/home/user/vision_ws/install/zed_rgb_convert/lib:/home/user/vision_ws/install/zed_aruco_localization/lib:/home/user/vision_ws/install/rviz_plugin_zed_od/lib:/opt/ros/humble/opt/rviz_ogre_vendor/lib:/opt/ros/humble/lib/aarch64-linux-gnu:/opt/ros/humble/lib /usr/bin/cmake --build /home/user/vision_ws/build/zed_ros2 -- -j8 -l8
[6.381s] DEBUG:colcon.colcon_core.event_handler.log_command:Invoked command in '/home/user/vision_ws/build/zed_robot_integration' returned '0': CMAKE_PREFIX_PATH=/home/user/vision_ws/install/zed_wrapper:/home/user/vision_ws/install/zed_components:/home/user/autorover_ws/install/zed_ros2:/home/user/autorover_ws/install/zed_wrapper:/home/user/autorover_ws/install/zed_components:/home/user/autorover_ws/install/robot_localization:/home/user/autorover_ws/install/mavros_extras:/home/user/autorover_ws/install/mavros:/home/user/autorover_ws/install/mavros_msgs:/home/user/autorover_ws/install/libmavconn:/home/user/vision_ws/install/zed_ros2:/home/user/vision_ws/install/zed_robot_integration:/home/user/vision_ws/install/zed_ipc:/home/user/vision_ws/install/zed_multi_camera:/home/user/vision_ws/install/zed_display_rviz2:/home/user/vision_ws/install/zed_depth_to_laserscan:/home/user/vision_ws/install/zed_tutorial_video:/home/user/vision_ws/install/zed_tutorial_pos_tracking:/home/user/vision_ws/install/zed_tutorial_depth:/home/user/vision_ws/install/zed_topic_benchmark:/home/user/vision_ws/install/zed_topic_benchmark_component:/home/user/vision_ws/install/zed_topic_benchmark_interfaces:/home/user/vision_ws/install/zed_rgb_convert:/home/user/vision_ws/install/zed_aruco_localization:/home/user/vision_ws/install/rviz_plugin_zed_od:/home/user/autorover_ws/install/teleop_twist_keyboard:/home/user/autorover_ws/install/autorover_bringup:/opt/ros/humble LD_LIBRARY_PATH=/home/user/vision_ws/install/zed_components/lib:/home/user/autorover_ws/install/zed_components/lib:/home/user/autorover_ws/install/robot_localization/lib:/home/user/autorover_ws/install/mavros_extras/lib:/home/user/autorover_ws/install/mavros/lib:/home/user/autorover_ws/install/mavros_msgs/lib:/home/user/autorover_ws/install/libmavconn/lib:/home/user/vision_ws/install/zed_ipc/lib:/home/user/vision_ws/install/zed_topic_benchmark_component/lib:/home/user/vision_ws/install/zed_topic_benchmark_interfaces/lib:/home/user/vision_ws/install/zed_rgb_convert/lib:/home/user/vision_ws/install/zed_aruco_localization/lib:/home/user/vision_ws/install/rviz_plugin_zed_od/lib:/opt/ros/humble/opt/rviz_ogre_vendor/lib:/opt/ros/humble/lib/aarch64-linux-gnu:/opt/ros/humble/lib /usr/bin/cmake /home/user/vision_ws/src/zed-ros2-examples/tutorials/zed_robot_integration -DCMAKE_BUILD_TYPE=Release -DAMENT_CMAKE_SYMLINK_INSTALL=1 -DCMAKE_INSTALL_PREFIX=/home/user/vision_ws/install/zed_robot_integration
[6.383s] DEBUG:colcon.colcon_core.event_handler.log_command:Invoking command in '/home/user/vision_ws/build/zed_robot_integration': CMAKE_PREFIX_PATH=/home/user/vision_ws/install/zed_wrapper:/home/user/vision_ws/install/zed_components:/home/user/autorover_ws/install/zed_ros2:/home/user/autorover_ws/install/zed_wrapper:/home/user/autorover_ws/install/zed_components:/home/user/autorover_ws/install/robot_localization:/home/user/autorover_ws/install/mavros_extras:/home/user/autorover_ws/install/mavros:/home/user/autorover_ws/install/mavros_msgs:/home/user/autorover_ws/install/libmavconn:/home/user/vision_ws/install/zed_ros2:/home/user/vision_ws/install/zed_robot_integration:/home/user/vision_ws/install/zed_ipc:/home/user/vision_ws/install/zed_multi_camera:/home/user/vision_ws/install/zed_display_rviz2:/home/user/vision_ws/install/zed_depth_to_laserscan:/home/user/vision_ws/install/zed_tutorial_video:/home/user/vision_ws/install/zed_tutorial_pos_tracking:/home/user/vision_ws/install/zed_tutorial_depth:/home/user/vision_ws/install/zed_topic_benchmark:/home/user/vision_ws/install/zed_topic_benchmark_component:/home/user/vision_ws/install/zed_topic_benchmark_interfaces:/home/user/vision_ws/install/zed_rgb_convert:/home/user/vision_ws/install/zed_aruco_localization:/home/user/vision_ws/install/rviz_plugin_zed_od:/home/user/autorover_ws/install/teleop_twist_keyboard:/home/user/autorover_ws/install/autorover_bringup:/opt/ros/humble LD_LIBRARY_PATH=/home/user/vision_ws/install/zed_components/lib:/home/user/autorover_ws/install/zed_components/lib:/home/user/autorover_ws/install/robot_localization/lib:/home/user/autorover_ws/install/mavros_extras/lib:/home/user/autorover_ws/install/mavros/lib:/home/user/autorover_ws/install/mavros_msgs/lib:/home/user/autorover_ws/install/libmavconn/lib:/home/user/vision_ws/install/zed_ipc/lib:/home/user/vision_ws/install/zed_topic_benchmark_component/lib:/home/user/vision_ws/install/zed_topic_benchmark_interfaces/lib:/home/user/vision_ws/install/zed_rgb_convert/lib:/home/user/vision_ws/install/zed_aruco_localization/lib:/home/user/vision_ws/install/rviz_plugin_zed_od/lib:/opt/ros/humble/opt/rviz_ogre_vendor/lib:/opt/ros/humble/lib/aarch64-linux-gnu:/opt/ros/humble/lib /usr/bin/cmake --build /home/user/vision_ws/build/zed_robot_integration -- -j8 -l8
[6.410s] DEBUG:colcon.colcon_core.event_handler.log_command:Invoked command in '/home/user/vision_ws/build/zed_multi_camera' returned '0': CMAKE_PREFIX_PATH=/home/user/vision_ws/install/zed_wrapper:/home/user/vision_ws/install/zed_components:/home/user/autorover_ws/install/zed_ros2:/home/user/autorover_ws/install/zed_wrapper:/home/user/autorover_ws/install/zed_components:/home/user/autorover_ws/install/robot_localization:/home/user/autorover_ws/install/mavros_extras:/home/user/autorover_ws/install/mavros:/home/user/autorover_ws/install/mavros_msgs:/home/user/autorover_ws/install/libmavconn:/home/user/vision_ws/install/zed_ros2:/home/user/vision_ws/install/zed_robot_integration:/home/user/vision_ws/install/zed_ipc:/home/user/vision_ws/install/zed_multi_camera:/home/user/vision_ws/install/zed_display_rviz2:/home/user/vision_ws/install/zed_depth_to_laserscan:/home/user/vision_ws/install/zed_tutorial_video:/home/user/vision_ws/install/zed_tutorial_pos_tracking:/home/user/vision_ws/install/zed_tutorial_depth:/home/user/vision_ws/install/zed_topic_benchmark:/home/user/vision_ws/install/zed_topic_benchmark_component:/home/user/vision_ws/install/zed_topic_benchmark_interfaces:/home/user/vision_ws/install/zed_rgb_convert:/home/user/vision_ws/install/zed_aruco_localization:/home/user/vision_ws/install/rviz_plugin_zed_od:/home/user/autorover_ws/install/teleop_twist_keyboard:/home/user/autorover_ws/install/autorover_bringup:/opt/ros/humble LD_LIBRARY_PATH=/home/user/vision_ws/install/zed_components/lib:/home/user/autorover_ws/install/zed_components/lib:/home/user/autorover_ws/install/robot_localization/lib:/home/user/autorover_ws/install/mavros_extras/lib:/home/user/autorover_ws/install/mavros/lib:/home/user/autorover_ws/install/mavros_msgs/lib:/home/user/autorover_ws/install/libmavconn/lib:/home/user/vision_ws/install/zed_ipc/lib:/home/user/vision_ws/install/zed_topic_benchmark_component/lib:/home/user/vision_ws/install/zed_topic_benchmark_interfaces/lib:/home/user/vision_ws/install/zed_rgb_convert/lib:/home/user/vision_ws/install/zed_aruco_localization/lib:/home/user/vision_ws/install/rviz_plugin_zed_od/lib:/opt/ros/humble/opt/rviz_ogre_vendor/lib:/opt/ros/humble/lib/aarch64-linux-gnu:/opt/ros/humble/lib /usr/bin/cmake --build /home/user/vision_ws/build/zed_multi_camera -- -j8 -l8
[6.414s] DEBUG:colcon.colcon_core.event_handler.log_command:Invoking command in '/home/user/vision_ws/build/zed_multi_camera': CMAKE_PREFIX_PATH=/home/user/vision_ws/install/zed_wrapper:/home/user/vision_ws/install/zed_components:/home/user/autorover_ws/install/zed_ros2:/home/user/autorover_ws/install/zed_wrapper:/home/user/autorover_ws/install/zed_components:/home/user/autorover_ws/install/robot_localization:/home/user/autorover_ws/install/mavros_extras:/home/user/autorover_ws/install/mavros:/home/user/autorover_ws/install/mavros_msgs:/home/user/autorover_ws/install/libmavconn:/home/user/vision_ws/install/zed_ros2:/home/user/vision_ws/install/zed_robot_integration:/home/user/vision_ws/install/zed_ipc:/home/user/vision_ws/install/zed_multi_camera:/home/user/vision_ws/install/zed_display_rviz2:/home/user/vision_ws/install/zed_depth_to_laserscan:/home/user/vision_ws/install/zed_tutorial_video:/home/user/vision_ws/install/zed_tutorial_pos_tracking:/home/user/vision_ws/install/zed_tutorial_depth:/home/user/vision_ws/install/zed_topic_benchmark:/home/user/vision_ws/install/zed_topic_benchmark_component:/home/user/vision_ws/install/zed_topic_benchmark_interfaces:/home/user/vision_ws/install/zed_rgb_convert:/home/user/vision_ws/install/zed_aruco_localization:/home/user/vision_ws/install/rviz_plugin_zed_od:/home/user/autorover_ws/install/teleop_twist_keyboard:/home/user/autorover_ws/install/autorover_bringup:/opt/ros/humble LD_LIBRARY_PATH=/home/user/vision_ws/install/zed_components/lib:/home/user/autorover_ws/install/zed_components/lib:/home/user/autorover_ws/install/robot_localization/lib:/home/user/autorover_ws/install/mavros_extras/lib:/home/user/autorover_ws/install/mavros/lib:/home/user/autorover_ws/install/mavros_msgs/lib:/home/user/autorover_ws/install/libmavconn/lib:/home/user/vision_ws/install/zed_ipc/lib:/home/user/vision_ws/install/zed_topic_benchmark_component/lib:/home/user/vision_ws/install/zed_topic_benchmark_interfaces/lib:/home/user/vision_ws/install/zed_rgb_convert/lib:/home/user/vision_ws/install/zed_aruco_localization/lib:/home/user/vision_ws/install/rviz_plugin_zed_od/lib:/opt/ros/humble/opt/rviz_ogre_vendor/lib:/opt/ros/humble/lib/aarch64-linux-gnu:/opt/ros/humble/lib /usr/bin/cmake --install /home/user/vision_ws/build/zed_multi_camera
[6.417s] DEBUG:colcon.colcon_core.event_handler.log_command:Invoked command in '/home/user/vision_ws/build/zed_display_rviz2' returned '0': CMAKE_PREFIX_PATH=/home/user/vision_ws/install/zed_wrapper:/home/user/vision_ws/install/zed_components:/home/user/autorover_ws/install/zed_ros2:/home/user/autorover_ws/install/zed_wrapper:/home/user/autorover_ws/install/zed_components:/home/user/autorover_ws/install/robot_localization:/home/user/autorover_ws/install/mavros_extras:/home/user/autorover_ws/install/mavros:/home/user/autorover_ws/install/mavros_msgs:/home/user/autorover_ws/install/libmavconn:/home/user/vision_ws/install/zed_ros2:/home/user/vision_ws/install/zed_robot_integration:/home/user/vision_ws/install/zed_ipc:/home/user/vision_ws/install/zed_multi_camera:/home/user/vision_ws/install/zed_display_rviz2:/home/user/vision_ws/install/zed_depth_to_laserscan:/home/user/vision_ws/install/zed_tutorial_video:/home/user/vision_ws/install/zed_tutorial_pos_tracking:/home/user/vision_ws/install/zed_tutorial_depth:/home/user/vision_ws/install/zed_topic_benchmark:/home/user/vision_ws/install/zed_topic_benchmark_component:/home/user/vision_ws/install/zed_topic_benchmark_interfaces:/home/user/vision_ws/install/zed_rgb_convert:/home/user/vision_ws/install/zed_aruco_localization:/home/user/vision_ws/install/rviz_plugin_zed_od:/home/user/autorover_ws/install/teleop_twist_keyboard:/home/user/autorover_ws/install/autorover_bringup:/opt/ros/humble LD_LIBRARY_PATH=/home/user/vision_ws/install/zed_components/lib:/home/user/autorover_ws/install/zed_components/lib:/home/user/autorover_ws/install/robot_localization/lib:/home/user/autorover_ws/install/mavros_extras/lib:/home/user/autorover_ws/install/mavros/lib:/home/user/autorover_ws/install/mavros_msgs/lib:/home/user/autorover_ws/install/libmavconn/lib:/home/user/vision_ws/install/zed_ipc/lib:/home/user/vision_ws/install/zed_topic_benchmark_component/lib:/home/user/vision_ws/install/zed_topic_benchmark_interfaces/lib:/home/user/vision_ws/install/zed_rgb_convert/lib:/home/user/vision_ws/install/zed_aruco_localization/lib:/home/user/vision_ws/install/rviz_plugin_zed_od/lib:/opt/ros/humble/opt/rviz_ogre_vendor/lib:/opt/ros/humble/lib/aarch64-linux-gnu:/opt/ros/humble/lib /usr/bin/cmake --build /home/user/vision_ws/build/zed_display_rviz2 -- -j8 -l8
[6.420s] DEBUG:colcon.colcon_core.event_handler.log_command:Invoking command in '/home/user/vision_ws/build/zed_display_rviz2': CMAKE_PREFIX_PATH=/home/user/vision_ws/install/zed_wrapper:/home/user/vision_ws/install/zed_components:/home/user/autorover_ws/install/zed_ros2:/home/user/autorover_ws/install/zed_wrapper:/home/user/autorover_ws/install/zed_components:/home/user/autorover_ws/install/robot_localization:/home/user/autorover_ws/install/mavros_extras:/home/user/autorover_ws/install/mavros:/home/user/autorover_ws/install/mavros_msgs:/home/user/autorover_ws/install/libmavconn:/home/user/vision_ws/install/zed_ros2:/home/user/vision_ws/install/zed_robot_integration:/home/user/vision_ws/install/zed_ipc:/home/user/vision_ws/install/zed_multi_camera:/home/user/vision_ws/install/zed_display_rviz2:/home/user/vision_ws/install/zed_depth_to_laserscan:/home/user/vision_ws/install/zed_tutorial_video:/home/user/vision_ws/install/zed_tutorial_pos_tracking:/home/user/vision_ws/install/zed_tutorial_depth:/home/user/vision_ws/install/zed_topic_benchmark:/home/user/vision_ws/install/zed_topic_benchmark_component:/home/user/vision_ws/install/zed_topic_benchmark_interfaces:/home/user/vision_ws/install/zed_rgb_convert:/home/user/vision_ws/install/zed_aruco_localization:/home/user/vision_ws/install/rviz_plugin_zed_od:/home/user/autorover_ws/install/teleop_twist_keyboard:/home/user/autorover_ws/install/autorover_bringup:/opt/ros/humble LD_LIBRARY_PATH=/home/user/vision_ws/install/zed_components/lib:/home/user/autorover_ws/install/zed_components/lib:/home/user/autorover_ws/install/robot_localization/lib:/home/user/autorover_ws/install/mavros_extras/lib:/home/user/autorover_ws/install/mavros/lib:/home/user/autorover_ws/install/mavros_msgs/lib:/home/user/autorover_ws/install/libmavconn/lib:/home/user/vision_ws/install/zed_ipc/lib:/home/user/vision_ws/install/zed_topic_benchmark_component/lib:/home/user/vision_ws/install/zed_topic_benchmark_interfaces/lib:/home/user/vision_ws/install/zed_rgb_convert/lib:/home/user/vision_ws/install/zed_aruco_localization/lib:/home/user/vision_ws/install/rviz_plugin_zed_od/lib:/opt/ros/humble/opt/rviz_ogre_vendor/lib:/opt/ros/humble/lib/aarch64-linux-gnu:/opt/ros/humble/lib /usr/bin/cmake --install /home/user/vision_ws/build/zed_display_rviz2
[6.434s] Level 1:colcon.colcon_core.environment:create_environment_scripts_only(zed_rgb_convert)
[6.435s] Level 1:colcon.colcon_core.environment:checking '/home/user/vision_ws/install/zed_rgb_convert' for CMake module files
[6.437s] DEBUG:colcon.colcon_core.event_handler.log_command:Invoked command in '/home/user/vision_ws/build/zed_rgb_convert' returned '0': CMAKE_PREFIX_PATH=/home/user/vision_ws/install/zed_components:/home/user/autorover_ws/install/zed_ros2:/home/user/autorover_ws/install/zed_wrapper:/home/user/autorover_ws/install/zed_components:/home/user/autorover_ws/install/robot_localization:/home/user/autorover_ws/install/mavros_extras:/home/user/autorover_ws/install/mavros:/home/user/autorover_ws/install/mavros_msgs:/home/user/autorover_ws/install/libmavconn:/home/user/vision_ws/install/zed_ros2:/home/user/vision_ws/install/zed_robot_integration:/home/user/vision_ws/install/zed_ipc:/home/user/vision_ws/install/zed_multi_camera:/home/user/vision_ws/install/zed_display_rviz2:/home/user/vision_ws/install/zed_depth_to_laserscan:/home/user/vision_ws/install/zed_wrapper:/home/user/vision_ws/install/zed_tutorial_video:/home/user/vision_ws/install/zed_tutorial_pos_tracking:/home/user/vision_ws/install/zed_tutorial_depth:/home/user/vision_ws/install/zed_topic_benchmark:/home/user/vision_ws/install/zed_topic_benchmark_component:/home/user/vision_ws/install/zed_topic_benchmark_interfaces:/home/user/vision_ws/install/zed_rgb_convert:/home/user/vision_ws/install/zed_aruco_localization:/home/user/vision_ws/install/rviz_plugin_zed_od:/home/user/autorover_ws/install/teleop_twist_keyboard:/home/user/autorover_ws/install/autorover_bringup:/opt/ros/humble LD_LIBRARY_PATH=/home/user/vision_ws/install/zed_components/lib:/home/user/autorover_ws/install/zed_components/lib:/home/user/autorover_ws/install/robot_localization/lib:/home/user/autorover_ws/install/mavros_extras/lib:/home/user/autorover_ws/install/mavros/lib:/home/user/autorover_ws/install/mavros_msgs/lib:/home/user/autorover_ws/install/libmavconn/lib:/home/user/vision_ws/install/zed_ipc/lib:/home/user/vision_ws/install/zed_topic_benchmark_component/lib:/home/user/vision_ws/install/zed_topic_benchmark_interfaces/lib:/home/user/vision_ws/install/zed_rgb_convert/lib:/home/user/vision_ws/install/zed_aruco_localization/lib:/home/user/vision_ws/install/rviz_plugin_zed_od/lib:/opt/ros/humble/opt/rviz_ogre_vendor/lib:/opt/ros/humble/lib/aarch64-linux-gnu:/opt/ros/humble/lib /usr/bin/cmake --install /home/user/vision_ws/build/zed_rgb_convert
[6.439s] Level 1:colcon.colcon_core.environment:checking '/home/user/vision_ws/install/zed_rgb_convert' for CMake config files
[6.442s] Level 1:colcon.colcon_core.shell:create_environment_hook('zed_rgb_convert', 'cmake_prefix_path')
[6.443s] INFO:colcon.colcon_core.shell:Creating environment hook '/home/user/vision_ws/install/zed_rgb_convert/share/zed_rgb_convert/hook/cmake_prefix_path.ps1'
[6.445s] INFO:colcon.colcon_core.shell:Creating environment descriptor '/home/user/vision_ws/install/zed_rgb_convert/share/zed_rgb_convert/hook/cmake_prefix_path.dsv'
[6.447s] INFO:colcon.colcon_core.shell:Creating environment hook '/home/user/vision_ws/install/zed_rgb_convert/share/zed_rgb_convert/hook/cmake_prefix_path.sh'
[6.449s] Level 1:colcon.colcon_core.environment:checking '/home/user/vision_ws/install/zed_rgb_convert/lib'
[6.449s] Level 1:colcon.colcon_core.shell:create_environment_hook('zed_rgb_convert', 'ld_library_path_lib')
[6.449s] INFO:colcon.colcon_core.shell:Creating environment hook '/home/user/vision_ws/install/zed_rgb_convert/share/zed_rgb_convert/hook/ld_library_path_lib.ps1'
[6.451s] INFO:colcon.colcon_core.shell:Creating environment descriptor '/home/user/vision_ws/install/zed_rgb_convert/share/zed_rgb_convert/hook/ld_library_path_lib.dsv'
[6.452s] INFO:colcon.colcon_core.shell:Creating environment hook '/home/user/vision_ws/install/zed_rgb_convert/share/zed_rgb_convert/hook/ld_library_path_lib.sh'
[6.454s] Level 1:colcon.colcon_core.environment:checking '/home/user/vision_ws/install/zed_rgb_convert/bin'
[6.454s] Level 1:colcon.colcon_core.environment:checking '/home/user/vision_ws/install/zed_rgb_convert/lib/pkgconfig/zed_rgb_convert.pc'
[6.454s] Level 1:colcon.colcon_core.environment:checking '/home/user/vision_ws/install/zed_rgb_convert/lib/python3.10/site-packages'
[6.456s] Level 1:colcon.colcon_core.environment:checking '/home/user/vision_ws/install/zed_rgb_convert/bin'
[6.456s] INFO:colcon.colcon_core.shell:Creating package script '/home/user/vision_ws/install/zed_rgb_convert/share/zed_rgb_convert/package.ps1'
[6.460s] INFO:colcon.colcon_core.shell:Creating package descriptor '/home/user/vision_ws/install/zed_rgb_convert/share/zed_rgb_convert/package.dsv'
[6.461s] INFO:colcon.colcon_core.shell:Creating package script '/home/user/vision_ws/install/zed_rgb_convert/share/zed_rgb_convert/package.sh'
[6.462s] INFO:colcon.colcon_core.shell:Creating package script '/home/user/vision_ws/install/zed_rgb_convert/share/zed_rgb_convert/package.bash'
[6.465s] INFO:colcon.colcon_core.shell:Creating package script '/home/user/vision_ws/install/zed_rgb_convert/share/zed_rgb_convert/package.zsh'
[6.466s] Level 1:colcon.colcon_core.environment:create_file_with_runtime_dependencies(/home/user/vision_ws/install/zed_rgb_convert/share/colcon-core/packages/zed_rgb_convert)
[6.467s] Level 1:colcon.colcon_core.environment:create_environment_scripts_only(zed_rgb_convert)
[6.468s] Level 1:colcon.colcon_core.environment:checking '/home/user/vision_ws/install/zed_rgb_convert' for CMake module files
[6.469s] Level 1:colcon.colcon_core.environment:checking '/home/user/vision_ws/install/zed_rgb_convert' for CMake config files
[6.470s] Level 1:colcon.colcon_core.shell:create_environment_hook('zed_rgb_convert', 'cmake_prefix_path')
[6.470s] INFO:colcon.colcon_core.shell:Creating environment hook '/home/user/vision_ws/install/zed_rgb_convert/share/zed_rgb_convert/hook/cmake_prefix_path.ps1'
[6.471s] INFO:colcon.colcon_core.shell:Creating environment descriptor '/home/user/vision_ws/install/zed_rgb_convert/share/zed_rgb_convert/hook/cmake_prefix_path.dsv'
[6.472s] INFO:colcon.colcon_core.shell:Creating environment hook '/home/user/vision_ws/install/zed_rgb_convert/share/zed_rgb_convert/hook/cmake_prefix_path.sh'
[6.473s] Level 1:colcon.colcon_core.environment:checking '/home/user/vision_ws/install/zed_rgb_convert/lib'
[6.474s] Level 1:colcon.colcon_core.shell:create_environment_hook('zed_rgb_convert', 'ld_library_path_lib')
[6.474s] INFO:colcon.colcon_core.shell:Creating environment hook '/home/user/vision_ws/install/zed_rgb_convert/share/zed_rgb_convert/hook/ld_library_path_lib.ps1'
[6.475s] INFO:colcon.colcon_core.shell:Creating environment descriptor '/home/user/vision_ws/install/zed_rgb_convert/share/zed_rgb_convert/hook/ld_library_path_lib.dsv'
[6.476s] INFO:colcon.colcon_core.shell:Creating environment hook '/home/user/vision_ws/install/zed_rgb_convert/share/zed_rgb_convert/hook/ld_library_path_lib.sh'
[6.477s] Level 1:colcon.colcon_core.environment:checking '/home/user/vision_ws/install/zed_rgb_convert/bin'
[6.477s] Level 1:colcon.colcon_core.environment:checking '/home/user/vision_ws/install/zed_rgb_convert/lib/pkgconfig/zed_rgb_convert.pc'
[6.478s] Level 1:colcon.colcon_core.environment:checking '/home/user/vision_ws/install/zed_rgb_convert/lib/python3.10/site-packages'
[6.478s] Level 1:colcon.colcon_core.environment:checking '/home/user/vision_ws/install/zed_rgb_convert/bin'
[6.479s] INFO:colcon.colcon_core.shell:Creating package script '/home/user/vision_ws/install/zed_rgb_convert/share/zed_rgb_convert/package.ps1'
[6.480s] INFO:colcon.colcon_core.shell:Creating package descriptor '/home/user/vision_ws/install/zed_rgb_convert/share/zed_rgb_convert/package.dsv'
[6.481s] INFO:colcon.colcon_core.shell:Creating package script '/home/user/vision_ws/install/zed_rgb_convert/share/zed_rgb_convert/package.sh'
[6.482s] INFO:colcon.colcon_core.shell:Creating package script '/home/user/vision_ws/install/zed_rgb_convert/share/zed_rgb_convert/package.bash'
[6.484s] INFO:colcon.colcon_core.shell:Creating package script '/home/user/vision_ws/install/zed_rgb_convert/share/zed_rgb_convert/package.zsh'
[6.485s] Level 1:colcon.colcon_core.environment:create_file_with_runtime_dependencies(/home/user/vision_ws/install/zed_rgb_convert/share/colcon-core/packages/zed_rgb_convert)
[6.489s] Level 1:colcon.colcon_core.environment:create_environment_scripts_only(zed_multi_camera)
[6.489s] Level 1:colcon.colcon_core.environment:checking '/home/user/vision_ws/install/zed_multi_camera' for CMake module files
[6.490s] DEBUG:colcon.colcon_core.event_handler.log_command:Invoked command in '/home/user/vision_ws/build/zed_multi_camera' returned '0': CMAKE_PREFIX_PATH=/home/user/vision_ws/install/zed_wrapper:/home/user/vision_ws/install/zed_components:/home/user/autorover_ws/install/zed_ros2:/home/user/autorover_ws/install/zed_wrapper:/home/user/autorover_ws/install/zed_components:/home/user/autorover_ws/install/robot_localization:/home/user/autorover_ws/install/mavros_extras:/home/user/autorover_ws/install/mavros:/home/user/autorover_ws/install/mavros_msgs:/home/user/autorover_ws/install/libmavconn:/home/user/vision_ws/install/zed_ros2:/home/user/vision_ws/install/zed_robot_integration:/home/user/vision_ws/install/zed_ipc:/home/user/vision_ws/install/zed_multi_camera:/home/user/vision_ws/install/zed_display_rviz2:/home/user/vision_ws/install/zed_depth_to_laserscan:/home/user/vision_ws/install/zed_tutorial_video:/home/user/vision_ws/install/zed_tutorial_pos_tracking:/home/user/vision_ws/install/zed_tutorial_depth:/home/user/vision_ws/install/zed_topic_benchmark:/home/user/vision_ws/install/zed_topic_benchmark_component:/home/user/vision_ws/install/zed_topic_benchmark_interfaces:/home/user/vision_ws/install/zed_rgb_convert:/home/user/vision_ws/install/zed_aruco_localization:/home/user/vision_ws/install/rviz_plugin_zed_od:/home/user/autorover_ws/install/teleop_twist_keyboard:/home/user/autorover_ws/install/autorover_bringup:/opt/ros/humble LD_LIBRARY_PATH=/home/user/vision_ws/install/zed_components/lib:/home/user/autorover_ws/install/zed_components/lib:/home/user/autorover_ws/install/robot_localization/lib:/home/user/autorover_ws/install/mavros_extras/lib:/home/user/autorover_ws/install/mavros/lib:/home/user/autorover_ws/install/mavros_msgs/lib:/home/user/autorover_ws/install/libmavconn/lib:/home/user/vision_ws/install/zed_ipc/lib:/home/user/vision_ws/install/zed_topic_benchmark_component/lib:/home/user/vision_ws/install/zed_topic_benchmark_interfaces/lib:/home/user/vision_ws/install/zed_rgb_convert/lib:/home/user/vision_ws/install/zed_aruco_localization/lib:/home/user/vision_ws/install/rviz_plugin_zed_od/lib:/opt/ros/humble/opt/rviz_ogre_vendor/lib:/opt/ros/humble/lib/aarch64-linux-gnu:/opt/ros/humble/lib /usr/bin/cmake --install /home/user/vision_ws/build/zed_multi_camera
[6.491s] Level 1:colcon.colcon_core.environment:checking '/home/user/vision_ws/install/zed_multi_camera' for CMake config files
[6.492s] Level 1:colcon.colcon_core.shell:create_environment_hook('zed_multi_camera', 'cmake_prefix_path')
[6.492s] INFO:colcon.colcon_core.shell:Creating environment hook '/home/user/vision_ws/install/zed_multi_camera/share/zed_multi_camera/hook/cmake_prefix_path.ps1'
[6.494s] INFO:colcon.colcon_core.shell:Creating environment descriptor '/home/user/vision_ws/install/zed_multi_camera/share/zed_multi_camera/hook/cmake_prefix_path.dsv'
[6.495s] INFO:colcon.colcon_core.shell:Creating environment hook '/home/user/vision_ws/install/zed_multi_camera/share/zed_multi_camera/hook/cmake_prefix_path.sh'
[6.497s] Level 1:colcon.colcon_core.environment:checking '/home/user/vision_ws/install/zed_multi_camera/bin'
[6.497s] Level 1:colcon.colcon_core.environment:checking '/home/user/vision_ws/install/zed_multi_camera/lib/pkgconfig/zed_multi_camera.pc'
[6.498s] Level 1:colcon.colcon_core.environment:checking '/home/user/vision_ws/install/zed_multi_camera/lib/python3.10/site-packages'
[6.498s] Level 1:colcon.colcon_core.environment:checking '/home/user/vision_ws/install/zed_multi_camera/bin'
[6.499s] INFO:colcon.colcon_core.shell:Creating package script '/home/user/vision_ws/install/zed_multi_camera/share/zed_multi_camera/package.ps1'
[6.500s] INFO:colcon.colcon_core.shell:Creating package descriptor '/home/user/vision_ws/install/zed_multi_camera/share/zed_multi_camera/package.dsv'
[6.501s] INFO:colcon.colcon_core.shell:Creating package script '/home/user/vision_ws/install/zed_multi_camera/share/zed_multi_camera/package.sh'
[6.502s] INFO:colcon.colcon_core.shell:Creating package script '/home/user/vision_ws/install/zed_multi_camera/share/zed_multi_camera/package.bash'
[6.502s] INFO:colcon.colcon_core.shell:Creating package script '/home/user/vision_ws/install/zed_multi_camera/share/zed_multi_camera/package.zsh'
[6.503s] Level 1:colcon.colcon_core.environment:create_file_with_runtime_dependencies(/home/user/vision_ws/install/zed_multi_camera/share/colcon-core/packages/zed_multi_camera)
[6.504s] Level 1:colcon.colcon_core.environment:create_environment_scripts_only(zed_multi_camera)
[6.505s] Level 1:colcon.colcon_core.environment:checking '/home/user/vision_ws/install/zed_multi_camera' for CMake module files
[6.506s] Level 1:colcon.colcon_core.environment:checking '/home/user/vision_ws/install/zed_multi_camera' for CMake config files
[6.507s] Level 1:colcon.colcon_core.shell:create_environment_hook('zed_multi_camera', 'cmake_prefix_path')
[6.508s] INFO:colcon.colcon_core.shell:Creating environment hook '/home/user/vision_ws/install/zed_multi_camera/share/zed_multi_camera/hook/cmake_prefix_path.ps1'
[6.509s] INFO:colcon.colcon_core.shell:Creating environment descriptor '/home/user/vision_ws/install/zed_multi_camera/share/zed_multi_camera/hook/cmake_prefix_path.dsv'
[6.509s] INFO:colcon.colcon_core.shell:Creating environment hook '/home/user/vision_ws/install/zed_multi_camera/share/zed_multi_camera/hook/cmake_prefix_path.sh'
[6.511s] Level 1:colcon.colcon_core.environment:checking '/home/user/vision_ws/install/zed_multi_camera/bin'
[6.511s] Level 1:colcon.colcon_core.environment:checking '/home/user/vision_ws/install/zed_multi_camera/lib/pkgconfig/zed_multi_camera.pc'
[6.512s] Level 1:colcon.colcon_core.environment:checking '/home/user/vision_ws/install/zed_multi_camera/lib/python3.10/site-packages'
[6.512s] Level 1:colcon.colcon_core.environment:checking '/home/user/vision_ws/install/zed_multi_camera/bin'
[6.513s] INFO:colcon.colcon_core.shell:Creating package script '/home/user/vision_ws/install/zed_multi_camera/share/zed_multi_camera/package.ps1'
[6.514s] INFO:colcon.colcon_core.shell:Creating package descriptor '/home/user/vision_ws/install/zed_multi_camera/share/zed_multi_camera/package.dsv'
[6.515s] INFO:colcon.colcon_core.shell:Creating package script '/home/user/vision_ws/install/zed_multi_camera/share/zed_multi_camera/package.sh'
[6.516s] INFO:colcon.colcon_core.shell:Creating package script '/home/user/vision_ws/install/zed_multi_camera/share/zed_multi_camera/package.bash'
[6.517s] INFO:colcon.colcon_core.shell:Creating package script '/home/user/vision_ws/install/zed_multi_camera/share/zed_multi_camera/package.zsh'
[6.518s] Level 1:colcon.colcon_core.environment:create_file_with_runtime_dependencies(/home/user/vision_ws/install/zed_multi_camera/share/colcon-core/packages/zed_multi_camera)
[6.518s] Level 1:colcon.colcon_core.environment:create_environment_scripts_only(zed_display_rviz2)
[6.519s] Level 1:colcon.colcon_core.environment:checking '/home/user/vision_ws/install/zed_display_rviz2' for CMake module files
[6.521s] DEBUG:colcon.colcon_core.event_handler.log_command:Invoked command in '/home/user/vision_ws/build/zed_display_rviz2' returned '0': CMAKE_PREFIX_PATH=/home/user/vision_ws/install/zed_wrapper:/home/user/vision_ws/install/zed_components:/home/user/autorover_ws/install/zed_ros2:/home/user/autorover_ws/install/zed_wrapper:/home/user/autorover_ws/install/zed_components:/home/user/autorover_ws/install/robot_localization:/home/user/autorover_ws/install/mavros_extras:/home/user/autorover_ws/install/mavros:/home/user/autorover_ws/install/mavros_msgs:/home/user/autorover_ws/install/libmavconn:/home/user/vision_ws/install/zed_ros2:/home/user/vision_ws/install/zed_robot_integration:/home/user/vision_ws/install/zed_ipc:/home/user/vision_ws/install/zed_multi_camera:/home/user/vision_ws/install/zed_display_rviz2:/home/user/vision_ws/install/zed_depth_to_laserscan:/home/user/vision_ws/install/zed_tutorial_video:/home/user/vision_ws/install/zed_tutorial_pos_tracking:/home/user/vision_ws/install/zed_tutorial_depth:/home/user/vision_ws/install/zed_topic_benchmark:/home/user/vision_ws/install/zed_topic_benchmark_component:/home/user/vision_ws/install/zed_topic_benchmark_interfaces:/home/user/vision_ws/install/zed_rgb_convert:/home/user/vision_ws/install/zed_aruco_localization:/home/user/vision_ws/install/rviz_plugin_zed_od:/home/user/autorover_ws/install/teleop_twist_keyboard:/home/user/autorover_ws/install/autorover_bringup:/opt/ros/humble LD_LIBRARY_PATH=/home/user/vision_ws/install/zed_components/lib:/home/user/autorover_ws/install/zed_components/lib:/home/user/autorover_ws/install/robot_localization/lib:/home/user/autorover_ws/install/mavros_extras/lib:/home/user/autorover_ws/install/mavros/lib:/home/user/autorover_ws/install/mavros_msgs/lib:/home/user/autorover_ws/install/libmavconn/lib:/home/user/vision_ws/install/zed_ipc/lib:/home/user/vision_ws/install/zed_topic_benchmark_component/lib:/home/user/vision_ws/install/zed_topic_benchmark_interfaces/lib:/home/user/vision_ws/install/zed_rgb_convert/lib:/home/user/vision_ws/install/zed_aruco_localization/lib:/home/user/vision_ws/install/rviz_plugin_zed_od/lib:/opt/ros/humble/opt/rviz_ogre_vendor/lib:/opt/ros/humble/lib/aarch64-linux-gnu:/opt/ros/humble/lib /usr/bin/cmake --install /home/user/vision_ws/build/zed_display_rviz2
[6.522s] Level 1:colcon.colcon_core.environment:checking '/home/user/vision_ws/install/zed_display_rviz2' for CMake config files
[6.523s] Level 1:colcon.colcon_core.shell:create_environment_hook('zed_display_rviz2', 'cmake_prefix_path')
[6.523s] INFO:colcon.colcon_core.shell:Creating environment hook '/home/user/vision_ws/install/zed_display_rviz2/share/zed_display_rviz2/hook/cmake_prefix_path.ps1'
[6.524s] INFO:colcon.colcon_core.shell:Creating environment descriptor '/home/user/vision_ws/install/zed_display_rviz2/share/zed_display_rviz2/hook/cmake_prefix_path.dsv'
[6.525s] INFO:colcon.colcon_core.shell:Creating environment hook '/home/user/vision_ws/install/zed_display_rviz2/share/zed_display_rviz2/hook/cmake_prefix_path.sh'
[6.526s] Level 1:colcon.colcon_core.environment:checking '/home/user/vision_ws/install/zed_display_rviz2/bin'
[6.527s] Level 1:colcon.colcon_core.environment:checking '/home/user/vision_ws/install/zed_display_rviz2/lib/pkgconfig/zed_display_rviz2.pc'
[6.527s] Level 1:colcon.colcon_core.environment:checking '/home/user/vision_ws/install/zed_display_rviz2/lib/python3.10/site-packages'
[6.527s] Level 1:colcon.colcon_core.environment:checking '/home/user/vision_ws/install/zed_display_rviz2/bin'
[6.528s] INFO:colcon.colcon_core.shell:Creating package script '/home/user/vision_ws/install/zed_display_rviz2/share/zed_display_rviz2/package.ps1'
[6.529s] INFO:colcon.colcon_core.shell:Creating package descriptor '/home/user/vision_ws/install/zed_display_rviz2/share/zed_display_rviz2/package.dsv'
[6.530s] INFO:colcon.colcon_core.shell:Creating package script '/home/user/vision_ws/install/zed_display_rviz2/share/zed_display_rviz2/package.sh'
[6.530s] INFO:colcon.colcon_core.shell:Creating package script '/home/user/vision_ws/install/zed_display_rviz2/share/zed_display_rviz2/package.bash'
[6.531s] INFO:colcon.colcon_core.shell:Creating package script '/home/user/vision_ws/install/zed_display_rviz2/share/zed_display_rviz2/package.zsh'
[6.532s] Level 1:colcon.colcon_core.environment:create_file_with_runtime_dependencies(/home/user/vision_ws/install/zed_display_rviz2/share/colcon-core/packages/zed_display_rviz2)
[6.533s] Level 1:colcon.colcon_core.environment:create_environment_scripts_only(zed_display_rviz2)
[6.533s] Level 1:colcon.colcon_core.environment:checking '/home/user/vision_ws/install/zed_display_rviz2' for CMake module files
[6.534s] Level 1:colcon.colcon_core.environment:checking '/home/user/vision_ws/install/zed_display_rviz2' for CMake config files
[6.535s] Level 1:colcon.colcon_core.shell:create_environment_hook('zed_display_rviz2', 'cmake_prefix_path')
[6.535s] INFO:colcon.colcon_core.shell:Creating environment hook '/home/user/vision_ws/install/zed_display_rviz2/share/zed_display_rviz2/hook/cmake_prefix_path.ps1'
[6.536s] INFO:colcon.colcon_core.shell:Creating environment descriptor '/home/user/vision_ws/install/zed_display_rviz2/share/zed_display_rviz2/hook/cmake_prefix_path.dsv'
[6.537s] INFO:colcon.colcon_core.shell:Creating environment hook '/home/user/vision_ws/install/zed_display_rviz2/share/zed_display_rviz2/hook/cmake_prefix_path.sh'
[6.538s] Level 1:colcon.colcon_core.environment:checking '/home/user/vision_ws/install/zed_display_rviz2/bin'
[6.538s] Level 1:colcon.colcon_core.environment:checking '/home/user/vision_ws/install/zed_display_rviz2/lib/pkgconfig/zed_display_rviz2.pc'
[6.539s] Level 1:colcon.colcon_core.environment:checking '/home/user/vision_ws/install/zed_display_rviz2/lib/python3.10/site-packages'
[6.539s] Level 1:colcon.colcon_core.environment:checking '/home/user/vision_ws/install/zed_display_rviz2/bin'
[6.539s] INFO:colcon.colcon_core.shell:Creating package script '/home/user/vision_ws/install/zed_display_rviz2/share/zed_display_rviz2/package.ps1'
[6.540s] INFO:colcon.colcon_core.shell:Creating package descriptor '/home/user/vision_ws/install/zed_display_rviz2/share/zed_display_rviz2/package.dsv'
[6.541s] INFO:colcon.colcon_core.shell:Creating package script '/home/user/vision_ws/install/zed_display_rviz2/share/zed_display_rviz2/package.sh'
[6.542s] INFO:colcon.colcon_core.shell:Creating package script '/home/user/vision_ws/install/zed_display_rviz2/share/zed_display_rviz2/package.bash'
[6.543s] INFO:colcon.colcon_core.shell:Creating package script '/home/user/vision_ws/install/zed_display_rviz2/share/zed_display_rviz2/package.zsh'
[6.544s] Level 1:colcon.colcon_core.environment:create_file_with_runtime_dependencies(/home/user/vision_ws/install/zed_display_rviz2/share/colcon-core/packages/zed_display_rviz2)
[6.546s] DEBUG:colcon.colcon_core.event_handler.log_command:Invoked command in '/home/user/vision_ws/build/zed_ros2' returned '0': CMAKE_PREFIX_PATH=/home/user/vision_ws/install/zed_wrapper:/home/user/vision_ws/install/zed_components:/home/user/autorover_ws/install/zed_ros2:/home/user/autorover_ws/install/zed_wrapper:/home/user/autorover_ws/install/zed_components:/home/user/autorover_ws/install/robot_localization:/home/user/autorover_ws/install/mavros_extras:/home/user/autorover_ws/install/mavros:/home/user/autorover_ws/install/mavros_msgs:/home/user/autorover_ws/install/libmavconn:/home/user/vision_ws/install/zed_ros2:/home/user/vision_ws/install/zed_robot_integration:/home/user/vision_ws/install/zed_ipc:/home/user/vision_ws/install/zed_multi_camera:/home/user/vision_ws/install/zed_display_rviz2:/home/user/vision_ws/install/zed_depth_to_laserscan:/home/user/vision_ws/install/zed_tutorial_video:/home/user/vision_ws/install/zed_tutorial_pos_tracking:/home/user/vision_ws/install/zed_tutorial_depth:/home/user/vision_ws/install/zed_topic_benchmark:/home/user/vision_ws/install/zed_topic_benchmark_component:/home/user/vision_ws/install/zed_topic_benchmark_interfaces:/home/user/vision_ws/install/zed_rgb_convert:/home/user/vision_ws/install/zed_aruco_localization:/home/user/vision_ws/install/rviz_plugin_zed_od:/home/user/autorover_ws/install/teleop_twist_keyboard:/home/user/autorover_ws/install/autorover_bringup:/opt/ros/humble LD_LIBRARY_PATH=/home/user/vision_ws/install/zed_components/lib:/home/user/autorover_ws/install/zed_components/lib:/home/user/autorover_ws/install/robot_localization/lib:/home/user/autorover_ws/install/mavros_extras/lib:/home/user/autorover_ws/install/mavros/lib:/home/user/autorover_ws/install/mavros_msgs/lib:/home/user/autorover_ws/install/libmavconn/lib:/home/user/vision_ws/install/zed_ipc/lib:/home/user/vision_ws/install/zed_topic_benchmark_component/lib:/home/user/vision_ws/install/zed_topic_benchmark_interfaces/lib:/home/user/vision_ws/install/zed_rgb_convert/lib:/home/user/vision_ws/install/zed_aruco_localization/lib:/home/user/vision_ws/install/rviz_plugin_zed_od/lib:/opt/ros/humble/opt/rviz_ogre_vendor/lib:/opt/ros/humble/lib/aarch64-linux-gnu:/opt/ros/humble/lib /usr/bin/cmake --build /home/user/vision_ws/build/zed_ros2 -- -j8 -l8
[6.549s] DEBUG:colcon.colcon_core.event_handler.log_command:Invoking command in '/home/user/vision_ws/build/zed_ros2': CMAKE_PREFIX_PATH=/home/user/vision_ws/install/zed_wrapper:/home/user/vision_ws/install/zed_components:/home/user/autorover_ws/install/zed_ros2:/home/user/autorover_ws/install/zed_wrapper:/home/user/autorover_ws/install/zed_components:/home/user/autorover_ws/install/robot_localization:/home/user/autorover_ws/install/mavros_extras:/home/user/autorover_ws/install/mavros:/home/user/autorover_ws/install/mavros_msgs:/home/user/autorover_ws/install/libmavconn:/home/user/vision_ws/install/zed_ros2:/home/user/vision_ws/install/zed_robot_integration:/home/user/vision_ws/install/zed_ipc:/home/user/vision_ws/install/zed_multi_camera:/home/user/vision_ws/install/zed_display_rviz2:/home/user/vision_ws/install/zed_depth_to_laserscan:/home/user/vision_ws/install/zed_tutorial_video:/home/user/vision_ws/install/zed_tutorial_pos_tracking:/home/user/vision_ws/install/zed_tutorial_depth:/home/user/vision_ws/install/zed_topic_benchmark:/home/user/vision_ws/install/zed_topic_benchmark_component:/home/user/vision_ws/install/zed_topic_benchmark_interfaces:/home/user/vision_ws/install/zed_rgb_convert:/home/user/vision_ws/install/zed_aruco_localization:/home/user/vision_ws/install/rviz_plugin_zed_od:/home/user/autorover_ws/install/teleop_twist_keyboard:/home/user/autorover_ws/install/autorover_bringup:/opt/ros/humble LD_LIBRARY_PATH=/home/user/vision_ws/install/zed_components/lib:/home/user/autorover_ws/install/zed_components/lib:/home/user/autorover_ws/install/robot_localization/lib:/home/user/autorover_ws/install/mavros_extras/lib:/home/user/autorover_ws/install/mavros/lib:/home/user/autorover_ws/install/mavros_msgs/lib:/home/user/autorover_ws/install/libmavconn/lib:/home/user/vision_ws/install/zed_ipc/lib:/home/user/vision_ws/install/zed_topic_benchmark_component/lib:/home/user/vision_ws/install/zed_topic_benchmark_interfaces/lib:/home/user/vision_ws/install/zed_rgb_convert/lib:/home/user/vision_ws/install/zed_aruco_localization/lib:/home/user/vision_ws/install/rviz_plugin_zed_od/lib:/opt/ros/humble/opt/rviz_ogre_vendor/lib:/opt/ros/humble/lib/aarch64-linux-gnu:/opt/ros/humble/lib /usr/bin/cmake --install /home/user/vision_ws/build/zed_ros2
[6.550s] INFO:colcon.colcon_ros.task.ament_cmake.build:Building ROS package in '/home/user/vision_ws/src/zed-ros2-examples/tutorials/zed_ipc' with build type 'ament_cmake'
[6.550s] INFO:colcon.colcon_cmake.task.cmake.build:Building CMake package in '/home/user/vision_ws/src/zed-ros2-examples/tutorials/zed_ipc'
[6.550s] INFO:colcon.colcon_core.shell:Skip shell extension 'powershell' for command environment: Not usable outside of PowerShell
[6.550s] DEBUG:colcon.colcon_core.shell:Skip shell extension 'dsv' for command environment
[6.564s] DEBUG:colcon.colcon_core.event_handler.log_command:Invoked command in '/home/user/vision_ws/build/zed_robot_integration' returned '0': CMAKE_PREFIX_PATH=/home/user/vision_ws/install/zed_wrapper:/home/user/vision_ws/install/zed_components:/home/user/autorover_ws/install/zed_ros2:/home/user/autorover_ws/install/zed_wrapper:/home/user/autorover_ws/install/zed_components:/home/user/autorover_ws/install/robot_localization:/home/user/autorover_ws/install/mavros_extras:/home/user/autorover_ws/install/mavros:/home/user/autorover_ws/install/mavros_msgs:/home/user/autorover_ws/install/libmavconn:/home/user/vision_ws/install/zed_ros2:/home/user/vision_ws/install/zed_robot_integration:/home/user/vision_ws/install/zed_ipc:/home/user/vision_ws/install/zed_multi_camera:/home/user/vision_ws/install/zed_display_rviz2:/home/user/vision_ws/install/zed_depth_to_laserscan:/home/user/vision_ws/install/zed_tutorial_video:/home/user/vision_ws/install/zed_tutorial_pos_tracking:/home/user/vision_ws/install/zed_tutorial_depth:/home/user/vision_ws/install/zed_topic_benchmark:/home/user/vision_ws/install/zed_topic_benchmark_component:/home/user/vision_ws/install/zed_topic_benchmark_interfaces:/home/user/vision_ws/install/zed_rgb_convert:/home/user/vision_ws/install/zed_aruco_localization:/home/user/vision_ws/install/rviz_plugin_zed_od:/home/user/autorover_ws/install/teleop_twist_keyboard:/home/user/autorover_ws/install/autorover_bringup:/opt/ros/humble LD_LIBRARY_PATH=/home/user/vision_ws/install/zed_components/lib:/home/user/autorover_ws/install/zed_components/lib:/home/user/autorover_ws/install/robot_localization/lib:/home/user/autorover_ws/install/mavros_extras/lib:/home/user/autorover_ws/install/mavros/lib:/home/user/autorover_ws/install/mavros_msgs/lib:/home/user/autorover_ws/install/libmavconn/lib:/home/user/vision_ws/install/zed_ipc/lib:/home/user/vision_ws/install/zed_topic_benchmark_component/lib:/home/user/vision_ws/install/zed_topic_benchmark_interfaces/lib:/home/user/vision_ws/install/zed_rgb_convert/lib:/home/user/vision_ws/install/zed_aruco_localization/lib:/home/user/vision_ws/install/rviz_plugin_zed_od/lib:/opt/ros/humble/opt/rviz_ogre_vendor/lib:/opt/ros/humble/lib/aarch64-linux-gnu:/opt/ros/humble/lib /usr/bin/cmake --build /home/user/vision_ws/build/zed_robot_integration -- -j8 -l8
[6.567s] DEBUG:colcon.colcon_core.event_handler.log_command:Invoking command in '/home/user/vision_ws/build/zed_robot_integration': CMAKE_PREFIX_PATH=/home/user/vision_ws/install/zed_wrapper:/home/user/vision_ws/install/zed_components:/home/user/autorover_ws/install/zed_ros2:/home/user/autorover_ws/install/zed_wrapper:/home/user/autorover_ws/install/zed_components:/home/user/autorover_ws/install/robot_localization:/home/user/autorover_ws/install/mavros_extras:/home/user/autorover_ws/install/mavros:/home/user/autorover_ws/install/mavros_msgs:/home/user/autorover_ws/install/libmavconn:/home/user/vision_ws/install/zed_ros2:/home/user/vision_ws/install/zed_robot_integration:/home/user/vision_ws/install/zed_ipc:/home/user/vision_ws/install/zed_multi_camera:/home/user/vision_ws/install/zed_display_rviz2:/home/user/vision_ws/install/zed_depth_to_laserscan:/home/user/vision_ws/install/zed_tutorial_video:/home/user/vision_ws/install/zed_tutorial_pos_tracking:/home/user/vision_ws/install/zed_tutorial_depth:/home/user/vision_ws/install/zed_topic_benchmark:/home/user/vision_ws/install/zed_topic_benchmark_component:/home/user/vision_ws/install/zed_topic_benchmark_interfaces:/home/user/vision_ws/install/zed_rgb_convert:/home/user/vision_ws/install/zed_aruco_localization:/home/user/vision_ws/install/rviz_plugin_zed_od:/home/user/autorover_ws/install/teleop_twist_keyboard:/home/user/autorover_ws/install/autorover_bringup:/opt/ros/humble LD_LIBRARY_PATH=/home/user/vision_ws/install/zed_components/lib:/home/user/autorover_ws/install/zed_components/lib:/home/user/autorover_ws/install/robot_localization/lib:/home/user/autorover_ws/install/mavros_extras/lib:/home/user/autorover_ws/install/mavros/lib:/home/user/autorover_ws/install/mavros_msgs/lib:/home/user/autorover_ws/install/libmavconn/lib:/home/user/vision_ws/install/zed_ipc/lib:/home/user/vision_ws/install/zed_topic_benchmark_component/lib:/home/user/vision_ws/install/zed_topic_benchmark_interfaces/lib:/home/user/vision_ws/install/zed_rgb_convert/lib:/home/user/vision_ws/install/zed_aruco_localization/lib:/home/user/vision_ws/install/rviz_plugin_zed_od/lib:/opt/ros/humble/opt/rviz_ogre_vendor/lib:/opt/ros/humble/lib/aarch64-linux-gnu:/opt/ros/humble/lib /usr/bin/cmake --install /home/user/vision_ws/build/zed_robot_integration
[6.577s] DEBUG:colcon.colcon_core.event_handler.log_command:Invoked command in '/home/user/vision_ws/build/zed_topic_benchmark_component' returned '0': CMAKE_PREFIX_PATH=/home/user/vision_ws/install/zed_topic_benchmark_interfaces:/home/user/autorover_ws/install/zed_ros2:/home/user/autorover_ws/install/zed_wrapper:/home/user/autorover_ws/install/zed_components:/home/user/autorover_ws/install/robot_localization:/home/user/autorover_ws/install/mavros_extras:/home/user/autorover_ws/install/mavros:/home/user/autorover_ws/install/mavros_msgs:/home/user/autorover_ws/install/libmavconn:/home/user/vision_ws/install/zed_ros2:/home/user/vision_ws/install/zed_robot_integration:/home/user/vision_ws/install/zed_ipc:/home/user/vision_ws/install/zed_multi_camera:/home/user/vision_ws/install/zed_display_rviz2:/home/user/vision_ws/install/zed_depth_to_laserscan:/home/user/vision_ws/install/zed_wrapper:/home/user/vision_ws/install/zed_tutorial_video:/home/user/vision_ws/install/zed_tutorial_pos_tracking:/home/user/vision_ws/install/zed_tutorial_depth:/home/user/vision_ws/install/zed_topic_benchmark:/home/user/vision_ws/install/zed_topic_benchmark_component:/home/user/vision_ws/install/zed_rgb_convert:/home/user/vision_ws/install/zed_aruco_localization:/home/user/vision_ws/install/zed_components:/home/user/vision_ws/install/rviz_plugin_zed_od:/home/user/autorover_ws/install/teleop_twist_keyboard:/home/user/autorover_ws/install/autorover_bringup:/opt/ros/humble LD_LIBRARY_PATH=/home/user/vision_ws/install/zed_topic_benchmark_interfaces/lib:/home/user/autorover_ws/install/zed_components/lib:/home/user/autorover_ws/install/robot_localization/lib:/home/user/autorover_ws/install/mavros_extras/lib:/home/user/autorover_ws/install/mavros/lib:/home/user/autorover_ws/install/mavros_msgs/lib:/home/user/autorover_ws/install/libmavconn/lib:/home/user/vision_ws/install/zed_ipc/lib:/home/user/vision_ws/install/zed_topic_benchmark_component/lib:/home/user/vision_ws/install/zed_rgb_convert/lib:/home/user/vision_ws/install/zed_aruco_localization/lib:/home/user/vision_ws/install/zed_components/lib:/home/user/vision_ws/install/rviz_plugin_zed_od/lib:/opt/ros/humble/opt/rviz_ogre_vendor/lib:/opt/ros/humble/lib/aarch64-linux-gnu:/opt/ros/humble/lib /usr/bin/cmake /home/user/vision_ws/src/zed-ros2-examples/tools/zed_benchmark_component -DCMAKE_BUILD_TYPE=Release -DAMENT_CMAKE_SYMLINK_INSTALL=1 -DCMAKE_INSTALL_PREFIX=/home/user/vision_ws/install/zed_topic_benchmark_component
[6.577s] DEBUG:colcon.colcon_core.event_handler.log_command:Invoking command in '/home/user/vision_ws/build/zed_topic_benchmark_component': CMAKE_PREFIX_PATH=/home/user/vision_ws/install/zed_topic_benchmark_interfaces:/home/user/autorover_ws/install/zed_ros2:/home/user/autorover_ws/install/zed_wrapper:/home/user/autorover_ws/install/zed_components:/home/user/autorover_ws/install/robot_localization:/home/user/autorover_ws/install/mavros_extras:/home/user/autorover_ws/install/mavros:/home/user/autorover_ws/install/mavros_msgs:/home/user/autorover_ws/install/libmavconn:/home/user/vision_ws/install/zed_ros2:/home/user/vision_ws/install/zed_robot_integration:/home/user/vision_ws/install/zed_ipc:/home/user/vision_ws/install/zed_multi_camera:/home/user/vision_ws/install/zed_display_rviz2:/home/user/vision_ws/install/zed_depth_to_laserscan:/home/user/vision_ws/install/zed_wrapper:/home/user/vision_ws/install/zed_tutorial_video:/home/user/vision_ws/install/zed_tutorial_pos_tracking:/home/user/vision_ws/install/zed_tutorial_depth:/home/user/vision_ws/install/zed_topic_benchmark:/home/user/vision_ws/install/zed_topic_benchmark_component:/home/user/vision_ws/install/zed_rgb_convert:/home/user/vision_ws/install/zed_aruco_localization:/home/user/vision_ws/install/zed_components:/home/user/vision_ws/install/rviz_plugin_zed_od:/home/user/autorover_ws/install/teleop_twist_keyboard:/home/user/autorover_ws/install/autorover_bringup:/opt/ros/humble LD_LIBRARY_PATH=/home/user/vision_ws/install/zed_topic_benchmark_interfaces/lib:/home/user/autorover_ws/install/zed_components/lib:/home/user/autorover_ws/install/robot_localization/lib:/home/user/autorover_ws/install/mavros_extras/lib:/home/user/autorover_ws/install/mavros/lib:/home/user/autorover_ws/install/mavros_msgs/lib:/home/user/autorover_ws/install/libmavconn/lib:/home/user/vision_ws/install/zed_ipc/lib:/home/user/vision_ws/install/zed_topic_benchmark_component/lib:/home/user/vision_ws/install/zed_rgb_convert/lib:/home/user/vision_ws/install/zed_aruco_localization/lib:/home/user/vision_ws/install/zed_components/lib:/home/user/vision_ws/install/rviz_plugin_zed_od/lib:/opt/ros/humble/opt/rviz_ogre_vendor/lib:/opt/ros/humble/lib/aarch64-linux-gnu:/opt/ros/humble/lib /usr/bin/cmake --build /home/user/vision_ws/build/zed_topic_benchmark_component -- -j8 -l8
[6.585s] DEBUG:colcon.colcon_core.event_handler.log_command:Invoking command in '/home/user/vision_ws/build/zed_ipc': CMAKE_PREFIX_PATH=/home/user/vision_ws/install/zed_multi_camera:/home/user/vision_ws/install/zed_wrapper:/home/user/vision_ws/install/zed_components:/home/user/autorover_ws/install/zed_ros2:/home/user/autorover_ws/install/zed_wrapper:/home/user/autorover_ws/install/zed_components:/home/user/autorover_ws/install/robot_localization:/home/user/autorover_ws/install/mavros_extras:/home/user/autorover_ws/install/mavros:/home/user/autorover_ws/install/mavros_msgs:/home/user/autorover_ws/install/libmavconn:/home/user/vision_ws/install/zed_ros2:/home/user/vision_ws/install/zed_robot_integration:/home/user/vision_ws/install/zed_ipc:/home/user/vision_ws/install/zed_display_rviz2:/home/user/vision_ws/install/zed_depth_to_laserscan:/home/user/vision_ws/install/zed_tutorial_video:/home/user/vision_ws/install/zed_tutorial_pos_tracking:/home/user/vision_ws/install/zed_tutorial_depth:/home/user/vision_ws/install/zed_topic_benchmark:/home/user/vision_ws/install/zed_topic_benchmark_component:/home/user/vision_ws/install/zed_topic_benchmark_interfaces:/home/user/vision_ws/install/zed_rgb_convert:/home/user/vision_ws/install/zed_aruco_localization:/home/user/vision_ws/install/rviz_plugin_zed_od:/home/user/autorover_ws/install/teleop_twist_keyboard:/home/user/autorover_ws/install/autorover_bringup:/opt/ros/humble LD_LIBRARY_PATH=/home/user/vision_ws/install/zed_components/lib:/home/user/autorover_ws/install/zed_components/lib:/home/user/autorover_ws/install/robot_localization/lib:/home/user/autorover_ws/install/mavros_extras/lib:/home/user/autorover_ws/install/mavros/lib:/home/user/autorover_ws/install/mavros_msgs/lib:/home/user/autorover_ws/install/libmavconn/lib:/home/user/vision_ws/install/zed_ipc/lib:/home/user/vision_ws/install/zed_topic_benchmark_component/lib:/home/user/vision_ws/install/zed_topic_benchmark_interfaces/lib:/home/user/vision_ws/install/zed_rgb_convert/lib:/home/user/vision_ws/install/zed_aruco_localization/lib:/home/user/vision_ws/install/rviz_plugin_zed_od/lib:/opt/ros/humble/opt/rviz_ogre_vendor/lib:/opt/ros/humble/lib/aarch64-linux-gnu:/opt/ros/humble/lib /usr/bin/cmake /home/user/vision_ws/src/zed-ros2-examples/tutorials/zed_ipc -DCMAKE_BUILD_TYPE=Release -DAMENT_CMAKE_SYMLINK_INSTALL=1 -DCMAKE_INSTALL_PREFIX=/home/user/vision_ws/install/zed_ipc
[6.595s] Level 1:colcon.colcon_core.environment:create_environment_scripts_only(zed_ros2)
[6.596s] DEBUG:colcon.colcon_core.event_handler.log_command:Invoked command in '/home/user/vision_ws/build/zed_ros2' returned '0': CMAKE_PREFIX_PATH=/home/user/vision_ws/install/zed_wrapper:/home/user/vision_ws/install/zed_components:/home/user/autorover_ws/install/zed_ros2:/home/user/autorover_ws/install/zed_wrapper:/home/user/autorover_ws/install/zed_components:/home/user/autorover_ws/install/robot_localization:/home/user/autorover_ws/install/mavros_extras:/home/user/autorover_ws/install/mavros:/home/user/autorover_ws/install/mavros_msgs:/home/user/autorover_ws/install/libmavconn:/home/user/vision_ws/install/zed_ros2:/home/user/vision_ws/install/zed_robot_integration:/home/user/vision_ws/install/zed_ipc:/home/user/vision_ws/install/zed_multi_camera:/home/user/vision_ws/install/zed_display_rviz2:/home/user/vision_ws/install/zed_depth_to_laserscan:/home/user/vision_ws/install/zed_tutorial_video:/home/user/vision_ws/install/zed_tutorial_pos_tracking:/home/user/vision_ws/install/zed_tutorial_depth:/home/user/vision_ws/install/zed_topic_benchmark:/home/user/vision_ws/install/zed_topic_benchmark_component:/home/user/vision_ws/install/zed_topic_benchmark_interfaces:/home/user/vision_ws/install/zed_rgb_convert:/home/user/vision_ws/install/zed_aruco_localization:/home/user/vision_ws/install/rviz_plugin_zed_od:/home/user/autorover_ws/install/teleop_twist_keyboard:/home/user/autorover_ws/install/autorover_bringup:/opt/ros/humble LD_LIBRARY_PATH=/home/user/vision_ws/install/zed_components/lib:/home/user/autorover_ws/install/zed_components/lib:/home/user/autorover_ws/install/robot_localization/lib:/home/user/autorover_ws/install/mavros_extras/lib:/home/user/autorover_ws/install/mavros/lib:/home/user/autorover_ws/install/mavros_msgs/lib:/home/user/autorover_ws/install/libmavconn/lib:/home/user/vision_ws/install/zed_ipc/lib:/home/user/vision_ws/install/zed_topic_benchmark_component/lib:/home/user/vision_ws/install/zed_topic_benchmark_interfaces/lib:/home/user/vision_ws/install/zed_rgb_convert/lib:/home/user/vision_ws/install/zed_aruco_localization/lib:/home/user/vision_ws/install/rviz_plugin_zed_od/lib:/opt/ros/humble/opt/rviz_ogre_vendor/lib:/opt/ros/humble/lib/aarch64-linux-gnu:/opt/ros/humble/lib /usr/bin/cmake --install /home/user/vision_ws/build/zed_ros2
[6.596s] Level 1:colcon.colcon_core.environment:checking '/home/user/vision_ws/install/zed_ros2' for CMake module files
[6.598s] Level 1:colcon.colcon_core.environment:checking '/home/user/vision_ws/install/zed_ros2' for CMake config files
[6.598s] Level 1:colcon.colcon_core.shell:create_environment_hook('zed_ros2', 'cmake_prefix_path')
[6.599s] INFO:colcon.colcon_core.shell:Creating environment hook '/home/user/vision_ws/install/zed_ros2/share/zed_ros2/hook/cmake_prefix_path.ps1'
[6.600s] INFO:colcon.colcon_core.shell:Creating environment descriptor '/home/user/vision_ws/install/zed_ros2/share/zed_ros2/hook/cmake_prefix_path.dsv'
[6.601s] INFO:colcon.colcon_core.shell:Creating environment hook '/home/user/vision_ws/install/zed_ros2/share/zed_ros2/hook/cmake_prefix_path.sh'
[6.602s] Level 1:colcon.colcon_core.environment:checking '/home/user/vision_ws/install/zed_ros2/bin'
[6.602s] Level 1:colcon.colcon_core.environment:checking '/home/user/vision_ws/install/zed_ros2/lib/pkgconfig/zed_ros2.pc'
[6.603s] Level 1:colcon.colcon_core.environment:checking '/home/user/vision_ws/install/zed_ros2/lib/python3.10/site-packages'
[6.603s] Level 1:colcon.colcon_core.environment:checking '/home/user/vision_ws/install/zed_ros2/bin'
[6.604s] INFO:colcon.colcon_core.shell:Creating package script '/home/user/vision_ws/install/zed_ros2/share/zed_ros2/package.ps1'
[6.605s] INFO:colcon.colcon_core.shell:Creating package descriptor '/home/user/vision_ws/install/zed_ros2/share/zed_ros2/package.dsv'
[6.606s] INFO:colcon.colcon_core.shell:Creating package script '/home/user/vision_ws/install/zed_ros2/share/zed_ros2/package.sh'
[6.607s] INFO:colcon.colcon_core.shell:Creating package script '/home/user/vision_ws/install/zed_ros2/share/zed_ros2/package.bash'
[6.608s] INFO:colcon.colcon_core.shell:Creating package script '/home/user/vision_ws/install/zed_ros2/share/zed_ros2/package.zsh'
[6.609s] Level 1:colcon.colcon_core.environment:create_file_with_runtime_dependencies(/home/user/vision_ws/install/zed_ros2/share/colcon-core/packages/zed_ros2)
[6.610s] Level 1:colcon.colcon_core.environment:create_environment_scripts_only(zed_ros2)
[6.611s] Level 1:colcon.colcon_core.environment:checking '/home/user/vision_ws/install/zed_ros2' for CMake module files
[6.613s] Level 1:colcon.colcon_core.environment:checking '/home/user/vision_ws/install/zed_ros2' for CMake config files
[6.614s] Level 1:colcon.colcon_core.shell:create_environment_hook('zed_ros2', 'cmake_prefix_path')
[6.614s] INFO:colcon.colcon_core.shell:Creating environment hook '/home/user/vision_ws/install/zed_ros2/share/zed_ros2/hook/cmake_prefix_path.ps1'
[6.615s] INFO:colcon.colcon_core.shell:Creating environment descriptor '/home/user/vision_ws/install/zed_ros2/share/zed_ros2/hook/cmake_prefix_path.dsv'
[6.616s] INFO:colcon.colcon_core.shell:Creating environment hook '/home/user/vision_ws/install/zed_ros2/share/zed_ros2/hook/cmake_prefix_path.sh'
[6.617s] Level 1:colcon.colcon_core.environment:checking '/home/user/vision_ws/install/zed_ros2/bin'
[6.617s] Level 1:colcon.colcon_core.environment:checking '/home/user/vision_ws/install/zed_ros2/lib/pkgconfig/zed_ros2.pc'
[6.618s] Level 1:colcon.colcon_core.environment:checking '/home/user/vision_ws/install/zed_ros2/lib/python3.10/site-packages'
[6.618s] Level 1:colcon.colcon_core.environment:checking '/home/user/vision_ws/install/zed_ros2/bin'
[6.619s] INFO:colcon.colcon_core.shell:Creating package script '/home/user/vision_ws/install/zed_ros2/share/zed_ros2/package.ps1'
[6.620s] INFO:colcon.colcon_core.shell:Creating package descriptor '/home/user/vision_ws/install/zed_ros2/share/zed_ros2/package.dsv'
[6.621s] INFO:colcon.colcon_core.shell:Creating package script '/home/user/vision_ws/install/zed_ros2/share/zed_ros2/package.sh'
[6.622s] INFO:colcon.colcon_core.shell:Creating package script '/home/user/vision_ws/install/zed_ros2/share/zed_ros2/package.bash'
[6.623s] INFO:colcon.colcon_core.shell:Creating package script '/home/user/vision_ws/install/zed_ros2/share/zed_ros2/package.zsh'
[6.623s] Level 1:colcon.colcon_core.environment:create_file_with_runtime_dependencies(/home/user/vision_ws/install/zed_ros2/share/colcon-core/packages/zed_ros2)
[6.626s] Level 1:colcon.colcon_core.environment:create_environment_scripts_only(zed_robot_integration)
[6.626s] Level 1:colcon.colcon_core.environment:checking '/home/user/vision_ws/install/zed_robot_integration' for CMake module files
[6.627s] DEBUG:colcon.colcon_core.event_handler.log_command:Invoked command in '/home/user/vision_ws/build/zed_robot_integration' returned '0': CMAKE_PREFIX_PATH=/home/user/vision_ws/install/zed_wrapper:/home/user/vision_ws/install/zed_components:/home/user/autorover_ws/install/zed_ros2:/home/user/autorover_ws/install/zed_wrapper:/home/user/autorover_ws/install/zed_components:/home/user/autorover_ws/install/robot_localization:/home/user/autorover_ws/install/mavros_extras:/home/user/autorover_ws/install/mavros:/home/user/autorover_ws/install/mavros_msgs:/home/user/autorover_ws/install/libmavconn:/home/user/vision_ws/install/zed_ros2:/home/user/vision_ws/install/zed_robot_integration:/home/user/vision_ws/install/zed_ipc:/home/user/vision_ws/install/zed_multi_camera:/home/user/vision_ws/install/zed_display_rviz2:/home/user/vision_ws/install/zed_depth_to_laserscan:/home/user/vision_ws/install/zed_tutorial_video:/home/user/vision_ws/install/zed_tutorial_pos_tracking:/home/user/vision_ws/install/zed_tutorial_depth:/home/user/vision_ws/install/zed_topic_benchmark:/home/user/vision_ws/install/zed_topic_benchmark_component:/home/user/vision_ws/install/zed_topic_benchmark_interfaces:/home/user/vision_ws/install/zed_rgb_convert:/home/user/vision_ws/install/zed_aruco_localization:/home/user/vision_ws/install/rviz_plugin_zed_od:/home/user/autorover_ws/install/teleop_twist_keyboard:/home/user/autorover_ws/install/autorover_bringup:/opt/ros/humble LD_LIBRARY_PATH=/home/user/vision_ws/install/zed_components/lib:/home/user/autorover_ws/install/zed_components/lib:/home/user/autorover_ws/install/robot_localization/lib:/home/user/autorover_ws/install/mavros_extras/lib:/home/user/autorover_ws/install/mavros/lib:/home/user/autorover_ws/install/mavros_msgs/lib:/home/user/autorover_ws/install/libmavconn/lib:/home/user/vision_ws/install/zed_ipc/lib:/home/user/vision_ws/install/zed_topic_benchmark_component/lib:/home/user/vision_ws/install/zed_topic_benchmark_interfaces/lib:/home/user/vision_ws/install/zed_rgb_convert/lib:/home/user/vision_ws/install/zed_aruco_localization/lib:/home/user/vision_ws/install/rviz_plugin_zed_od/lib:/opt/ros/humble/opt/rviz_ogre_vendor/lib:/opt/ros/humble/lib/aarch64-linux-gnu:/opt/ros/humble/lib /usr/bin/cmake --install /home/user/vision_ws/build/zed_robot_integration
[6.628s] Level 1:colcon.colcon_core.environment:checking '/home/user/vision_ws/install/zed_robot_integration' for CMake config files
[6.629s] Level 1:colcon.colcon_core.shell:create_environment_hook('zed_robot_integration', 'cmake_prefix_path')
[6.630s] INFO:colcon.colcon_core.shell:Creating environment hook '/home/user/vision_ws/install/zed_robot_integration/share/zed_robot_integration/hook/cmake_prefix_path.ps1'
[6.631s] INFO:colcon.colcon_core.shell:Creating environment descriptor '/home/user/vision_ws/install/zed_robot_integration/share/zed_robot_integration/hook/cmake_prefix_path.dsv'
[6.631s] INFO:colcon.colcon_core.shell:Creating environment hook '/home/user/vision_ws/install/zed_robot_integration/share/zed_robot_integration/hook/cmake_prefix_path.sh'
[6.633s] Level 1:colcon.colcon_core.environment:checking '/home/user/vision_ws/install/zed_robot_integration/bin'
[6.633s] Level 1:colcon.colcon_core.environment:checking '/home/user/vision_ws/install/zed_robot_integration/lib/pkgconfig/zed_robot_integration.pc'
[6.633s] Level 1:colcon.colcon_core.environment:checking '/home/user/vision_ws/install/zed_robot_integration/lib/python3.10/site-packages'
[6.634s] Level 1:colcon.colcon_core.environment:checking '/home/user/vision_ws/install/zed_robot_integration/bin'
[6.634s] INFO:colcon.colcon_core.shell:Creating package script '/home/user/vision_ws/install/zed_robot_integration/share/zed_robot_integration/package.ps1'
[6.635s] INFO:colcon.colcon_core.shell:Creating package descriptor '/home/user/vision_ws/install/zed_robot_integration/share/zed_robot_integration/package.dsv'
[6.636s] INFO:colcon.colcon_core.shell:Creating package script '/home/user/vision_ws/install/zed_robot_integration/share/zed_robot_integration/package.sh'
[6.637s] INFO:colcon.colcon_core.shell:Creating package script '/home/user/vision_ws/install/zed_robot_integration/share/zed_robot_integration/package.bash'
[6.638s] INFO:colcon.colcon_core.shell:Creating package script '/home/user/vision_ws/install/zed_robot_integration/share/zed_robot_integration/package.zsh'
[6.639s] Level 1:colcon.colcon_core.environment:create_file_with_runtime_dependencies(/home/user/vision_ws/install/zed_robot_integration/share/colcon-core/packages/zed_robot_integration)
[6.640s] Level 1:colcon.colcon_core.environment:create_environment_scripts_only(zed_robot_integration)
[6.640s] Level 1:colcon.colcon_core.environment:checking '/home/user/vision_ws/install/zed_robot_integration' for CMake module files
[6.641s] Level 1:colcon.colcon_core.environment:checking '/home/user/vision_ws/install/zed_robot_integration' for CMake config files
[6.642s] Level 1:colcon.colcon_core.shell:create_environment_hook('zed_robot_integration', 'cmake_prefix_path')
[6.642s] INFO:colcon.colcon_core.shell:Creating environment hook '/home/user/vision_ws/install/zed_robot_integration/share/zed_robot_integration/hook/cmake_prefix_path.ps1'
[6.643s] INFO:colcon.colcon_core.shell:Creating environment descriptor '/home/user/vision_ws/install/zed_robot_integration/share/zed_robot_integration/hook/cmake_prefix_path.dsv'
[6.644s] INFO:colcon.colcon_core.shell:Creating environment hook '/home/user/vision_ws/install/zed_robot_integration/share/zed_robot_integration/hook/cmake_prefix_path.sh'
[6.645s] Level 1:colcon.colcon_core.environment:checking '/home/user/vision_ws/install/zed_robot_integration/bin'
[6.645s] Level 1:colcon.colcon_core.environment:checking '/home/user/vision_ws/install/zed_robot_integration/lib/pkgconfig/zed_robot_integration.pc'
[6.646s] Level 1:colcon.colcon_core.environment:checking '/home/user/vision_ws/install/zed_robot_integration/lib/python3.10/site-packages'
[6.647s] Level 1:colcon.colcon_core.environment:checking '/home/user/vision_ws/install/zed_robot_integration/bin'
[6.647s] INFO:colcon.colcon_core.shell:Creating package script '/home/user/vision_ws/install/zed_robot_integration/share/zed_robot_integration/package.ps1'
[6.649s] INFO:colcon.colcon_core.shell:Creating package descriptor '/home/user/vision_ws/install/zed_robot_integration/share/zed_robot_integration/package.dsv'
[6.650s] INFO:colcon.colcon_core.shell:Creating package script '/home/user/vision_ws/install/zed_robot_integration/share/zed_robot_integration/package.sh'
[6.651s] INFO:colcon.colcon_core.shell:Creating package script '/home/user/vision_ws/install/zed_robot_integration/share/zed_robot_integration/package.bash'
[6.652s] INFO:colcon.colcon_core.shell:Creating package script '/home/user/vision_ws/install/zed_robot_integration/share/zed_robot_integration/package.zsh'
[6.652s] Level 1:colcon.colcon_core.environment:create_file_with_runtime_dependencies(/home/user/vision_ws/install/zed_robot_integration/share/colcon-core/packages/zed_robot_integration)
[6.723s] DEBUG:colcon.colcon_core.event_handler.log_command:Invoked command in '/home/user/vision_ws/build/zed_topic_benchmark_component' returned '0': CMAKE_PREFIX_PATH=/home/user/vision_ws/install/zed_topic_benchmark_interfaces:/home/user/autorover_ws/install/zed_ros2:/home/user/autorover_ws/install/zed_wrapper:/home/user/autorover_ws/install/zed_components:/home/user/autorover_ws/install/robot_localization:/home/user/autorover_ws/install/mavros_extras:/home/user/autorover_ws/install/mavros:/home/user/autorover_ws/install/mavros_msgs:/home/user/autorover_ws/install/libmavconn:/home/user/vision_ws/install/zed_ros2:/home/user/vision_ws/install/zed_robot_integration:/home/user/vision_ws/install/zed_ipc:/home/user/vision_ws/install/zed_multi_camera:/home/user/vision_ws/install/zed_display_rviz2:/home/user/vision_ws/install/zed_depth_to_laserscan:/home/user/vision_ws/install/zed_wrapper:/home/user/vision_ws/install/zed_tutorial_video:/home/user/vision_ws/install/zed_tutorial_pos_tracking:/home/user/vision_ws/install/zed_tutorial_depth:/home/user/vision_ws/install/zed_topic_benchmark:/home/user/vision_ws/install/zed_topic_benchmark_component:/home/user/vision_ws/install/zed_rgb_convert:/home/user/vision_ws/install/zed_aruco_localization:/home/user/vision_ws/install/zed_components:/home/user/vision_ws/install/rviz_plugin_zed_od:/home/user/autorover_ws/install/teleop_twist_keyboard:/home/user/autorover_ws/install/autorover_bringup:/opt/ros/humble LD_LIBRARY_PATH=/home/user/vision_ws/install/zed_topic_benchmark_interfaces/lib:/home/user/autorover_ws/install/zed_components/lib:/home/user/autorover_ws/install/robot_localization/lib:/home/user/autorover_ws/install/mavros_extras/lib:/home/user/autorover_ws/install/mavros/lib:/home/user/autorover_ws/install/mavros_msgs/lib:/home/user/autorover_ws/install/libmavconn/lib:/home/user/vision_ws/install/zed_ipc/lib:/home/user/vision_ws/install/zed_topic_benchmark_component/lib:/home/user/vision_ws/install/zed_rgb_convert/lib:/home/user/vision_ws/install/zed_aruco_localization/lib:/home/user/vision_ws/install/zed_components/lib:/home/user/vision_ws/install/rviz_plugin_zed_od/lib:/opt/ros/humble/opt/rviz_ogre_vendor/lib:/opt/ros/humble/lib/aarch64-linux-gnu:/opt/ros/humble/lib /usr/bin/cmake --build /home/user/vision_ws/build/zed_topic_benchmark_component -- -j8 -l8
[6.727s] DEBUG:colcon.colcon_core.event_handler.log_command:Invoking command in '/home/user/vision_ws/build/zed_topic_benchmark_component': CMAKE_PREFIX_PATH=/home/user/vision_ws/install/zed_topic_benchmark_interfaces:/home/user/autorover_ws/install/zed_ros2:/home/user/autorover_ws/install/zed_wrapper:/home/user/autorover_ws/install/zed_components:/home/user/autorover_ws/install/robot_localization:/home/user/autorover_ws/install/mavros_extras:/home/user/autorover_ws/install/mavros:/home/user/autorover_ws/install/mavros_msgs:/home/user/autorover_ws/install/libmavconn:/home/user/vision_ws/install/zed_ros2:/home/user/vision_ws/install/zed_robot_integration:/home/user/vision_ws/install/zed_ipc:/home/user/vision_ws/install/zed_multi_camera:/home/user/vision_ws/install/zed_display_rviz2:/home/user/vision_ws/install/zed_depth_to_laserscan:/home/user/vision_ws/install/zed_wrapper:/home/user/vision_ws/install/zed_tutorial_video:/home/user/vision_ws/install/zed_tutorial_pos_tracking:/home/user/vision_ws/install/zed_tutorial_depth:/home/user/vision_ws/install/zed_topic_benchmark:/home/user/vision_ws/install/zed_topic_benchmark_component:/home/user/vision_ws/install/zed_rgb_convert:/home/user/vision_ws/install/zed_aruco_localization:/home/user/vision_ws/install/zed_components:/home/user/vision_ws/install/rviz_plugin_zed_od:/home/user/autorover_ws/install/teleop_twist_keyboard:/home/user/autorover_ws/install/autorover_bringup:/opt/ros/humble LD_LIBRARY_PATH=/home/user/vision_ws/install/zed_topic_benchmark_interfaces/lib:/home/user/autorover_ws/install/zed_components/lib:/home/user/autorover_ws/install/robot_localization/lib:/home/user/autorover_ws/install/mavros_extras/lib:/home/user/autorover_ws/install/mavros/lib:/home/user/autorover_ws/install/mavros_msgs/lib:/home/user/autorover_ws/install/libmavconn/lib:/home/user/vision_ws/install/zed_ipc/lib:/home/user/vision_ws/install/zed_topic_benchmark_component/lib:/home/user/vision_ws/install/zed_rgb_convert/lib:/home/user/vision_ws/install/zed_aruco_localization/lib:/home/user/vision_ws/install/zed_components/lib:/home/user/vision_ws/install/rviz_plugin_zed_od/lib:/opt/ros/humble/opt/rviz_ogre_vendor/lib:/opt/ros/humble/lib/aarch64-linux-gnu:/opt/ros/humble/lib /usr/bin/cmake --install /home/user/vision_ws/build/zed_topic_benchmark_component
[6.777s] Level 1:colcon.colcon_core.environment:create_environment_scripts_only(zed_topic_benchmark_component)
[6.778s] Level 1:colcon.colcon_core.environment:checking '/home/user/vision_ws/install/zed_topic_benchmark_component' for CMake module files
[6.779s] DEBUG:colcon.colcon_core.event_handler.log_command:Invoked command in '/home/user/vision_ws/build/zed_topic_benchmark_component' returned '0': CMAKE_PREFIX_PATH=/home/user/vision_ws/install/zed_topic_benchmark_interfaces:/home/user/autorover_ws/install/zed_ros2:/home/user/autorover_ws/install/zed_wrapper:/home/user/autorover_ws/install/zed_components:/home/user/autorover_ws/install/robot_localization:/home/user/autorover_ws/install/mavros_extras:/home/user/autorover_ws/install/mavros:/home/user/autorover_ws/install/mavros_msgs:/home/user/autorover_ws/install/libmavconn:/home/user/vision_ws/install/zed_ros2:/home/user/vision_ws/install/zed_robot_integration:/home/user/vision_ws/install/zed_ipc:/home/user/vision_ws/install/zed_multi_camera:/home/user/vision_ws/install/zed_display_rviz2:/home/user/vision_ws/install/zed_depth_to_laserscan:/home/user/vision_ws/install/zed_wrapper:/home/user/vision_ws/install/zed_tutorial_video:/home/user/vision_ws/install/zed_tutorial_pos_tracking:/home/user/vision_ws/install/zed_tutorial_depth:/home/user/vision_ws/install/zed_topic_benchmark:/home/user/vision_ws/install/zed_topic_benchmark_component:/home/user/vision_ws/install/zed_rgb_convert:/home/user/vision_ws/install/zed_aruco_localization:/home/user/vision_ws/install/zed_components:/home/user/vision_ws/install/rviz_plugin_zed_od:/home/user/autorover_ws/install/teleop_twist_keyboard:/home/user/autorover_ws/install/autorover_bringup:/opt/ros/humble LD_LIBRARY_PATH=/home/user/vision_ws/install/zed_topic_benchmark_interfaces/lib:/home/user/autorover_ws/install/zed_components/lib:/home/user/autorover_ws/install/robot_localization/lib:/home/user/autorover_ws/install/mavros_extras/lib:/home/user/autorover_ws/install/mavros/lib:/home/user/autorover_ws/install/mavros_msgs/lib:/home/user/autorover_ws/install/libmavconn/lib:/home/user/vision_ws/install/zed_ipc/lib:/home/user/vision_ws/install/zed_topic_benchmark_component/lib:/home/user/vision_ws/install/zed_rgb_convert/lib:/home/user/vision_ws/install/zed_aruco_localization/lib:/home/user/vision_ws/install/zed_components/lib:/home/user/vision_ws/install/rviz_plugin_zed_od/lib:/opt/ros/humble/opt/rviz_ogre_vendor/lib:/opt/ros/humble/lib/aarch64-linux-gnu:/opt/ros/humble/lib /usr/bin/cmake --install /home/user/vision_ws/build/zed_topic_benchmark_component
[6.780s] Level 1:colcon.colcon_core.environment:checking '/home/user/vision_ws/install/zed_topic_benchmark_component' for CMake config files
[6.781s] Level 1:colcon.colcon_core.shell:create_environment_hook('zed_topic_benchmark_component', 'cmake_prefix_path')
[6.781s] INFO:colcon.colcon_core.shell:Creating environment hook '/home/user/vision_ws/install/zed_topic_benchmark_component/share/zed_topic_benchmark_component/hook/cmake_prefix_path.ps1'
[6.782s] INFO:colcon.colcon_core.shell:Creating environment descriptor '/home/user/vision_ws/install/zed_topic_benchmark_component/share/zed_topic_benchmark_component/hook/cmake_prefix_path.dsv'
[6.783s] INFO:colcon.colcon_core.shell:Creating environment hook '/home/user/vision_ws/install/zed_topic_benchmark_component/share/zed_topic_benchmark_component/hook/cmake_prefix_path.sh'
[6.784s] Level 1:colcon.colcon_core.environment:checking '/home/user/vision_ws/install/zed_topic_benchmark_component/lib'
[6.785s] Level 1:colcon.colcon_core.shell:create_environment_hook('zed_topic_benchmark_component', 'ld_library_path_lib')
[6.785s] INFO:colcon.colcon_core.shell:Creating environment hook '/home/user/vision_ws/install/zed_topic_benchmark_component/share/zed_topic_benchmark_component/hook/ld_library_path_lib.ps1'
[6.786s] INFO:colcon.colcon_core.shell:Creating environment descriptor '/home/user/vision_ws/install/zed_topic_benchmark_component/share/zed_topic_benchmark_component/hook/ld_library_path_lib.dsv'
[6.787s] INFO:colcon.colcon_core.shell:Creating environment hook '/home/user/vision_ws/install/zed_topic_benchmark_component/share/zed_topic_benchmark_component/hook/ld_library_path_lib.sh'
[6.787s] Level 1:colcon.colcon_core.environment:checking '/home/user/vision_ws/install/zed_topic_benchmark_component/bin'
[6.788s] Level 1:colcon.colcon_core.environment:checking '/home/user/vision_ws/install/zed_topic_benchmark_component/lib/pkgconfig/zed_topic_benchmark_component.pc'
[6.788s] Level 1:colcon.colcon_core.environment:checking '/home/user/vision_ws/install/zed_topic_benchmark_component/lib/python3.10/site-packages'
[6.789s] Level 1:colcon.colcon_core.environment:checking '/home/user/vision_ws/install/zed_topic_benchmark_component/bin'
[6.789s] INFO:colcon.colcon_core.shell:Creating package script '/home/user/vision_ws/install/zed_topic_benchmark_component/share/zed_topic_benchmark_component/package.ps1'
[6.790s] INFO:colcon.colcon_core.shell:Creating package descriptor '/home/user/vision_ws/install/zed_topic_benchmark_component/share/zed_topic_benchmark_component/package.dsv'
[6.791s] INFO:colcon.colcon_core.shell:Creating package script '/home/user/vision_ws/install/zed_topic_benchmark_component/share/zed_topic_benchmark_component/package.sh'
[6.792s] INFO:colcon.colcon_core.shell:Creating package script '/home/user/vision_ws/install/zed_topic_benchmark_component/share/zed_topic_benchmark_component/package.bash'
[6.793s] INFO:colcon.colcon_core.shell:Creating package script '/home/user/vision_ws/install/zed_topic_benchmark_component/share/zed_topic_benchmark_component/package.zsh'
[6.794s] Level 1:colcon.colcon_core.environment:create_file_with_runtime_dependencies(/home/user/vision_ws/install/zed_topic_benchmark_component/share/colcon-core/packages/zed_topic_benchmark_component)
[6.795s] Level 1:colcon.colcon_core.environment:create_environment_scripts_only(zed_topic_benchmark_component)
[6.795s] Level 1:colcon.colcon_core.environment:checking '/home/user/vision_ws/install/zed_topic_benchmark_component' for CMake module files
[6.796s] Level 1:colcon.colcon_core.environment:checking '/home/user/vision_ws/install/zed_topic_benchmark_component' for CMake config files
[6.797s] Level 1:colcon.colcon_core.shell:create_environment_hook('zed_topic_benchmark_component', 'cmake_prefix_path')
[6.797s] INFO:colcon.colcon_core.shell:Creating environment hook '/home/user/vision_ws/install/zed_topic_benchmark_component/share/zed_topic_benchmark_component/hook/cmake_prefix_path.ps1'
[6.798s] INFO:colcon.colcon_core.shell:Creating environment descriptor '/home/user/vision_ws/install/zed_topic_benchmark_component/share/zed_topic_benchmark_component/hook/cmake_prefix_path.dsv'
[6.799s] INFO:colcon.colcon_core.shell:Creating environment hook '/home/user/vision_ws/install/zed_topic_benchmark_component/share/zed_topic_benchmark_component/hook/cmake_prefix_path.sh'
[6.800s] Level 1:colcon.colcon_core.environment:checking '/home/user/vision_ws/install/zed_topic_benchmark_component/lib'
[6.801s] Level 1:colcon.colcon_core.shell:create_environment_hook('zed_topic_benchmark_component', 'ld_library_path_lib')
[6.801s] INFO:colcon.colcon_core.shell:Creating environment hook '/home/user/vision_ws/install/zed_topic_benchmark_component/share/zed_topic_benchmark_component/hook/ld_library_path_lib.ps1'
[6.802s] INFO:colcon.colcon_core.shell:Creating environment descriptor '/home/user/vision_ws/install/zed_topic_benchmark_component/share/zed_topic_benchmark_component/hook/ld_library_path_lib.dsv'
[6.802s] INFO:colcon.colcon_core.shell:Creating environment hook '/home/user/vision_ws/install/zed_topic_benchmark_component/share/zed_topic_benchmark_component/hook/ld_library_path_lib.sh'
[6.803s] Level 1:colcon.colcon_core.environment:checking '/home/user/vision_ws/install/zed_topic_benchmark_component/bin'
[6.803s] Level 1:colcon.colcon_core.environment:checking '/home/user/vision_ws/install/zed_topic_benchmark_component/lib/pkgconfig/zed_topic_benchmark_component.pc'
[6.804s] Level 1:colcon.colcon_core.environment:checking '/home/user/vision_ws/install/zed_topic_benchmark_component/lib/python3.10/site-packages'
[6.804s] Level 1:colcon.colcon_core.environment:checking '/home/user/vision_ws/install/zed_topic_benchmark_component/bin'
[6.805s] INFO:colcon.colcon_core.shell:Creating package script '/home/user/vision_ws/install/zed_topic_benchmark_component/share/zed_topic_benchmark_component/package.ps1'
[6.806s] INFO:colcon.colcon_core.shell:Creating package descriptor '/home/user/vision_ws/install/zed_topic_benchmark_component/share/zed_topic_benchmark_component/package.dsv'
[6.807s] INFO:colcon.colcon_core.shell:Creating package script '/home/user/vision_ws/install/zed_topic_benchmark_component/share/zed_topic_benchmark_component/package.sh'
[6.809s] INFO:colcon.colcon_core.shell:Creating package script '/home/user/vision_ws/install/zed_topic_benchmark_component/share/zed_topic_benchmark_component/package.bash'
[6.810s] INFO:colcon.colcon_core.shell:Creating package script '/home/user/vision_ws/install/zed_topic_benchmark_component/share/zed_topic_benchmark_component/package.zsh'
[6.810s] Level 1:colcon.colcon_core.environment:create_file_with_runtime_dependencies(/home/user/vision_ws/install/zed_topic_benchmark_component/share/colcon-core/packages/zed_topic_benchmark_component)
[6.811s] INFO:colcon.colcon_ros.task.ament_cmake.build:Building ROS package in '/home/user/vision_ws/src/zed-ros2-examples/tools/zed_benchmark' with build type 'ament_cmake'
[6.812s] INFO:colcon.colcon_cmake.task.cmake.build:Building CMake package in '/home/user/vision_ws/src/zed-ros2-examples/tools/zed_benchmark'
[6.812s] INFO:colcon.colcon_core.shell:Skip shell extension 'powershell' for command environment: Not usable outside of PowerShell
[6.812s] DEBUG:colcon.colcon_core.shell:Skip shell extension 'dsv' for command environment
[6.844s] DEBUG:colcon.colcon_core.event_handler.log_command:Invoking command in '/home/user/vision_ws/build/zed_topic_benchmark': CMAKE_PREFIX_PATH=/home/user/vision_ws/install/zed_topic_benchmark_component:/home/user/vision_ws/install/zed_topic_benchmark_interfaces:/home/user/autorover_ws/install/zed_ros2:/home/user/autorover_ws/install/zed_wrapper:/home/user/autorover_ws/install/zed_components:/home/user/autorover_ws/install/robot_localization:/home/user/autorover_ws/install/mavros_extras:/home/user/autorover_ws/install/mavros:/home/user/autorover_ws/install/mavros_msgs:/home/user/autorover_ws/install/libmavconn:/home/user/vision_ws/install/zed_ros2:/home/user/vision_ws/install/zed_robot_integration:/home/user/vision_ws/install/zed_ipc:/home/user/vision_ws/install/zed_multi_camera:/home/user/vision_ws/install/zed_display_rviz2:/home/user/vision_ws/install/zed_depth_to_laserscan:/home/user/vision_ws/install/zed_wrapper:/home/user/vision_ws/install/zed_tutorial_video:/home/user/vision_ws/install/zed_tutorial_pos_tracking:/home/user/vision_ws/install/zed_tutorial_depth:/home/user/vision_ws/install/zed_topic_benchmark:/home/user/vision_ws/install/zed_rgb_convert:/home/user/vision_ws/install/zed_aruco_localization:/home/user/vision_ws/install/zed_components:/home/user/vision_ws/install/rviz_plugin_zed_od:/home/user/autorover_ws/install/teleop_twist_keyboard:/home/user/autorover_ws/install/autorover_bringup:/opt/ros/humble LD_LIBRARY_PATH=/home/user/vision_ws/install/zed_topic_benchmark_component/lib:/home/user/vision_ws/install/zed_topic_benchmark_interfaces/lib:/home/user/autorover_ws/install/zed_components/lib:/home/user/autorover_ws/install/robot_localization/lib:/home/user/autorover_ws/install/mavros_extras/lib:/home/user/autorover_ws/install/mavros/lib:/home/user/autorover_ws/install/mavros_msgs/lib:/home/user/autorover_ws/install/libmavconn/lib:/home/user/vision_ws/install/zed_ipc/lib:/home/user/vision_ws/install/zed_rgb_convert/lib:/home/user/vision_ws/install/zed_aruco_localization/lib:/home/user/vision_ws/install/zed_components/lib:/home/user/vision_ws/install/rviz_plugin_zed_od/lib:/opt/ros/humble/opt/rviz_ogre_vendor/lib:/opt/ros/humble/lib/aarch64-linux-gnu:/opt/ros/humble/lib /usr/bin/cmake /home/user/vision_ws/src/zed-ros2-examples/tools/zed_benchmark -DCMAKE_BUILD_TYPE=Release -DAMENT_CMAKE_SYMLINK_INSTALL=1 -DCMAKE_INSTALL_PREFIX=/home/user/vision_ws/install/zed_topic_benchmark
[7.465s] DEBUG:colcon.colcon_core.event_handler.log_command:Invoked command in '/home/user/vision_ws/build/zed_depth_to_laserscan' returned '0': CMAKE_PREFIX_PATH=/home/user/vision_ws/install/zed_wrapper:/home/user/vision_ws/install/zed_components:/home/user/autorover_ws/install/zed_ros2:/home/user/autorover_ws/install/zed_wrapper:/home/user/autorover_ws/install/zed_components:/home/user/autorover_ws/install/robot_localization:/home/user/autorover_ws/install/mavros_extras:/home/user/autorover_ws/install/mavros:/home/user/autorover_ws/install/mavros_msgs:/home/user/autorover_ws/install/libmavconn:/home/user/vision_ws/install/zed_ros2:/home/user/vision_ws/install/zed_robot_integration:/home/user/vision_ws/install/zed_ipc:/home/user/vision_ws/install/zed_multi_camera:/home/user/vision_ws/install/zed_display_rviz2:/home/user/vision_ws/install/zed_depth_to_laserscan:/home/user/vision_ws/install/zed_tutorial_video:/home/user/vision_ws/install/zed_tutorial_pos_tracking:/home/user/vision_ws/install/zed_tutorial_depth:/home/user/vision_ws/install/zed_topic_benchmark:/home/user/vision_ws/install/zed_topic_benchmark_component:/home/user/vision_ws/install/zed_topic_benchmark_interfaces:/home/user/vision_ws/install/zed_rgb_convert:/home/user/vision_ws/install/zed_aruco_localization:/home/user/vision_ws/install/rviz_plugin_zed_od:/home/user/autorover_ws/install/teleop_twist_keyboard:/home/user/autorover_ws/install/autorover_bringup:/opt/ros/humble LD_LIBRARY_PATH=/home/user/vision_ws/install/zed_components/lib:/home/user/autorover_ws/install/zed_components/lib:/home/user/autorover_ws/install/robot_localization/lib:/home/user/autorover_ws/install/mavros_extras/lib:/home/user/autorover_ws/install/mavros/lib:/home/user/autorover_ws/install/mavros_msgs/lib:/home/user/autorover_ws/install/libmavconn/lib:/home/user/vision_ws/install/zed_ipc/lib:/home/user/vision_ws/install/zed_topic_benchmark_component/lib:/home/user/vision_ws/install/zed_topic_benchmark_interfaces/lib:/home/user/vision_ws/install/zed_rgb_convert/lib:/home/user/vision_ws/install/zed_aruco_localization/lib:/home/user/vision_ws/install/rviz_plugin_zed_od/lib:/opt/ros/humble/opt/rviz_ogre_vendor/lib:/opt/ros/humble/lib/aarch64-linux-gnu:/opt/ros/humble/lib /usr/bin/cmake /home/user/vision_ws/src/zed-ros2-examples/examples/zed_depth_to_laserscan -DCMAKE_BUILD_TYPE=Release -DAMENT_CMAKE_SYMLINK_INSTALL=1 -DCMAKE_INSTALL_PREFIX=/home/user/vision_ws/install/zed_depth_to_laserscan
[7.468s] DEBUG:colcon.colcon_core.event_handler.log_command:Invoking command in '/home/user/vision_ws/build/zed_depth_to_laserscan': CMAKE_PREFIX_PATH=/home/user/vision_ws/install/zed_wrapper:/home/user/vision_ws/install/zed_components:/home/user/autorover_ws/install/zed_ros2:/home/user/autorover_ws/install/zed_wrapper:/home/user/autorover_ws/install/zed_components:/home/user/autorover_ws/install/robot_localization:/home/user/autorover_ws/install/mavros_extras:/home/user/autorover_ws/install/mavros:/home/user/autorover_ws/install/mavros_msgs:/home/user/autorover_ws/install/libmavconn:/home/user/vision_ws/install/zed_ros2:/home/user/vision_ws/install/zed_robot_integration:/home/user/vision_ws/install/zed_ipc:/home/user/vision_ws/install/zed_multi_camera:/home/user/vision_ws/install/zed_display_rviz2:/home/user/vision_ws/install/zed_depth_to_laserscan:/home/user/vision_ws/install/zed_tutorial_video:/home/user/vision_ws/install/zed_tutorial_pos_tracking:/home/user/vision_ws/install/zed_tutorial_depth:/home/user/vision_ws/install/zed_topic_benchmark:/home/user/vision_ws/install/zed_topic_benchmark_component:/home/user/vision_ws/install/zed_topic_benchmark_interfaces:/home/user/vision_ws/install/zed_rgb_convert:/home/user/vision_ws/install/zed_aruco_localization:/home/user/vision_ws/install/rviz_plugin_zed_od:/home/user/autorover_ws/install/teleop_twist_keyboard:/home/user/autorover_ws/install/autorover_bringup:/opt/ros/humble LD_LIBRARY_PATH=/home/user/vision_ws/install/zed_components/lib:/home/user/autorover_ws/install/zed_components/lib:/home/user/autorover_ws/install/robot_localization/lib:/home/user/autorover_ws/install/mavros_extras/lib:/home/user/autorover_ws/install/mavros/lib:/home/user/autorover_ws/install/mavros_msgs/lib:/home/user/autorover_ws/install/libmavconn/lib:/home/user/vision_ws/install/zed_ipc/lib:/home/user/vision_ws/install/zed_topic_benchmark_component/lib:/home/user/vision_ws/install/zed_topic_benchmark_interfaces/lib:/home/user/vision_ws/install/zed_rgb_convert/lib:/home/user/vision_ws/install/zed_aruco_localization/lib:/home/user/vision_ws/install/rviz_plugin_zed_od/lib:/opt/ros/humble/opt/rviz_ogre_vendor/lib:/opt/ros/humble/lib/aarch64-linux-gnu:/opt/ros/humble/lib /usr/bin/cmake --build /home/user/vision_ws/build/zed_depth_to_laserscan -- -j8 -l8
[7.556s] DEBUG:colcon.colcon_core.event_handler.log_command:Invoked command in '/home/user/vision_ws/build/zed_depth_to_laserscan' returned '0': CMAKE_PREFIX_PATH=/home/user/vision_ws/install/zed_wrapper:/home/user/vision_ws/install/zed_components:/home/user/autorover_ws/install/zed_ros2:/home/user/autorover_ws/install/zed_wrapper:/home/user/autorover_ws/install/zed_components:/home/user/autorover_ws/install/robot_localization:/home/user/autorover_ws/install/mavros_extras:/home/user/autorover_ws/install/mavros:/home/user/autorover_ws/install/mavros_msgs:/home/user/autorover_ws/install/libmavconn:/home/user/vision_ws/install/zed_ros2:/home/user/vision_ws/install/zed_robot_integration:/home/user/vision_ws/install/zed_ipc:/home/user/vision_ws/install/zed_multi_camera:/home/user/vision_ws/install/zed_display_rviz2:/home/user/vision_ws/install/zed_depth_to_laserscan:/home/user/vision_ws/install/zed_tutorial_video:/home/user/vision_ws/install/zed_tutorial_pos_tracking:/home/user/vision_ws/install/zed_tutorial_depth:/home/user/vision_ws/install/zed_topic_benchmark:/home/user/vision_ws/install/zed_topic_benchmark_component:/home/user/vision_ws/install/zed_topic_benchmark_interfaces:/home/user/vision_ws/install/zed_rgb_convert:/home/user/vision_ws/install/zed_aruco_localization:/home/user/vision_ws/install/rviz_plugin_zed_od:/home/user/autorover_ws/install/teleop_twist_keyboard:/home/user/autorover_ws/install/autorover_bringup:/opt/ros/humble LD_LIBRARY_PATH=/home/user/vision_ws/install/zed_components/lib:/home/user/autorover_ws/install/zed_components/lib:/home/user/autorover_ws/install/robot_localization/lib:/home/user/autorover_ws/install/mavros_extras/lib:/home/user/autorover_ws/install/mavros/lib:/home/user/autorover_ws/install/mavros_msgs/lib:/home/user/autorover_ws/install/libmavconn/lib:/home/user/vision_ws/install/zed_ipc/lib:/home/user/vision_ws/install/zed_topic_benchmark_component/lib:/home/user/vision_ws/install/zed_topic_benchmark_interfaces/lib:/home/user/vision_ws/install/zed_rgb_convert/lib:/home/user/vision_ws/install/zed_aruco_localization/lib:/home/user/vision_ws/install/rviz_plugin_zed_od/lib:/opt/ros/humble/opt/rviz_ogre_vendor/lib:/opt/ros/humble/lib/aarch64-linux-gnu:/opt/ros/humble/lib /usr/bin/cmake --build /home/user/vision_ws/build/zed_depth_to_laserscan -- -j8 -l8
[7.625s] DEBUG:colcon.colcon_core.event_handler.log_command:Invoking command in '/home/user/vision_ws/build/zed_depth_to_laserscan': CMAKE_PREFIX_PATH=/home/user/vision_ws/install/zed_wrapper:/home/user/vision_ws/install/zed_components:/home/user/autorover_ws/install/zed_ros2:/home/user/autorover_ws/install/zed_wrapper:/home/user/autorover_ws/install/zed_components:/home/user/autorover_ws/install/robot_localization:/home/user/autorover_ws/install/mavros_extras:/home/user/autorover_ws/install/mavros:/home/user/autorover_ws/install/mavros_msgs:/home/user/autorover_ws/install/libmavconn:/home/user/vision_ws/install/zed_ros2:/home/user/vision_ws/install/zed_robot_integration:/home/user/vision_ws/install/zed_ipc:/home/user/vision_ws/install/zed_multi_camera:/home/user/vision_ws/install/zed_display_rviz2:/home/user/vision_ws/install/zed_depth_to_laserscan:/home/user/vision_ws/install/zed_tutorial_video:/home/user/vision_ws/install/zed_tutorial_pos_tracking:/home/user/vision_ws/install/zed_tutorial_depth:/home/user/vision_ws/install/zed_topic_benchmark:/home/user/vision_ws/install/zed_topic_benchmark_component:/home/user/vision_ws/install/zed_topic_benchmark_interfaces:/home/user/vision_ws/install/zed_rgb_convert:/home/user/vision_ws/install/zed_aruco_localization:/home/user/vision_ws/install/rviz_plugin_zed_od:/home/user/autorover_ws/install/teleop_twist_keyboard:/home/user/autorover_ws/install/autorover_bringup:/opt/ros/humble LD_LIBRARY_PATH=/home/user/vision_ws/install/zed_components/lib:/home/user/autorover_ws/install/zed_components/lib:/home/user/autorover_ws/install/robot_localization/lib:/home/user/autorover_ws/install/mavros_extras/lib:/home/user/autorover_ws/install/mavros/lib:/home/user/autorover_ws/install/mavros_msgs/lib:/home/user/autorover_ws/install/libmavconn/lib:/home/user/vision_ws/install/zed_ipc/lib:/home/user/vision_ws/install/zed_topic_benchmark_component/lib:/home/user/vision_ws/install/zed_topic_benchmark_interfaces/lib:/home/user/vision_ws/install/zed_rgb_convert/lib:/home/user/vision_ws/install/zed_aruco_localization/lib:/home/user/vision_ws/install/rviz_plugin_zed_od/lib:/opt/ros/humble/opt/rviz_ogre_vendor/lib:/opt/ros/humble/lib/aarch64-linux-gnu:/opt/ros/humble/lib /usr/bin/cmake --install /home/user/vision_ws/build/zed_depth_to_laserscan
[7.676s] Level 1:colcon.colcon_core.environment:create_environment_scripts_only(zed_depth_to_laserscan)
[7.678s] Level 1:colcon.colcon_core.environment:checking '/home/user/vision_ws/install/zed_depth_to_laserscan' for CMake module files
[7.679s] DEBUG:colcon.colcon_core.event_handler.log_command:Invoked command in '/home/user/vision_ws/build/zed_depth_to_laserscan' returned '0': CMAKE_PREFIX_PATH=/home/user/vision_ws/install/zed_wrapper:/home/user/vision_ws/install/zed_components:/home/user/autorover_ws/install/zed_ros2:/home/user/autorover_ws/install/zed_wrapper:/home/user/autorover_ws/install/zed_components:/home/user/autorover_ws/install/robot_localization:/home/user/autorover_ws/install/mavros_extras:/home/user/autorover_ws/install/mavros:/home/user/autorover_ws/install/mavros_msgs:/home/user/autorover_ws/install/libmavconn:/home/user/vision_ws/install/zed_ros2:/home/user/vision_ws/install/zed_robot_integration:/home/user/vision_ws/install/zed_ipc:/home/user/vision_ws/install/zed_multi_camera:/home/user/vision_ws/install/zed_display_rviz2:/home/user/vision_ws/install/zed_depth_to_laserscan:/home/user/vision_ws/install/zed_tutorial_video:/home/user/vision_ws/install/zed_tutorial_pos_tracking:/home/user/vision_ws/install/zed_tutorial_depth:/home/user/vision_ws/install/zed_topic_benchmark:/home/user/vision_ws/install/zed_topic_benchmark_component:/home/user/vision_ws/install/zed_topic_benchmark_interfaces:/home/user/vision_ws/install/zed_rgb_convert:/home/user/vision_ws/install/zed_aruco_localization:/home/user/vision_ws/install/rviz_plugin_zed_od:/home/user/autorover_ws/install/teleop_twist_keyboard:/home/user/autorover_ws/install/autorover_bringup:/opt/ros/humble LD_LIBRARY_PATH=/home/user/vision_ws/install/zed_components/lib:/home/user/autorover_ws/install/zed_components/lib:/home/user/autorover_ws/install/robot_localization/lib:/home/user/autorover_ws/install/mavros_extras/lib:/home/user/autorover_ws/install/mavros/lib:/home/user/autorover_ws/install/mavros_msgs/lib:/home/user/autorover_ws/install/libmavconn/lib:/home/user/vision_ws/install/zed_ipc/lib:/home/user/vision_ws/install/zed_topic_benchmark_component/lib:/home/user/vision_ws/install/zed_topic_benchmark_interfaces/lib:/home/user/vision_ws/install/zed_rgb_convert/lib:/home/user/vision_ws/install/zed_aruco_localization/lib:/home/user/vision_ws/install/rviz_plugin_zed_od/lib:/opt/ros/humble/opt/rviz_ogre_vendor/lib:/opt/ros/humble/lib/aarch64-linux-gnu:/opt/ros/humble/lib /usr/bin/cmake --install /home/user/vision_ws/build/zed_depth_to_laserscan
[7.682s] Level 1:colcon.colcon_core.environment:checking '/home/user/vision_ws/install/zed_depth_to_laserscan' for CMake config files
[7.684s] Level 1:colcon.colcon_core.shell:create_environment_hook('zed_depth_to_laserscan', 'cmake_prefix_path')
[7.685s] INFO:colcon.colcon_core.shell:Creating environment hook '/home/user/vision_ws/install/zed_depth_to_laserscan/share/zed_depth_to_laserscan/hook/cmake_prefix_path.ps1'
[7.688s] INFO:colcon.colcon_core.shell:Creating environment descriptor '/home/user/vision_ws/install/zed_depth_to_laserscan/share/zed_depth_to_laserscan/hook/cmake_prefix_path.dsv'
[7.689s] INFO:colcon.colcon_core.shell:Creating environment hook '/home/user/vision_ws/install/zed_depth_to_laserscan/share/zed_depth_to_laserscan/hook/cmake_prefix_path.sh'
[7.692s] Level 1:colcon.colcon_core.environment:checking '/home/user/vision_ws/install/zed_depth_to_laserscan/bin'
[7.692s] Level 1:colcon.colcon_core.environment:checking '/home/user/vision_ws/install/zed_depth_to_laserscan/lib/pkgconfig/zed_depth_to_laserscan.pc'
[7.693s] Level 1:colcon.colcon_core.environment:checking '/home/user/vision_ws/install/zed_depth_to_laserscan/lib/python3.10/site-packages'
[7.694s] Level 1:colcon.colcon_core.environment:checking '/home/user/vision_ws/install/zed_depth_to_laserscan/bin'
[7.695s] INFO:colcon.colcon_core.shell:Creating package script '/home/user/vision_ws/install/zed_depth_to_laserscan/share/zed_depth_to_laserscan/package.ps1'
[7.697s] INFO:colcon.colcon_core.shell:Creating package descriptor '/home/user/vision_ws/install/zed_depth_to_laserscan/share/zed_depth_to_laserscan/package.dsv'
[7.698s] INFO:colcon.colcon_core.shell:Creating package script '/home/user/vision_ws/install/zed_depth_to_laserscan/share/zed_depth_to_laserscan/package.sh'
[7.700s] INFO:colcon.colcon_core.shell:Creating package script '/home/user/vision_ws/install/zed_depth_to_laserscan/share/zed_depth_to_laserscan/package.bash'
[7.701s] INFO:colcon.colcon_core.shell:Creating package script '/home/user/vision_ws/install/zed_depth_to_laserscan/share/zed_depth_to_laserscan/package.zsh'
[7.704s] Level 1:colcon.colcon_core.environment:create_file_with_runtime_dependencies(/home/user/vision_ws/install/zed_depth_to_laserscan/share/colcon-core/packages/zed_depth_to_laserscan)
[7.706s] Level 1:colcon.colcon_core.environment:create_environment_scripts_only(zed_depth_to_laserscan)
[7.707s] Level 1:colcon.colcon_core.environment:checking '/home/user/vision_ws/install/zed_depth_to_laserscan' for CMake module files
[7.708s] Level 1:colcon.colcon_core.environment:checking '/home/user/vision_ws/install/zed_depth_to_laserscan' for CMake config files
[7.710s] Level 1:colcon.colcon_core.shell:create_environment_hook('zed_depth_to_laserscan', 'cmake_prefix_path')
[7.710s] INFO:colcon.colcon_core.shell:Creating environment hook '/home/user/vision_ws/install/zed_depth_to_laserscan/share/zed_depth_to_laserscan/hook/cmake_prefix_path.ps1'
[7.712s] INFO:colcon.colcon_core.shell:Creating environment descriptor '/home/user/vision_ws/install/zed_depth_to_laserscan/share/zed_depth_to_laserscan/hook/cmake_prefix_path.dsv'
[7.713s] INFO:colcon.colcon_core.shell:Creating environment hook '/home/user/vision_ws/install/zed_depth_to_laserscan/share/zed_depth_to_laserscan/hook/cmake_prefix_path.sh'
[7.715s] Level 1:colcon.colcon_core.environment:checking '/home/user/vision_ws/install/zed_depth_to_laserscan/bin'
[7.715s] Level 1:colcon.colcon_core.environment:checking '/home/user/vision_ws/install/zed_depth_to_laserscan/lib/pkgconfig/zed_depth_to_laserscan.pc'
[7.716s] Level 1:colcon.colcon_core.environment:checking '/home/user/vision_ws/install/zed_depth_to_laserscan/lib/python3.10/site-packages'
[7.717s] Level 1:colcon.colcon_core.environment:checking '/home/user/vision_ws/install/zed_depth_to_laserscan/bin'
[7.718s] INFO:colcon.colcon_core.shell:Creating package script '/home/user/vision_ws/install/zed_depth_to_laserscan/share/zed_depth_to_laserscan/package.ps1'
[7.720s] INFO:colcon.colcon_core.shell:Creating package descriptor '/home/user/vision_ws/install/zed_depth_to_laserscan/share/zed_depth_to_laserscan/package.dsv'
[7.721s] INFO:colcon.colcon_core.shell:Creating package script '/home/user/vision_ws/install/zed_depth_to_laserscan/share/zed_depth_to_laserscan/package.sh'
[7.723s] INFO:colcon.colcon_core.shell:Creating package script '/home/user/vision_ws/install/zed_depth_to_laserscan/share/zed_depth_to_laserscan/package.bash'
[7.725s] INFO:colcon.colcon_core.shell:Creating package script '/home/user/vision_ws/install/zed_depth_to_laserscan/share/zed_depth_to_laserscan/package.zsh'
[7.727s] Level 1:colcon.colcon_core.environment:create_file_with_runtime_dependencies(/home/user/vision_ws/install/zed_depth_to_laserscan/share/colcon-core/packages/zed_depth_to_laserscan)
[7.757s] DEBUG:colcon.colcon_core.event_handler.log_command:Invoked command in '/home/user/vision_ws/build/zed_ipc' returned '0': CMAKE_PREFIX_PATH=/home/user/vision_ws/install/zed_multi_camera:/home/user/vision_ws/install/zed_wrapper:/home/user/vision_ws/install/zed_components:/home/user/autorover_ws/install/zed_ros2:/home/user/autorover_ws/install/zed_wrapper:/home/user/autorover_ws/install/zed_components:/home/user/autorover_ws/install/robot_localization:/home/user/autorover_ws/install/mavros_extras:/home/user/autorover_ws/install/mavros:/home/user/autorover_ws/install/mavros_msgs:/home/user/autorover_ws/install/libmavconn:/home/user/vision_ws/install/zed_ros2:/home/user/vision_ws/install/zed_robot_integration:/home/user/vision_ws/install/zed_ipc:/home/user/vision_ws/install/zed_display_rviz2:/home/user/vision_ws/install/zed_depth_to_laserscan:/home/user/vision_ws/install/zed_tutorial_video:/home/user/vision_ws/install/zed_tutorial_pos_tracking:/home/user/vision_ws/install/zed_tutorial_depth:/home/user/vision_ws/install/zed_topic_benchmark:/home/user/vision_ws/install/zed_topic_benchmark_component:/home/user/vision_ws/install/zed_topic_benchmark_interfaces:/home/user/vision_ws/install/zed_rgb_convert:/home/user/vision_ws/install/zed_aruco_localization:/home/user/vision_ws/install/rviz_plugin_zed_od:/home/user/autorover_ws/install/teleop_twist_keyboard:/home/user/autorover_ws/install/autorover_bringup:/opt/ros/humble LD_LIBRARY_PATH=/home/user/vision_ws/install/zed_components/lib:/home/user/autorover_ws/install/zed_components/lib:/home/user/autorover_ws/install/robot_localization/lib:/home/user/autorover_ws/install/mavros_extras/lib:/home/user/autorover_ws/install/mavros/lib:/home/user/autorover_ws/install/mavros_msgs/lib:/home/user/autorover_ws/install/libmavconn/lib:/home/user/vision_ws/install/zed_ipc/lib:/home/user/vision_ws/install/zed_topic_benchmark_component/lib:/home/user/vision_ws/install/zed_topic_benchmark_interfaces/lib:/home/user/vision_ws/install/zed_rgb_convert/lib:/home/user/vision_ws/install/zed_aruco_localization/lib:/home/user/vision_ws/install/rviz_plugin_zed_od/lib:/opt/ros/humble/opt/rviz_ogre_vendor/lib:/opt/ros/humble/lib/aarch64-linux-gnu:/opt/ros/humble/lib /usr/bin/cmake /home/user/vision_ws/src/zed-ros2-examples/tutorials/zed_ipc -DCMAKE_BUILD_TYPE=Release -DAMENT_CMAKE_SYMLINK_INSTALL=1 -DCMAKE_INSTALL_PREFIX=/home/user/vision_ws/install/zed_ipc
[7.760s] DEBUG:colcon.colcon_core.event_handler.log_command:Invoking command in '/home/user/vision_ws/build/zed_ipc': CMAKE_PREFIX_PATH=/home/user/vision_ws/install/zed_multi_camera:/home/user/vision_ws/install/zed_wrapper:/home/user/vision_ws/install/zed_components:/home/user/autorover_ws/install/zed_ros2:/home/user/autorover_ws/install/zed_wrapper:/home/user/autorover_ws/install/zed_components:/home/user/autorover_ws/install/robot_localization:/home/user/autorover_ws/install/mavros_extras:/home/user/autorover_ws/install/mavros:/home/user/autorover_ws/install/mavros_msgs:/home/user/autorover_ws/install/libmavconn:/home/user/vision_ws/install/zed_ros2:/home/user/vision_ws/install/zed_robot_integration:/home/user/vision_ws/install/zed_ipc:/home/user/vision_ws/install/zed_display_rviz2:/home/user/vision_ws/install/zed_depth_to_laserscan:/home/user/vision_ws/install/zed_tutorial_video:/home/user/vision_ws/install/zed_tutorial_pos_tracking:/home/user/vision_ws/install/zed_tutorial_depth:/home/user/vision_ws/install/zed_topic_benchmark:/home/user/vision_ws/install/zed_topic_benchmark_component:/home/user/vision_ws/install/zed_topic_benchmark_interfaces:/home/user/vision_ws/install/zed_rgb_convert:/home/user/vision_ws/install/zed_aruco_localization:/home/user/vision_ws/install/rviz_plugin_zed_od:/home/user/autorover_ws/install/teleop_twist_keyboard:/home/user/autorover_ws/install/autorover_bringup:/opt/ros/humble LD_LIBRARY_PATH=/home/user/vision_ws/install/zed_components/lib:/home/user/autorover_ws/install/zed_components/lib:/home/user/autorover_ws/install/robot_localization/lib:/home/user/autorover_ws/install/mavros_extras/lib:/home/user/autorover_ws/install/mavros/lib:/home/user/autorover_ws/install/mavros_msgs/lib:/home/user/autorover_ws/install/libmavconn/lib:/home/user/vision_ws/install/zed_ipc/lib:/home/user/vision_ws/install/zed_topic_benchmark_component/lib:/home/user/vision_ws/install/zed_topic_benchmark_interfaces/lib:/home/user/vision_ws/install/zed_rgb_convert/lib:/home/user/vision_ws/install/zed_aruco_localization/lib:/home/user/vision_ws/install/rviz_plugin_zed_od/lib:/opt/ros/humble/opt/rviz_ogre_vendor/lib:/opt/ros/humble/lib/aarch64-linux-gnu:/opt/ros/humble/lib /usr/bin/cmake --build /home/user/vision_ws/build/zed_ipc -- -j8 -l8
[7.990s] DEBUG:colcon.colcon_core.event_handler.log_command:Invoked command in '/home/user/vision_ws/build/zed_ipc' returned '0': CMAKE_PREFIX_PATH=/home/user/vision_ws/install/zed_multi_camera:/home/user/vision_ws/install/zed_wrapper:/home/user/vision_ws/install/zed_components:/home/user/autorover_ws/install/zed_ros2:/home/user/autorover_ws/install/zed_wrapper:/home/user/autorover_ws/install/zed_components:/home/user/autorover_ws/install/robot_localization:/home/user/autorover_ws/install/mavros_extras:/home/user/autorover_ws/install/mavros:/home/user/autorover_ws/install/mavros_msgs:/home/user/autorover_ws/install/libmavconn:/home/user/vision_ws/install/zed_ros2:/home/user/vision_ws/install/zed_robot_integration:/home/user/vision_ws/install/zed_ipc:/home/user/vision_ws/install/zed_display_rviz2:/home/user/vision_ws/install/zed_depth_to_laserscan:/home/user/vision_ws/install/zed_tutorial_video:/home/user/vision_ws/install/zed_tutorial_pos_tracking:/home/user/vision_ws/install/zed_tutorial_depth:/home/user/vision_ws/install/zed_topic_benchmark:/home/user/vision_ws/install/zed_topic_benchmark_component:/home/user/vision_ws/install/zed_topic_benchmark_interfaces:/home/user/vision_ws/install/zed_rgb_convert:/home/user/vision_ws/install/zed_aruco_localization:/home/user/vision_ws/install/rviz_plugin_zed_od:/home/user/autorover_ws/install/teleop_twist_keyboard:/home/user/autorover_ws/install/autorover_bringup:/opt/ros/humble LD_LIBRARY_PATH=/home/user/vision_ws/install/zed_components/lib:/home/user/autorover_ws/install/zed_components/lib:/home/user/autorover_ws/install/robot_localization/lib:/home/user/autorover_ws/install/mavros_extras/lib:/home/user/autorover_ws/install/mavros/lib:/home/user/autorover_ws/install/mavros_msgs/lib:/home/user/autorover_ws/install/libmavconn/lib:/home/user/vision_ws/install/zed_ipc/lib:/home/user/vision_ws/install/zed_topic_benchmark_component/lib:/home/user/vision_ws/install/zed_topic_benchmark_interfaces/lib:/home/user/vision_ws/install/zed_rgb_convert/lib:/home/user/vision_ws/install/zed_aruco_localization/lib:/home/user/vision_ws/install/rviz_plugin_zed_od/lib:/opt/ros/humble/opt/rviz_ogre_vendor/lib:/opt/ros/humble/lib/aarch64-linux-gnu:/opt/ros/humble/lib /usr/bin/cmake --build /home/user/vision_ws/build/zed_ipc -- -j8 -l8
[7.996s] DEBUG:colcon.colcon_core.event_handler.log_command:Invoking command in '/home/user/vision_ws/build/zed_ipc': CMAKE_PREFIX_PATH=/home/user/vision_ws/install/zed_multi_camera:/home/user/vision_ws/install/zed_wrapper:/home/user/vision_ws/install/zed_components:/home/user/autorover_ws/install/zed_ros2:/home/user/autorover_ws/install/zed_wrapper:/home/user/autorover_ws/install/zed_components:/home/user/autorover_ws/install/robot_localization:/home/user/autorover_ws/install/mavros_extras:/home/user/autorover_ws/install/mavros:/home/user/autorover_ws/install/mavros_msgs:/home/user/autorover_ws/install/libmavconn:/home/user/vision_ws/install/zed_ros2:/home/user/vision_ws/install/zed_robot_integration:/home/user/vision_ws/install/zed_ipc:/home/user/vision_ws/install/zed_display_rviz2:/home/user/vision_ws/install/zed_depth_to_laserscan:/home/user/vision_ws/install/zed_tutorial_video:/home/user/vision_ws/install/zed_tutorial_pos_tracking:/home/user/vision_ws/install/zed_tutorial_depth:/home/user/vision_ws/install/zed_topic_benchmark:/home/user/vision_ws/install/zed_topic_benchmark_component:/home/user/vision_ws/install/zed_topic_benchmark_interfaces:/home/user/vision_ws/install/zed_rgb_convert:/home/user/vision_ws/install/zed_aruco_localization:/home/user/vision_ws/install/rviz_plugin_zed_od:/home/user/autorover_ws/install/teleop_twist_keyboard:/home/user/autorover_ws/install/autorover_bringup:/opt/ros/humble LD_LIBRARY_PATH=/home/user/vision_ws/install/zed_components/lib:/home/user/autorover_ws/install/zed_components/lib:/home/user/autorover_ws/install/robot_localization/lib:/home/user/autorover_ws/install/mavros_extras/lib:/home/user/autorover_ws/install/mavros/lib:/home/user/autorover_ws/install/mavros_msgs/lib:/home/user/autorover_ws/install/libmavconn/lib:/home/user/vision_ws/install/zed_ipc/lib:/home/user/vision_ws/install/zed_topic_benchmark_component/lib:/home/user/vision_ws/install/zed_topic_benchmark_interfaces/lib:/home/user/vision_ws/install/zed_rgb_convert/lib:/home/user/vision_ws/install/zed_aruco_localization/lib:/home/user/vision_ws/install/rviz_plugin_zed_od/lib:/opt/ros/humble/opt/rviz_ogre_vendor/lib:/opt/ros/humble/lib/aarch64-linux-gnu:/opt/ros/humble/lib /usr/bin/cmake --install /home/user/vision_ws/build/zed_ipc
[8.034s] DEBUG:colcon.colcon_core.event_handler.log_command:Invoked command in '/home/user/vision_ws/build/zed_topic_benchmark' returned '0': CMAKE_PREFIX_PATH=/home/user/vision_ws/install/zed_topic_benchmark_component:/home/user/vision_ws/install/zed_topic_benchmark_interfaces:/home/user/autorover_ws/install/zed_ros2:/home/user/autorover_ws/install/zed_wrapper:/home/user/autorover_ws/install/zed_components:/home/user/autorover_ws/install/robot_localization:/home/user/autorover_ws/install/mavros_extras:/home/user/autorover_ws/install/mavros:/home/user/autorover_ws/install/mavros_msgs:/home/user/autorover_ws/install/libmavconn:/home/user/vision_ws/install/zed_ros2:/home/user/vision_ws/install/zed_robot_integration:/home/user/vision_ws/install/zed_ipc:/home/user/vision_ws/install/zed_multi_camera:/home/user/vision_ws/install/zed_display_rviz2:/home/user/vision_ws/install/zed_depth_to_laserscan:/home/user/vision_ws/install/zed_wrapper:/home/user/vision_ws/install/zed_tutorial_video:/home/user/vision_ws/install/zed_tutorial_pos_tracking:/home/user/vision_ws/install/zed_tutorial_depth:/home/user/vision_ws/install/zed_topic_benchmark:/home/user/vision_ws/install/zed_rgb_convert:/home/user/vision_ws/install/zed_aruco_localization:/home/user/vision_ws/install/zed_components:/home/user/vision_ws/install/rviz_plugin_zed_od:/home/user/autorover_ws/install/teleop_twist_keyboard:/home/user/autorover_ws/install/autorover_bringup:/opt/ros/humble LD_LIBRARY_PATH=/home/user/vision_ws/install/zed_topic_benchmark_component/lib:/home/user/vision_ws/install/zed_topic_benchmark_interfaces/lib:/home/user/autorover_ws/install/zed_components/lib:/home/user/autorover_ws/install/robot_localization/lib:/home/user/autorover_ws/install/mavros_extras/lib:/home/user/autorover_ws/install/mavros/lib:/home/user/autorover_ws/install/mavros_msgs/lib:/home/user/autorover_ws/install/libmavconn/lib:/home/user/vision_ws/install/zed_ipc/lib:/home/user/vision_ws/install/zed_rgb_convert/lib:/home/user/vision_ws/install/zed_aruco_localization/lib:/home/user/vision_ws/install/zed_components/lib:/home/user/vision_ws/install/rviz_plugin_zed_od/lib:/opt/ros/humble/opt/rviz_ogre_vendor/lib:/opt/ros/humble/lib/aarch64-linux-gnu:/opt/ros/humble/lib /usr/bin/cmake /home/user/vision_ws/src/zed-ros2-examples/tools/zed_benchmark -DCMAKE_BUILD_TYPE=Release -DAMENT_CMAKE_SYMLINK_INSTALL=1 -DCMAKE_INSTALL_PREFIX=/home/user/vision_ws/install/zed_topic_benchmark
[8.037s] DEBUG:colcon.colcon_core.event_handler.log_command:Invoking command in '/home/user/vision_ws/build/zed_topic_benchmark': CMAKE_PREFIX_PATH=/home/user/vision_ws/install/zed_topic_benchmark_component:/home/user/vision_ws/install/zed_topic_benchmark_interfaces:/home/user/autorover_ws/install/zed_ros2:/home/user/autorover_ws/install/zed_wrapper:/home/user/autorover_ws/install/zed_components:/home/user/autorover_ws/install/robot_localization:/home/user/autorover_ws/install/mavros_extras:/home/user/autorover_ws/install/mavros:/home/user/autorover_ws/install/mavros_msgs:/home/user/autorover_ws/install/libmavconn:/home/user/vision_ws/install/zed_ros2:/home/user/vision_ws/install/zed_robot_integration:/home/user/vision_ws/install/zed_ipc:/home/user/vision_ws/install/zed_multi_camera:/home/user/vision_ws/install/zed_display_rviz2:/home/user/vision_ws/install/zed_depth_to_laserscan:/home/user/vision_ws/install/zed_wrapper:/home/user/vision_ws/install/zed_tutorial_video:/home/user/vision_ws/install/zed_tutorial_pos_tracking:/home/user/vision_ws/install/zed_tutorial_depth:/home/user/vision_ws/install/zed_topic_benchmark:/home/user/vision_ws/install/zed_rgb_convert:/home/user/vision_ws/install/zed_aruco_localization:/home/user/vision_ws/install/zed_components:/home/user/vision_ws/install/rviz_plugin_zed_od:/home/user/autorover_ws/install/teleop_twist_keyboard:/home/user/autorover_ws/install/autorover_bringup:/opt/ros/humble LD_LIBRARY_PATH=/home/user/vision_ws/install/zed_topic_benchmark_component/lib:/home/user/vision_ws/install/zed_topic_benchmark_interfaces/lib:/home/user/autorover_ws/install/zed_components/lib:/home/user/autorover_ws/install/robot_localization/lib:/home/user/autorover_ws/install/mavros_extras/lib:/home/user/autorover_ws/install/mavros/lib:/home/user/autorover_ws/install/mavros_msgs/lib:/home/user/autorover_ws/install/libmavconn/lib:/home/user/vision_ws/install/zed_ipc/lib:/home/user/vision_ws/install/zed_rgb_convert/lib:/home/user/vision_ws/install/zed_aruco_localization/lib:/home/user/vision_ws/install/zed_components/lib:/home/user/vision_ws/install/rviz_plugin_zed_od/lib:/opt/ros/humble/opt/rviz_ogre_vendor/lib:/opt/ros/humble/lib/aarch64-linux-gnu:/opt/ros/humble/lib /usr/bin/cmake --build /home/user/vision_ws/build/zed_topic_benchmark -- -j8 -l8
[8.048s] Level 1:colcon.colcon_core.environment:create_environment_scripts_only(zed_ipc)
[8.049s] Level 1:colcon.colcon_core.environment:checking '/home/user/vision_ws/install/zed_ipc' for CMake module files
[8.050s] DEBUG:colcon.colcon_core.event_handler.log_command:Invoked command in '/home/user/vision_ws/build/zed_ipc' returned '0': CMAKE_PREFIX_PATH=/home/user/vision_ws/install/zed_multi_camera:/home/user/vision_ws/install/zed_wrapper:/home/user/vision_ws/install/zed_components:/home/user/autorover_ws/install/zed_ros2:/home/user/autorover_ws/install/zed_wrapper:/home/user/autorover_ws/install/zed_components:/home/user/autorover_ws/install/robot_localization:/home/user/autorover_ws/install/mavros_extras:/home/user/autorover_ws/install/mavros:/home/user/autorover_ws/install/mavros_msgs:/home/user/autorover_ws/install/libmavconn:/home/user/vision_ws/install/zed_ros2:/home/user/vision_ws/install/zed_robot_integration:/home/user/vision_ws/install/zed_ipc:/home/user/vision_ws/install/zed_display_rviz2:/home/user/vision_ws/install/zed_depth_to_laserscan:/home/user/vision_ws/install/zed_tutorial_video:/home/user/vision_ws/install/zed_tutorial_pos_tracking:/home/user/vision_ws/install/zed_tutorial_depth:/home/user/vision_ws/install/zed_topic_benchmark:/home/user/vision_ws/install/zed_topic_benchmark_component:/home/user/vision_ws/install/zed_topic_benchmark_interfaces:/home/user/vision_ws/install/zed_rgb_convert:/home/user/vision_ws/install/zed_aruco_localization:/home/user/vision_ws/install/rviz_plugin_zed_od:/home/user/autorover_ws/install/teleop_twist_keyboard:/home/user/autorover_ws/install/autorover_bringup:/opt/ros/humble LD_LIBRARY_PATH=/home/user/vision_ws/install/zed_components/lib:/home/user/autorover_ws/install/zed_components/lib:/home/user/autorover_ws/install/robot_localization/lib:/home/user/autorover_ws/install/mavros_extras/lib:/home/user/autorover_ws/install/mavros/lib:/home/user/autorover_ws/install/mavros_msgs/lib:/home/user/autorover_ws/install/libmavconn/lib:/home/user/vision_ws/install/zed_ipc/lib:/home/user/vision_ws/install/zed_topic_benchmark_component/lib:/home/user/vision_ws/install/zed_topic_benchmark_interfaces/lib:/home/user/vision_ws/install/zed_rgb_convert/lib:/home/user/vision_ws/install/zed_aruco_localization/lib:/home/user/vision_ws/install/rviz_plugin_zed_od/lib:/opt/ros/humble/opt/rviz_ogre_vendor/lib:/opt/ros/humble/lib/aarch64-linux-gnu:/opt/ros/humble/lib /usr/bin/cmake --install /home/user/vision_ws/build/zed_ipc
[8.051s] Level 1:colcon.colcon_core.environment:checking '/home/user/vision_ws/install/zed_ipc' for CMake config files
[8.052s] Level 1:colcon.colcon_core.shell:create_environment_hook('zed_ipc', 'cmake_prefix_path')
[8.053s] INFO:colcon.colcon_core.shell:Creating environment hook '/home/user/vision_ws/install/zed_ipc/share/zed_ipc/hook/cmake_prefix_path.ps1'
[8.054s] INFO:colcon.colcon_core.shell:Creating environment descriptor '/home/user/vision_ws/install/zed_ipc/share/zed_ipc/hook/cmake_prefix_path.dsv'
[8.056s] INFO:colcon.colcon_core.shell:Creating environment hook '/home/user/vision_ws/install/zed_ipc/share/zed_ipc/hook/cmake_prefix_path.sh'
[8.058s] Level 1:colcon.colcon_core.environment:checking '/home/user/vision_ws/install/zed_ipc/lib'
[8.058s] Level 1:colcon.colcon_core.shell:create_environment_hook('zed_ipc', 'ld_library_path_lib')
[8.059s] INFO:colcon.colcon_core.shell:Creating environment hook '/home/user/vision_ws/install/zed_ipc/share/zed_ipc/hook/ld_library_path_lib.ps1'
[8.060s] INFO:colcon.colcon_core.shell:Creating environment descriptor '/home/user/vision_ws/install/zed_ipc/share/zed_ipc/hook/ld_library_path_lib.dsv'
[8.062s] INFO:colcon.colcon_core.shell:Creating environment hook '/home/user/vision_ws/install/zed_ipc/share/zed_ipc/hook/ld_library_path_lib.sh'
[8.063s] Level 1:colcon.colcon_core.environment:checking '/home/user/vision_ws/install/zed_ipc/bin'
[8.063s] Level 1:colcon.colcon_core.environment:checking '/home/user/vision_ws/install/zed_ipc/lib/pkgconfig/zed_ipc.pc'
[8.064s] Level 1:colcon.colcon_core.environment:checking '/home/user/vision_ws/install/zed_ipc/lib/python3.10/site-packages'
[8.065s] Level 1:colcon.colcon_core.environment:checking '/home/user/vision_ws/install/zed_ipc/bin'
[8.066s] INFO:colcon.colcon_core.shell:Creating package script '/home/user/vision_ws/install/zed_ipc/share/zed_ipc/package.ps1'
[8.068s] INFO:colcon.colcon_core.shell:Creating package descriptor '/home/user/vision_ws/install/zed_ipc/share/zed_ipc/package.dsv'
[8.070s] INFO:colcon.colcon_core.shell:Creating package script '/home/user/vision_ws/install/zed_ipc/share/zed_ipc/package.sh'
[8.071s] INFO:colcon.colcon_core.shell:Creating package script '/home/user/vision_ws/install/zed_ipc/share/zed_ipc/package.bash'
[8.072s] INFO:colcon.colcon_core.shell:Creating package script '/home/user/vision_ws/install/zed_ipc/share/zed_ipc/package.zsh'
[8.074s] Level 1:colcon.colcon_core.environment:create_file_with_runtime_dependencies(/home/user/vision_ws/install/zed_ipc/share/colcon-core/packages/zed_ipc)
[8.076s] Level 1:colcon.colcon_core.environment:create_environment_scripts_only(zed_ipc)
[8.076s] Level 1:colcon.colcon_core.environment:checking '/home/user/vision_ws/install/zed_ipc' for CMake module files
[8.078s] Level 1:colcon.colcon_core.environment:checking '/home/user/vision_ws/install/zed_ipc' for CMake config files
[8.079s] Level 1:colcon.colcon_core.shell:create_environment_hook('zed_ipc', 'cmake_prefix_path')
[8.080s] INFO:colcon.colcon_core.shell:Creating environment hook '/home/user/vision_ws/install/zed_ipc/share/zed_ipc/hook/cmake_prefix_path.ps1'
[8.081s] INFO:colcon.colcon_core.shell:Creating environment descriptor '/home/user/vision_ws/install/zed_ipc/share/zed_ipc/hook/cmake_prefix_path.dsv'
[8.083s] INFO:colcon.colcon_core.shell:Creating environment hook '/home/user/vision_ws/install/zed_ipc/share/zed_ipc/hook/cmake_prefix_path.sh'
[8.084s] Level 1:colcon.colcon_core.environment:checking '/home/user/vision_ws/install/zed_ipc/lib'
[8.085s] Level 1:colcon.colcon_core.shell:create_environment_hook('zed_ipc', 'ld_library_path_lib')
[8.085s] INFO:colcon.colcon_core.shell:Creating environment hook '/home/user/vision_ws/install/zed_ipc/share/zed_ipc/hook/ld_library_path_lib.ps1'
[8.086s] INFO:colcon.colcon_core.shell:Creating environment descriptor '/home/user/vision_ws/install/zed_ipc/share/zed_ipc/hook/ld_library_path_lib.dsv'
[8.087s] INFO:colcon.colcon_core.shell:Creating environment hook '/home/user/vision_ws/install/zed_ipc/share/zed_ipc/hook/ld_library_path_lib.sh'
[8.088s] Level 1:colcon.colcon_core.environment:checking '/home/user/vision_ws/install/zed_ipc/bin'
[8.088s] Level 1:colcon.colcon_core.environment:checking '/home/user/vision_ws/install/zed_ipc/lib/pkgconfig/zed_ipc.pc'
[8.089s] Level 1:colcon.colcon_core.environment:checking '/home/user/vision_ws/install/zed_ipc/lib/python3.10/site-packages'
[8.089s] Level 1:colcon.colcon_core.environment:checking '/home/user/vision_ws/install/zed_ipc/bin'
[8.090s] INFO:colcon.colcon_core.shell:Creating package script '/home/user/vision_ws/install/zed_ipc/share/zed_ipc/package.ps1'
[8.092s] INFO:colcon.colcon_core.shell:Creating package descriptor '/home/user/vision_ws/install/zed_ipc/share/zed_ipc/package.dsv'
[8.093s] INFO:colcon.colcon_core.shell:Creating package script '/home/user/vision_ws/install/zed_ipc/share/zed_ipc/package.sh'
[8.094s] INFO:colcon.colcon_core.shell:Creating package script '/home/user/vision_ws/install/zed_ipc/share/zed_ipc/package.bash'
[8.095s] INFO:colcon.colcon_core.shell:Creating package script '/home/user/vision_ws/install/zed_ipc/share/zed_ipc/package.zsh'
[8.096s] Level 1:colcon.colcon_core.environment:create_file_with_runtime_dependencies(/home/user/vision_ws/install/zed_ipc/share/colcon-core/packages/zed_ipc)
[8.196s] DEBUG:colcon.colcon_core.event_handler.log_command:Invoked command in '/home/user/vision_ws/build/zed_topic_benchmark' returned '0': CMAKE_PREFIX_PATH=/home/user/vision_ws/install/zed_topic_benchmark_component:/home/user/vision_ws/install/zed_topic_benchmark_interfaces:/home/user/autorover_ws/install/zed_ros2:/home/user/autorover_ws/install/zed_wrapper:/home/user/autorover_ws/install/zed_components:/home/user/autorover_ws/install/robot_localization:/home/user/autorover_ws/install/mavros_extras:/home/user/autorover_ws/install/mavros:/home/user/autorover_ws/install/mavros_msgs:/home/user/autorover_ws/install/libmavconn:/home/user/vision_ws/install/zed_ros2:/home/user/vision_ws/install/zed_robot_integration:/home/user/vision_ws/install/zed_ipc:/home/user/vision_ws/install/zed_multi_camera:/home/user/vision_ws/install/zed_display_rviz2:/home/user/vision_ws/install/zed_depth_to_laserscan:/home/user/vision_ws/install/zed_wrapper:/home/user/vision_ws/install/zed_tutorial_video:/home/user/vision_ws/install/zed_tutorial_pos_tracking:/home/user/vision_ws/install/zed_tutorial_depth:/home/user/vision_ws/install/zed_topic_benchmark:/home/user/vision_ws/install/zed_rgb_convert:/home/user/vision_ws/install/zed_aruco_localization:/home/user/vision_ws/install/zed_components:/home/user/vision_ws/install/rviz_plugin_zed_od:/home/user/autorover_ws/install/teleop_twist_keyboard:/home/user/autorover_ws/install/autorover_bringup:/opt/ros/humble LD_LIBRARY_PATH=/home/user/vision_ws/install/zed_topic_benchmark_component/lib:/home/user/vision_ws/install/zed_topic_benchmark_interfaces/lib:/home/user/autorover_ws/install/zed_components/lib:/home/user/autorover_ws/install/robot_localization/lib:/home/user/autorover_ws/install/mavros_extras/lib:/home/user/autorover_ws/install/mavros/lib:/home/user/autorover_ws/install/mavros_msgs/lib:/home/user/autorover_ws/install/libmavconn/lib:/home/user/vision_ws/install/zed_ipc/lib:/home/user/vision_ws/install/zed_rgb_convert/lib:/home/user/vision_ws/install/zed_aruco_localization/lib:/home/user/vision_ws/install/zed_components/lib:/home/user/vision_ws/install/rviz_plugin_zed_od/lib:/opt/ros/humble/opt/rviz_ogre_vendor/lib:/opt/ros/humble/lib/aarch64-linux-gnu:/opt/ros/humble/lib /usr/bin/cmake --build /home/user/vision_ws/build/zed_topic_benchmark -- -j8 -l8
[8.201s] DEBUG:colcon.colcon_core.event_handler.log_command:Invoking command in '/home/user/vision_ws/build/zed_topic_benchmark': CMAKE_PREFIX_PATH=/home/user/vision_ws/install/zed_topic_benchmark_component:/home/user/vision_ws/install/zed_topic_benchmark_interfaces:/home/user/autorover_ws/install/zed_ros2:/home/user/autorover_ws/install/zed_wrapper:/home/user/autorover_ws/install/zed_components:/home/user/autorover_ws/install/robot_localization:/home/user/autorover_ws/install/mavros_extras:/home/user/autorover_ws/install/mavros:/home/user/autorover_ws/install/mavros_msgs:/home/user/autorover_ws/install/libmavconn:/home/user/vision_ws/install/zed_ros2:/home/user/vision_ws/install/zed_robot_integration:/home/user/vision_ws/install/zed_ipc:/home/user/vision_ws/install/zed_multi_camera:/home/user/vision_ws/install/zed_display_rviz2:/home/user/vision_ws/install/zed_depth_to_laserscan:/home/user/vision_ws/install/zed_wrapper:/home/user/vision_ws/install/zed_tutorial_video:/home/user/vision_ws/install/zed_tutorial_pos_tracking:/home/user/vision_ws/install/zed_tutorial_depth:/home/user/vision_ws/install/zed_topic_benchmark:/home/user/vision_ws/install/zed_rgb_convert:/home/user/vision_ws/install/zed_aruco_localization:/home/user/vision_ws/install/zed_components:/home/user/vision_ws/install/rviz_plugin_zed_od:/home/user/autorover_ws/install/teleop_twist_keyboard:/home/user/autorover_ws/install/autorover_bringup:/opt/ros/humble LD_LIBRARY_PATH=/home/user/vision_ws/install/zed_topic_benchmark_component/lib:/home/user/vision_ws/install/zed_topic_benchmark_interfaces/lib:/home/user/autorover_ws/install/zed_components/lib:/home/user/autorover_ws/install/robot_localization/lib:/home/user/autorover_ws/install/mavros_extras/lib:/home/user/autorover_ws/install/mavros/lib:/home/user/autorover_ws/install/mavros_msgs/lib:/home/user/autorover_ws/install/libmavconn/lib:/home/user/vision_ws/install/zed_ipc/lib:/home/user/vision_ws/install/zed_rgb_convert/lib:/home/user/vision_ws/install/zed_aruco_localization/lib:/home/user/vision_ws/install/zed_components/lib:/home/user/vision_ws/install/rviz_plugin_zed_od/lib:/opt/ros/humble/opt/rviz_ogre_vendor/lib:/opt/ros/humble/lib/aarch64-linux-gnu:/opt/ros/humble/lib /usr/bin/cmake --install /home/user/vision_ws/build/zed_topic_benchmark
[8.249s] Level 1:colcon.colcon_core.environment:create_environment_scripts_only(zed_topic_benchmark)
[8.250s] Level 1:colcon.colcon_core.environment:checking '/home/user/vision_ws/install/zed_topic_benchmark' for CMake module files
[8.252s] DEBUG:colcon.colcon_core.event_handler.log_command:Invoked command in '/home/user/vision_ws/build/zed_topic_benchmark' returned '0': CMAKE_PREFIX_PATH=/home/user/vision_ws/install/zed_topic_benchmark_component:/home/user/vision_ws/install/zed_topic_benchmark_interfaces:/home/user/autorover_ws/install/zed_ros2:/home/user/autorover_ws/install/zed_wrapper:/home/user/autorover_ws/install/zed_components:/home/user/autorover_ws/install/robot_localization:/home/user/autorover_ws/install/mavros_extras:/home/user/autorover_ws/install/mavros:/home/user/autorover_ws/install/mavros_msgs:/home/user/autorover_ws/install/libmavconn:/home/user/vision_ws/install/zed_ros2:/home/user/vision_ws/install/zed_robot_integration:/home/user/vision_ws/install/zed_ipc:/home/user/vision_ws/install/zed_multi_camera:/home/user/vision_ws/install/zed_display_rviz2:/home/user/vision_ws/install/zed_depth_to_laserscan:/home/user/vision_ws/install/zed_wrapper:/home/user/vision_ws/install/zed_tutorial_video:/home/user/vision_ws/install/zed_tutorial_pos_tracking:/home/user/vision_ws/install/zed_tutorial_depth:/home/user/vision_ws/install/zed_topic_benchmark:/home/user/vision_ws/install/zed_rgb_convert:/home/user/vision_ws/install/zed_aruco_localization:/home/user/vision_ws/install/zed_components:/home/user/vision_ws/install/rviz_plugin_zed_od:/home/user/autorover_ws/install/teleop_twist_keyboard:/home/user/autorover_ws/install/autorover_bringup:/opt/ros/humble LD_LIBRARY_PATH=/home/user/vision_ws/install/zed_topic_benchmark_component/lib:/home/user/vision_ws/install/zed_topic_benchmark_interfaces/lib:/home/user/autorover_ws/install/zed_components/lib:/home/user/autorover_ws/install/robot_localization/lib:/home/user/autorover_ws/install/mavros_extras/lib:/home/user/autorover_ws/install/mavros/lib:/home/user/autorover_ws/install/mavros_msgs/lib:/home/user/autorover_ws/install/libmavconn/lib:/home/user/vision_ws/install/zed_ipc/lib:/home/user/vision_ws/install/zed_rgb_convert/lib:/home/user/vision_ws/install/zed_aruco_localization/lib:/home/user/vision_ws/install/zed_components/lib:/home/user/vision_ws/install/rviz_plugin_zed_od/lib:/opt/ros/humble/opt/rviz_ogre_vendor/lib:/opt/ros/humble/lib/aarch64-linux-gnu:/opt/ros/humble/lib /usr/bin/cmake --install /home/user/vision_ws/build/zed_topic_benchmark
[8.253s] Level 1:colcon.colcon_core.environment:checking '/home/user/vision_ws/install/zed_topic_benchmark' for CMake config files
[8.254s] Level 1:colcon.colcon_core.shell:create_environment_hook('zed_topic_benchmark', 'cmake_prefix_path')
[8.255s] INFO:colcon.colcon_core.shell:Creating environment hook '/home/user/vision_ws/install/zed_topic_benchmark/share/zed_topic_benchmark/hook/cmake_prefix_path.ps1'
[8.257s] INFO:colcon.colcon_core.shell:Creating environment descriptor '/home/user/vision_ws/install/zed_topic_benchmark/share/zed_topic_benchmark/hook/cmake_prefix_path.dsv'
[8.258s] INFO:colcon.colcon_core.shell:Creating environment hook '/home/user/vision_ws/install/zed_topic_benchmark/share/zed_topic_benchmark/hook/cmake_prefix_path.sh'
[8.260s] Level 1:colcon.colcon_core.environment:checking '/home/user/vision_ws/install/zed_topic_benchmark/lib'
[8.261s] Level 1:colcon.colcon_core.environment:checking '/home/user/vision_ws/install/zed_topic_benchmark/bin'
[8.261s] Level 1:colcon.colcon_core.environment:checking '/home/user/vision_ws/install/zed_topic_benchmark/lib/pkgconfig/zed_topic_benchmark.pc'
[8.262s] Level 1:colcon.colcon_core.environment:checking '/home/user/vision_ws/install/zed_topic_benchmark/lib/python3.10/site-packages'
[8.262s] Level 1:colcon.colcon_core.environment:checking '/home/user/vision_ws/install/zed_topic_benchmark/bin'
[8.264s] INFO:colcon.colcon_core.shell:Creating package script '/home/user/vision_ws/install/zed_topic_benchmark/share/zed_topic_benchmark/package.ps1'
[8.265s] INFO:colcon.colcon_core.shell:Creating package descriptor '/home/user/vision_ws/install/zed_topic_benchmark/share/zed_topic_benchmark/package.dsv'
[8.267s] INFO:colcon.colcon_core.shell:Creating package script '/home/user/vision_ws/install/zed_topic_benchmark/share/zed_topic_benchmark/package.sh'
[8.268s] INFO:colcon.colcon_core.shell:Creating package script '/home/user/vision_ws/install/zed_topic_benchmark/share/zed_topic_benchmark/package.bash'
[8.270s] INFO:colcon.colcon_core.shell:Creating package script '/home/user/vision_ws/install/zed_topic_benchmark/share/zed_topic_benchmark/package.zsh'
[8.271s] Level 1:colcon.colcon_core.environment:create_file_with_runtime_dependencies(/home/user/vision_ws/install/zed_topic_benchmark/share/colcon-core/packages/zed_topic_benchmark)
[8.273s] Level 1:colcon.colcon_core.environment:create_environment_scripts_only(zed_topic_benchmark)
[8.274s] Level 1:colcon.colcon_core.environment:checking '/home/user/vision_ws/install/zed_topic_benchmark' for CMake module files
[8.275s] Level 1:colcon.colcon_core.environment:checking '/home/user/vision_ws/install/zed_topic_benchmark' for CMake config files
[8.276s] Level 1:colcon.colcon_core.shell:create_environment_hook('zed_topic_benchmark', 'cmake_prefix_path')
[8.277s] INFO:colcon.colcon_core.shell:Creating environment hook '/home/user/vision_ws/install/zed_topic_benchmark/share/zed_topic_benchmark/hook/cmake_prefix_path.ps1'
[8.278s] INFO:colcon.colcon_core.shell:Creating environment descriptor '/home/user/vision_ws/install/zed_topic_benchmark/share/zed_topic_benchmark/hook/cmake_prefix_path.dsv'
[8.280s] INFO:colcon.colcon_core.shell:Creating environment hook '/home/user/vision_ws/install/zed_topic_benchmark/share/zed_topic_benchmark/hook/cmake_prefix_path.sh'
[8.281s] Level 1:colcon.colcon_core.environment:checking '/home/user/vision_ws/install/zed_topic_benchmark/lib'
[8.282s] Level 1:colcon.colcon_core.environment:checking '/home/user/vision_ws/install/zed_topic_benchmark/bin'
[8.282s] Level 1:colcon.colcon_core.environment:checking '/home/user/vision_ws/install/zed_topic_benchmark/lib/pkgconfig/zed_topic_benchmark.pc'
[8.283s] Level 1:colcon.colcon_core.environment:checking '/home/user/vision_ws/install/zed_topic_benchmark/lib/python3.10/site-packages'
[8.284s] Level 1:colcon.colcon_core.environment:checking '/home/user/vision_ws/install/zed_topic_benchmark/bin'
[8.285s] INFO:colcon.colcon_core.shell:Creating package script '/home/user/vision_ws/install/zed_topic_benchmark/share/zed_topic_benchmark/package.ps1'
[8.286s] INFO:colcon.colcon_core.shell:Creating package descriptor '/home/user/vision_ws/install/zed_topic_benchmark/share/zed_topic_benchmark/package.dsv'
[8.288s] INFO:colcon.colcon_core.shell:Creating package script '/home/user/vision_ws/install/zed_topic_benchmark/share/zed_topic_benchmark/package.sh'
[8.290s] INFO:colcon.colcon_core.shell:Creating package script '/home/user/vision_ws/install/zed_topic_benchmark/share/zed_topic_benchmark/package.bash'
[8.291s] INFO:colcon.colcon_core.shell:Creating package script '/home/user/vision_ws/install/zed_topic_benchmark/share/zed_topic_benchmark/package.zsh'
[8.293s] Level 1:colcon.colcon_core.environment:create_file_with_runtime_dependencies(/home/user/vision_ws/install/zed_topic_benchmark/share/colcon-core/packages/zed_topic_benchmark)
[8.294s] DEBUG:colcon.colcon_parallel_executor.executor.parallel:closing loop
[8.295s] DEBUG:colcon.colcon_parallel_executor.executor.parallel:loop closed
[8.295s] DEBUG:colcon.colcon_parallel_executor.executor.parallel:run_until_complete finished with '0'
[8.295s] DEBUG:colcon.colcon_core.event_reactor:joining thread
[8.320s] INFO:colcon.colcon_core.plugin_system:Skipping extension 'colcon_notification.desktop_notification.terminal_notifier': Not used on non-Darwin systems
[8.320s] INFO:colcon.colcon_core.plugin_system:Skipping extension 'colcon_notification.desktop_notification.win32': Not used on non-Windows systems
[8.320s] INFO:colcon.colcon_notification.desktop_notification:Sending desktop notification using 'notify2'
[8.392s] DEBUG:colcon.colcon_core.event_reactor:joined thread
[8.393s] INFO:colcon.colcon_core.shell:Creating prefix script '/home/user/vision_ws/install/local_setup.ps1'
[8.397s] INFO:colcon.colcon_core.shell:Creating prefix util module '/home/user/vision_ws/install/_local_setup_util_ps1.py'
[8.401s] INFO:colcon.colcon_core.shell:Creating prefix chain script '/home/user/vision_ws/install/setup.ps1'
[8.407s] INFO:colcon.colcon_core.shell:Creating prefix script '/home/user/vision_ws/install/local_setup.sh'
[8.409s] INFO:colcon.colcon_core.shell:Creating prefix util module '/home/user/vision_ws/install/_local_setup_util_sh.py'
[8.412s] INFO:colcon.colcon_core.shell:Creating prefix chain script '/home/user/vision_ws/install/setup.sh'
[8.419s] INFO:colcon.colcon_core.shell:Creating prefix script '/home/user/vision_ws/install/local_setup.bash'
[8.421s] INFO:colcon.colcon_core.shell:Creating prefix chain script '/home/user/vision_ws/install/setup.bash'
[8.429s] INFO:colcon.colcon_core.shell:Creating prefix script '/home/user/vision_ws/install/local_setup.zsh'
[8.431s] INFO:colcon.colcon_core.shell:Creating prefix chain script '/home/user/vision_ws/install/setup.zsh'
