[0.233s] DEBUG:colcon:Command line arguments: ['/usr/bin/colcon', 'build', '--symlink-install', '--cmake-args=-DCMAKE_BUILD_TYPE=Release']
[0.233s] DEBUG:colcon:Parsed command line arguments: Namespace(log_base=None, log_level=None, verb_name='build', build_base='build', install_base='install', merge_install=False, symlink_install=True, test_result_base=None, continue_on_error=False, executor='parallel', parallel_workers=4, event_handlers=None, ignore_user_meta=False, metas=['./colcon.meta'], base_paths=['.'], packages_ignore=None, packages_ignore_regex=None, paths=None, packages_up_to=None, packages_up_to_regex=None, packages_above=None, packages_above_and_dependencies=None, packages_above_depth=None, packages_select_by_dep=None, packages_skip_by_dep=None, packages_skip_up_to=None, packages_select_build_failed=False, packages_skip_build_finished=False, packages_select_test_failures=False, packages_skip_test_passed=False, packages_select=None, packages_skip=None, packages_select_regex=None, packages_skip_regex=None, packages_start=None, packages_end=None, allow_overriding=[], cmake_args=['-DCMAKE_BUILD_TYPE=Release'], cmake_target=None, cmake_target_skip_unavailable=False, cmake_clean_cache=False, cmake_clean_first=False, cmake_force_configure=False, ament_cmake_args=None, catkin_cmake_args=None, catkin_skip_building_tests=False, verb_parser=<colcon_defaults.argument_parser.defaults.DefaultArgumentsDecorator object at 0xffffae7c5540>, verb_extension=<colcon_core.verb.build.BuildVerb object at 0xffffae99a9b0>, main=<bound method BuildVerb.main of <colcon_core.verb.build.BuildVerb object at 0xffffae99a9b0>>)
[0.613s] Level 1:colcon.colcon_core.package_discovery:discover_packages(colcon_meta) check parameters
[0.613s] Level 1:colcon.colcon_core.package_discovery:discover_packages(recursive) check parameters
[0.613s] Level 1:colcon.colcon_core.package_discovery:discover_packages(ignore) check parameters
[0.613s] Level 1:colcon.colcon_core.package_discovery:discover_packages(path) check parameters
[0.613s] Level 1:colcon.colcon_core.package_discovery:discover_packages(colcon_meta) discover
[0.614s] Level 1:colcon.colcon_core.package_discovery:discover_packages(recursive) discover
[0.614s] INFO:colcon.colcon_core.package_discovery:Crawling recursively for packages in '/home/user/vision_ws'
[0.614s] Level 1:colcon.colcon_core.package_identification:_identify(.) by extensions ['ignore', 'ignore_ament_install']
[0.614s] Level 1:colcon.colcon_core.package_identification:_identify(.) by extension 'ignore'
[0.614s] Level 1:colcon.colcon_core.package_identification:_identify(.) by extension 'ignore_ament_install'
[0.614s] Level 1:colcon.colcon_core.package_identification:_identify(.) by extensions ['colcon_pkg']
[0.614s] Level 1:colcon.colcon_core.package_identification:_identify(.) by extension 'colcon_pkg'
[0.615s] Level 1:colcon.colcon_core.package_identification:_identify(.) by extensions ['colcon_meta']
[0.615s] Level 1:colcon.colcon_core.package_identification:_identify(.) by extension 'colcon_meta'
[0.615s] Level 1:colcon.colcon_core.package_identification:_identify(.) by extensions ['ros']
[0.615s] Level 1:colcon.colcon_core.package_identification:_identify(.) by extension 'ros'
[0.637s] Level 1:colcon.colcon_core.package_identification:_identify(.) by extensions ['cmake', 'python']
[0.638s] Level 1:colcon.colcon_core.package_identification:_identify(.) by extension 'cmake'
[0.638s] Level 1:colcon.colcon_core.package_identification:_identify(.) by extension 'python'
[0.638s] Level 1:colcon.colcon_core.package_identification:_identify(.) by extensions ['python_setup_py']
[0.638s] Level 1:colcon.colcon_core.package_identification:_identify(.) by extension 'python_setup_py'
[0.638s] Level 1:colcon.colcon_core.package_identification:_identify(build) by extensions ['ignore', 'ignore_ament_install']
[0.639s] Level 1:colcon.colcon_core.package_identification:_identify(build) by extension 'ignore'
[0.639s] Level 1:colcon.colcon_core.package_identification:_identify(build) ignored
[0.639s] Level 1:colcon.colcon_core.package_identification:_identify(install) by extensions ['ignore', 'ignore_ament_install']
[0.639s] Level 1:colcon.colcon_core.package_identification:_identify(install) by extension 'ignore'
[0.639s] Level 1:colcon.colcon_core.package_identification:_identify(install) ignored
[0.639s] Level 1:colcon.colcon_core.package_identification:_identify(log) by extensions ['ignore', 'ignore_ament_install']
[0.640s] Level 1:colcon.colcon_core.package_identification:_identify(log) by extension 'ignore'
[0.640s] Level 1:colcon.colcon_core.package_identification:_identify(log) ignored
[0.640s] Level 1:colcon.colcon_core.package_identification:_identify(src) by extensions ['ignore', 'ignore_ament_install']
[0.640s] Level 1:colcon.colcon_core.package_identification:_identify(src) by extension 'ignore'
[0.640s] Level 1:colcon.colcon_core.package_identification:_identify(src) by extension 'ignore_ament_install'
[0.640s] Level 1:colcon.colcon_core.package_identification:_identify(src) by extensions ['colcon_pkg']
[0.640s] Level 1:colcon.colcon_core.package_identification:_identify(src) by extension 'colcon_pkg'
[0.641s] Level 1:colcon.colcon_core.package_identification:_identify(src) by extensions ['colcon_meta']
[0.641s] Level 1:colcon.colcon_core.package_identification:_identify(src) by extension 'colcon_meta'
[0.641s] Level 1:colcon.colcon_core.package_identification:_identify(src) by extensions ['ros']
[0.641s] Level 1:colcon.colcon_core.package_identification:_identify(src) by extension 'ros'
[0.641s] Level 1:colcon.colcon_core.package_identification:_identify(src) by extensions ['cmake', 'python']
[0.641s] Level 1:colcon.colcon_core.package_identification:_identify(src) by extension 'cmake'
[0.641s] Level 1:colcon.colcon_core.package_identification:_identify(src) by extension 'python'
[0.641s] Level 1:colcon.colcon_core.package_identification:_identify(src) by extensions ['python_setup_py']
[0.641s] Level 1:colcon.colcon_core.package_identification:_identify(src) by extension 'python_setup_py'
[0.642s] Level 1:colcon.colcon_core.package_identification:_identify(src/zed-ros2-examples) by extensions ['ignore', 'ignore_ament_install']
[0.642s] Level 1:colcon.colcon_core.package_identification:_identify(src/zed-ros2-examples) by extension 'ignore'
[0.642s] Level 1:colcon.colcon_core.package_identification:_identify(src/zed-ros2-examples) by extension 'ignore_ament_install'
[0.642s] Level 1:colcon.colcon_core.package_identification:_identify(src/zed-ros2-examples) by extensions ['colcon_pkg']
[0.642s] Level 1:colcon.colcon_core.package_identification:_identify(src/zed-ros2-examples) by extension 'colcon_pkg'
[0.642s] Level 1:colcon.colcon_core.package_identification:_identify(src/zed-ros2-examples) by extensions ['colcon_meta']
[0.642s] Level 1:colcon.colcon_core.package_identification:_identify(src/zed-ros2-examples) by extension 'colcon_meta'
[0.642s] Level 1:colcon.colcon_core.package_identification:_identify(src/zed-ros2-examples) by extensions ['ros']
[0.642s] Level 1:colcon.colcon_core.package_identification:_identify(src/zed-ros2-examples) by extension 'ros'
[0.643s] Level 1:colcon.colcon_core.package_identification:_identify(src/zed-ros2-examples) by extensions ['cmake', 'python']
[0.643s] Level 1:colcon.colcon_core.package_identification:_identify(src/zed-ros2-examples) by extension 'cmake'
[0.643s] Level 1:colcon.colcon_core.package_identification:_identify(src/zed-ros2-examples) by extension 'python'
[0.643s] Level 1:colcon.colcon_core.package_identification:_identify(src/zed-ros2-examples) by extensions ['python_setup_py']
[0.643s] Level 1:colcon.colcon_core.package_identification:_identify(src/zed-ros2-examples) by extension 'python_setup_py'
[0.643s] Level 1:colcon.colcon_core.package_identification:_identify(src/zed-ros2-examples/examples) by extensions ['ignore', 'ignore_ament_install']
[0.643s] Level 1:colcon.colcon_core.package_identification:_identify(src/zed-ros2-examples/examples) by extension 'ignore'
[0.643s] Level 1:colcon.colcon_core.package_identification:_identify(src/zed-ros2-examples/examples) by extension 'ignore_ament_install'
[0.644s] Level 1:colcon.colcon_core.package_identification:_identify(src/zed-ros2-examples/examples) by extensions ['colcon_pkg']
[0.644s] Level 1:colcon.colcon_core.package_identification:_identify(src/zed-ros2-examples/examples) by extension 'colcon_pkg'
[0.644s] Level 1:colcon.colcon_core.package_identification:_identify(src/zed-ros2-examples/examples) by extensions ['colcon_meta']
[0.644s] Level 1:colcon.colcon_core.package_identification:_identify(src/zed-ros2-examples/examples) by extension 'colcon_meta'
[0.644s] Level 1:colcon.colcon_core.package_identification:_identify(src/zed-ros2-examples/examples) by extensions ['ros']
[0.644s] Level 1:colcon.colcon_core.package_identification:_identify(src/zed-ros2-examples/examples) by extension 'ros'
[0.644s] Level 1:colcon.colcon_core.package_identification:_identify(src/zed-ros2-examples/examples) by extensions ['cmake', 'python']
[0.644s] Level 1:colcon.colcon_core.package_identification:_identify(src/zed-ros2-examples/examples) by extension 'cmake'
[0.644s] Level 1:colcon.colcon_core.package_identification:_identify(src/zed-ros2-examples/examples) by extension 'python'
[0.645s] Level 1:colcon.colcon_core.package_identification:_identify(src/zed-ros2-examples/examples) by extensions ['python_setup_py']
[0.645s] Level 1:colcon.colcon_core.package_identification:_identify(src/zed-ros2-examples/examples) by extension 'python_setup_py'
[0.645s] Level 1:colcon.colcon_core.package_identification:_identify(src/zed-ros2-examples/examples/zed_aruco_localization) by extensions ['ignore', 'ignore_ament_install']
[0.645s] Level 1:colcon.colcon_core.package_identification:_identify(src/zed-ros2-examples/examples/zed_aruco_localization) by extension 'ignore'
[0.645s] Level 1:colcon.colcon_core.package_identification:_identify(src/zed-ros2-examples/examples/zed_aruco_localization) by extension 'ignore_ament_install'
[0.645s] Level 1:colcon.colcon_core.package_identification:_identify(src/zed-ros2-examples/examples/zed_aruco_localization) by extensions ['colcon_pkg']
[0.645s] Level 1:colcon.colcon_core.package_identification:_identify(src/zed-ros2-examples/examples/zed_aruco_localization) by extension 'colcon_pkg'
[0.645s] Level 1:colcon.colcon_core.package_identification:_identify(src/zed-ros2-examples/examples/zed_aruco_localization) by extensions ['colcon_meta']
[0.646s] Level 1:colcon.colcon_core.package_identification:_identify(src/zed-ros2-examples/examples/zed_aruco_localization) by extension 'colcon_meta'
[0.646s] Level 1:colcon.colcon_core.package_identification:_identify(src/zed-ros2-examples/examples/zed_aruco_localization) by extensions ['ros']
[0.646s] Level 1:colcon.colcon_core.package_identification:_identify(src/zed-ros2-examples/examples/zed_aruco_localization) by extension 'ros'
[0.652s] DEBUG:colcon.colcon_core.package_identification:Package 'src/zed-ros2-examples/examples/zed_aruco_localization' with type 'ros.ament_cmake' and name 'zed_aruco_localization'
[0.652s] Level 1:colcon.colcon_core.package_identification:_identify(src/zed-ros2-examples/examples/zed_depth_to_laserscan) by extensions ['ignore', 'ignore_ament_install']
[0.652s] Level 1:colcon.colcon_core.package_identification:_identify(src/zed-ros2-examples/examples/zed_depth_to_laserscan) by extension 'ignore'
[0.652s] Level 1:colcon.colcon_core.package_identification:_identify(src/zed-ros2-examples/examples/zed_depth_to_laserscan) by extension 'ignore_ament_install'
[0.652s] Level 1:colcon.colcon_core.package_identification:_identify(src/zed-ros2-examples/examples/zed_depth_to_laserscan) by extensions ['colcon_pkg']
[0.653s] Level 1:colcon.colcon_core.package_identification:_identify(src/zed-ros2-examples/examples/zed_depth_to_laserscan) by extension 'colcon_pkg'
[0.653s] Level 1:colcon.colcon_core.package_identification:_identify(src/zed-ros2-examples/examples/zed_depth_to_laserscan) by extensions ['colcon_meta']
[0.653s] Level 1:colcon.colcon_core.package_identification:_identify(src/zed-ros2-examples/examples/zed_depth_to_laserscan) by extension 'colcon_meta'
[0.653s] Level 1:colcon.colcon_core.package_identification:_identify(src/zed-ros2-examples/examples/zed_depth_to_laserscan) by extensions ['ros']
[0.653s] Level 1:colcon.colcon_core.package_identification:_identify(src/zed-ros2-examples/examples/zed_depth_to_laserscan) by extension 'ros'
[0.655s] DEBUG:colcon.colcon_core.package_identification:Package 'src/zed-ros2-examples/examples/zed_depth_to_laserscan' with type 'ros.ament_cmake' and name 'zed_depth_to_laserscan'
[0.655s] Level 1:colcon.colcon_core.package_identification:_identify(src/zed-ros2-examples/images) by extensions ['ignore', 'ignore_ament_install']
[0.655s] Level 1:colcon.colcon_core.package_identification:_identify(src/zed-ros2-examples/images) by extension 'ignore'
[0.656s] Level 1:colcon.colcon_core.package_identification:_identify(src/zed-ros2-examples/images) by extension 'ignore_ament_install'
[0.656s] Level 1:colcon.colcon_core.package_identification:_identify(src/zed-ros2-examples/images) by extensions ['colcon_pkg']
[0.656s] Level 1:colcon.colcon_core.package_identification:_identify(src/zed-ros2-examples/images) by extension 'colcon_pkg'
[0.656s] Level 1:colcon.colcon_core.package_identification:_identify(src/zed-ros2-examples/images) by extensions ['colcon_meta']
[0.656s] Level 1:colcon.colcon_core.package_identification:_identify(src/zed-ros2-examples/images) by extension 'colcon_meta'
[0.656s] Level 1:colcon.colcon_core.package_identification:_identify(src/zed-ros2-examples/images) by extensions ['ros']
[0.656s] Level 1:colcon.colcon_core.package_identification:_identify(src/zed-ros2-examples/images) by extension 'ros'
[0.656s] Level 1:colcon.colcon_core.package_identification:_identify(src/zed-ros2-examples/images) by extensions ['cmake', 'python']
[0.657s] Level 1:colcon.colcon_core.package_identification:_identify(src/zed-ros2-examples/images) by extension 'cmake'
[0.657s] Level 1:colcon.colcon_core.package_identification:_identify(src/zed-ros2-examples/images) by extension 'python'
[0.657s] Level 1:colcon.colcon_core.package_identification:_identify(src/zed-ros2-examples/images) by extensions ['python_setup_py']
[0.657s] Level 1:colcon.colcon_core.package_identification:_identify(src/zed-ros2-examples/images) by extension 'python_setup_py'
[0.657s] Level 1:colcon.colcon_core.package_identification:_identify(src/zed-ros2-examples/rviz-plugin-zed-od) by extensions ['ignore', 'ignore_ament_install']
[0.657s] Level 1:colcon.colcon_core.package_identification:_identify(src/zed-ros2-examples/rviz-plugin-zed-od) by extension 'ignore'
[0.657s] Level 1:colcon.colcon_core.package_identification:_identify(src/zed-ros2-examples/rviz-plugin-zed-od) by extension 'ignore_ament_install'
[0.658s] Level 1:colcon.colcon_core.package_identification:_identify(src/zed-ros2-examples/rviz-plugin-zed-od) by extensions ['colcon_pkg']
[0.658s] Level 1:colcon.colcon_core.package_identification:_identify(src/zed-ros2-examples/rviz-plugin-zed-od) by extension 'colcon_pkg'
[0.658s] Level 1:colcon.colcon_core.package_identification:_identify(src/zed-ros2-examples/rviz-plugin-zed-od) by extensions ['colcon_meta']
[0.658s] Level 1:colcon.colcon_core.package_identification:_identify(src/zed-ros2-examples/rviz-plugin-zed-od) by extension 'colcon_meta'
[0.658s] Level 1:colcon.colcon_core.package_identification:_identify(src/zed-ros2-examples/rviz-plugin-zed-od) by extensions ['ros']
[0.658s] Level 1:colcon.colcon_core.package_identification:_identify(src/zed-ros2-examples/rviz-plugin-zed-od) by extension 'ros'
[0.659s] DEBUG:colcon.colcon_core.package_identification:Package 'src/zed-ros2-examples/rviz-plugin-zed-od' with type 'ros.ament_cmake' and name 'rviz_plugin_zed_od'
[0.660s] Level 1:colcon.colcon_core.package_identification:_identify(src/zed-ros2-examples/tools) by extensions ['ignore', 'ignore_ament_install']
[0.660s] Level 1:colcon.colcon_core.package_identification:_identify(src/zed-ros2-examples/tools) by extension 'ignore'
[0.660s] Level 1:colcon.colcon_core.package_identification:_identify(src/zed-ros2-examples/tools) by extension 'ignore_ament_install'
[0.660s] Level 1:colcon.colcon_core.package_identification:_identify(src/zed-ros2-examples/tools) by extensions ['colcon_pkg']
[0.660s] Level 1:colcon.colcon_core.package_identification:_identify(src/zed-ros2-examples/tools) by extension 'colcon_pkg'
[0.660s] Level 1:colcon.colcon_core.package_identification:_identify(src/zed-ros2-examples/tools) by extensions ['colcon_meta']
[0.660s] Level 1:colcon.colcon_core.package_identification:_identify(src/zed-ros2-examples/tools) by extension 'colcon_meta'
[0.661s] Level 1:colcon.colcon_core.package_identification:_identify(src/zed-ros2-examples/tools) by extensions ['ros']
[0.661s] Level 1:colcon.colcon_core.package_identification:_identify(src/zed-ros2-examples/tools) by extension 'ros'
[0.661s] Level 1:colcon.colcon_core.package_identification:_identify(src/zed-ros2-examples/tools) by extensions ['cmake', 'python']
[0.661s] Level 1:colcon.colcon_core.package_identification:_identify(src/zed-ros2-examples/tools) by extension 'cmake'
[0.661s] Level 1:colcon.colcon_core.package_identification:_identify(src/zed-ros2-examples/tools) by extension 'python'
[0.661s] Level 1:colcon.colcon_core.package_identification:_identify(src/zed-ros2-examples/tools) by extensions ['python_setup_py']
[0.661s] Level 1:colcon.colcon_core.package_identification:_identify(src/zed-ros2-examples/tools) by extension 'python_setup_py'
[0.662s] Level 1:colcon.colcon_core.package_identification:_identify(src/zed-ros2-examples/tools/zed_benchmark) by extensions ['ignore', 'ignore_ament_install']
[0.662s] Level 1:colcon.colcon_core.package_identification:_identify(src/zed-ros2-examples/tools/zed_benchmark) by extension 'ignore'
[0.662s] Level 1:colcon.colcon_core.package_identification:_identify(src/zed-ros2-examples/tools/zed_benchmark) by extension 'ignore_ament_install'
[0.662s] Level 1:colcon.colcon_core.package_identification:_identify(src/zed-ros2-examples/tools/zed_benchmark) by extensions ['colcon_pkg']
[0.662s] Level 1:colcon.colcon_core.package_identification:_identify(src/zed-ros2-examples/tools/zed_benchmark) by extension 'colcon_pkg'
[0.662s] Level 1:colcon.colcon_core.package_identification:_identify(src/zed-ros2-examples/tools/zed_benchmark) by extensions ['colcon_meta']
[0.662s] Level 1:colcon.colcon_core.package_identification:_identify(src/zed-ros2-examples/tools/zed_benchmark) by extension 'colcon_meta'
[0.662s] Level 1:colcon.colcon_core.package_identification:_identify(src/zed-ros2-examples/tools/zed_benchmark) by extensions ['ros']
[0.662s] Level 1:colcon.colcon_core.package_identification:_identify(src/zed-ros2-examples/tools/zed_benchmark) by extension 'ros'
[0.664s] DEBUG:colcon.colcon_core.package_identification:Package 'src/zed-ros2-examples/tools/zed_benchmark' with type 'ros.ament_cmake' and name 'zed_topic_benchmark'
[0.664s] Level 1:colcon.colcon_core.package_identification:_identify(src/zed-ros2-examples/tools/zed_benchmark_component) by extensions ['ignore', 'ignore_ament_install']
[0.664s] Level 1:colcon.colcon_core.package_identification:_identify(src/zed-ros2-examples/tools/zed_benchmark_component) by extension 'ignore'
[0.664s] Level 1:colcon.colcon_core.package_identification:_identify(src/zed-ros2-examples/tools/zed_benchmark_component) by extension 'ignore_ament_install'
[0.664s] Level 1:colcon.colcon_core.package_identification:_identify(src/zed-ros2-examples/tools/zed_benchmark_component) by extensions ['colcon_pkg']
[0.664s] Level 1:colcon.colcon_core.package_identification:_identify(src/zed-ros2-examples/tools/zed_benchmark_component) by extension 'colcon_pkg'
[0.665s] Level 1:colcon.colcon_core.package_identification:_identify(src/zed-ros2-examples/tools/zed_benchmark_component) by extensions ['colcon_meta']
[0.665s] Level 1:colcon.colcon_core.package_identification:_identify(src/zed-ros2-examples/tools/zed_benchmark_component) by extension 'colcon_meta'
[0.665s] Level 1:colcon.colcon_core.package_identification:_identify(src/zed-ros2-examples/tools/zed_benchmark_component) by extensions ['ros']
[0.665s] Level 1:colcon.colcon_core.package_identification:_identify(src/zed-ros2-examples/tools/zed_benchmark_component) by extension 'ros'
[0.666s] DEBUG:colcon.colcon_core.package_identification:Package 'src/zed-ros2-examples/tools/zed_benchmark_component' with type 'ros.ament_cmake' and name 'zed_topic_benchmark_component'
[0.666s] Level 1:colcon.colcon_core.package_identification:_identify(src/zed-ros2-examples/tools/zed_benchmark_interfaces) by extensions ['ignore', 'ignore_ament_install']
[0.667s] Level 1:colcon.colcon_core.package_identification:_identify(src/zed-ros2-examples/tools/zed_benchmark_interfaces) by extension 'ignore'
[0.667s] Level 1:colcon.colcon_core.package_identification:_identify(src/zed-ros2-examples/tools/zed_benchmark_interfaces) by extension 'ignore_ament_install'
[0.667s] Level 1:colcon.colcon_core.package_identification:_identify(src/zed-ros2-examples/tools/zed_benchmark_interfaces) by extensions ['colcon_pkg']
[0.667s] Level 1:colcon.colcon_core.package_identification:_identify(src/zed-ros2-examples/tools/zed_benchmark_interfaces) by extension 'colcon_pkg'
[0.667s] Level 1:colcon.colcon_core.package_identification:_identify(src/zed-ros2-examples/tools/zed_benchmark_interfaces) by extensions ['colcon_meta']
[0.667s] Level 1:colcon.colcon_core.package_identification:_identify(src/zed-ros2-examples/tools/zed_benchmark_interfaces) by extension 'colcon_meta'
[0.667s] Level 1:colcon.colcon_core.package_identification:_identify(src/zed-ros2-examples/tools/zed_benchmark_interfaces) by extensions ['ros']
[0.667s] Level 1:colcon.colcon_core.package_identification:_identify(src/zed-ros2-examples/tools/zed_benchmark_interfaces) by extension 'ros'
[0.669s] DEBUG:colcon.colcon_core.package_identification:Package 'src/zed-ros2-examples/tools/zed_benchmark_interfaces' with type 'ros.ament_cmake' and name 'zed_topic_benchmark_interfaces'
[0.669s] Level 1:colcon.colcon_core.package_identification:_identify(src/zed-ros2-examples/tutorials) by extensions ['ignore', 'ignore_ament_install']
[0.669s] Level 1:colcon.colcon_core.package_identification:_identify(src/zed-ros2-examples/tutorials) by extension 'ignore'
[0.669s] Level 1:colcon.colcon_core.package_identification:_identify(src/zed-ros2-examples/tutorials) by extension 'ignore_ament_install'
[0.670s] Level 1:colcon.colcon_core.package_identification:_identify(src/zed-ros2-examples/tutorials) by extensions ['colcon_pkg']
[0.670s] Level 1:colcon.colcon_core.package_identification:_identify(src/zed-ros2-examples/tutorials) by extension 'colcon_pkg'
[0.670s] Level 1:colcon.colcon_core.package_identification:_identify(src/zed-ros2-examples/tutorials) by extensions ['colcon_meta']
[0.670s] Level 1:colcon.colcon_core.package_identification:_identify(src/zed-ros2-examples/tutorials) by extension 'colcon_meta'
[0.670s] Level 1:colcon.colcon_core.package_identification:_identify(src/zed-ros2-examples/tutorials) by extensions ['ros']
[0.670s] Level 1:colcon.colcon_core.package_identification:_identify(src/zed-ros2-examples/tutorials) by extension 'ros'
[0.670s] Level 1:colcon.colcon_core.package_identification:_identify(src/zed-ros2-examples/tutorials) by extensions ['cmake', 'python']
[0.670s] Level 1:colcon.colcon_core.package_identification:_identify(src/zed-ros2-examples/tutorials) by extension 'cmake'
[0.670s] Level 1:colcon.colcon_core.package_identification:_identify(src/zed-ros2-examples/tutorials) by extension 'python'
[0.670s] Level 1:colcon.colcon_core.package_identification:_identify(src/zed-ros2-examples/tutorials) by extensions ['python_setup_py']
[0.671s] Level 1:colcon.colcon_core.package_identification:_identify(src/zed-ros2-examples/tutorials) by extension 'python_setup_py'
[0.671s] Level 1:colcon.colcon_core.package_identification:_identify(src/zed-ros2-examples/tutorials/zed_depth_tutorial) by extensions ['ignore', 'ignore_ament_install']
[0.671s] Level 1:colcon.colcon_core.package_identification:_identify(src/zed-ros2-examples/tutorials/zed_depth_tutorial) by extension 'ignore'
[0.671s] Level 1:colcon.colcon_core.package_identification:_identify(src/zed-ros2-examples/tutorials/zed_depth_tutorial) by extension 'ignore_ament_install'
[0.671s] Level 1:colcon.colcon_core.package_identification:_identify(src/zed-ros2-examples/tutorials/zed_depth_tutorial) by extensions ['colcon_pkg']
[0.671s] Level 1:colcon.colcon_core.package_identification:_identify(src/zed-ros2-examples/tutorials/zed_depth_tutorial) by extension 'colcon_pkg'
[0.671s] Level 1:colcon.colcon_core.package_identification:_identify(src/zed-ros2-examples/tutorials/zed_depth_tutorial) by extensions ['colcon_meta']
[0.671s] Level 1:colcon.colcon_core.package_identification:_identify(src/zed-ros2-examples/tutorials/zed_depth_tutorial) by extension 'colcon_meta'
[0.672s] Level 1:colcon.colcon_core.package_identification:_identify(src/zed-ros2-examples/tutorials/zed_depth_tutorial) by extensions ['ros']
[0.672s] Level 1:colcon.colcon_core.package_identification:_identify(src/zed-ros2-examples/tutorials/zed_depth_tutorial) by extension 'ros'
[0.673s] DEBUG:colcon.colcon_core.package_identification:Package 'src/zed-ros2-examples/tutorials/zed_depth_tutorial' with type 'ros.ament_cmake' and name 'zed_tutorial_depth'
[0.673s] Level 1:colcon.colcon_core.package_identification:_identify(src/zed-ros2-examples/tutorials/zed_ipc) by extensions ['ignore', 'ignore_ament_install']
[0.673s] Level 1:colcon.colcon_core.package_identification:_identify(src/zed-ros2-examples/tutorials/zed_ipc) by extension 'ignore'
[0.674s] Level 1:colcon.colcon_core.package_identification:_identify(src/zed-ros2-examples/tutorials/zed_ipc) by extension 'ignore_ament_install'
[0.674s] Level 1:colcon.colcon_core.package_identification:_identify(src/zed-ros2-examples/tutorials/zed_ipc) by extensions ['colcon_pkg']
[0.674s] Level 1:colcon.colcon_core.package_identification:_identify(src/zed-ros2-examples/tutorials/zed_ipc) by extension 'colcon_pkg'
[0.674s] Level 1:colcon.colcon_core.package_identification:_identify(src/zed-ros2-examples/tutorials/zed_ipc) by extensions ['colcon_meta']
[0.674s] Level 1:colcon.colcon_core.package_identification:_identify(src/zed-ros2-examples/tutorials/zed_ipc) by extension 'colcon_meta'
[0.674s] Level 1:colcon.colcon_core.package_identification:_identify(src/zed-ros2-examples/tutorials/zed_ipc) by extensions ['ros']
[0.674s] Level 1:colcon.colcon_core.package_identification:_identify(src/zed-ros2-examples/tutorials/zed_ipc) by extension 'ros'
[0.676s] DEBUG:colcon.colcon_core.package_identification:Package 'src/zed-ros2-examples/tutorials/zed_ipc' with type 'ros.ament_cmake' and name 'zed_ipc'
[0.676s] Level 1:colcon.colcon_core.package_identification:_identify(src/zed-ros2-examples/tutorials/zed_multi_camera) by extensions ['ignore', 'ignore_ament_install']
[0.676s] Level 1:colcon.colcon_core.package_identification:_identify(src/zed-ros2-examples/tutorials/zed_multi_camera) by extension 'ignore'
[0.677s] Level 1:colcon.colcon_core.package_identification:_identify(src/zed-ros2-examples/tutorials/zed_multi_camera) by extension 'ignore_ament_install'
[0.677s] Level 1:colcon.colcon_core.package_identification:_identify(src/zed-ros2-examples/tutorials/zed_multi_camera) by extensions ['colcon_pkg']
[0.677s] Level 1:colcon.colcon_core.package_identification:_identify(src/zed-ros2-examples/tutorials/zed_multi_camera) by extension 'colcon_pkg'
[0.677s] Level 1:colcon.colcon_core.package_identification:_identify(src/zed-ros2-examples/tutorials/zed_multi_camera) by extensions ['colcon_meta']
[0.677s] Level 1:colcon.colcon_core.package_identification:_identify(src/zed-ros2-examples/tutorials/zed_multi_camera) by extension 'colcon_meta'
[0.677s] Level 1:colcon.colcon_core.package_identification:_identify(src/zed-ros2-examples/tutorials/zed_multi_camera) by extensions ['ros']
[0.677s] Level 1:colcon.colcon_core.package_identification:_identify(src/zed-ros2-examples/tutorials/zed_multi_camera) by extension 'ros'
[0.679s] DEBUG:colcon.colcon_core.package_identification:Package 'src/zed-ros2-examples/tutorials/zed_multi_camera' with type 'ros.ament_cmake' and name 'zed_multi_camera'
[0.679s] Level 1:colcon.colcon_core.package_identification:_identify(src/zed-ros2-examples/tutorials/zed_pose_tutorial) by extensions ['ignore', 'ignore_ament_install']
[0.679s] Level 1:colcon.colcon_core.package_identification:_identify(src/zed-ros2-examples/tutorials/zed_pose_tutorial) by extension 'ignore'
[0.679s] Level 1:colcon.colcon_core.package_identification:_identify(src/zed-ros2-examples/tutorials/zed_pose_tutorial) by extension 'ignore_ament_install'
[0.679s] Level 1:colcon.colcon_core.package_identification:_identify(src/zed-ros2-examples/tutorials/zed_pose_tutorial) by extensions ['colcon_pkg']
[0.679s] Level 1:colcon.colcon_core.package_identification:_identify(src/zed-ros2-examples/tutorials/zed_pose_tutorial) by extension 'colcon_pkg'
[0.679s] Level 1:colcon.colcon_core.package_identification:_identify(src/zed-ros2-examples/tutorials/zed_pose_tutorial) by extensions ['colcon_meta']
[0.680s] Level 1:colcon.colcon_core.package_identification:_identify(src/zed-ros2-examples/tutorials/zed_pose_tutorial) by extension 'colcon_meta'
[0.680s] Level 1:colcon.colcon_core.package_identification:_identify(src/zed-ros2-examples/tutorials/zed_pose_tutorial) by extensions ['ros']
[0.680s] Level 1:colcon.colcon_core.package_identification:_identify(src/zed-ros2-examples/tutorials/zed_pose_tutorial) by extension 'ros'
[0.684s] DEBUG:colcon.colcon_core.package_identification:Package 'src/zed-ros2-examples/tutorials/zed_pose_tutorial' with type 'ros.ament_cmake' and name 'zed_tutorial_pos_tracking'
[0.684s] Level 1:colcon.colcon_core.package_identification:_identify(src/zed-ros2-examples/tutorials/zed_rgb_convert) by extensions ['ignore', 'ignore_ament_install']
[0.684s] Level 1:colcon.colcon_core.package_identification:_identify(src/zed-ros2-examples/tutorials/zed_rgb_convert) by extension 'ignore'
[0.685s] Level 1:colcon.colcon_core.package_identification:_identify(src/zed-ros2-examples/tutorials/zed_rgb_convert) by extension 'ignore_ament_install'
[0.685s] Level 1:colcon.colcon_core.package_identification:_identify(src/zed-ros2-examples/tutorials/zed_rgb_convert) by extensions ['colcon_pkg']
[0.685s] Level 1:colcon.colcon_core.package_identification:_identify(src/zed-ros2-examples/tutorials/zed_rgb_convert) by extension 'colcon_pkg'
[0.685s] Level 1:colcon.colcon_core.package_identification:_identify(src/zed-ros2-examples/tutorials/zed_rgb_convert) by extensions ['colcon_meta']
[0.685s] Level 1:colcon.colcon_core.package_identification:_identify(src/zed-ros2-examples/tutorials/zed_rgb_convert) by extension 'colcon_meta'
[0.685s] Level 1:colcon.colcon_core.package_identification:_identify(src/zed-ros2-examples/tutorials/zed_rgb_convert) by extensions ['ros']
[0.685s] Level 1:colcon.colcon_core.package_identification:_identify(src/zed-ros2-examples/tutorials/zed_rgb_convert) by extension 'ros'
[0.687s] DEBUG:colcon.colcon_core.package_identification:Package 'src/zed-ros2-examples/tutorials/zed_rgb_convert' with type 'ros.ament_cmake' and name 'zed_rgb_convert'
[0.687s] Level 1:colcon.colcon_core.package_identification:_identify(src/zed-ros2-examples/tutorials/zed_robot_integration) by extensions ['ignore', 'ignore_ament_install']
[0.687s] Level 1:colcon.colcon_core.package_identification:_identify(src/zed-ros2-examples/tutorials/zed_robot_integration) by extension 'ignore'
[0.687s] Level 1:colcon.colcon_core.package_identification:_identify(src/zed-ros2-examples/tutorials/zed_robot_integration) by extension 'ignore_ament_install'
[0.687s] Level 1:colcon.colcon_core.package_identification:_identify(src/zed-ros2-examples/tutorials/zed_robot_integration) by extensions ['colcon_pkg']
[0.688s] Level 1:colcon.colcon_core.package_identification:_identify(src/zed-ros2-examples/tutorials/zed_robot_integration) by extension 'colcon_pkg'
[0.688s] Level 1:colcon.colcon_core.package_identification:_identify(src/zed-ros2-examples/tutorials/zed_robot_integration) by extensions ['colcon_meta']
[0.688s] Level 1:colcon.colcon_core.package_identification:_identify(src/zed-ros2-examples/tutorials/zed_robot_integration) by extension 'colcon_meta'
[0.688s] Level 1:colcon.colcon_core.package_identification:_identify(src/zed-ros2-examples/tutorials/zed_robot_integration) by extensions ['ros']
[0.688s] Level 1:colcon.colcon_core.package_identification:_identify(src/zed-ros2-examples/tutorials/zed_robot_integration) by extension 'ros'
[0.689s] DEBUG:colcon.colcon_core.package_identification:Package 'src/zed-ros2-examples/tutorials/zed_robot_integration' with type 'ros.ament_cmake' and name 'zed_robot_integration'
[0.689s] Level 1:colcon.colcon_core.package_identification:_identify(src/zed-ros2-examples/tutorials/zed_video_tutorial) by extensions ['ignore', 'ignore_ament_install']
[0.690s] Level 1:colcon.colcon_core.package_identification:_identify(src/zed-ros2-examples/tutorials/zed_video_tutorial) by extension 'ignore'
[0.690s] Level 1:colcon.colcon_core.package_identification:_identify(src/zed-ros2-examples/tutorials/zed_video_tutorial) by extension 'ignore_ament_install'
[0.690s] Level 1:colcon.colcon_core.package_identification:_identify(src/zed-ros2-examples/tutorials/zed_video_tutorial) by extensions ['colcon_pkg']
[0.690s] Level 1:colcon.colcon_core.package_identification:_identify(src/zed-ros2-examples/tutorials/zed_video_tutorial) by extension 'colcon_pkg'
[0.690s] Level 1:colcon.colcon_core.package_identification:_identify(src/zed-ros2-examples/tutorials/zed_video_tutorial) by extensions ['colcon_meta']
[0.690s] Level 1:colcon.colcon_core.package_identification:_identify(src/zed-ros2-examples/tutorials/zed_video_tutorial) by extension 'colcon_meta'
[0.690s] Level 1:colcon.colcon_core.package_identification:_identify(src/zed-ros2-examples/tutorials/zed_video_tutorial) by extensions ['ros']
[0.690s] Level 1:colcon.colcon_core.package_identification:_identify(src/zed-ros2-examples/tutorials/zed_video_tutorial) by extension 'ros'
[0.692s] DEBUG:colcon.colcon_core.package_identification:Package 'src/zed-ros2-examples/tutorials/zed_video_tutorial' with type 'ros.ament_cmake' and name 'zed_tutorial_video'
[0.692s] Level 1:colcon.colcon_core.package_identification:_identify(src/zed-ros2-examples/zed_display_foxglove) by extensions ['ignore', 'ignore_ament_install']
[0.692s] Level 1:colcon.colcon_core.package_identification:_identify(src/zed-ros2-examples/zed_display_foxglove) by extension 'ignore'
[0.692s] Level 1:colcon.colcon_core.package_identification:_identify(src/zed-ros2-examples/zed_display_foxglove) by extension 'ignore_ament_install'
[0.692s] Level 1:colcon.colcon_core.package_identification:_identify(src/zed-ros2-examples/zed_display_foxglove) by extensions ['colcon_pkg']
[0.692s] Level 1:colcon.colcon_core.package_identification:_identify(src/zed-ros2-examples/zed_display_foxglove) by extension 'colcon_pkg'
[0.692s] Level 1:colcon.colcon_core.package_identification:_identify(src/zed-ros2-examples/zed_display_foxglove) by extensions ['colcon_meta']
[0.693s] Level 1:colcon.colcon_core.package_identification:_identify(src/zed-ros2-examples/zed_display_foxglove) by extension 'colcon_meta'
[0.693s] Level 1:colcon.colcon_core.package_identification:_identify(src/zed-ros2-examples/zed_display_foxglove) by extensions ['ros']
[0.693s] Level 1:colcon.colcon_core.package_identification:_identify(src/zed-ros2-examples/zed_display_foxglove) by extension 'ros'
[0.693s] Level 1:colcon.colcon_core.package_identification:_identify(src/zed-ros2-examples/zed_display_foxglove) by extensions ['cmake', 'python']
[0.693s] Level 1:colcon.colcon_core.package_identification:_identify(src/zed-ros2-examples/zed_display_foxglove) by extension 'cmake'
[0.693s] Level 1:colcon.colcon_core.package_identification:_identify(src/zed-ros2-examples/zed_display_foxglove) by extension 'python'
[0.693s] Level 1:colcon.colcon_core.package_identification:_identify(src/zed-ros2-examples/zed_display_foxglove) by extensions ['python_setup_py']
[0.693s] Level 1:colcon.colcon_core.package_identification:_identify(src/zed-ros2-examples/zed_display_foxglove) by extension 'python_setup_py'
[0.694s] Level 1:colcon.colcon_core.package_identification:_identify(src/zed-ros2-examples/zed_display_foxglove/images) by extensions ['ignore', 'ignore_ament_install']
[0.694s] Level 1:colcon.colcon_core.package_identification:_identify(src/zed-ros2-examples/zed_display_foxglove/images) by extension 'ignore'
[0.694s] Level 1:colcon.colcon_core.package_identification:_identify(src/zed-ros2-examples/zed_display_foxglove/images) by extension 'ignore_ament_install'
[0.694s] Level 1:colcon.colcon_core.package_identification:_identify(src/zed-ros2-examples/zed_display_foxglove/images) by extensions ['colcon_pkg']
[0.694s] Level 1:colcon.colcon_core.package_identification:_identify(src/zed-ros2-examples/zed_display_foxglove/images) by extension 'colcon_pkg'
[0.694s] Level 1:colcon.colcon_core.package_identification:_identify(src/zed-ros2-examples/zed_display_foxglove/images) by extensions ['colcon_meta']
[0.694s] Level 1:colcon.colcon_core.package_identification:_identify(src/zed-ros2-examples/zed_display_foxglove/images) by extension 'colcon_meta'
[0.694s] Level 1:colcon.colcon_core.package_identification:_identify(src/zed-ros2-examples/zed_display_foxglove/images) by extensions ['ros']
[0.694s] Level 1:colcon.colcon_core.package_identification:_identify(src/zed-ros2-examples/zed_display_foxglove/images) by extension 'ros'
[0.695s] Level 1:colcon.colcon_core.package_identification:_identify(src/zed-ros2-examples/zed_display_foxglove/images) by extensions ['cmake', 'python']
[0.695s] Level 1:colcon.colcon_core.package_identification:_identify(src/zed-ros2-examples/zed_display_foxglove/images) by extension 'cmake'
[0.695s] Level 1:colcon.colcon_core.package_identification:_identify(src/zed-ros2-examples/zed_display_foxglove/images) by extension 'python'
[0.695s] Level 1:colcon.colcon_core.package_identification:_identify(src/zed-ros2-examples/zed_display_foxglove/images) by extensions ['python_setup_py']
[0.695s] Level 1:colcon.colcon_core.package_identification:_identify(src/zed-ros2-examples/zed_display_foxglove/images) by extension 'python_setup_py'
[0.695s] Level 1:colcon.colcon_core.package_identification:_identify(src/zed-ros2-examples/zed_display_foxglove/layouts) by extensions ['ignore', 'ignore_ament_install']
[0.695s] Level 1:colcon.colcon_core.package_identification:_identify(src/zed-ros2-examples/zed_display_foxglove/layouts) by extension 'ignore'
[0.696s] Level 1:colcon.colcon_core.package_identification:_identify(src/zed-ros2-examples/zed_display_foxglove/layouts) by extension 'ignore_ament_install'
[0.696s] Level 1:colcon.colcon_core.package_identification:_identify(src/zed-ros2-examples/zed_display_foxglove/layouts) by extensions ['colcon_pkg']
[0.696s] Level 1:colcon.colcon_core.package_identification:_identify(src/zed-ros2-examples/zed_display_foxglove/layouts) by extension 'colcon_pkg'
[0.696s] Level 1:colcon.colcon_core.package_identification:_identify(src/zed-ros2-examples/zed_display_foxglove/layouts) by extensions ['colcon_meta']
[0.696s] Level 1:colcon.colcon_core.package_identification:_identify(src/zed-ros2-examples/zed_display_foxglove/layouts) by extension 'colcon_meta'
[0.696s] Level 1:colcon.colcon_core.package_identification:_identify(src/zed-ros2-examples/zed_display_foxglove/layouts) by extensions ['ros']
[0.696s] Level 1:colcon.colcon_core.package_identification:_identify(src/zed-ros2-examples/zed_display_foxglove/layouts) by extension 'ros'
[0.696s] Level 1:colcon.colcon_core.package_identification:_identify(src/zed-ros2-examples/zed_display_foxglove/layouts) by extensions ['cmake', 'python']
[0.696s] Level 1:colcon.colcon_core.package_identification:_identify(src/zed-ros2-examples/zed_display_foxglove/layouts) by extension 'cmake'
[0.696s] Level 1:colcon.colcon_core.package_identification:_identify(src/zed-ros2-examples/zed_display_foxglove/layouts) by extension 'python'
[0.697s] Level 1:colcon.colcon_core.package_identification:_identify(src/zed-ros2-examples/zed_display_foxglove/layouts) by extensions ['python_setup_py']
[0.697s] Level 1:colcon.colcon_core.package_identification:_identify(src/zed-ros2-examples/zed_display_foxglove/layouts) by extension 'python_setup_py'
[0.697s] Level 1:colcon.colcon_core.package_identification:_identify(src/zed-ros2-examples/zed_display_rviz2) by extensions ['ignore', 'ignore_ament_install']
[0.697s] Level 1:colcon.colcon_core.package_identification:_identify(src/zed-ros2-examples/zed_display_rviz2) by extension 'ignore'
[0.697s] Level 1:colcon.colcon_core.package_identification:_identify(src/zed-ros2-examples/zed_display_rviz2) by extension 'ignore_ament_install'
[0.697s] Level 1:colcon.colcon_core.package_identification:_identify(src/zed-ros2-examples/zed_display_rviz2) by extensions ['colcon_pkg']
[0.697s] Level 1:colcon.colcon_core.package_identification:_identify(src/zed-ros2-examples/zed_display_rviz2) by extension 'colcon_pkg'
[0.697s] Level 1:colcon.colcon_core.package_identification:_identify(src/zed-ros2-examples/zed_display_rviz2) by extensions ['colcon_meta']
[0.698s] Level 1:colcon.colcon_core.package_identification:_identify(src/zed-ros2-examples/zed_display_rviz2) by extension 'colcon_meta'
[0.698s] Level 1:colcon.colcon_core.package_identification:_identify(src/zed-ros2-examples/zed_display_rviz2) by extensions ['ros']
[0.698s] Level 1:colcon.colcon_core.package_identification:_identify(src/zed-ros2-examples/zed_display_rviz2) by extension 'ros'
[0.699s] DEBUG:colcon.colcon_core.package_identification:Package 'src/zed-ros2-examples/zed_display_rviz2' with type 'ros.ament_cmake' and name 'zed_display_rviz2'
[0.699s] Level 1:colcon.colcon_core.package_identification:_identify(src/zed-ros2-wrapper) by extensions ['ignore', 'ignore_ament_install']
[0.699s] Level 1:colcon.colcon_core.package_identification:_identify(src/zed-ros2-wrapper) by extension 'ignore'
[0.700s] Level 1:colcon.colcon_core.package_identification:_identify(src/zed-ros2-wrapper) by extension 'ignore_ament_install'
[0.700s] Level 1:colcon.colcon_core.package_identification:_identify(src/zed-ros2-wrapper) by extensions ['colcon_pkg']
[0.700s] Level 1:colcon.colcon_core.package_identification:_identify(src/zed-ros2-wrapper) by extension 'colcon_pkg'
[0.700s] Level 1:colcon.colcon_core.package_identification:_identify(src/zed-ros2-wrapper) by extensions ['colcon_meta']
[0.700s] Level 1:colcon.colcon_core.package_identification:_identify(src/zed-ros2-wrapper) by extension 'colcon_meta'
[0.700s] Level 1:colcon.colcon_core.package_identification:_identify(src/zed-ros2-wrapper) by extensions ['ros']
[0.700s] Level 1:colcon.colcon_core.package_identification:_identify(src/zed-ros2-wrapper) by extension 'ros'
[0.700s] Level 1:colcon.colcon_core.package_identification:_identify(src/zed-ros2-wrapper) by extensions ['cmake', 'python']
[0.700s] Level 1:colcon.colcon_core.package_identification:_identify(src/zed-ros2-wrapper) by extension 'cmake'
[0.700s] Level 1:colcon.colcon_core.package_identification:_identify(src/zed-ros2-wrapper) by extension 'python'
[0.701s] Level 1:colcon.colcon_core.package_identification:_identify(src/zed-ros2-wrapper) by extensions ['python_setup_py']
[0.701s] Level 1:colcon.colcon_core.package_identification:_identify(src/zed-ros2-wrapper) by extension 'python_setup_py'
[0.701s] Level 1:colcon.colcon_core.package_identification:_identify(src/zed-ros2-wrapper/docker) by extensions ['ignore', 'ignore_ament_install']
[0.701s] Level 1:colcon.colcon_core.package_identification:_identify(src/zed-ros2-wrapper/docker) by extension 'ignore'
[0.701s] Level 1:colcon.colcon_core.package_identification:_identify(src/zed-ros2-wrapper/docker) by extension 'ignore_ament_install'
[0.701s] Level 1:colcon.colcon_core.package_identification:_identify(src/zed-ros2-wrapper/docker) by extensions ['colcon_pkg']
[0.701s] Level 1:colcon.colcon_core.package_identification:_identify(src/zed-ros2-wrapper/docker) by extension 'colcon_pkg'
[0.701s] Level 1:colcon.colcon_core.package_identification:_identify(src/zed-ros2-wrapper/docker) by extensions ['colcon_meta']
[0.702s] Level 1:colcon.colcon_core.package_identification:_identify(src/zed-ros2-wrapper/docker) by extension 'colcon_meta'
[0.702s] Level 1:colcon.colcon_core.package_identification:_identify(src/zed-ros2-wrapper/docker) by extensions ['ros']
[0.702s] Level 1:colcon.colcon_core.package_identification:_identify(src/zed-ros2-wrapper/docker) by extension 'ros'
[0.702s] Level 1:colcon.colcon_core.package_identification:_identify(src/zed-ros2-wrapper/docker) by extensions ['cmake', 'python']
[0.702s] Level 1:colcon.colcon_core.package_identification:_identify(src/zed-ros2-wrapper/docker) by extension 'cmake'
[0.702s] Level 1:colcon.colcon_core.package_identification:_identify(src/zed-ros2-wrapper/docker) by extension 'python'
[0.702s] Level 1:colcon.colcon_core.package_identification:_identify(src/zed-ros2-wrapper/docker) by extensions ['python_setup_py']
[0.702s] Level 1:colcon.colcon_core.package_identification:_identify(src/zed-ros2-wrapper/docker) by extension 'python_setup_py'
[0.702s] Level 1:colcon.colcon_core.package_identification:_identify(src/zed-ros2-wrapper/images) by extensions ['ignore', 'ignore_ament_install']
[0.703s] Level 1:colcon.colcon_core.package_identification:_identify(src/zed-ros2-wrapper/images) by extension 'ignore'
[0.703s] Level 1:colcon.colcon_core.package_identification:_identify(src/zed-ros2-wrapper/images) by extension 'ignore_ament_install'
[0.703s] Level 1:colcon.colcon_core.package_identification:_identify(src/zed-ros2-wrapper/images) by extensions ['colcon_pkg']
[0.703s] Level 1:colcon.colcon_core.package_identification:_identify(src/zed-ros2-wrapper/images) by extension 'colcon_pkg'
[0.703s] Level 1:colcon.colcon_core.package_identification:_identify(src/zed-ros2-wrapper/images) by extensions ['colcon_meta']
[0.703s] Level 1:colcon.colcon_core.package_identification:_identify(src/zed-ros2-wrapper/images) by extension 'colcon_meta'
[0.703s] Level 1:colcon.colcon_core.package_identification:_identify(src/zed-ros2-wrapper/images) by extensions ['ros']
[0.703s] Level 1:colcon.colcon_core.package_identification:_identify(src/zed-ros2-wrapper/images) by extension 'ros'
[0.703s] Level 1:colcon.colcon_core.package_identification:_identify(src/zed-ros2-wrapper/images) by extensions ['cmake', 'python']
[0.704s] Level 1:colcon.colcon_core.package_identification:_identify(src/zed-ros2-wrapper/images) by extension 'cmake'
[0.704s] Level 1:colcon.colcon_core.package_identification:_identify(src/zed-ros2-wrapper/images) by extension 'python'
[0.704s] Level 1:colcon.colcon_core.package_identification:_identify(src/zed-ros2-wrapper/images) by extensions ['python_setup_py']
[0.704s] Level 1:colcon.colcon_core.package_identification:_identify(src/zed-ros2-wrapper/images) by extension 'python_setup_py'
[0.704s] Level 1:colcon.colcon_core.package_identification:_identify(src/zed-ros2-wrapper/zed_components) by extensions ['ignore', 'ignore_ament_install']
[0.704s] Level 1:colcon.colcon_core.package_identification:_identify(src/zed-ros2-wrapper/zed_components) by extension 'ignore'
[0.704s] Level 1:colcon.colcon_core.package_identification:_identify(src/zed-ros2-wrapper/zed_components) by extension 'ignore_ament_install'
[0.704s] Level 1:colcon.colcon_core.package_identification:_identify(src/zed-ros2-wrapper/zed_components) by extensions ['colcon_pkg']
[0.704s] Level 1:colcon.colcon_core.package_identification:_identify(src/zed-ros2-wrapper/zed_components) by extension 'colcon_pkg'
[0.705s] Level 1:colcon.colcon_core.package_identification:_identify(src/zed-ros2-wrapper/zed_components) by extensions ['colcon_meta']
[0.705s] Level 1:colcon.colcon_core.package_identification:_identify(src/zed-ros2-wrapper/zed_components) by extension 'colcon_meta'
[0.705s] Level 1:colcon.colcon_core.package_identification:_identify(src/zed-ros2-wrapper/zed_components) by extensions ['ros']
[0.705s] Level 1:colcon.colcon_core.package_identification:_identify(src/zed-ros2-wrapper/zed_components) by extension 'ros'
[0.733s] DEBUG:colcon.colcon_core.package_identification:Package 'src/zed-ros2-wrapper/zed_components' with type 'ros.ament_cmake' and name 'zed_components'
[0.734s] Level 1:colcon.colcon_core.package_identification:_identify(src/zed-ros2-wrapper/zed_ros2) by extensions ['ignore', 'ignore_ament_install']
[0.734s] Level 1:colcon.colcon_core.package_identification:_identify(src/zed-ros2-wrapper/zed_ros2) by extension 'ignore'
[0.734s] Level 1:colcon.colcon_core.package_identification:_identify(src/zed-ros2-wrapper/zed_ros2) by extension 'ignore_ament_install'
[0.735s] Level 1:colcon.colcon_core.package_identification:_identify(src/zed-ros2-wrapper/zed_ros2) by extensions ['colcon_pkg']
[0.735s] Level 1:colcon.colcon_core.package_identification:_identify(src/zed-ros2-wrapper/zed_ros2) by extension 'colcon_pkg'
[0.735s] Level 1:colcon.colcon_core.package_identification:_identify(src/zed-ros2-wrapper/zed_ros2) by extensions ['colcon_meta']
[0.735s] Level 1:colcon.colcon_core.package_identification:_identify(src/zed-ros2-wrapper/zed_ros2) by extension 'colcon_meta'
[0.735s] Level 1:colcon.colcon_core.package_identification:_identify(src/zed-ros2-wrapper/zed_ros2) by extensions ['ros']
[0.735s] Level 1:colcon.colcon_core.package_identification:_identify(src/zed-ros2-wrapper/zed_ros2) by extension 'ros'
[0.736s] DEBUG:colcon.colcon_core.package_identification:Package 'src/zed-ros2-wrapper/zed_ros2' with type 'ros.ament_cmake' and name 'zed_ros2'
[0.737s] Level 1:colcon.colcon_core.package_identification:_identify(src/zed-ros2-wrapper/zed_wrapper) by extensions ['ignore', 'ignore_ament_install']
[0.737s] Level 1:colcon.colcon_core.package_identification:_identify(src/zed-ros2-wrapper/zed_wrapper) by extension 'ignore'
[0.737s] Level 1:colcon.colcon_core.package_identification:_identify(src/zed-ros2-wrapper/zed_wrapper) by extension 'ignore_ament_install'
[0.737s] Level 1:colcon.colcon_core.package_identification:_identify(src/zed-ros2-wrapper/zed_wrapper) by extensions ['colcon_pkg']
[0.737s] Level 1:colcon.colcon_core.package_identification:_identify(src/zed-ros2-wrapper/zed_wrapper) by extension 'colcon_pkg'
[0.737s] Level 1:colcon.colcon_core.package_identification:_identify(src/zed-ros2-wrapper/zed_wrapper) by extensions ['colcon_meta']
[0.737s] Level 1:colcon.colcon_core.package_identification:_identify(src/zed-ros2-wrapper/zed_wrapper) by extension 'colcon_meta'
[0.738s] Level 1:colcon.colcon_core.package_identification:_identify(src/zed-ros2-wrapper/zed_wrapper) by extensions ['ros']
[0.738s] Level 1:colcon.colcon_core.package_identification:_identify(src/zed-ros2-wrapper/zed_wrapper) by extension 'ros'
[0.739s] DEBUG:colcon.colcon_core.package_identification:Package 'src/zed-ros2-wrapper/zed_wrapper' with type 'ros.ament_cmake' and name 'zed_wrapper'
[0.740s] Level 1:colcon.colcon_core.package_discovery:discover_packages(recursive) using defaults
[0.740s] Level 1:colcon.colcon_core.package_discovery:discover_packages(ignore) discover
[0.740s] Level 1:colcon.colcon_core.package_discovery:discover_packages(ignore) using defaults
[0.740s] Level 1:colcon.colcon_core.package_discovery:discover_packages(path) discover
[0.740s] Level 1:colcon.colcon_core.package_discovery:discover_packages(path) using defaults
[0.793s] Level 1:colcon.colcon_core.package_discovery:discover_packages(prefix_path) check parameters
[0.793s] Level 1:colcon.colcon_core.package_discovery:discover_packages(prefix_path) discover
[0.798s] DEBUG:colcon.colcon_installed_package_information.package_discovery:Found 3 installed packages in /home/user/vision_ws/install
[0.799s] DEBUG:colcon.colcon_installed_package_information.package_discovery:Found 6 installed packages in /home/user/autorover_ws/install
[0.802s] DEBUG:colcon.colcon_installed_package_information.package_discovery:Found 370 installed packages in /opt/ros/humble
[0.807s] Level 1:colcon.colcon_core.package_discovery:discover_packages(prefix_path) using defaults
[0.909s] Level 5:colcon.colcon_core.verb:set package 'rviz_plugin_zed_od' build argument 'cmake_args' from command line to '['-DCMAKE_BUILD_TYPE=Release']'
[0.909s] Level 5:colcon.colcon_core.verb:set package 'rviz_plugin_zed_od' build argument 'cmake_target' from command line to 'None'
[0.909s] Level 5:colcon.colcon_core.verb:set package 'rviz_plugin_zed_od' build argument 'cmake_target_skip_unavailable' from command line to 'False'
[0.909s] Level 5:colcon.colcon_core.verb:set package 'rviz_plugin_zed_od' build argument 'cmake_clean_cache' from command line to 'False'
[0.910s] Level 5:colcon.colcon_core.verb:set package 'rviz_plugin_zed_od' build argument 'cmake_clean_first' from command line to 'False'
[0.910s] Level 5:colcon.colcon_core.verb:set package 'rviz_plugin_zed_od' build argument 'cmake_force_configure' from command line to 'False'
[0.910s] Level 5:colcon.colcon_core.verb:set package 'rviz_plugin_zed_od' build argument 'ament_cmake_args' from command line to 'None'
[0.910s] Level 5:colcon.colcon_core.verb:set package 'rviz_plugin_zed_od' build argument 'catkin_cmake_args' from command line to 'None'
[0.910s] Level 5:colcon.colcon_core.verb:set package 'rviz_plugin_zed_od' build argument 'catkin_skip_building_tests' from command line to 'False'
[0.910s] DEBUG:colcon.colcon_core.verb:Building package 'rviz_plugin_zed_od' with the following arguments: {'ament_cmake_args': None, 'build_base': '/home/user/vision_ws/build/rviz_plugin_zed_od', 'catkin_cmake_args': None, 'catkin_skip_building_tests': False, 'cmake_args': ['-DCMAKE_BUILD_TYPE=Release'], 'cmake_clean_cache': False, 'cmake_clean_first': False, 'cmake_force_configure': False, 'cmake_target': None, 'cmake_target_skip_unavailable': False, 'install_base': '/home/user/vision_ws/install/rviz_plugin_zed_od', 'merge_install': False, 'path': '/home/user/vision_ws/src/zed-ros2-examples/rviz-plugin-zed-od', 'symlink_install': True, 'test_result_base': None}
[0.911s] Level 5:colcon.colcon_core.verb:set package 'zed_components' build argument 'cmake_args' from command line to '['-DCMAKE_BUILD_TYPE=Release']'
[0.911s] Level 5:colcon.colcon_core.verb:set package 'zed_components' build argument 'cmake_target' from command line to 'None'
[0.911s] Level 5:colcon.colcon_core.verb:set package 'zed_components' build argument 'cmake_target_skip_unavailable' from command line to 'False'
[0.911s] Level 5:colcon.colcon_core.verb:set package 'zed_components' build argument 'cmake_clean_cache' from command line to 'False'
[0.911s] Level 5:colcon.colcon_core.verb:set package 'zed_components' build argument 'cmake_clean_first' from command line to 'False'
[0.911s] Level 5:colcon.colcon_core.verb:set package 'zed_components' build argument 'cmake_force_configure' from command line to 'False'
[0.911s] Level 5:colcon.colcon_core.verb:set package 'zed_components' build argument 'ament_cmake_args' from command line to 'None'
[0.911s] Level 5:colcon.colcon_core.verb:set package 'zed_components' build argument 'catkin_cmake_args' from command line to 'None'
[0.911s] Level 5:colcon.colcon_core.verb:set package 'zed_components' build argument 'catkin_skip_building_tests' from command line to 'False'
[0.911s] DEBUG:colcon.colcon_core.verb:Building package 'zed_components' with the following arguments: {'ament_cmake_args': None, 'build_base': '/home/user/vision_ws/build/zed_components', 'catkin_cmake_args': None, 'catkin_skip_building_tests': False, 'cmake_args': ['-DCMAKE_BUILD_TYPE=Release'], 'cmake_clean_cache': False, 'cmake_clean_first': False, 'cmake_force_configure': False, 'cmake_target': None, 'cmake_target_skip_unavailable': False, 'install_base': '/home/user/vision_ws/install/zed_components', 'merge_install': False, 'path': '/home/user/vision_ws/src/zed-ros2-wrapper/zed_components', 'symlink_install': True, 'test_result_base': None}
[0.912s] Level 5:colcon.colcon_core.verb:set package 'zed_topic_benchmark_interfaces' build argument 'cmake_args' from command line to '['-DCMAKE_BUILD_TYPE=Release']'
[0.912s] Level 5:colcon.colcon_core.verb:set package 'zed_topic_benchmark_interfaces' build argument 'cmake_target' from command line to 'None'
[0.912s] Level 5:colcon.colcon_core.verb:set package 'zed_topic_benchmark_interfaces' build argument 'cmake_target_skip_unavailable' from command line to 'False'
[0.912s] Level 5:colcon.colcon_core.verb:set package 'zed_topic_benchmark_interfaces' build argument 'cmake_clean_cache' from command line to 'False'
[0.912s] Level 5:colcon.colcon_core.verb:set package 'zed_topic_benchmark_interfaces' build argument 'cmake_clean_first' from command line to 'False'
[0.912s] Level 5:colcon.colcon_core.verb:set package 'zed_topic_benchmark_interfaces' build argument 'cmake_force_configure' from command line to 'False'
[0.912s] Level 5:colcon.colcon_core.verb:set package 'zed_topic_benchmark_interfaces' build argument 'ament_cmake_args' from command line to 'None'
[0.912s] Level 5:colcon.colcon_core.verb:set package 'zed_topic_benchmark_interfaces' build argument 'catkin_cmake_args' from command line to 'None'
[0.912s] Level 5:colcon.colcon_core.verb:set package 'zed_topic_benchmark_interfaces' build argument 'catkin_skip_building_tests' from command line to 'False'
[0.912s] DEBUG:colcon.colcon_core.verb:Building package 'zed_topic_benchmark_interfaces' with the following arguments: {'ament_cmake_args': None, 'build_base': '/home/user/vision_ws/build/zed_topic_benchmark_interfaces', 'catkin_cmake_args': None, 'catkin_skip_building_tests': False, 'cmake_args': ['-DCMAKE_BUILD_TYPE=Release'], 'cmake_clean_cache': False, 'cmake_clean_first': False, 'cmake_force_configure': False, 'cmake_target': None, 'cmake_target_skip_unavailable': False, 'install_base': '/home/user/vision_ws/install/zed_topic_benchmark_interfaces', 'merge_install': False, 'path': '/home/user/vision_ws/src/zed-ros2-examples/tools/zed_benchmark_interfaces', 'symlink_install': True, 'test_result_base': None}
[0.913s] Level 5:colcon.colcon_core.verb:set package 'zed_tutorial_depth' build argument 'cmake_args' from command line to '['-DCMAKE_BUILD_TYPE=Release']'
[0.913s] Level 5:colcon.colcon_core.verb:set package 'zed_tutorial_depth' build argument 'cmake_target' from command line to 'None'
[0.913s] Level 5:colcon.colcon_core.verb:set package 'zed_tutorial_depth' build argument 'cmake_target_skip_unavailable' from command line to 'False'
[0.913s] Level 5:colcon.colcon_core.verb:set package 'zed_tutorial_depth' build argument 'cmake_clean_cache' from command line to 'False'
[0.913s] Level 5:colcon.colcon_core.verb:set package 'zed_tutorial_depth' build argument 'cmake_clean_first' from command line to 'False'
[0.913s] Level 5:colcon.colcon_core.verb:set package 'zed_tutorial_depth' build argument 'cmake_force_configure' from command line to 'False'
[0.913s] Level 5:colcon.colcon_core.verb:set package 'zed_tutorial_depth' build argument 'ament_cmake_args' from command line to 'None'
[0.913s] Level 5:colcon.colcon_core.verb:set package 'zed_tutorial_depth' build argument 'catkin_cmake_args' from command line to 'None'
[0.913s] Level 5:colcon.colcon_core.verb:set package 'zed_tutorial_depth' build argument 'catkin_skip_building_tests' from command line to 'False'
[0.914s] DEBUG:colcon.colcon_core.verb:Building package 'zed_tutorial_depth' with the following arguments: {'ament_cmake_args': None, 'build_base': '/home/user/vision_ws/build/zed_tutorial_depth', 'catkin_cmake_args': None, 'catkin_skip_building_tests': False, 'cmake_args': ['-DCMAKE_BUILD_TYPE=Release'], 'cmake_clean_cache': False, 'cmake_clean_first': False, 'cmake_force_configure': False, 'cmake_target': None, 'cmake_target_skip_unavailable': False, 'install_base': '/home/user/vision_ws/install/zed_tutorial_depth', 'merge_install': False, 'path': '/home/user/vision_ws/src/zed-ros2-examples/tutorials/zed_depth_tutorial', 'symlink_install': True, 'test_result_base': None}
[0.914s] Level 5:colcon.colcon_core.verb:set package 'zed_tutorial_pos_tracking' build argument 'cmake_args' from command line to '['-DCMAKE_BUILD_TYPE=Release']'
[0.914s] Level 5:colcon.colcon_core.verb:set package 'zed_tutorial_pos_tracking' build argument 'cmake_target' from command line to 'None'
[0.914s] Level 5:colcon.colcon_core.verb:set package 'zed_tutorial_pos_tracking' build argument 'cmake_target_skip_unavailable' from command line to 'False'
[0.914s] Level 5:colcon.colcon_core.verb:set package 'zed_tutorial_pos_tracking' build argument 'cmake_clean_cache' from command line to 'False'
[0.914s] Level 5:colcon.colcon_core.verb:set package 'zed_tutorial_pos_tracking' build argument 'cmake_clean_first' from command line to 'False'
[0.914s] Level 5:colcon.colcon_core.verb:set package 'zed_tutorial_pos_tracking' build argument 'cmake_force_configure' from command line to 'False'
[0.914s] Level 5:colcon.colcon_core.verb:set package 'zed_tutorial_pos_tracking' build argument 'ament_cmake_args' from command line to 'None'
[0.915s] Level 5:colcon.colcon_core.verb:set package 'zed_tutorial_pos_tracking' build argument 'catkin_cmake_args' from command line to 'None'
[0.915s] Level 5:colcon.colcon_core.verb:set package 'zed_tutorial_pos_tracking' build argument 'catkin_skip_building_tests' from command line to 'False'
[0.915s] DEBUG:colcon.colcon_core.verb:Building package 'zed_tutorial_pos_tracking' with the following arguments: {'ament_cmake_args': None, 'build_base': '/home/user/vision_ws/build/zed_tutorial_pos_tracking', 'catkin_cmake_args': None, 'catkin_skip_building_tests': False, 'cmake_args': ['-DCMAKE_BUILD_TYPE=Release'], 'cmake_clean_cache': False, 'cmake_clean_first': False, 'cmake_force_configure': False, 'cmake_target': None, 'cmake_target_skip_unavailable': False, 'install_base': '/home/user/vision_ws/install/zed_tutorial_pos_tracking', 'merge_install': False, 'path': '/home/user/vision_ws/src/zed-ros2-examples/tutorials/zed_pose_tutorial', 'symlink_install': True, 'test_result_base': None}
[0.915s] Level 5:colcon.colcon_core.verb:set package 'zed_tutorial_video' build argument 'cmake_args' from command line to '['-DCMAKE_BUILD_TYPE=Release']'
[0.915s] Level 5:colcon.colcon_core.verb:set package 'zed_tutorial_video' build argument 'cmake_target' from command line to 'None'
[0.915s] Level 5:colcon.colcon_core.verb:set package 'zed_tutorial_video' build argument 'cmake_target_skip_unavailable' from command line to 'False'
[0.916s] Level 5:colcon.colcon_core.verb:set package 'zed_tutorial_video' build argument 'cmake_clean_cache' from command line to 'False'
[0.916s] Level 5:colcon.colcon_core.verb:set package 'zed_tutorial_video' build argument 'cmake_clean_first' from command line to 'False'
[0.916s] Level 5:colcon.colcon_core.verb:set package 'zed_tutorial_video' build argument 'cmake_force_configure' from command line to 'False'
[0.916s] Level 5:colcon.colcon_core.verb:set package 'zed_tutorial_video' build argument 'ament_cmake_args' from command line to 'None'
[0.916s] Level 5:colcon.colcon_core.verb:set package 'zed_tutorial_video' build argument 'catkin_cmake_args' from command line to 'None'
[0.916s] Level 5:colcon.colcon_core.verb:set package 'zed_tutorial_video' build argument 'catkin_skip_building_tests' from command line to 'False'
[0.916s] DEBUG:colcon.colcon_core.verb:Building package 'zed_tutorial_video' with the following arguments: {'ament_cmake_args': None, 'build_base': '/home/user/vision_ws/build/zed_tutorial_video', 'catkin_cmake_args': None, 'catkin_skip_building_tests': False, 'cmake_args': ['-DCMAKE_BUILD_TYPE=Release'], 'cmake_clean_cache': False, 'cmake_clean_first': False, 'cmake_force_configure': False, 'cmake_target': None, 'cmake_target_skip_unavailable': False, 'install_base': '/home/user/vision_ws/install/zed_tutorial_video', 'merge_install': False, 'path': '/home/user/vision_ws/src/zed-ros2-examples/tutorials/zed_video_tutorial', 'symlink_install': True, 'test_result_base': None}
[0.916s] Level 5:colcon.colcon_core.verb:set package 'zed_aruco_localization' build argument 'cmake_args' from command line to '['-DCMAKE_BUILD_TYPE=Release']'
[0.917s] Level 5:colcon.colcon_core.verb:set package 'zed_aruco_localization' build argument 'cmake_target' from command line to 'None'
[0.917s] Level 5:colcon.colcon_core.verb:set package 'zed_aruco_localization' build argument 'cmake_target_skip_unavailable' from command line to 'False'
[0.917s] Level 5:colcon.colcon_core.verb:set package 'zed_aruco_localization' build argument 'cmake_clean_cache' from command line to 'False'
[0.917s] Level 5:colcon.colcon_core.verb:set package 'zed_aruco_localization' build argument 'cmake_clean_first' from command line to 'False'
[0.917s] Level 5:colcon.colcon_core.verb:set package 'zed_aruco_localization' build argument 'cmake_force_configure' from command line to 'False'
[0.917s] Level 5:colcon.colcon_core.verb:set package 'zed_aruco_localization' build argument 'ament_cmake_args' from command line to 'None'
[0.917s] Level 5:colcon.colcon_core.verb:set package 'zed_aruco_localization' build argument 'catkin_cmake_args' from command line to 'None'
[0.917s] Level 5:colcon.colcon_core.verb:set package 'zed_aruco_localization' build argument 'catkin_skip_building_tests' from command line to 'False'
[0.917s] DEBUG:colcon.colcon_core.verb:Building package 'zed_aruco_localization' with the following arguments: {'ament_cmake_args': None, 'build_base': '/home/user/vision_ws/build/zed_aruco_localization', 'catkin_cmake_args': None, 'catkin_skip_building_tests': False, 'cmake_args': ['-DCMAKE_BUILD_TYPE=Release'], 'cmake_clean_cache': False, 'cmake_clean_first': False, 'cmake_force_configure': False, 'cmake_target': None, 'cmake_target_skip_unavailable': False, 'install_base': '/home/user/vision_ws/install/zed_aruco_localization', 'merge_install': False, 'path': '/home/user/vision_ws/src/zed-ros2-examples/examples/zed_aruco_localization', 'symlink_install': True, 'test_result_base': None}
[0.918s] Level 5:colcon.colcon_core.verb:set package 'zed_rgb_convert' build argument 'cmake_args' from command line to '['-DCMAKE_BUILD_TYPE=Release']'
[0.918s] Level 5:colcon.colcon_core.verb:set package 'zed_rgb_convert' build argument 'cmake_target' from command line to 'None'
[0.918s] Level 5:colcon.colcon_core.verb:set package 'zed_rgb_convert' build argument 'cmake_target_skip_unavailable' from command line to 'False'
[0.918s] Level 5:colcon.colcon_core.verb:set package 'zed_rgb_convert' build argument 'cmake_clean_cache' from command line to 'False'
[0.918s] Level 5:colcon.colcon_core.verb:set package 'zed_rgb_convert' build argument 'cmake_clean_first' from command line to 'False'
[0.918s] Level 5:colcon.colcon_core.verb:set package 'zed_rgb_convert' build argument 'cmake_force_configure' from command line to 'False'
[0.918s] Level 5:colcon.colcon_core.verb:set package 'zed_rgb_convert' build argument 'ament_cmake_args' from command line to 'None'
[0.918s] Level 5:colcon.colcon_core.verb:set package 'zed_rgb_convert' build argument 'catkin_cmake_args' from command line to 'None'
[0.918s] Level 5:colcon.colcon_core.verb:set package 'zed_rgb_convert' build argument 'catkin_skip_building_tests' from command line to 'False'
[0.918s] DEBUG:colcon.colcon_core.verb:Building package 'zed_rgb_convert' with the following arguments: {'ament_cmake_args': None, 'build_base': '/home/user/vision_ws/build/zed_rgb_convert', 'catkin_cmake_args': None, 'catkin_skip_building_tests': False, 'cmake_args': ['-DCMAKE_BUILD_TYPE=Release'], 'cmake_clean_cache': False, 'cmake_clean_first': False, 'cmake_force_configure': False, 'cmake_target': None, 'cmake_target_skip_unavailable': False, 'install_base': '/home/user/vision_ws/install/zed_rgb_convert', 'merge_install': False, 'path': '/home/user/vision_ws/src/zed-ros2-examples/tutorials/zed_rgb_convert', 'symlink_install': True, 'test_result_base': None}
[0.919s] Level 5:colcon.colcon_core.verb:set package 'zed_topic_benchmark_component' build argument 'cmake_args' from command line to '['-DCMAKE_BUILD_TYPE=Release']'
[0.919s] Level 5:colcon.colcon_core.verb:set package 'zed_topic_benchmark_component' build argument 'cmake_target' from command line to 'None'
[0.919s] Level 5:colcon.colcon_core.verb:set package 'zed_topic_benchmark_component' build argument 'cmake_target_skip_unavailable' from command line to 'False'
[0.919s] Level 5:colcon.colcon_core.verb:set package 'zed_topic_benchmark_component' build argument 'cmake_clean_cache' from command line to 'False'
[0.919s] Level 5:colcon.colcon_core.verb:set package 'zed_topic_benchmark_component' build argument 'cmake_clean_first' from command line to 'False'
[0.919s] Level 5:colcon.colcon_core.verb:set package 'zed_topic_benchmark_component' build argument 'cmake_force_configure' from command line to 'False'
[0.919s] Level 5:colcon.colcon_core.verb:set package 'zed_topic_benchmark_component' build argument 'ament_cmake_args' from command line to 'None'
[0.919s] Level 5:colcon.colcon_core.verb:set package 'zed_topic_benchmark_component' build argument 'catkin_cmake_args' from command line to 'None'
[0.919s] Level 5:colcon.colcon_core.verb:set package 'zed_topic_benchmark_component' build argument 'catkin_skip_building_tests' from command line to 'False'
[0.919s] DEBUG:colcon.colcon_core.verb:Building package 'zed_topic_benchmark_component' with the following arguments: {'ament_cmake_args': None, 'build_base': '/home/user/vision_ws/build/zed_topic_benchmark_component', 'catkin_cmake_args': None, 'catkin_skip_building_tests': False, 'cmake_args': ['-DCMAKE_BUILD_TYPE=Release'], 'cmake_clean_cache': False, 'cmake_clean_first': False, 'cmake_force_configure': False, 'cmake_target': None, 'cmake_target_skip_unavailable': False, 'install_base': '/home/user/vision_ws/install/zed_topic_benchmark_component', 'merge_install': False, 'path': '/home/user/vision_ws/src/zed-ros2-examples/tools/zed_benchmark_component', 'symlink_install': True, 'test_result_base': None}
[0.920s] Level 5:colcon.colcon_core.verb:set package 'zed_wrapper' build argument 'cmake_args' from command line to '['-DCMAKE_BUILD_TYPE=Release']'
[0.920s] Level 5:colcon.colcon_core.verb:set package 'zed_wrapper' build argument 'cmake_target' from command line to 'None'
[0.920s] Level 5:colcon.colcon_core.verb:set package 'zed_wrapper' build argument 'cmake_target_skip_unavailable' from command line to 'False'
[0.920s] Level 5:colcon.colcon_core.verb:set package 'zed_wrapper' build argument 'cmake_clean_cache' from command line to 'False'
[0.920s] Level 5:colcon.colcon_core.verb:set package 'zed_wrapper' build argument 'cmake_clean_first' from command line to 'False'
[0.920s] Level 5:colcon.colcon_core.verb:set package 'zed_wrapper' build argument 'cmake_force_configure' from command line to 'False'
[0.920s] Level 5:colcon.colcon_core.verb:set package 'zed_wrapper' build argument 'ament_cmake_args' from command line to 'None'
[0.920s] Level 5:colcon.colcon_core.verb:set package 'zed_wrapper' build argument 'catkin_cmake_args' from command line to 'None'
[0.920s] Level 5:colcon.colcon_core.verb:set package 'zed_wrapper' build argument 'catkin_skip_building_tests' from command line to 'False'
[0.920s] DEBUG:colcon.colcon_core.verb:Building package 'zed_wrapper' with the following arguments: {'ament_cmake_args': None, 'build_base': '/home/user/vision_ws/build/zed_wrapper', 'catkin_cmake_args': None, 'catkin_skip_building_tests': False, 'cmake_args': ['-DCMAKE_BUILD_TYPE=Release'], 'cmake_clean_cache': False, 'cmake_clean_first': False, 'cmake_force_configure': False, 'cmake_target': None, 'cmake_target_skip_unavailable': False, 'install_base': '/home/user/vision_ws/install/zed_wrapper', 'merge_install': False, 'path': '/home/user/vision_ws/src/zed-ros2-wrapper/zed_wrapper', 'symlink_install': True, 'test_result_base': None}
[0.921s] Level 5:colcon.colcon_core.verb:set package 'zed_depth_to_laserscan' build argument 'cmake_args' from command line to '['-DCMAKE_BUILD_TYPE=Release']'
[0.921s] Level 5:colcon.colcon_core.verb:set package 'zed_depth_to_laserscan' build argument 'cmake_target' from command line to 'None'
[0.921s] Level 5:colcon.colcon_core.verb:set package 'zed_depth_to_laserscan' build argument 'cmake_target_skip_unavailable' from command line to 'False'
[0.921s] Level 5:colcon.colcon_core.verb:set package 'zed_depth_to_laserscan' build argument 'cmake_clean_cache' from command line to 'False'
[0.921s] Level 5:colcon.colcon_core.verb:set package 'zed_depth_to_laserscan' build argument 'cmake_clean_first' from command line to 'False'
[0.921s] Level 5:colcon.colcon_core.verb:set package 'zed_depth_to_laserscan' build argument 'cmake_force_configure' from command line to 'False'
[0.921s] Level 5:colcon.colcon_core.verb:set package 'zed_depth_to_laserscan' build argument 'ament_cmake_args' from command line to 'None'
[0.922s] Level 5:colcon.colcon_core.verb:set package 'zed_depth_to_laserscan' build argument 'catkin_cmake_args' from command line to 'None'
[0.922s] Level 5:colcon.colcon_core.verb:set package 'zed_depth_to_laserscan' build argument 'catkin_skip_building_tests' from command line to 'False'
[0.922s] DEBUG:colcon.colcon_core.verb:Building package 'zed_depth_to_laserscan' with the following arguments: {'ament_cmake_args': None, 'build_base': '/home/user/vision_ws/build/zed_depth_to_laserscan', 'catkin_cmake_args': None, 'catkin_skip_building_tests': False, 'cmake_args': ['-DCMAKE_BUILD_TYPE=Release'], 'cmake_clean_cache': False, 'cmake_clean_first': False, 'cmake_force_configure': False, 'cmake_target': None, 'cmake_target_skip_unavailable': False, 'install_base': '/home/user/vision_ws/install/zed_depth_to_laserscan', 'merge_install': False, 'path': '/home/user/vision_ws/src/zed-ros2-examples/examples/zed_depth_to_laserscan', 'symlink_install': True, 'test_result_base': None}
[0.922s] Level 5:colcon.colcon_core.verb:set package 'zed_display_rviz2' build argument 'cmake_args' from command line to '['-DCMAKE_BUILD_TYPE=Release']'
[0.922s] Level 5:colcon.colcon_core.verb:set package 'zed_display_rviz2' build argument 'cmake_target' from command line to 'None'
[0.922s] Level 5:colcon.colcon_core.verb:set package 'zed_display_rviz2' build argument 'cmake_target_skip_unavailable' from command line to 'False'
[0.922s] Level 5:colcon.colcon_core.verb:set package 'zed_display_rviz2' build argument 'cmake_clean_cache' from command line to 'False'
[0.923s] Level 5:colcon.colcon_core.verb:set package 'zed_display_rviz2' build argument 'cmake_clean_first' from command line to 'False'
[0.923s] Level 5:colcon.colcon_core.verb:set package 'zed_display_rviz2' build argument 'cmake_force_configure' from command line to 'False'
[0.923s] Level 5:colcon.colcon_core.verb:set package 'zed_display_rviz2' build argument 'ament_cmake_args' from command line to 'None'
[0.923s] Level 5:colcon.colcon_core.verb:set package 'zed_display_rviz2' build argument 'catkin_cmake_args' from command line to 'None'
[0.923s] Level 5:colcon.colcon_core.verb:set package 'zed_display_rviz2' build argument 'catkin_skip_building_tests' from command line to 'False'
[0.923s] DEBUG:colcon.colcon_core.verb:Building package 'zed_display_rviz2' with the following arguments: {'ament_cmake_args': None, 'build_base': '/home/user/vision_ws/build/zed_display_rviz2', 'catkin_cmake_args': None, 'catkin_skip_building_tests': False, 'cmake_args': ['-DCMAKE_BUILD_TYPE=Release'], 'cmake_clean_cache': False, 'cmake_clean_first': False, 'cmake_force_configure': False, 'cmake_target': None, 'cmake_target_skip_unavailable': False, 'install_base': '/home/user/vision_ws/install/zed_display_rviz2', 'merge_install': False, 'path': '/home/user/vision_ws/src/zed-ros2-examples/zed_display_rviz2', 'symlink_install': True, 'test_result_base': None}
[0.923s] Level 5:colcon.colcon_core.verb:set package 'zed_multi_camera' build argument 'cmake_args' from command line to '['-DCMAKE_BUILD_TYPE=Release']'
[0.924s] Level 5:colcon.colcon_core.verb:set package 'zed_multi_camera' build argument 'cmake_target' from command line to 'None'
[0.924s] Level 5:colcon.colcon_core.verb:set package 'zed_multi_camera' build argument 'cmake_target_skip_unavailable' from command line to 'False'
[0.924s] Level 5:colcon.colcon_core.verb:set package 'zed_multi_camera' build argument 'cmake_clean_cache' from command line to 'False'
[0.924s] Level 5:colcon.colcon_core.verb:set package 'zed_multi_camera' build argument 'cmake_clean_first' from command line to 'False'
[0.924s] Level 5:colcon.colcon_core.verb:set package 'zed_multi_camera' build argument 'cmake_force_configure' from command line to 'False'
[0.924s] Level 5:colcon.colcon_core.verb:set package 'zed_multi_camera' build argument 'ament_cmake_args' from command line to 'None'
[0.924s] Level 5:colcon.colcon_core.verb:set package 'zed_multi_camera' build argument 'catkin_cmake_args' from command line to 'None'
[0.924s] Level 5:colcon.colcon_core.verb:set package 'zed_multi_camera' build argument 'catkin_skip_building_tests' from command line to 'False'
[0.924s] DEBUG:colcon.colcon_core.verb:Building package 'zed_multi_camera' with the following arguments: {'ament_cmake_args': None, 'build_base': '/home/user/vision_ws/build/zed_multi_camera', 'catkin_cmake_args': None, 'catkin_skip_building_tests': False, 'cmake_args': ['-DCMAKE_BUILD_TYPE=Release'], 'cmake_clean_cache': False, 'cmake_clean_first': False, 'cmake_force_configure': False, 'cmake_target': None, 'cmake_target_skip_unavailable': False, 'install_base': '/home/user/vision_ws/install/zed_multi_camera', 'merge_install': False, 'path': '/home/user/vision_ws/src/zed-ros2-examples/tutorials/zed_multi_camera', 'symlink_install': True, 'test_result_base': None}
[0.925s] Level 5:colcon.colcon_core.verb:set package 'zed_robot_integration' build argument 'cmake_args' from command line to '['-DCMAKE_BUILD_TYPE=Release']'
[0.925s] Level 5:colcon.colcon_core.verb:set package 'zed_robot_integration' build argument 'cmake_target' from command line to 'None'
[0.925s] Level 5:colcon.colcon_core.verb:set package 'zed_robot_integration' build argument 'cmake_target_skip_unavailable' from command line to 'False'
[0.925s] Level 5:colcon.colcon_core.verb:set package 'zed_robot_integration' build argument 'cmake_clean_cache' from command line to 'False'
[0.925s] Level 5:colcon.colcon_core.verb:set package 'zed_robot_integration' build argument 'cmake_clean_first' from command line to 'False'
[0.925s] Level 5:colcon.colcon_core.verb:set package 'zed_robot_integration' build argument 'cmake_force_configure' from command line to 'False'
[0.925s] Level 5:colcon.colcon_core.verb:set package 'zed_robot_integration' build argument 'ament_cmake_args' from command line to 'None'
[0.925s] Level 5:colcon.colcon_core.verb:set package 'zed_robot_integration' build argument 'catkin_cmake_args' from command line to 'None'
[0.925s] Level 5:colcon.colcon_core.verb:set package 'zed_robot_integration' build argument 'catkin_skip_building_tests' from command line to 'False'
[0.925s] DEBUG:colcon.colcon_core.verb:Building package 'zed_robot_integration' with the following arguments: {'ament_cmake_args': None, 'build_base': '/home/user/vision_ws/build/zed_robot_integration', 'catkin_cmake_args': None, 'catkin_skip_building_tests': False, 'cmake_args': ['-DCMAKE_BUILD_TYPE=Release'], 'cmake_clean_cache': False, 'cmake_clean_first': False, 'cmake_force_configure': False, 'cmake_target': None, 'cmake_target_skip_unavailable': False, 'install_base': '/home/user/vision_ws/install/zed_robot_integration', 'merge_install': False, 'path': '/home/user/vision_ws/src/zed-ros2-examples/tutorials/zed_robot_integration', 'symlink_install': True, 'test_result_base': None}
[0.926s] Level 5:colcon.colcon_core.verb:set package 'zed_ros2' build argument 'cmake_args' from command line to '['-DCMAKE_BUILD_TYPE=Release']'
[0.926s] Level 5:colcon.colcon_core.verb:set package 'zed_ros2' build argument 'cmake_target' from command line to 'None'
[0.926s] Level 5:colcon.colcon_core.verb:set package 'zed_ros2' build argument 'cmake_target_skip_unavailable' from command line to 'False'
[0.926s] Level 5:colcon.colcon_core.verb:set package 'zed_ros2' build argument 'cmake_clean_cache' from command line to 'False'
[0.926s] Level 5:colcon.colcon_core.verb:set package 'zed_ros2' build argument 'cmake_clean_first' from command line to 'False'
[0.926s] Level 5:colcon.colcon_core.verb:set package 'zed_ros2' build argument 'cmake_force_configure' from command line to 'False'
[0.926s] Level 5:colcon.colcon_core.verb:set package 'zed_ros2' build argument 'ament_cmake_args' from command line to 'None'
[0.926s] Level 5:colcon.colcon_core.verb:set package 'zed_ros2' build argument 'catkin_cmake_args' from command line to 'None'
[0.926s] Level 5:colcon.colcon_core.verb:set package 'zed_ros2' build argument 'catkin_skip_building_tests' from command line to 'False'
[0.926s] DEBUG:colcon.colcon_core.verb:Building package 'zed_ros2' with the following arguments: {'ament_cmake_args': None, 'build_base': '/home/user/vision_ws/build/zed_ros2', 'catkin_cmake_args': None, 'catkin_skip_building_tests': False, 'cmake_args': ['-DCMAKE_BUILD_TYPE=Release'], 'cmake_clean_cache': False, 'cmake_clean_first': False, 'cmake_force_configure': False, 'cmake_target': None, 'cmake_target_skip_unavailable': False, 'install_base': '/home/user/vision_ws/install/zed_ros2', 'merge_install': False, 'path': '/home/user/vision_ws/src/zed-ros2-wrapper/zed_ros2', 'symlink_install': True, 'test_result_base': None}
[0.927s] Level 5:colcon.colcon_core.verb:set package 'zed_topic_benchmark' build argument 'cmake_args' from command line to '['-DCMAKE_BUILD_TYPE=Release']'
[0.927s] Level 5:colcon.colcon_core.verb:set package 'zed_topic_benchmark' build argument 'cmake_target' from command line to 'None'
[0.927s] Level 5:colcon.colcon_core.verb:set package 'zed_topic_benchmark' build argument 'cmake_target_skip_unavailable' from command line to 'False'
[0.927s] Level 5:colcon.colcon_core.verb:set package 'zed_topic_benchmark' build argument 'cmake_clean_cache' from command line to 'False'
[0.927s] Level 5:colcon.colcon_core.verb:set package 'zed_topic_benchmark' build argument 'cmake_clean_first' from command line to 'False'
[0.927s] Level 5:colcon.colcon_core.verb:set package 'zed_topic_benchmark' build argument 'cmake_force_configure' from command line to 'False'
[0.927s] Level 5:colcon.colcon_core.verb:set package 'zed_topic_benchmark' build argument 'ament_cmake_args' from command line to 'None'
[0.927s] Level 5:colcon.colcon_core.verb:set package 'zed_topic_benchmark' build argument 'catkin_cmake_args' from command line to 'None'
[0.927s] Level 5:colcon.colcon_core.verb:set package 'zed_topic_benchmark' build argument 'catkin_skip_building_tests' from command line to 'False'
[0.927s] DEBUG:colcon.colcon_core.verb:Building package 'zed_topic_benchmark' with the following arguments: {'ament_cmake_args': None, 'build_base': '/home/user/vision_ws/build/zed_topic_benchmark', 'catkin_cmake_args': None, 'catkin_skip_building_tests': False, 'cmake_args': ['-DCMAKE_BUILD_TYPE=Release'], 'cmake_clean_cache': False, 'cmake_clean_first': False, 'cmake_force_configure': False, 'cmake_target': None, 'cmake_target_skip_unavailable': False, 'install_base': '/home/user/vision_ws/install/zed_topic_benchmark', 'merge_install': False, 'path': '/home/user/vision_ws/src/zed-ros2-examples/tools/zed_benchmark', 'symlink_install': True, 'test_result_base': None}
[0.928s] Level 5:colcon.colcon_core.verb:set package 'zed_ipc' build argument 'cmake_args' from command line to '['-DCMAKE_BUILD_TYPE=Release']'
[0.928s] Level 5:colcon.colcon_core.verb:set package 'zed_ipc' build argument 'cmake_target' from command line to 'None'
[0.928s] Level 5:colcon.colcon_core.verb:set package 'zed_ipc' build argument 'cmake_target_skip_unavailable' from command line to 'False'
[0.928s] Level 5:colcon.colcon_core.verb:set package 'zed_ipc' build argument 'cmake_clean_cache' from command line to 'False'
[0.928s] Level 5:colcon.colcon_core.verb:set package 'zed_ipc' build argument 'cmake_clean_first' from command line to 'False'
[0.928s] Level 5:colcon.colcon_core.verb:set package 'zed_ipc' build argument 'cmake_force_configure' from command line to 'False'
[0.928s] Level 5:colcon.colcon_core.verb:set package 'zed_ipc' build argument 'ament_cmake_args' from command line to 'None'
[0.928s] Level 5:colcon.colcon_core.verb:set package 'zed_ipc' build argument 'catkin_cmake_args' from command line to 'None'
[0.928s] Level 5:colcon.colcon_core.verb:set package 'zed_ipc' build argument 'catkin_skip_building_tests' from command line to 'False'
[0.929s] DEBUG:colcon.colcon_core.verb:Building package 'zed_ipc' with the following arguments: {'ament_cmake_args': None, 'build_base': '/home/user/vision_ws/build/zed_ipc', 'catkin_cmake_args': None, 'catkin_skip_building_tests': False, 'cmake_args': ['-DCMAKE_BUILD_TYPE=Release'], 'cmake_clean_cache': False, 'cmake_clean_first': False, 'cmake_force_configure': False, 'cmake_target': None, 'cmake_target_skip_unavailable': False, 'install_base': '/home/user/vision_ws/install/zed_ipc', 'merge_install': False, 'path': '/home/user/vision_ws/src/zed-ros2-examples/tutorials/zed_ipc', 'symlink_install': True, 'test_result_base': None}
[0.929s] INFO:colcon.colcon_core.executor:Executing jobs using 'parallel' executor
[0.931s] DEBUG:colcon.colcon_parallel_executor.executor.parallel:run_until_complete
[0.932s] INFO:colcon.colcon_ros.task.ament_cmake.build:Building ROS package in '/home/user/vision_ws/src/zed-ros2-wrapper/zed_components' with build type 'ament_cmake'
[0.932s] INFO:colcon.colcon_cmake.task.cmake.build:Building CMake package in '/home/user/vision_ws/src/zed-ros2-wrapper/zed_components'
[0.939s] INFO:colcon.colcon_core.plugin_system:Skipping extension 'colcon_core.shell.bat': Not used on non-Windows systems
[0.939s] INFO:colcon.colcon_core.shell:Skip shell extension 'powershell' for command environment: Not usable outside of PowerShell
[0.939s] DEBUG:colcon.colcon_core.shell:Skip shell extension 'dsv' for command environment
[0.948s] INFO:colcon.colcon_ros.task.ament_cmake.build:Building ROS package in '/home/user/vision_ws/src/zed-ros2-examples/tools/zed_benchmark_interfaces' with build type 'ament_cmake'
[0.948s] INFO:colcon.colcon_cmake.task.cmake.build:Building CMake package in '/home/user/vision_ws/src/zed-ros2-examples/tools/zed_benchmark_interfaces'
[0.949s] INFO:colcon.colcon_core.shell:Skip shell extension 'powershell' for command environment: Not usable outside of PowerShell
[0.949s] DEBUG:colcon.colcon_core.shell:Skip shell extension 'dsv' for command environment
[0.957s] INFO:colcon.colcon_ros.task.ament_cmake.build:Building ROS package in '/home/user/vision_ws/src/zed-ros2-examples/rviz-plugin-zed-od' with build type 'ament_cmake'
[0.957s] INFO:colcon.colcon_cmake.task.cmake.build:Building CMake package in '/home/user/vision_ws/src/zed-ros2-examples/rviz-plugin-zed-od'
[0.957s] INFO:colcon.colcon_core.shell:Skip shell extension 'powershell' for command environment: Not usable outside of PowerShell
[0.958s] DEBUG:colcon.colcon_core.shell:Skip shell extension 'dsv' for command environment
[0.966s] INFO:colcon.colcon_ros.task.ament_cmake.build:Building ROS package in '/home/user/vision_ws/src/zed-ros2-examples/tutorials/zed_depth_tutorial' with build type 'ament_cmake'
[0.967s] INFO:colcon.colcon_cmake.task.cmake.build:Building CMake package in '/home/user/vision_ws/src/zed-ros2-examples/tutorials/zed_depth_tutorial'
[0.968s] INFO:colcon.colcon_core.shell:Skip shell extension 'powershell' for command environment: Not usable outside of PowerShell
[0.968s] DEBUG:colcon.colcon_core.shell:Skip shell extension 'dsv' for command environment
[0.989s] DEBUG:colcon.colcon_core.event_handler.log_command:Invoking command in '/home/user/vision_ws/build/zed_components': CMAKE_PREFIX_PATH=${CMAKE_PREFIX_PATH}:/home/user/autorover_ws/install/autorover_bringup:/opt/ros/humble /usr/bin/cmake --build /home/user/vision_ws/build/zed_components -- -j4 -l4
[0.995s] DEBUG:colcon.colcon_core.event_handler.log_command:Invoking command in '/home/user/vision_ws/build/zed_topic_benchmark_interfaces': CMAKE_PREFIX_PATH=${CMAKE_PREFIX_PATH}:/home/user/autorover_ws/install/autorover_bringup:/opt/ros/humble /usr/bin/cmake /home/user/vision_ws/src/zed-ros2-examples/tools/zed_benchmark_interfaces -DCMAKE_BUILD_TYPE=Release -DAMENT_CMAKE_SYMLINK_INSTALL=1 -DCMAKE_INSTALL_PREFIX=/home/user/vision_ws/install/zed_topic_benchmark_interfaces
[1.009s] DEBUG:colcon.colcon_core.event_handler.log_command:Invoking command in '/home/user/vision_ws/build/rviz_plugin_zed_od': CMAKE_PREFIX_PATH=${CMAKE_PREFIX_PATH}:/home/user/autorover_ws/install/autorover_bringup:/opt/ros/humble /usr/bin/cmake /home/user/vision_ws/src/zed-ros2-examples/rviz-plugin-zed-od -DCMAKE_BUILD_TYPE=Release -DAMENT_CMAKE_SYMLINK_INSTALL=1 -DCMAKE_INSTALL_PREFIX=/home/user/vision_ws/install/rviz_plugin_zed_od
[1.024s] DEBUG:colcon.colcon_core.event_handler.log_command:Invoking command in '/home/user/vision_ws/build/zed_tutorial_depth': CMAKE_PREFIX_PATH=${CMAKE_PREFIX_PATH}:/home/user/autorover_ws/install/autorover_bringup:/opt/ros/humble /usr/bin/cmake /home/user/vision_ws/src/zed-ros2-examples/tutorials/zed_depth_tutorial -DCMAKE_BUILD_TYPE=Release -DAMENT_CMAKE_SYMLINK_INSTALL=1 -DCMAKE_INSTALL_PREFIX=/home/user/vision_ws/install/zed_tutorial_depth
[1.272s] DEBUG:colcon.colcon_core.event_handler.log_command:Invoked command in '/home/user/vision_ws/build/zed_components' returned '0': CMAKE_PREFIX_PATH=${CMAKE_PREFIX_PATH}:/home/user/autorover_ws/install/autorover_bringup:/opt/ros/humble /usr/bin/cmake --build /home/user/vision_ws/build/zed_components -- -j4 -l4
[1.297s] DEBUG:colcon.colcon_core.event_handler.log_command:Invoking command in '/home/user/vision_ws/build/zed_components': CMAKE_PREFIX_PATH=${CMAKE_PREFIX_PATH}:/home/user/autorover_ws/install/autorover_bringup:/opt/ros/humble /usr/bin/cmake --install /home/user/vision_ws/build/zed_components
[1.351s] Level 1:colcon.colcon_core.environment:create_environment_scripts_only(zed_components)
[1.355s] DEBUG:colcon.colcon_core.event_handler.log_command:Invoked command in '/home/user/vision_ws/build/zed_components' returned '0': CMAKE_PREFIX_PATH=${CMAKE_PREFIX_PATH}:/home/user/autorover_ws/install/autorover_bringup:/opt/ros/humble /usr/bin/cmake --install /home/user/vision_ws/build/zed_components
[1.358s] Level 1:colcon.colcon_core.environment:checking '/home/user/vision_ws/install/zed_components' for CMake module files
[1.360s] Level 1:colcon.colcon_core.environment:checking '/home/user/vision_ws/install/zed_components' for CMake config files
[1.361s] Level 1:colcon.colcon_core.shell:create_environment_hook('zed_components', 'cmake_prefix_path')
[1.362s] INFO:colcon.colcon_core.shell:Creating environment hook '/home/user/vision_ws/install/zed_components/share/zed_components/hook/cmake_prefix_path.ps1'
[1.364s] INFO:colcon.colcon_core.shell:Creating environment descriptor '/home/user/vision_ws/install/zed_components/share/zed_components/hook/cmake_prefix_path.dsv'
[1.369s] INFO:colcon.colcon_core.shell:Creating environment hook '/home/user/vision_ws/install/zed_components/share/zed_components/hook/cmake_prefix_path.sh'
[1.372s] Level 1:colcon.colcon_core.environment:checking '/home/user/vision_ws/install/zed_components/lib'
[1.373s] Level 1:colcon.colcon_core.shell:create_environment_hook('zed_components', 'ld_library_path_lib')
[1.373s] INFO:colcon.colcon_core.shell:Creating environment hook '/home/user/vision_ws/install/zed_components/share/zed_components/hook/ld_library_path_lib.ps1'
[1.375s] INFO:colcon.colcon_core.shell:Creating environment descriptor '/home/user/vision_ws/install/zed_components/share/zed_components/hook/ld_library_path_lib.dsv'
[1.376s] INFO:colcon.colcon_core.shell:Creating environment hook '/home/user/vision_ws/install/zed_components/share/zed_components/hook/ld_library_path_lib.sh'
[1.377s] Level 1:colcon.colcon_core.environment:checking '/home/user/vision_ws/install/zed_components/bin'
[1.377s] Level 1:colcon.colcon_core.environment:checking '/home/user/vision_ws/install/zed_components/lib/pkgconfig/zed_components.pc'
[1.377s] Level 1:colcon.colcon_core.environment:checking '/home/user/vision_ws/install/zed_components/lib/python3.10/site-packages'
[1.378s] Level 1:colcon.colcon_core.environment:checking '/home/user/vision_ws/install/zed_components/bin'
[1.379s] INFO:colcon.colcon_core.shell:Creating package script '/home/user/vision_ws/install/zed_components/share/zed_components/package.ps1'
[1.381s] INFO:colcon.colcon_core.shell:Creating package descriptor '/home/user/vision_ws/install/zed_components/share/zed_components/package.dsv'
[1.382s] INFO:colcon.colcon_core.shell:Creating package script '/home/user/vision_ws/install/zed_components/share/zed_components/package.sh'
[1.384s] INFO:colcon.colcon_core.shell:Creating package script '/home/user/vision_ws/install/zed_components/share/zed_components/package.bash'
[1.386s] INFO:colcon.colcon_core.shell:Creating package script '/home/user/vision_ws/install/zed_components/share/zed_components/package.zsh'
[1.387s] Level 1:colcon.colcon_core.environment:create_file_with_runtime_dependencies(/home/user/vision_ws/install/zed_components/share/colcon-core/packages/zed_components)
[1.389s] Level 1:colcon.colcon_core.environment:create_environment_scripts_only(zed_components)
[1.389s] Level 1:colcon.colcon_core.environment:checking '/home/user/vision_ws/install/zed_components' for CMake module files
[1.391s] Level 1:colcon.colcon_core.environment:checking '/home/user/vision_ws/install/zed_components' for CMake config files
[1.391s] Level 1:colcon.colcon_core.shell:create_environment_hook('zed_components', 'cmake_prefix_path')
[1.392s] INFO:colcon.colcon_core.shell:Creating environment hook '/home/user/vision_ws/install/zed_components/share/zed_components/hook/cmake_prefix_path.ps1'
[1.393s] INFO:colcon.colcon_core.shell:Creating environment descriptor '/home/user/vision_ws/install/zed_components/share/zed_components/hook/cmake_prefix_path.dsv'
[1.394s] INFO:colcon.colcon_core.shell:Creating environment hook '/home/user/vision_ws/install/zed_components/share/zed_components/hook/cmake_prefix_path.sh'
[1.395s] Level 1:colcon.colcon_core.environment:checking '/home/user/vision_ws/install/zed_components/lib'
[1.395s] Level 1:colcon.colcon_core.shell:create_environment_hook('zed_components', 'ld_library_path_lib')
[1.396s] INFO:colcon.colcon_core.shell:Creating environment hook '/home/user/vision_ws/install/zed_components/share/zed_components/hook/ld_library_path_lib.ps1'
[1.397s] INFO:colcon.colcon_core.shell:Creating environment descriptor '/home/user/vision_ws/install/zed_components/share/zed_components/hook/ld_library_path_lib.dsv'
[1.398s] INFO:colcon.colcon_core.shell:Creating environment hook '/home/user/vision_ws/install/zed_components/share/zed_components/hook/ld_library_path_lib.sh'
[1.399s] Level 1:colcon.colcon_core.environment:checking '/home/user/vision_ws/install/zed_components/bin'
[1.399s] Level 1:colcon.colcon_core.environment:checking '/home/user/vision_ws/install/zed_components/lib/pkgconfig/zed_components.pc'
[1.399s] Level 1:colcon.colcon_core.environment:checking '/home/user/vision_ws/install/zed_components/lib/python3.10/site-packages'
[1.400s] Level 1:colcon.colcon_core.environment:checking '/home/user/vision_ws/install/zed_components/bin'
[1.401s] INFO:colcon.colcon_core.shell:Creating package script '/home/user/vision_ws/install/zed_components/share/zed_components/package.ps1'
[1.402s] INFO:colcon.colcon_core.shell:Creating package descriptor '/home/user/vision_ws/install/zed_components/share/zed_components/package.dsv'
[1.403s] INFO:colcon.colcon_core.shell:Creating package script '/home/user/vision_ws/install/zed_components/share/zed_components/package.sh'
[1.405s] INFO:colcon.colcon_core.shell:Creating package script '/home/user/vision_ws/install/zed_components/share/zed_components/package.bash'
[1.406s] INFO:colcon.colcon_core.shell:Creating package script '/home/user/vision_ws/install/zed_components/share/zed_components/package.zsh'
[1.407s] Level 1:colcon.colcon_core.environment:create_file_with_runtime_dependencies(/home/user/vision_ws/install/zed_components/share/colcon-core/packages/zed_components)
[1.409s] INFO:colcon.colcon_ros.task.ament_cmake.build:Building ROS package in '/home/user/vision_ws/src/zed-ros2-wrapper/zed_wrapper' with build type 'ament_cmake'
[1.410s] INFO:colcon.colcon_cmake.task.cmake.build:Building CMake package in '/home/user/vision_ws/src/zed-ros2-wrapper/zed_wrapper'
[1.410s] INFO:colcon.colcon_core.shell:Skip shell extension 'powershell' for command environment: Not usable outside of PowerShell
[1.410s] DEBUG:colcon.colcon_core.shell:Skip shell extension 'dsv' for command environment
[1.460s] DEBUG:colcon.colcon_core.event_handler.log_command:Invoking command in '/home/user/vision_ws/build/zed_wrapper': CMAKE_PREFIX_PATH=/home/user/vision_ws/install/zed_components:/home/user/vision_ws/install/zed_ros2:/home/user/vision_ws/install/zed_wrapper:/home/user/autorover_ws/install/zed_components:/home/user/autorover_ws/install/mavros_extras:/home/user/autorover_ws/install/mavros:/home/user/autorover_ws/install/mavros_msgs:/home/user/autorover_ws/install/libmavconn:/home/user/autorover_ws/install/autorover_bringup:/opt/ros/humble /usr/bin/cmake --build /home/user/vision_ws/build/zed_wrapper -- -j4 -l4
[1.579s] DEBUG:colcon.colcon_core.event_handler.log_command:Invoked command in '/home/user/vision_ws/build/zed_wrapper' returned '0': CMAKE_PREFIX_PATH=/home/user/vision_ws/install/zed_components:/home/user/vision_ws/install/zed_ros2:/home/user/vision_ws/install/zed_wrapper:/home/user/autorover_ws/install/zed_components:/home/user/autorover_ws/install/mavros_extras:/home/user/autorover_ws/install/mavros:/home/user/autorover_ws/install/mavros_msgs:/home/user/autorover_ws/install/libmavconn:/home/user/autorover_ws/install/autorover_bringup:/opt/ros/humble /usr/bin/cmake --build /home/user/vision_ws/build/zed_wrapper -- -j4 -l4
[1.583s] DEBUG:colcon.colcon_core.event_handler.log_command:Invoking command in '/home/user/vision_ws/build/zed_wrapper': CMAKE_PREFIX_PATH=/home/user/vision_ws/install/zed_components:/home/user/vision_ws/install/zed_ros2:/home/user/vision_ws/install/zed_wrapper:/home/user/autorover_ws/install/zed_components:/home/user/autorover_ws/install/mavros_extras:/home/user/autorover_ws/install/mavros:/home/user/autorover_ws/install/mavros_msgs:/home/user/autorover_ws/install/libmavconn:/home/user/autorover_ws/install/autorover_bringup:/opt/ros/humble /usr/bin/cmake --install /home/user/vision_ws/build/zed_wrapper
[1.650s] Level 1:colcon.colcon_core.environment:create_environment_scripts_only(zed_wrapper)
[1.651s] Level 1:colcon.colcon_core.environment:checking '/home/user/vision_ws/install/zed_wrapper' for CMake module files
[1.653s] DEBUG:colcon.colcon_core.event_handler.log_command:Invoked command in '/home/user/vision_ws/build/zed_wrapper' returned '0': CMAKE_PREFIX_PATH=/home/user/vision_ws/install/zed_components:/home/user/vision_ws/install/zed_ros2:/home/user/vision_ws/install/zed_wrapper:/home/user/autorover_ws/install/zed_components:/home/user/autorover_ws/install/mavros_extras:/home/user/autorover_ws/install/mavros:/home/user/autorover_ws/install/mavros_msgs:/home/user/autorover_ws/install/libmavconn:/home/user/autorover_ws/install/autorover_bringup:/opt/ros/humble /usr/bin/cmake --install /home/user/vision_ws/build/zed_wrapper
[1.654s] Level 1:colcon.colcon_core.environment:checking '/home/user/vision_ws/install/zed_wrapper' for CMake config files
[1.654s] Level 1:colcon.colcon_core.shell:create_environment_hook('zed_wrapper', 'cmake_prefix_path')
[1.655s] INFO:colcon.colcon_core.shell:Creating environment hook '/home/user/vision_ws/install/zed_wrapper/share/zed_wrapper/hook/cmake_prefix_path.ps1'
[1.656s] INFO:colcon.colcon_core.shell:Creating environment descriptor '/home/user/vision_ws/install/zed_wrapper/share/zed_wrapper/hook/cmake_prefix_path.dsv'
[1.658s] INFO:colcon.colcon_core.shell:Creating environment hook '/home/user/vision_ws/install/zed_wrapper/share/zed_wrapper/hook/cmake_prefix_path.sh'
[1.660s] Level 1:colcon.colcon_core.environment:checking '/home/user/vision_ws/install/zed_wrapper/bin'
[1.660s] Level 1:colcon.colcon_core.environment:checking '/home/user/vision_ws/install/zed_wrapper/lib/pkgconfig/zed_wrapper.pc'
[1.661s] Level 1:colcon.colcon_core.environment:checking '/home/user/vision_ws/install/zed_wrapper/lib/python3.10/site-packages'
[1.662s] Level 1:colcon.colcon_core.environment:checking '/home/user/vision_ws/install/zed_wrapper/bin'
[1.663s] INFO:colcon.colcon_core.shell:Creating package script '/home/user/vision_ws/install/zed_wrapper/share/zed_wrapper/package.ps1'
[1.664s] INFO:colcon.colcon_core.shell:Creating package descriptor '/home/user/vision_ws/install/zed_wrapper/share/zed_wrapper/package.dsv'
[1.665s] INFO:colcon.colcon_core.shell:Creating package script '/home/user/vision_ws/install/zed_wrapper/share/zed_wrapper/package.sh'
[1.666s] INFO:colcon.colcon_core.shell:Creating package script '/home/user/vision_ws/install/zed_wrapper/share/zed_wrapper/package.bash'
[1.667s] INFO:colcon.colcon_core.shell:Creating package script '/home/user/vision_ws/install/zed_wrapper/share/zed_wrapper/package.zsh'
[1.668s] Level 1:colcon.colcon_core.environment:create_file_with_runtime_dependencies(/home/user/vision_ws/install/zed_wrapper/share/colcon-core/packages/zed_wrapper)
[1.670s] Level 1:colcon.colcon_core.environment:create_environment_scripts_only(zed_wrapper)
[1.670s] Level 1:colcon.colcon_core.environment:checking '/home/user/vision_ws/install/zed_wrapper' for CMake module files
[1.671s] Level 1:colcon.colcon_core.environment:checking '/home/user/vision_ws/install/zed_wrapper' for CMake config files
[1.672s] Level 1:colcon.colcon_core.shell:create_environment_hook('zed_wrapper', 'cmake_prefix_path')
[1.673s] INFO:colcon.colcon_core.shell:Creating environment hook '/home/user/vision_ws/install/zed_wrapper/share/zed_wrapper/hook/cmake_prefix_path.ps1'
[1.674s] INFO:colcon.colcon_core.shell:Creating environment descriptor '/home/user/vision_ws/install/zed_wrapper/share/zed_wrapper/hook/cmake_prefix_path.dsv'
[1.674s] INFO:colcon.colcon_core.shell:Creating environment hook '/home/user/vision_ws/install/zed_wrapper/share/zed_wrapper/hook/cmake_prefix_path.sh'
[1.676s] Level 1:colcon.colcon_core.environment:checking '/home/user/vision_ws/install/zed_wrapper/bin'
[1.676s] Level 1:colcon.colcon_core.environment:checking '/home/user/vision_ws/install/zed_wrapper/lib/pkgconfig/zed_wrapper.pc'
[1.676s] Level 1:colcon.colcon_core.environment:checking '/home/user/vision_ws/install/zed_wrapper/lib/python3.10/site-packages'
[1.677s] Level 1:colcon.colcon_core.environment:checking '/home/user/vision_ws/install/zed_wrapper/bin'
[1.678s] INFO:colcon.colcon_core.shell:Creating package script '/home/user/vision_ws/install/zed_wrapper/share/zed_wrapper/package.ps1'
[1.680s] INFO:colcon.colcon_core.shell:Creating package descriptor '/home/user/vision_ws/install/zed_wrapper/share/zed_wrapper/package.dsv'
[1.681s] INFO:colcon.colcon_core.shell:Creating package script '/home/user/vision_ws/install/zed_wrapper/share/zed_wrapper/package.sh'
[1.682s] INFO:colcon.colcon_core.shell:Creating package script '/home/user/vision_ws/install/zed_wrapper/share/zed_wrapper/package.bash'
[1.683s] INFO:colcon.colcon_core.shell:Creating package script '/home/user/vision_ws/install/zed_wrapper/share/zed_wrapper/package.zsh'
[1.684s] Level 1:colcon.colcon_core.environment:create_file_with_runtime_dependencies(/home/user/vision_ws/install/zed_wrapper/share/colcon-core/packages/zed_wrapper)
[1.686s] INFO:colcon.colcon_ros.task.ament_cmake.build:Building ROS package in '/home/user/vision_ws/src/zed-ros2-examples/tutorials/zed_multi_camera' with build type 'ament_cmake'
[1.686s] INFO:colcon.colcon_cmake.task.cmake.build:Building CMake package in '/home/user/vision_ws/src/zed-ros2-examples/tutorials/zed_multi_camera'
[1.687s] INFO:colcon.colcon_core.shell:Skip shell extension 'powershell' for command environment: Not usable outside of PowerShell
[1.687s] DEBUG:colcon.colcon_core.shell:Skip shell extension 'dsv' for command environment
[1.720s] DEBUG:colcon.colcon_core.event_handler.log_command:Invoking command in '/home/user/vision_ws/build/zed_multi_camera': CMAKE_PREFIX_PATH=/home/user/vision_ws/install/zed_wrapper:/home/user/vision_ws/install/zed_components:/home/user/vision_ws/install/zed_ros2:/home/user/autorover_ws/install/zed_components:/home/user/autorover_ws/install/mavros_extras:/home/user/autorover_ws/install/mavros:/home/user/autorover_ws/install/mavros_msgs:/home/user/autorover_ws/install/libmavconn:/home/user/autorover_ws/install/autorover_bringup:/opt/ros/humble /usr/bin/cmake /home/user/vision_ws/src/zed-ros2-examples/tutorials/zed_multi_camera -DCMAKE_BUILD_TYPE=Release -DAMENT_CMAKE_SYMLINK_INSTALL=1 -DCMAKE_INSTALL_PREFIX=/home/user/vision_ws/install/zed_multi_camera
[3.274s] DEBUG:colcon.colcon_core.event_handler.log_command:Invoked command in '/home/user/vision_ws/build/zed_multi_camera' returned '0': CMAKE_PREFIX_PATH=/home/user/vision_ws/install/zed_wrapper:/home/user/vision_ws/install/zed_components:/home/user/vision_ws/install/zed_ros2:/home/user/autorover_ws/install/zed_components:/home/user/autorover_ws/install/mavros_extras:/home/user/autorover_ws/install/mavros:/home/user/autorover_ws/install/mavros_msgs:/home/user/autorover_ws/install/libmavconn:/home/user/autorover_ws/install/autorover_bringup:/opt/ros/humble /usr/bin/cmake /home/user/vision_ws/src/zed-ros2-examples/tutorials/zed_multi_camera -DCMAKE_BUILD_TYPE=Release -DAMENT_CMAKE_SYMLINK_INSTALL=1 -DCMAKE_INSTALL_PREFIX=/home/user/vision_ws/install/zed_multi_camera
[3.274s] DEBUG:colcon.colcon_core.event_handler.log_command:Invoking command in '/home/user/vision_ws/build/zed_multi_camera': CMAKE_PREFIX_PATH=/home/user/vision_ws/install/zed_wrapper:/home/user/vision_ws/install/zed_components:/home/user/vision_ws/install/zed_ros2:/home/user/autorover_ws/install/zed_components:/home/user/autorover_ws/install/mavros_extras:/home/user/autorover_ws/install/mavros:/home/user/autorover_ws/install/mavros_msgs:/home/user/autorover_ws/install/libmavconn:/home/user/autorover_ws/install/autorover_bringup:/opt/ros/humble /usr/bin/cmake --build /home/user/vision_ws/build/zed_multi_camera -- -j4 -l4
[3.386s] DEBUG:colcon.colcon_core.event_handler.log_command:Invoked command in '/home/user/vision_ws/build/zed_multi_camera' returned '0': CMAKE_PREFIX_PATH=/home/user/vision_ws/install/zed_wrapper:/home/user/vision_ws/install/zed_components:/home/user/vision_ws/install/zed_ros2:/home/user/autorover_ws/install/zed_components:/home/user/autorover_ws/install/mavros_extras:/home/user/autorover_ws/install/mavros:/home/user/autorover_ws/install/mavros_msgs:/home/user/autorover_ws/install/libmavconn:/home/user/autorover_ws/install/autorover_bringup:/opt/ros/humble /usr/bin/cmake --build /home/user/vision_ws/build/zed_multi_camera -- -j4 -l4
[3.387s] DEBUG:colcon.colcon_core.event_handler.log_command:Invoking command in '/home/user/vision_ws/build/zed_multi_camera': CMAKE_PREFIX_PATH=/home/user/vision_ws/install/zed_wrapper:/home/user/vision_ws/install/zed_components:/home/user/vision_ws/install/zed_ros2:/home/user/autorover_ws/install/zed_components:/home/user/autorover_ws/install/mavros_extras:/home/user/autorover_ws/install/mavros:/home/user/autorover_ws/install/mavros_msgs:/home/user/autorover_ws/install/libmavconn:/home/user/autorover_ws/install/autorover_bringup:/opt/ros/humble /usr/bin/cmake --install /home/user/vision_ws/build/zed_multi_camera
[3.789s] Level 1:colcon.colcon_core.environment:create_environment_scripts_only(zed_multi_camera)
[3.790s] Level 1:colcon.colcon_core.environment:checking '/home/user/vision_ws/install/zed_multi_camera' for CMake module files
[3.791s] Level 1:colcon.colcon_core.environment:checking '/home/user/vision_ws/install/zed_multi_camera' for CMake config files
[3.792s] Level 1:colcon.colcon_core.shell:create_environment_hook('zed_multi_camera', 'cmake_prefix_path')
[3.792s] INFO:colcon.colcon_core.shell:Creating environment hook '/home/user/vision_ws/install/zed_multi_camera/share/zed_multi_camera/hook/cmake_prefix_path.ps1'
[3.794s] DEBUG:colcon.colcon_core.event_handler.log_command:Invoked command in '/home/user/vision_ws/build/zed_multi_camera' returned '0': CMAKE_PREFIX_PATH=/home/user/vision_ws/install/zed_wrapper:/home/user/vision_ws/install/zed_components:/home/user/vision_ws/install/zed_ros2:/home/user/autorover_ws/install/zed_components:/home/user/autorover_ws/install/mavros_extras:/home/user/autorover_ws/install/mavros:/home/user/autorover_ws/install/mavros_msgs:/home/user/autorover_ws/install/libmavconn:/home/user/autorover_ws/install/autorover_bringup:/opt/ros/humble /usr/bin/cmake --install /home/user/vision_ws/build/zed_multi_camera
[3.795s] INFO:colcon.colcon_core.shell:Creating environment descriptor '/home/user/vision_ws/install/zed_multi_camera/share/zed_multi_camera/hook/cmake_prefix_path.dsv'
[3.796s] INFO:colcon.colcon_core.shell:Creating environment hook '/home/user/vision_ws/install/zed_multi_camera/share/zed_multi_camera/hook/cmake_prefix_path.sh'
[3.797s] Level 1:colcon.colcon_core.environment:checking '/home/user/vision_ws/install/zed_multi_camera/bin'
[3.797s] Level 1:colcon.colcon_core.environment:checking '/home/user/vision_ws/install/zed_multi_camera/lib/pkgconfig/zed_multi_camera.pc'
[3.798s] Level 1:colcon.colcon_core.environment:checking '/home/user/vision_ws/install/zed_multi_camera/lib/python3.10/site-packages'
[3.798s] Level 1:colcon.colcon_core.environment:checking '/home/user/vision_ws/install/zed_multi_camera/bin'
[3.799s] INFO:colcon.colcon_core.shell:Creating package script '/home/user/vision_ws/install/zed_multi_camera/share/zed_multi_camera/package.ps1'
[3.800s] INFO:colcon.colcon_core.shell:Creating package descriptor '/home/user/vision_ws/install/zed_multi_camera/share/zed_multi_camera/package.dsv'
[3.801s] INFO:colcon.colcon_core.shell:Creating package script '/home/user/vision_ws/install/zed_multi_camera/share/zed_multi_camera/package.sh'
[3.802s] INFO:colcon.colcon_core.shell:Creating package script '/home/user/vision_ws/install/zed_multi_camera/share/zed_multi_camera/package.bash'
[3.802s] INFO:colcon.colcon_core.shell:Creating package script '/home/user/vision_ws/install/zed_multi_camera/share/zed_multi_camera/package.zsh'
[3.803s] Level 1:colcon.colcon_core.environment:create_file_with_runtime_dependencies(/home/user/vision_ws/install/zed_multi_camera/share/colcon-core/packages/zed_multi_camera)
[3.804s] Level 1:colcon.colcon_core.environment:create_environment_scripts_only(zed_multi_camera)
[3.805s] Level 1:colcon.colcon_core.environment:checking '/home/user/vision_ws/install/zed_multi_camera' for CMake module files
[3.806s] Level 1:colcon.colcon_core.environment:checking '/home/user/vision_ws/install/zed_multi_camera' for CMake config files
[3.807s] Level 1:colcon.colcon_core.shell:create_environment_hook('zed_multi_camera', 'cmake_prefix_path')
[3.807s] INFO:colcon.colcon_core.shell:Creating environment hook '/home/user/vision_ws/install/zed_multi_camera/share/zed_multi_camera/hook/cmake_prefix_path.ps1'
[3.808s] INFO:colcon.colcon_core.shell:Creating environment descriptor '/home/user/vision_ws/install/zed_multi_camera/share/zed_multi_camera/hook/cmake_prefix_path.dsv'
[3.809s] INFO:colcon.colcon_core.shell:Creating environment hook '/home/user/vision_ws/install/zed_multi_camera/share/zed_multi_camera/hook/cmake_prefix_path.sh'
[3.810s] Level 1:colcon.colcon_core.environment:checking '/home/user/vision_ws/install/zed_multi_camera/bin'
[3.811s] Level 1:colcon.colcon_core.environment:checking '/home/user/vision_ws/install/zed_multi_camera/lib/pkgconfig/zed_multi_camera.pc'
[3.811s] Level 1:colcon.colcon_core.environment:checking '/home/user/vision_ws/install/zed_multi_camera/lib/python3.10/site-packages'
[3.812s] Level 1:colcon.colcon_core.environment:checking '/home/user/vision_ws/install/zed_multi_camera/bin'
[3.812s] INFO:colcon.colcon_core.shell:Creating package script '/home/user/vision_ws/install/zed_multi_camera/share/zed_multi_camera/package.ps1'
[3.814s] INFO:colcon.colcon_core.shell:Creating package descriptor '/home/user/vision_ws/install/zed_multi_camera/share/zed_multi_camera/package.dsv'
[3.815s] INFO:colcon.colcon_core.shell:Creating package script '/home/user/vision_ws/install/zed_multi_camera/share/zed_multi_camera/package.sh'
[3.816s] INFO:colcon.colcon_core.shell:Creating package script '/home/user/vision_ws/install/zed_multi_camera/share/zed_multi_camera/package.bash'
[3.817s] INFO:colcon.colcon_core.shell:Creating package script '/home/user/vision_ws/install/zed_multi_camera/share/zed_multi_camera/package.zsh'
[3.818s] Level 1:colcon.colcon_core.environment:create_file_with_runtime_dependencies(/home/user/vision_ws/install/zed_multi_camera/share/colcon-core/packages/zed_multi_camera)
[3.821s] INFO:colcon.colcon_ros.task.ament_cmake.build:Building ROS package in '/home/user/vision_ws/src/zed-ros2-examples/tutorials/zed_pose_tutorial' with build type 'ament_cmake'
[3.822s] INFO:colcon.colcon_cmake.task.cmake.build:Building CMake package in '/home/user/vision_ws/src/zed-ros2-examples/tutorials/zed_pose_tutorial'
[3.822s] INFO:colcon.colcon_core.shell:Skip shell extension 'powershell' for command environment: Not usable outside of PowerShell
[3.822s] DEBUG:colcon.colcon_core.shell:Skip shell extension 'dsv' for command environment
[3.845s] DEBUG:colcon.colcon_core.event_handler.log_command:Invoking command in '/home/user/vision_ws/build/zed_tutorial_pos_tracking': CMAKE_PREFIX_PATH=${CMAKE_PREFIX_PATH}:/home/user/autorover_ws/install/autorover_bringup:/opt/ros/humble /usr/bin/cmake /home/user/vision_ws/src/zed-ros2-examples/tutorials/zed_pose_tutorial -DCMAKE_BUILD_TYPE=Release -DAMENT_CMAKE_SYMLINK_INSTALL=1 -DCMAKE_INSTALL_PREFIX=/home/user/vision_ws/install/zed_tutorial_pos_tracking
[4.052s] DEBUG:colcon.colcon_core.event_handler.log_command:Invoked command in '/home/user/vision_ws/build/zed_tutorial_depth' returned '0': CMAKE_PREFIX_PATH=${CMAKE_PREFIX_PATH}:/home/user/autorover_ws/install/autorover_bringup:/opt/ros/humble /usr/bin/cmake /home/user/vision_ws/src/zed-ros2-examples/tutorials/zed_depth_tutorial -DCMAKE_BUILD_TYPE=Release -DAMENT_CMAKE_SYMLINK_INSTALL=1 -DCMAKE_INSTALL_PREFIX=/home/user/vision_ws/install/zed_tutorial_depth
[4.053s] DEBUG:colcon.colcon_core.event_handler.log_command:Invoking command in '/home/user/vision_ws/build/zed_tutorial_depth': CMAKE_PREFIX_PATH=${CMAKE_PREFIX_PATH}:/home/user/autorover_ws/install/autorover_bringup:/opt/ros/humble /usr/bin/cmake --build /home/user/vision_ws/build/zed_tutorial_depth -- -j4 -l4
[5.175s] DEBUG:colcon.colcon_core.event_handler.log_command:Invoked command in '/home/user/vision_ws/build/zed_topic_benchmark_interfaces' returned '0': CMAKE_PREFIX_PATH=${CMAKE_PREFIX_PATH}:/home/user/autorover_ws/install/autorover_bringup:/opt/ros/humble /usr/bin/cmake /home/user/vision_ws/src/zed-ros2-examples/tools/zed_benchmark_interfaces -DCMAKE_BUILD_TYPE=Release -DAMENT_CMAKE_SYMLINK_INSTALL=1 -DCMAKE_INSTALL_PREFIX=/home/user/vision_ws/install/zed_topic_benchmark_interfaces
[5.176s] DEBUG:colcon.colcon_core.event_handler.log_command:Invoking command in '/home/user/vision_ws/build/zed_topic_benchmark_interfaces': CMAKE_PREFIX_PATH=${CMAKE_PREFIX_PATH}:/home/user/autorover_ws/install/autorover_bringup:/opt/ros/humble /usr/bin/cmake --build /home/user/vision_ws/build/zed_topic_benchmark_interfaces -- -j4 -l4
[7.713s] DEBUG:colcon.colcon_core.event_handler.log_command:Invoked command in '/home/user/vision_ws/build/rviz_plugin_zed_od' returned '0': CMAKE_PREFIX_PATH=${CMAKE_PREFIX_PATH}:/home/user/autorover_ws/install/autorover_bringup:/opt/ros/humble /usr/bin/cmake /home/user/vision_ws/src/zed-ros2-examples/rviz-plugin-zed-od -DCMAKE_BUILD_TYPE=Release -DAMENT_CMAKE_SYMLINK_INSTALL=1 -DCMAKE_INSTALL_PREFIX=/home/user/vision_ws/install/rviz_plugin_zed_od
[7.714s] DEBUG:colcon.colcon_core.event_handler.log_command:Invoking command in '/home/user/vision_ws/build/rviz_plugin_zed_od': CMAKE_PREFIX_PATH=${CMAKE_PREFIX_PATH}:/home/user/autorover_ws/install/autorover_bringup:/opt/ros/humble /usr/bin/cmake --build /home/user/vision_ws/build/rviz_plugin_zed_od -- -j4 -l4
[8.443s] DEBUG:colcon.colcon_core.event_handler.log_command:Invoked command in '/home/user/vision_ws/build/zed_tutorial_pos_tracking' returned '0': CMAKE_PREFIX_PATH=${CMAKE_PREFIX_PATH}:/home/user/autorover_ws/install/autorover_bringup:/opt/ros/humble /usr/bin/cmake /home/user/vision_ws/src/zed-ros2-examples/tutorials/zed_pose_tutorial -DCMAKE_BUILD_TYPE=Release -DAMENT_CMAKE_SYMLINK_INSTALL=1 -DCMAKE_INSTALL_PREFIX=/home/user/vision_ws/install/zed_tutorial_pos_tracking
[8.444s] DEBUG:colcon.colcon_core.event_handler.log_command:Invoking command in '/home/user/vision_ws/build/zed_tutorial_pos_tracking': CMAKE_PREFIX_PATH=${CMAKE_PREFIX_PATH}:/home/user/autorover_ws/install/autorover_bringup:/opt/ros/humble /usr/bin/cmake --build /home/user/vision_ws/build/zed_tutorial_pos_tracking -- -j4 -l4
[15.623s] DEBUG:colcon.colcon_core.event_handler.log_command:Invoked command in '/home/user/vision_ws/build/zed_topic_benchmark_interfaces' returned '0': CMAKE_PREFIX_PATH=${CMAKE_PREFIX_PATH}:/home/user/autorover_ws/install/autorover_bringup:/opt/ros/humble /usr/bin/cmake --build /home/user/vision_ws/build/zed_topic_benchmark_interfaces -- -j4 -l4
[15.624s] DEBUG:colcon.colcon_core.event_handler.log_command:Invoking command in '/home/user/vision_ws/build/zed_topic_benchmark_interfaces': CMAKE_PREFIX_PATH=${CMAKE_PREFIX_PATH}:/home/user/autorover_ws/install/autorover_bringup:/opt/ros/humble /usr/bin/cmake --install /home/user/vision_ws/build/zed_topic_benchmark_interfaces
[17.453s] Level 1:colcon.colcon_core.environment:create_environment_scripts_only(zed_topic_benchmark_interfaces)
[17.454s] Level 1:colcon.colcon_core.environment:checking '/home/user/vision_ws/install/zed_topic_benchmark_interfaces' for CMake module files
[17.456s] Level 1:colcon.colcon_core.environment:checking '/home/user/vision_ws/install/zed_topic_benchmark_interfaces' for CMake config files
[17.458s] Level 1:colcon.colcon_core.shell:create_environment_hook('zed_topic_benchmark_interfaces', 'cmake_prefix_path')
[17.459s] INFO:colcon.colcon_core.shell:Creating environment hook '/home/user/vision_ws/install/zed_topic_benchmark_interfaces/share/zed_topic_benchmark_interfaces/hook/cmake_prefix_path.ps1'
[17.460s] INFO:colcon.colcon_core.shell:Creating environment descriptor '/home/user/vision_ws/install/zed_topic_benchmark_interfaces/share/zed_topic_benchmark_interfaces/hook/cmake_prefix_path.dsv'
[17.462s] DEBUG:colcon.colcon_core.event_handler.log_command:Invoked command in '/home/user/vision_ws/build/zed_topic_benchmark_interfaces' returned '0': CMAKE_PREFIX_PATH=${CMAKE_PREFIX_PATH}:/home/user/autorover_ws/install/autorover_bringup:/opt/ros/humble /usr/bin/cmake --install /home/user/vision_ws/build/zed_topic_benchmark_interfaces
[17.462s] INFO:colcon.colcon_core.shell:Creating environment hook '/home/user/vision_ws/install/zed_topic_benchmark_interfaces/share/zed_topic_benchmark_interfaces/hook/cmake_prefix_path.sh'
[17.463s] Level 1:colcon.colcon_core.environment:checking '/home/user/vision_ws/install/zed_topic_benchmark_interfaces/lib'
[17.464s] Level 1:colcon.colcon_core.shell:create_environment_hook('zed_topic_benchmark_interfaces', 'ld_library_path_lib')
[17.472s] INFO:colcon.colcon_core.shell:Creating environment hook '/home/user/vision_ws/install/zed_topic_benchmark_interfaces/share/zed_topic_benchmark_interfaces/hook/ld_library_path_lib.ps1'
[17.474s] INFO:colcon.colcon_core.shell:Creating environment descriptor '/home/user/vision_ws/install/zed_topic_benchmark_interfaces/share/zed_topic_benchmark_interfaces/hook/ld_library_path_lib.dsv'
[17.475s] INFO:colcon.colcon_core.shell:Creating environment hook '/home/user/vision_ws/install/zed_topic_benchmark_interfaces/share/zed_topic_benchmark_interfaces/hook/ld_library_path_lib.sh'
[17.479s] Level 1:colcon.colcon_core.environment:checking '/home/user/vision_ws/install/zed_topic_benchmark_interfaces/bin'
[17.479s] Level 1:colcon.colcon_core.environment:checking '/home/user/vision_ws/install/zed_topic_benchmark_interfaces/lib/pkgconfig/zed_topic_benchmark_interfaces.pc'
[17.479s] Level 1:colcon.colcon_core.environment:checking '/home/user/vision_ws/install/zed_topic_benchmark_interfaces/lib/python3.10/site-packages'
[17.480s] Level 1:colcon.colcon_core.environment:checking '/home/user/vision_ws/install/zed_topic_benchmark_interfaces/bin'
[17.481s] INFO:colcon.colcon_core.shell:Creating package script '/home/user/vision_ws/install/zed_topic_benchmark_interfaces/share/zed_topic_benchmark_interfaces/package.ps1'
[17.482s] INFO:colcon.colcon_core.shell:Creating package descriptor '/home/user/vision_ws/install/zed_topic_benchmark_interfaces/share/zed_topic_benchmark_interfaces/package.dsv'
[17.483s] INFO:colcon.colcon_core.shell:Creating package script '/home/user/vision_ws/install/zed_topic_benchmark_interfaces/share/zed_topic_benchmark_interfaces/package.sh'
[17.484s] INFO:colcon.colcon_core.shell:Creating package script '/home/user/vision_ws/install/zed_topic_benchmark_interfaces/share/zed_topic_benchmark_interfaces/package.bash'
[17.485s] INFO:colcon.colcon_core.shell:Creating package script '/home/user/vision_ws/install/zed_topic_benchmark_interfaces/share/zed_topic_benchmark_interfaces/package.zsh'
[17.486s] Level 1:colcon.colcon_core.environment:create_file_with_runtime_dependencies(/home/user/vision_ws/install/zed_topic_benchmark_interfaces/share/colcon-core/packages/zed_topic_benchmark_interfaces)
[17.488s] Level 1:colcon.colcon_core.environment:create_environment_scripts_only(zed_topic_benchmark_interfaces)
[17.488s] Level 1:colcon.colcon_core.environment:checking '/home/user/vision_ws/install/zed_topic_benchmark_interfaces' for CMake module files
[17.490s] Level 1:colcon.colcon_core.environment:checking '/home/user/vision_ws/install/zed_topic_benchmark_interfaces' for CMake config files
[17.492s] Level 1:colcon.colcon_core.shell:create_environment_hook('zed_topic_benchmark_interfaces', 'cmake_prefix_path')
[17.492s] INFO:colcon.colcon_core.shell:Creating environment hook '/home/user/vision_ws/install/zed_topic_benchmark_interfaces/share/zed_topic_benchmark_interfaces/hook/cmake_prefix_path.ps1'
[17.493s] INFO:colcon.colcon_core.shell:Creating environment descriptor '/home/user/vision_ws/install/zed_topic_benchmark_interfaces/share/zed_topic_benchmark_interfaces/hook/cmake_prefix_path.dsv'
[17.494s] INFO:colcon.colcon_core.shell:Creating environment hook '/home/user/vision_ws/install/zed_topic_benchmark_interfaces/share/zed_topic_benchmark_interfaces/hook/cmake_prefix_path.sh'
[17.496s] Level 1:colcon.colcon_core.environment:checking '/home/user/vision_ws/install/zed_topic_benchmark_interfaces/lib'
[17.496s] Level 1:colcon.colcon_core.shell:create_environment_hook('zed_topic_benchmark_interfaces', 'ld_library_path_lib')
[17.497s] INFO:colcon.colcon_core.shell:Creating environment hook '/home/user/vision_ws/install/zed_topic_benchmark_interfaces/share/zed_topic_benchmark_interfaces/hook/ld_library_path_lib.ps1'
[17.498s] INFO:colcon.colcon_core.shell:Creating environment descriptor '/home/user/vision_ws/install/zed_topic_benchmark_interfaces/share/zed_topic_benchmark_interfaces/hook/ld_library_path_lib.dsv'
[17.498s] INFO:colcon.colcon_core.shell:Creating environment hook '/home/user/vision_ws/install/zed_topic_benchmark_interfaces/share/zed_topic_benchmark_interfaces/hook/ld_library_path_lib.sh'
[17.499s] Level 1:colcon.colcon_core.environment:checking '/home/user/vision_ws/install/zed_topic_benchmark_interfaces/bin'
[17.499s] Level 1:colcon.colcon_core.environment:checking '/home/user/vision_ws/install/zed_topic_benchmark_interfaces/lib/pkgconfig/zed_topic_benchmark_interfaces.pc'
[17.500s] Level 1:colcon.colcon_core.environment:checking '/home/user/vision_ws/install/zed_topic_benchmark_interfaces/lib/python3.10/site-packages'
[17.500s] Level 1:colcon.colcon_core.environment:checking '/home/user/vision_ws/install/zed_topic_benchmark_interfaces/bin'
[17.501s] INFO:colcon.colcon_core.shell:Creating package script '/home/user/vision_ws/install/zed_topic_benchmark_interfaces/share/zed_topic_benchmark_interfaces/package.ps1'
[17.503s] INFO:colcon.colcon_core.shell:Creating package descriptor '/home/user/vision_ws/install/zed_topic_benchmark_interfaces/share/zed_topic_benchmark_interfaces/package.dsv'
[17.504s] INFO:colcon.colcon_core.shell:Creating package script '/home/user/vision_ws/install/zed_topic_benchmark_interfaces/share/zed_topic_benchmark_interfaces/package.sh'
[17.505s] INFO:colcon.colcon_core.shell:Creating package script '/home/user/vision_ws/install/zed_topic_benchmark_interfaces/share/zed_topic_benchmark_interfaces/package.bash'
[17.506s] INFO:colcon.colcon_core.shell:Creating package script '/home/user/vision_ws/install/zed_topic_benchmark_interfaces/share/zed_topic_benchmark_interfaces/package.zsh'
[17.507s] Level 1:colcon.colcon_core.environment:create_file_with_runtime_dependencies(/home/user/vision_ws/install/zed_topic_benchmark_interfaces/share/colcon-core/packages/zed_topic_benchmark_interfaces)
[17.509s] INFO:colcon.colcon_ros.task.ament_cmake.build:Building ROS package in '/home/user/vision_ws/src/zed-ros2-examples/tools/zed_benchmark_component' with build type 'ament_cmake'
[17.510s] INFO:colcon.colcon_cmake.task.cmake.build:Building CMake package in '/home/user/vision_ws/src/zed-ros2-examples/tools/zed_benchmark_component'
[17.510s] INFO:colcon.colcon_core.shell:Skip shell extension 'powershell' for command environment: Not usable outside of PowerShell
[17.511s] DEBUG:colcon.colcon_core.shell:Skip shell extension 'dsv' for command environment
[17.616s] DEBUG:colcon.colcon_core.event_handler.log_command:Invoking command in '/home/user/vision_ws/build/zed_topic_benchmark_component': AMENT_PREFIX_PATH=/home/user/vision_ws/install/zed_topic_benchmark_interfaces:${AMENT_PREFIX_PATH} CMAKE_PREFIX_PATH=/home/user/vision_ws/install/zed_topic_benchmark_interfaces:/home/user/vision_ws/install/zed_ros2:/home/user/vision_ws/install/zed_wrapper:/home/user/vision_ws/install/zed_components:/home/user/autorover_ws/install/zed_components:/home/user/autorover_ws/install/mavros_extras:/home/user/autorover_ws/install/mavros:/home/user/autorover_ws/install/mavros_msgs:/home/user/autorover_ws/install/libmavconn:/home/user/autorover_ws/install/autorover_bringup:/opt/ros/humble LD_LIBRARY_PATH=/home/user/vision_ws/install/zed_topic_benchmark_interfaces/lib:${LD_LIBRARY_PATH} PYTHONPATH=/home/user/vision_ws/install/zed_topic_benchmark_interfaces/local/lib/python3.10/dist-packages:${PYTHONPATH} /usr/bin/cmake /home/user/vision_ws/src/zed-ros2-examples/tools/zed_benchmark_component -DCMAKE_BUILD_TYPE=Release -DAMENT_CMAKE_SYMLINK_INSTALL=1 -DCMAKE_INSTALL_PREFIX=/home/user/vision_ws/install/zed_topic_benchmark_component
[23.242s] DEBUG:colcon.colcon_core.event_handler.log_command:Invoked command in '/home/user/vision_ws/build/zed_topic_benchmark_component' returned '0': AMENT_PREFIX_PATH=/home/user/vision_ws/install/zed_topic_benchmark_interfaces:${AMENT_PREFIX_PATH} CMAKE_PREFIX_PATH=/home/user/vision_ws/install/zed_topic_benchmark_interfaces:/home/user/vision_ws/install/zed_ros2:/home/user/vision_ws/install/zed_wrapper:/home/user/vision_ws/install/zed_components:/home/user/autorover_ws/install/zed_components:/home/user/autorover_ws/install/mavros_extras:/home/user/autorover_ws/install/mavros:/home/user/autorover_ws/install/mavros_msgs:/home/user/autorover_ws/install/libmavconn:/home/user/autorover_ws/install/autorover_bringup:/opt/ros/humble LD_LIBRARY_PATH=/home/user/vision_ws/install/zed_topic_benchmark_interfaces/lib:${LD_LIBRARY_PATH} PYTHONPATH=/home/user/vision_ws/install/zed_topic_benchmark_interfaces/local/lib/python3.10/dist-packages:${PYTHONPATH} /usr/bin/cmake /home/user/vision_ws/src/zed-ros2-examples/tools/zed_benchmark_component -DCMAKE_BUILD_TYPE=Release -DAMENT_CMAKE_SYMLINK_INSTALL=1 -DCMAKE_INSTALL_PREFIX=/home/user/vision_ws/install/zed_topic_benchmark_component
[23.243s] DEBUG:colcon.colcon_core.event_handler.log_command:Invoking command in '/home/user/vision_ws/build/zed_topic_benchmark_component': AMENT_PREFIX_PATH=/home/user/vision_ws/install/zed_topic_benchmark_interfaces:${AMENT_PREFIX_PATH} CMAKE_PREFIX_PATH=/home/user/vision_ws/install/zed_topic_benchmark_interfaces:/home/user/vision_ws/install/zed_ros2:/home/user/vision_ws/install/zed_wrapper:/home/user/vision_ws/install/zed_components:/home/user/autorover_ws/install/zed_components:/home/user/autorover_ws/install/mavros_extras:/home/user/autorover_ws/install/mavros:/home/user/autorover_ws/install/mavros_msgs:/home/user/autorover_ws/install/libmavconn:/home/user/autorover_ws/install/autorover_bringup:/opt/ros/humble LD_LIBRARY_PATH=/home/user/vision_ws/install/zed_topic_benchmark_interfaces/lib:${LD_LIBRARY_PATH} PYTHONPATH=/home/user/vision_ws/install/zed_topic_benchmark_interfaces/local/lib/python3.10/dist-packages:${PYTHONPATH} /usr/bin/cmake --build /home/user/vision_ws/build/zed_topic_benchmark_component -- -j4 -l4
[46.339s] DEBUG:colcon.colcon_core.event_handler.log_command:Invoked command in '/home/user/vision_ws/build/zed_tutorial_depth' returned '0': CMAKE_PREFIX_PATH=${CMAKE_PREFIX_PATH}:/home/user/autorover_ws/install/autorover_bringup:/opt/ros/humble /usr/bin/cmake --build /home/user/vision_ws/build/zed_tutorial_depth -- -j4 -l4
[46.340s] DEBUG:colcon.colcon_core.event_handler.log_command:Invoking command in '/home/user/vision_ws/build/zed_tutorial_depth': CMAKE_PREFIX_PATH=${CMAKE_PREFIX_PATH}:/home/user/autorover_ws/install/autorover_bringup:/opt/ros/humble /usr/bin/cmake --install /home/user/vision_ws/build/zed_tutorial_depth
[46.891s] Level 1:colcon.colcon_core.environment:create_environment_scripts_only(zed_tutorial_depth)
[46.892s] Level 1:colcon.colcon_core.environment:checking '/home/user/vision_ws/install/zed_tutorial_depth' for CMake module files
[46.893s] Level 1:colcon.colcon_core.environment:checking '/home/user/vision_ws/install/zed_tutorial_depth' for CMake config files
[46.894s] Level 1:colcon.colcon_core.shell:create_environment_hook('zed_tutorial_depth', 'cmake_prefix_path')
[46.895s] INFO:colcon.colcon_core.shell:Creating environment hook '/home/user/vision_ws/install/zed_tutorial_depth/share/zed_tutorial_depth/hook/cmake_prefix_path.ps1'
[46.896s] INFO:colcon.colcon_core.shell:Creating environment descriptor '/home/user/vision_ws/install/zed_tutorial_depth/share/zed_tutorial_depth/hook/cmake_prefix_path.dsv'
[46.897s] INFO:colcon.colcon_core.shell:Creating environment hook '/home/user/vision_ws/install/zed_tutorial_depth/share/zed_tutorial_depth/hook/cmake_prefix_path.sh'
[46.898s] Level 1:colcon.colcon_core.environment:checking '/home/user/vision_ws/install/zed_tutorial_depth/lib'
[46.899s] Level 1:colcon.colcon_core.environment:checking '/home/user/vision_ws/install/zed_tutorial_depth/bin'
[46.899s] Level 1:colcon.colcon_core.environment:checking '/home/user/vision_ws/install/zed_tutorial_depth/lib/pkgconfig/zed_tutorial_depth.pc'
[46.899s] Level 1:colcon.colcon_core.environment:checking '/home/user/vision_ws/install/zed_tutorial_depth/lib/python3.10/site-packages'
[46.900s] Level 1:colcon.colcon_core.environment:checking '/home/user/vision_ws/install/zed_tutorial_depth/bin'
[46.901s] INFO:colcon.colcon_core.shell:Creating package script '/home/user/vision_ws/install/zed_tutorial_depth/share/zed_tutorial_depth/package.ps1'
[46.902s] DEBUG:colcon.colcon_core.event_handler.log_command:Invoked command in '/home/user/vision_ws/build/zed_tutorial_depth' returned '0': CMAKE_PREFIX_PATH=${CMAKE_PREFIX_PATH}:/home/user/autorover_ws/install/autorover_bringup:/opt/ros/humble /usr/bin/cmake --install /home/user/vision_ws/build/zed_tutorial_depth
[46.903s] INFO:colcon.colcon_core.shell:Creating package descriptor '/home/user/vision_ws/install/zed_tutorial_depth/share/zed_tutorial_depth/package.dsv'
[46.904s] INFO:colcon.colcon_core.shell:Creating package script '/home/user/vision_ws/install/zed_tutorial_depth/share/zed_tutorial_depth/package.sh'
[46.905s] INFO:colcon.colcon_core.shell:Creating package script '/home/user/vision_ws/install/zed_tutorial_depth/share/zed_tutorial_depth/package.bash'
[46.906s] INFO:colcon.colcon_core.shell:Creating package script '/home/user/vision_ws/install/zed_tutorial_depth/share/zed_tutorial_depth/package.zsh'
[46.907s] Level 1:colcon.colcon_core.environment:create_file_with_runtime_dependencies(/home/user/vision_ws/install/zed_tutorial_depth/share/colcon-core/packages/zed_tutorial_depth)
[46.908s] Level 1:colcon.colcon_core.environment:create_environment_scripts_only(zed_tutorial_depth)
[46.909s] Level 1:colcon.colcon_core.environment:checking '/home/user/vision_ws/install/zed_tutorial_depth' for CMake module files
[46.910s] Level 1:colcon.colcon_core.environment:checking '/home/user/vision_ws/install/zed_tutorial_depth' for CMake config files
[46.911s] Level 1:colcon.colcon_core.shell:create_environment_hook('zed_tutorial_depth', 'cmake_prefix_path')
[46.911s] INFO:colcon.colcon_core.shell:Creating environment hook '/home/user/vision_ws/install/zed_tutorial_depth/share/zed_tutorial_depth/hook/cmake_prefix_path.ps1'
[46.912s] INFO:colcon.colcon_core.shell:Creating environment descriptor '/home/user/vision_ws/install/zed_tutorial_depth/share/zed_tutorial_depth/hook/cmake_prefix_path.dsv'
[46.913s] INFO:colcon.colcon_core.shell:Creating environment hook '/home/user/vision_ws/install/zed_tutorial_depth/share/zed_tutorial_depth/hook/cmake_prefix_path.sh'
[46.915s] Level 1:colcon.colcon_core.environment:checking '/home/user/vision_ws/install/zed_tutorial_depth/lib'
[46.915s] Level 1:colcon.colcon_core.environment:checking '/home/user/vision_ws/install/zed_tutorial_depth/bin'
[46.915s] Level 1:colcon.colcon_core.environment:checking '/home/user/vision_ws/install/zed_tutorial_depth/lib/pkgconfig/zed_tutorial_depth.pc'
[46.916s] Level 1:colcon.colcon_core.environment:checking '/home/user/vision_ws/install/zed_tutorial_depth/lib/python3.10/site-packages'
[46.916s] Level 1:colcon.colcon_core.environment:checking '/home/user/vision_ws/install/zed_tutorial_depth/bin'
[46.917s] INFO:colcon.colcon_core.shell:Creating package script '/home/user/vision_ws/install/zed_tutorial_depth/share/zed_tutorial_depth/package.ps1'
[46.919s] INFO:colcon.colcon_core.shell:Creating package descriptor '/home/user/vision_ws/install/zed_tutorial_depth/share/zed_tutorial_depth/package.dsv'
[46.921s] INFO:colcon.colcon_core.shell:Creating package script '/home/user/vision_ws/install/zed_tutorial_depth/share/zed_tutorial_depth/package.sh'
[46.922s] INFO:colcon.colcon_core.shell:Creating package script '/home/user/vision_ws/install/zed_tutorial_depth/share/zed_tutorial_depth/package.bash'
[46.923s] INFO:colcon.colcon_core.shell:Creating package script '/home/user/vision_ws/install/zed_tutorial_depth/share/zed_tutorial_depth/package.zsh'
[46.924s] Level 1:colcon.colcon_core.environment:create_file_with_runtime_dependencies(/home/user/vision_ws/install/zed_tutorial_depth/share/colcon-core/packages/zed_tutorial_depth)
[46.927s] INFO:colcon.colcon_ros.task.ament_cmake.build:Building ROS package in '/home/user/vision_ws/src/zed-ros2-examples/tutorials/zed_video_tutorial' with build type 'ament_cmake'
[46.927s] INFO:colcon.colcon_cmake.task.cmake.build:Building CMake package in '/home/user/vision_ws/src/zed-ros2-examples/tutorials/zed_video_tutorial'
[46.928s] INFO:colcon.colcon_core.shell:Skip shell extension 'powershell' for command environment: Not usable outside of PowerShell
[46.928s] DEBUG:colcon.colcon_core.shell:Skip shell extension 'dsv' for command environment
[46.954s] DEBUG:colcon.colcon_core.event_handler.log_command:Invoking command in '/home/user/vision_ws/build/zed_tutorial_video': CMAKE_PREFIX_PATH=${CMAKE_PREFIX_PATH}:/home/user/autorover_ws/install/autorover_bringup:/opt/ros/humble /usr/bin/cmake /home/user/vision_ws/src/zed-ros2-examples/tutorials/zed_video_tutorial -DCMAKE_BUILD_TYPE=Release -DAMENT_CMAKE_SYMLINK_INSTALL=1 -DCMAKE_INSTALL_PREFIX=/home/user/vision_ws/install/zed_tutorial_video
[51.787s] DEBUG:colcon.colcon_core.event_handler.log_command:Invoked command in '/home/user/vision_ws/build/zed_tutorial_video' returned '0': CMAKE_PREFIX_PATH=${CMAKE_PREFIX_PATH}:/home/user/autorover_ws/install/autorover_bringup:/opt/ros/humble /usr/bin/cmake /home/user/vision_ws/src/zed-ros2-examples/tutorials/zed_video_tutorial -DCMAKE_BUILD_TYPE=Release -DAMENT_CMAKE_SYMLINK_INSTALL=1 -DCMAKE_INSTALL_PREFIX=/home/user/vision_ws/install/zed_tutorial_video
[51.788s] DEBUG:colcon.colcon_core.event_handler.log_command:Invoking command in '/home/user/vision_ws/build/zed_tutorial_video': CMAKE_PREFIX_PATH=${CMAKE_PREFIX_PATH}:/home/user/autorover_ws/install/autorover_bringup:/opt/ros/humble /usr/bin/cmake --build /home/user/vision_ws/build/zed_tutorial_video -- -j4 -l4
[51.940s] DEBUG:colcon.colcon_core.event_handler.log_command:Invoked command in '/home/user/vision_ws/build/zed_topic_benchmark_component' returned '0': AMENT_PREFIX_PATH=/home/user/vision_ws/install/zed_topic_benchmark_interfaces:${AMENT_PREFIX_PATH} CMAKE_PREFIX_PATH=/home/user/vision_ws/install/zed_topic_benchmark_interfaces:/home/user/vision_ws/install/zed_ros2:/home/user/vision_ws/install/zed_wrapper:/home/user/vision_ws/install/zed_components:/home/user/autorover_ws/install/zed_components:/home/user/autorover_ws/install/mavros_extras:/home/user/autorover_ws/install/mavros:/home/user/autorover_ws/install/mavros_msgs:/home/user/autorover_ws/install/libmavconn:/home/user/autorover_ws/install/autorover_bringup:/opt/ros/humble LD_LIBRARY_PATH=/home/user/vision_ws/install/zed_topic_benchmark_interfaces/lib:${LD_LIBRARY_PATH} PYTHONPATH=/home/user/vision_ws/install/zed_topic_benchmark_interfaces/local/lib/python3.10/dist-packages:${PYTHONPATH} /usr/bin/cmake --build /home/user/vision_ws/build/zed_topic_benchmark_component -- -j4 -l4
[51.941s] DEBUG:colcon.colcon_core.event_handler.log_command:Invoking command in '/home/user/vision_ws/build/zed_topic_benchmark_component': AMENT_PREFIX_PATH=/home/user/vision_ws/install/zed_topic_benchmark_interfaces:${AMENT_PREFIX_PATH} CMAKE_PREFIX_PATH=/home/user/vision_ws/install/zed_topic_benchmark_interfaces:/home/user/vision_ws/install/zed_ros2:/home/user/vision_ws/install/zed_wrapper:/home/user/vision_ws/install/zed_components:/home/user/autorover_ws/install/zed_components:/home/user/autorover_ws/install/mavros_extras:/home/user/autorover_ws/install/mavros:/home/user/autorover_ws/install/mavros_msgs:/home/user/autorover_ws/install/libmavconn:/home/user/autorover_ws/install/autorover_bringup:/opt/ros/humble LD_LIBRARY_PATH=/home/user/vision_ws/install/zed_topic_benchmark_interfaces/lib:${LD_LIBRARY_PATH} PYTHONPATH=/home/user/vision_ws/install/zed_topic_benchmark_interfaces/local/lib/python3.10/dist-packages:${PYTHONPATH} /usr/bin/cmake --install /home/user/vision_ws/build/zed_topic_benchmark_component
[52.963s] Level 1:colcon.colcon_core.environment:create_environment_scripts_only(zed_topic_benchmark_component)
[52.964s] Level 1:colcon.colcon_core.environment:checking '/home/user/vision_ws/install/zed_topic_benchmark_component' for CMake module files
[52.966s] Level 1:colcon.colcon_core.environment:checking '/home/user/vision_ws/install/zed_topic_benchmark_component' for CMake config files
[52.967s] Level 1:colcon.colcon_core.shell:create_environment_hook('zed_topic_benchmark_component', 'cmake_prefix_path')
[52.967s] INFO:colcon.colcon_core.shell:Creating environment hook '/home/user/vision_ws/install/zed_topic_benchmark_component/share/zed_topic_benchmark_component/hook/cmake_prefix_path.ps1'
[52.969s] INFO:colcon.colcon_core.shell:Creating environment descriptor '/home/user/vision_ws/install/zed_topic_benchmark_component/share/zed_topic_benchmark_component/hook/cmake_prefix_path.dsv'
[52.970s] DEBUG:colcon.colcon_core.event_handler.log_command:Invoked command in '/home/user/vision_ws/build/zed_topic_benchmark_component' returned '0': AMENT_PREFIX_PATH=/home/user/vision_ws/install/zed_topic_benchmark_interfaces:${AMENT_PREFIX_PATH} CMAKE_PREFIX_PATH=/home/user/vision_ws/install/zed_topic_benchmark_interfaces:/home/user/vision_ws/install/zed_ros2:/home/user/vision_ws/install/zed_wrapper:/home/user/vision_ws/install/zed_components:/home/user/autorover_ws/install/zed_components:/home/user/autorover_ws/install/mavros_extras:/home/user/autorover_ws/install/mavros:/home/user/autorover_ws/install/mavros_msgs:/home/user/autorover_ws/install/libmavconn:/home/user/autorover_ws/install/autorover_bringup:/opt/ros/humble LD_LIBRARY_PATH=/home/user/vision_ws/install/zed_topic_benchmark_interfaces/lib:${LD_LIBRARY_PATH} PYTHONPATH=/home/user/vision_ws/install/zed_topic_benchmark_interfaces/local/lib/python3.10/dist-packages:${PYTHONPATH} /usr/bin/cmake --install /home/user/vision_ws/build/zed_topic_benchmark_component
[52.971s] INFO:colcon.colcon_core.shell:Creating environment hook '/home/user/vision_ws/install/zed_topic_benchmark_component/share/zed_topic_benchmark_component/hook/cmake_prefix_path.sh'
[52.972s] Level 1:colcon.colcon_core.environment:checking '/home/user/vision_ws/install/zed_topic_benchmark_component/lib'
[52.973s] Level 1:colcon.colcon_core.shell:create_environment_hook('zed_topic_benchmark_component', 'ld_library_path_lib')
[52.973s] INFO:colcon.colcon_core.shell:Creating environment hook '/home/user/vision_ws/install/zed_topic_benchmark_component/share/zed_topic_benchmark_component/hook/ld_library_path_lib.ps1'
[52.974s] INFO:colcon.colcon_core.shell:Creating environment descriptor '/home/user/vision_ws/install/zed_topic_benchmark_component/share/zed_topic_benchmark_component/hook/ld_library_path_lib.dsv'
[52.975s] INFO:colcon.colcon_core.shell:Creating environment hook '/home/user/vision_ws/install/zed_topic_benchmark_component/share/zed_topic_benchmark_component/hook/ld_library_path_lib.sh'
[52.976s] Level 1:colcon.colcon_core.environment:checking '/home/user/vision_ws/install/zed_topic_benchmark_component/bin'
[52.976s] Level 1:colcon.colcon_core.environment:checking '/home/user/vision_ws/install/zed_topic_benchmark_component/lib/pkgconfig/zed_topic_benchmark_component.pc'
[52.977s] Level 1:colcon.colcon_core.environment:checking '/home/user/vision_ws/install/zed_topic_benchmark_component/lib/python3.10/site-packages'
[52.977s] Level 1:colcon.colcon_core.environment:checking '/home/user/vision_ws/install/zed_topic_benchmark_component/bin'
[52.978s] INFO:colcon.colcon_core.shell:Creating package script '/home/user/vision_ws/install/zed_topic_benchmark_component/share/zed_topic_benchmark_component/package.ps1'
[52.979s] INFO:colcon.colcon_core.shell:Creating package descriptor '/home/user/vision_ws/install/zed_topic_benchmark_component/share/zed_topic_benchmark_component/package.dsv'
[52.981s] INFO:colcon.colcon_core.shell:Creating package script '/home/user/vision_ws/install/zed_topic_benchmark_component/share/zed_topic_benchmark_component/package.sh'
[52.995s] INFO:colcon.colcon_core.shell:Creating package script '/home/user/vision_ws/install/zed_topic_benchmark_component/share/zed_topic_benchmark_component/package.bash'
[52.996s] INFO:colcon.colcon_core.shell:Creating package script '/home/user/vision_ws/install/zed_topic_benchmark_component/share/zed_topic_benchmark_component/package.zsh'
[52.997s] Level 1:colcon.colcon_core.environment:create_file_with_runtime_dependencies(/home/user/vision_ws/install/zed_topic_benchmark_component/share/colcon-core/packages/zed_topic_benchmark_component)
[52.999s] Level 1:colcon.colcon_core.environment:create_environment_scripts_only(zed_topic_benchmark_component)
[52.999s] Level 1:colcon.colcon_core.environment:checking '/home/user/vision_ws/install/zed_topic_benchmark_component' for CMake module files
[53.000s] Level 1:colcon.colcon_core.environment:checking '/home/user/vision_ws/install/zed_topic_benchmark_component' for CMake config files
[53.001s] Level 1:colcon.colcon_core.shell:create_environment_hook('zed_topic_benchmark_component', 'cmake_prefix_path')
[53.002s] INFO:colcon.colcon_core.shell:Creating environment hook '/home/user/vision_ws/install/zed_topic_benchmark_component/share/zed_topic_benchmark_component/hook/cmake_prefix_path.ps1'
[53.014s] INFO:colcon.colcon_core.shell:Creating environment descriptor '/home/user/vision_ws/install/zed_topic_benchmark_component/share/zed_topic_benchmark_component/hook/cmake_prefix_path.dsv'
[53.016s] INFO:colcon.colcon_core.shell:Creating environment hook '/home/user/vision_ws/install/zed_topic_benchmark_component/share/zed_topic_benchmark_component/hook/cmake_prefix_path.sh'
[53.018s] Level 1:colcon.colcon_core.environment:checking '/home/user/vision_ws/install/zed_topic_benchmark_component/lib'
[53.018s] Level 1:colcon.colcon_core.shell:create_environment_hook('zed_topic_benchmark_component', 'ld_library_path_lib')
[53.019s] INFO:colcon.colcon_core.shell:Creating environment hook '/home/user/vision_ws/install/zed_topic_benchmark_component/share/zed_topic_benchmark_component/hook/ld_library_path_lib.ps1'
[53.020s] INFO:colcon.colcon_core.shell:Creating environment descriptor '/home/user/vision_ws/install/zed_topic_benchmark_component/share/zed_topic_benchmark_component/hook/ld_library_path_lib.dsv'
[53.021s] INFO:colcon.colcon_core.shell:Creating environment hook '/home/user/vision_ws/install/zed_topic_benchmark_component/share/zed_topic_benchmark_component/hook/ld_library_path_lib.sh'
[53.022s] Level 1:colcon.colcon_core.environment:checking '/home/user/vision_ws/install/zed_topic_benchmark_component/bin'
[53.022s] Level 1:colcon.colcon_core.environment:checking '/home/user/vision_ws/install/zed_topic_benchmark_component/lib/pkgconfig/zed_topic_benchmark_component.pc'
[53.022s] Level 1:colcon.colcon_core.environment:checking '/home/user/vision_ws/install/zed_topic_benchmark_component/lib/python3.10/site-packages'
[53.023s] Level 1:colcon.colcon_core.environment:checking '/home/user/vision_ws/install/zed_topic_benchmark_component/bin'
[53.024s] INFO:colcon.colcon_core.shell:Creating package script '/home/user/vision_ws/install/zed_topic_benchmark_component/share/zed_topic_benchmark_component/package.ps1'
[53.038s] INFO:colcon.colcon_core.shell:Creating package descriptor '/home/user/vision_ws/install/zed_topic_benchmark_component/share/zed_topic_benchmark_component/package.dsv'
[53.040s] INFO:colcon.colcon_core.shell:Creating package script '/home/user/vision_ws/install/zed_topic_benchmark_component/share/zed_topic_benchmark_component/package.sh'
[53.041s] INFO:colcon.colcon_core.shell:Creating package script '/home/user/vision_ws/install/zed_topic_benchmark_component/share/zed_topic_benchmark_component/package.bash'
[53.042s] INFO:colcon.colcon_core.shell:Creating package script '/home/user/vision_ws/install/zed_topic_benchmark_component/share/zed_topic_benchmark_component/package.zsh'
[53.043s] Level 1:colcon.colcon_core.environment:create_file_with_runtime_dependencies(/home/user/vision_ws/install/zed_topic_benchmark_component/share/colcon-core/packages/zed_topic_benchmark_component)
[53.051s] INFO:colcon.colcon_ros.task.ament_cmake.build:Building ROS package in '/home/user/vision_ws/src/zed-ros2-examples/examples/zed_aruco_localization' with build type 'ament_cmake'
[53.051s] INFO:colcon.colcon_cmake.task.cmake.build:Building CMake package in '/home/user/vision_ws/src/zed-ros2-examples/examples/zed_aruco_localization'
[53.052s] INFO:colcon.colcon_core.shell:Skip shell extension 'powershell' for command environment: Not usable outside of PowerShell
[53.052s] DEBUG:colcon.colcon_core.shell:Skip shell extension 'dsv' for command environment
[53.171s] DEBUG:colcon.colcon_core.event_handler.log_command:Invoking command in '/home/user/vision_ws/build/zed_aruco_localization': CMAKE_PREFIX_PATH=/home/user/vision_ws/install/zed_components:/home/user/vision_ws/install/zed_ros2:/home/user/vision_ws/install/zed_wrapper:/home/user/autorover_ws/install/zed_components:/home/user/autorover_ws/install/mavros_extras:/home/user/autorover_ws/install/mavros:/home/user/autorover_ws/install/mavros_msgs:/home/user/autorover_ws/install/libmavconn:/home/user/autorover_ws/install/autorover_bringup:/opt/ros/humble /usr/bin/cmake /home/user/vision_ws/src/zed-ros2-examples/examples/zed_aruco_localization -DCMAKE_BUILD_TYPE=Release -DAMENT_CMAKE_SYMLINK_INSTALL=1 -DCMAKE_INSTALL_PREFIX=/home/user/vision_ws/install/zed_aruco_localization
[60.867s] DEBUG:colcon.colcon_core.event_handler.log_command:Invoked command in '/home/user/vision_ws/build/zed_aruco_localization' returned '0': CMAKE_PREFIX_PATH=/home/user/vision_ws/install/zed_components:/home/user/vision_ws/install/zed_ros2:/home/user/vision_ws/install/zed_wrapper:/home/user/autorover_ws/install/zed_components:/home/user/autorover_ws/install/mavros_extras:/home/user/autorover_ws/install/mavros:/home/user/autorover_ws/install/mavros_msgs:/home/user/autorover_ws/install/libmavconn:/home/user/autorover_ws/install/autorover_bringup:/opt/ros/humble /usr/bin/cmake /home/user/vision_ws/src/zed-ros2-examples/examples/zed_aruco_localization -DCMAKE_BUILD_TYPE=Release -DAMENT_CMAKE_SYMLINK_INSTALL=1 -DCMAKE_INSTALL_PREFIX=/home/user/vision_ws/install/zed_aruco_localization
[60.868s] DEBUG:colcon.colcon_core.event_handler.log_command:Invoking command in '/home/user/vision_ws/build/zed_aruco_localization': CMAKE_PREFIX_PATH=/home/user/vision_ws/install/zed_components:/home/user/vision_ws/install/zed_ros2:/home/user/vision_ws/install/zed_wrapper:/home/user/autorover_ws/install/zed_components:/home/user/autorover_ws/install/mavros_extras:/home/user/autorover_ws/install/mavros:/home/user/autorover_ws/install/mavros_msgs:/home/user/autorover_ws/install/libmavconn:/home/user/autorover_ws/install/autorover_bringup:/opt/ros/humble /usr/bin/cmake --build /home/user/vision_ws/build/zed_aruco_localization -- -j4 -l4
[61.109s] DEBUG:colcon.colcon_core.event_handler.log_command:Invoked command in '/home/user/vision_ws/build/zed_tutorial_pos_tracking' returned '0': CMAKE_PREFIX_PATH=${CMAKE_PREFIX_PATH}:/home/user/autorover_ws/install/autorover_bringup:/opt/ros/humble /usr/bin/cmake --build /home/user/vision_ws/build/zed_tutorial_pos_tracking -- -j4 -l4
[61.111s] DEBUG:colcon.colcon_core.event_handler.log_command:Invoking command in '/home/user/vision_ws/build/zed_tutorial_pos_tracking': CMAKE_PREFIX_PATH=${CMAKE_PREFIX_PATH}:/home/user/autorover_ws/install/autorover_bringup:/opt/ros/humble /usr/bin/cmake --install /home/user/vision_ws/build/zed_tutorial_pos_tracking
[61.685s] Level 1:colcon.colcon_core.environment:create_environment_scripts_only(zed_tutorial_pos_tracking)
[61.686s] Level 1:colcon.colcon_core.environment:checking '/home/user/vision_ws/install/zed_tutorial_pos_tracking' for CMake module files
[61.687s] Level 1:colcon.colcon_core.environment:checking '/home/user/vision_ws/install/zed_tutorial_pos_tracking' for CMake config files
[61.688s] Level 1:colcon.colcon_core.shell:create_environment_hook('zed_tutorial_pos_tracking', 'cmake_prefix_path')
[61.688s] INFO:colcon.colcon_core.shell:Creating environment hook '/home/user/vision_ws/install/zed_tutorial_pos_tracking/share/zed_tutorial_pos_tracking/hook/cmake_prefix_path.ps1'
[61.690s] DEBUG:colcon.colcon_core.event_handler.log_command:Invoked command in '/home/user/vision_ws/build/zed_tutorial_pos_tracking' returned '0': CMAKE_PREFIX_PATH=${CMAKE_PREFIX_PATH}:/home/user/autorover_ws/install/autorover_bringup:/opt/ros/humble /usr/bin/cmake --install /home/user/vision_ws/build/zed_tutorial_pos_tracking
[61.691s] INFO:colcon.colcon_core.shell:Creating environment descriptor '/home/user/vision_ws/install/zed_tutorial_pos_tracking/share/zed_tutorial_pos_tracking/hook/cmake_prefix_path.dsv'
[61.692s] INFO:colcon.colcon_core.shell:Creating environment hook '/home/user/vision_ws/install/zed_tutorial_pos_tracking/share/zed_tutorial_pos_tracking/hook/cmake_prefix_path.sh'
[61.693s] Level 1:colcon.colcon_core.environment:checking '/home/user/vision_ws/install/zed_tutorial_pos_tracking/lib'
[61.693s] Level 1:colcon.colcon_core.environment:checking '/home/user/vision_ws/install/zed_tutorial_pos_tracking/bin'
[61.693s] Level 1:colcon.colcon_core.environment:checking '/home/user/vision_ws/install/zed_tutorial_pos_tracking/lib/pkgconfig/zed_tutorial_pos_tracking.pc'
[61.694s] Level 1:colcon.colcon_core.environment:checking '/home/user/vision_ws/install/zed_tutorial_pos_tracking/lib/python3.10/site-packages'
[61.694s] Level 1:colcon.colcon_core.environment:checking '/home/user/vision_ws/install/zed_tutorial_pos_tracking/bin'
[61.695s] INFO:colcon.colcon_core.shell:Creating package script '/home/user/vision_ws/install/zed_tutorial_pos_tracking/share/zed_tutorial_pos_tracking/package.ps1'
[61.696s] INFO:colcon.colcon_core.shell:Creating package descriptor '/home/user/vision_ws/install/zed_tutorial_pos_tracking/share/zed_tutorial_pos_tracking/package.dsv'
[61.706s] INFO:colcon.colcon_core.shell:Creating package script '/home/user/vision_ws/install/zed_tutorial_pos_tracking/share/zed_tutorial_pos_tracking/package.sh'
[61.707s] INFO:colcon.colcon_core.shell:Creating package script '/home/user/vision_ws/install/zed_tutorial_pos_tracking/share/zed_tutorial_pos_tracking/package.bash'
[61.708s] INFO:colcon.colcon_core.shell:Creating package script '/home/user/vision_ws/install/zed_tutorial_pos_tracking/share/zed_tutorial_pos_tracking/package.zsh'
[61.709s] Level 1:colcon.colcon_core.environment:create_file_with_runtime_dependencies(/home/user/vision_ws/install/zed_tutorial_pos_tracking/share/colcon-core/packages/zed_tutorial_pos_tracking)
[61.717s] Level 1:colcon.colcon_core.environment:create_environment_scripts_only(zed_tutorial_pos_tracking)
[61.718s] Level 1:colcon.colcon_core.environment:checking '/home/user/vision_ws/install/zed_tutorial_pos_tracking' for CMake module files
[61.719s] Level 1:colcon.colcon_core.environment:checking '/home/user/vision_ws/install/zed_tutorial_pos_tracking' for CMake config files
[61.719s] Level 1:colcon.colcon_core.shell:create_environment_hook('zed_tutorial_pos_tracking', 'cmake_prefix_path')
[61.720s] INFO:colcon.colcon_core.shell:Creating environment hook '/home/user/vision_ws/install/zed_tutorial_pos_tracking/share/zed_tutorial_pos_tracking/hook/cmake_prefix_path.ps1'
[61.721s] INFO:colcon.colcon_core.shell:Creating environment descriptor '/home/user/vision_ws/install/zed_tutorial_pos_tracking/share/zed_tutorial_pos_tracking/hook/cmake_prefix_path.dsv'
[61.722s] INFO:colcon.colcon_core.shell:Creating environment hook '/home/user/vision_ws/install/zed_tutorial_pos_tracking/share/zed_tutorial_pos_tracking/hook/cmake_prefix_path.sh'
[61.723s] Level 1:colcon.colcon_core.environment:checking '/home/user/vision_ws/install/zed_tutorial_pos_tracking/lib'
[61.724s] Level 1:colcon.colcon_core.environment:checking '/home/user/vision_ws/install/zed_tutorial_pos_tracking/bin'
[61.724s] Level 1:colcon.colcon_core.environment:checking '/home/user/vision_ws/install/zed_tutorial_pos_tracking/lib/pkgconfig/zed_tutorial_pos_tracking.pc'
[61.724s] Level 1:colcon.colcon_core.environment:checking '/home/user/vision_ws/install/zed_tutorial_pos_tracking/lib/python3.10/site-packages'
[61.725s] Level 1:colcon.colcon_core.environment:checking '/home/user/vision_ws/install/zed_tutorial_pos_tracking/bin'
[61.725s] INFO:colcon.colcon_core.shell:Creating package script '/home/user/vision_ws/install/zed_tutorial_pos_tracking/share/zed_tutorial_pos_tracking/package.ps1'
[61.727s] INFO:colcon.colcon_core.shell:Creating package descriptor '/home/user/vision_ws/install/zed_tutorial_pos_tracking/share/zed_tutorial_pos_tracking/package.dsv'
[61.729s] INFO:colcon.colcon_core.shell:Creating package script '/home/user/vision_ws/install/zed_tutorial_pos_tracking/share/zed_tutorial_pos_tracking/package.sh'
[61.742s] INFO:colcon.colcon_core.shell:Creating package script '/home/user/vision_ws/install/zed_tutorial_pos_tracking/share/zed_tutorial_pos_tracking/package.bash'
[61.744s] INFO:colcon.colcon_core.shell:Creating package script '/home/user/vision_ws/install/zed_tutorial_pos_tracking/share/zed_tutorial_pos_tracking/package.zsh'
[61.745s] Level 1:colcon.colcon_core.environment:create_file_with_runtime_dependencies(/home/user/vision_ws/install/zed_tutorial_pos_tracking/share/colcon-core/packages/zed_tutorial_pos_tracking)
[61.752s] INFO:colcon.colcon_ros.task.ament_cmake.build:Building ROS package in '/home/user/vision_ws/src/zed-ros2-examples/tutorials/zed_rgb_convert' with build type 'ament_cmake'
[61.753s] INFO:colcon.colcon_cmake.task.cmake.build:Building CMake package in '/home/user/vision_ws/src/zed-ros2-examples/tutorials/zed_rgb_convert'
[61.754s] INFO:colcon.colcon_core.shell:Skip shell extension 'powershell' for command environment: Not usable outside of PowerShell
[61.754s] DEBUG:colcon.colcon_core.shell:Skip shell extension 'dsv' for command environment
[61.836s] DEBUG:colcon.colcon_core.event_handler.log_command:Invoking command in '/home/user/vision_ws/build/zed_rgb_convert': CMAKE_PREFIX_PATH=/home/user/vision_ws/install/zed_components:/home/user/vision_ws/install/zed_ros2:/home/user/vision_ws/install/zed_wrapper:/home/user/autorover_ws/install/zed_components:/home/user/autorover_ws/install/mavros_extras:/home/user/autorover_ws/install/mavros:/home/user/autorover_ws/install/mavros_msgs:/home/user/autorover_ws/install/libmavconn:/home/user/autorover_ws/install/autorover_bringup:/opt/ros/humble /usr/bin/cmake /home/user/vision_ws/src/zed-ros2-examples/tutorials/zed_rgb_convert -DCMAKE_BUILD_TYPE=Release -DAMENT_CMAKE_SYMLINK_INSTALL=1 -DCMAKE_INSTALL_PREFIX=/home/user/vision_ws/install/zed_rgb_convert
[67.120s] DEBUG:colcon.colcon_core.event_handler.log_command:Invoked command in '/home/user/vision_ws/build/zed_rgb_convert' returned '0': CMAKE_PREFIX_PATH=/home/user/vision_ws/install/zed_components:/home/user/vision_ws/install/zed_ros2:/home/user/vision_ws/install/zed_wrapper:/home/user/autorover_ws/install/zed_components:/home/user/autorover_ws/install/mavros_extras:/home/user/autorover_ws/install/mavros:/home/user/autorover_ws/install/mavros_msgs:/home/user/autorover_ws/install/libmavconn:/home/user/autorover_ws/install/autorover_bringup:/opt/ros/humble /usr/bin/cmake /home/user/vision_ws/src/zed-ros2-examples/tutorials/zed_rgb_convert -DCMAKE_BUILD_TYPE=Release -DAMENT_CMAKE_SYMLINK_INSTALL=1 -DCMAKE_INSTALL_PREFIX=/home/user/vision_ws/install/zed_rgb_convert
[67.121s] DEBUG:colcon.colcon_core.event_handler.log_command:Invoking command in '/home/user/vision_ws/build/zed_rgb_convert': CMAKE_PREFIX_PATH=/home/user/vision_ws/install/zed_components:/home/user/vision_ws/install/zed_ros2:/home/user/vision_ws/install/zed_wrapper:/home/user/autorover_ws/install/zed_components:/home/user/autorover_ws/install/mavros_extras:/home/user/autorover_ws/install/mavros:/home/user/autorover_ws/install/mavros_msgs:/home/user/autorover_ws/install/libmavconn:/home/user/autorover_ws/install/autorover_bringup:/opt/ros/humble /usr/bin/cmake --build /home/user/vision_ws/build/zed_rgb_convert -- -j4 -l4
[67.460s] DEBUG:colcon.colcon_core.event_handler.log_command:Invoked command in '/home/user/vision_ws/build/rviz_plugin_zed_od' returned '0': CMAKE_PREFIX_PATH=${CMAKE_PREFIX_PATH}:/home/user/autorover_ws/install/autorover_bringup:/opt/ros/humble /usr/bin/cmake --build /home/user/vision_ws/build/rviz_plugin_zed_od -- -j4 -l4
[67.461s] DEBUG:colcon.colcon_core.event_handler.log_command:Invoking command in '/home/user/vision_ws/build/rviz_plugin_zed_od': CMAKE_PREFIX_PATH=${CMAKE_PREFIX_PATH}:/home/user/autorover_ws/install/autorover_bringup:/opt/ros/humble /usr/bin/cmake --install /home/user/vision_ws/build/rviz_plugin_zed_od
[68.039s] Level 1:colcon.colcon_core.environment:create_environment_scripts_only(rviz_plugin_zed_od)
[68.040s] Level 1:colcon.colcon_core.environment:checking '/home/user/vision_ws/install/rviz_plugin_zed_od' for CMake module files
[68.041s] Level 1:colcon.colcon_core.environment:checking '/home/user/vision_ws/install/rviz_plugin_zed_od' for CMake config files
[68.042s] Level 1:colcon.colcon_core.shell:create_environment_hook('rviz_plugin_zed_od', 'cmake_prefix_path')
[68.042s] INFO:colcon.colcon_core.shell:Creating environment hook '/home/user/vision_ws/install/rviz_plugin_zed_od/share/rviz_plugin_zed_od/hook/cmake_prefix_path.ps1'
[68.044s] INFO:colcon.colcon_core.shell:Creating environment descriptor '/home/user/vision_ws/install/rviz_plugin_zed_od/share/rviz_plugin_zed_od/hook/cmake_prefix_path.dsv'
[68.045s] DEBUG:colcon.colcon_core.event_handler.log_command:Invoked command in '/home/user/vision_ws/build/rviz_plugin_zed_od' returned '0': CMAKE_PREFIX_PATH=${CMAKE_PREFIX_PATH}:/home/user/autorover_ws/install/autorover_bringup:/opt/ros/humble /usr/bin/cmake --install /home/user/vision_ws/build/rviz_plugin_zed_od
[68.046s] INFO:colcon.colcon_core.shell:Creating environment hook '/home/user/vision_ws/install/rviz_plugin_zed_od/share/rviz_plugin_zed_od/hook/cmake_prefix_path.sh'
[68.048s] Level 1:colcon.colcon_core.environment:checking '/home/user/vision_ws/install/rviz_plugin_zed_od/lib'
[68.049s] Level 1:colcon.colcon_core.shell:create_environment_hook('rviz_plugin_zed_od', 'ld_library_path_lib')
[68.050s] INFO:colcon.colcon_core.shell:Creating environment hook '/home/user/vision_ws/install/rviz_plugin_zed_od/share/rviz_plugin_zed_od/hook/ld_library_path_lib.ps1'
[68.051s] INFO:colcon.colcon_core.shell:Creating environment descriptor '/home/user/vision_ws/install/rviz_plugin_zed_od/share/rviz_plugin_zed_od/hook/ld_library_path_lib.dsv'
[68.052s] INFO:colcon.colcon_core.shell:Creating environment hook '/home/user/vision_ws/install/rviz_plugin_zed_od/share/rviz_plugin_zed_od/hook/ld_library_path_lib.sh'
[68.053s] Level 1:colcon.colcon_core.environment:checking '/home/user/vision_ws/install/rviz_plugin_zed_od/bin'
[68.053s] Level 1:colcon.colcon_core.environment:checking '/home/user/vision_ws/install/rviz_plugin_zed_od/lib/pkgconfig/rviz_plugin_zed_od.pc'
[68.053s] Level 1:colcon.colcon_core.environment:checking '/home/user/vision_ws/install/rviz_plugin_zed_od/lib/python3.10/site-packages'
[68.054s] Level 1:colcon.colcon_core.environment:checking '/home/user/vision_ws/install/rviz_plugin_zed_od/bin'
[68.055s] INFO:colcon.colcon_core.shell:Creating package script '/home/user/vision_ws/install/rviz_plugin_zed_od/share/rviz_plugin_zed_od/package.ps1'
[68.056s] INFO:colcon.colcon_core.shell:Creating package descriptor '/home/user/vision_ws/install/rviz_plugin_zed_od/share/rviz_plugin_zed_od/package.dsv'
[68.057s] INFO:colcon.colcon_core.shell:Creating package script '/home/user/vision_ws/install/rviz_plugin_zed_od/share/rviz_plugin_zed_od/package.sh'
[68.058s] INFO:colcon.colcon_core.shell:Creating package script '/home/user/vision_ws/install/rviz_plugin_zed_od/share/rviz_plugin_zed_od/package.bash'
[68.061s] INFO:colcon.colcon_core.shell:Creating package script '/home/user/vision_ws/install/rviz_plugin_zed_od/share/rviz_plugin_zed_od/package.zsh'
[68.062s] Level 1:colcon.colcon_core.environment:create_file_with_runtime_dependencies(/home/user/vision_ws/install/rviz_plugin_zed_od/share/colcon-core/packages/rviz_plugin_zed_od)
[68.064s] Level 1:colcon.colcon_core.environment:create_environment_scripts_only(rviz_plugin_zed_od)
[68.065s] Level 1:colcon.colcon_core.environment:checking '/home/user/vision_ws/install/rviz_plugin_zed_od' for CMake module files
[68.066s] Level 1:colcon.colcon_core.environment:checking '/home/user/vision_ws/install/rviz_plugin_zed_od' for CMake config files
[68.066s] Level 1:colcon.colcon_core.shell:create_environment_hook('rviz_plugin_zed_od', 'cmake_prefix_path')
[68.067s] INFO:colcon.colcon_core.shell:Creating environment hook '/home/user/vision_ws/install/rviz_plugin_zed_od/share/rviz_plugin_zed_od/hook/cmake_prefix_path.ps1'
[68.068s] INFO:colcon.colcon_core.shell:Creating environment descriptor '/home/user/vision_ws/install/rviz_plugin_zed_od/share/rviz_plugin_zed_od/hook/cmake_prefix_path.dsv'
[68.069s] INFO:colcon.colcon_core.shell:Creating environment hook '/home/user/vision_ws/install/rviz_plugin_zed_od/share/rviz_plugin_zed_od/hook/cmake_prefix_path.sh'
[68.070s] Level 1:colcon.colcon_core.environment:checking '/home/user/vision_ws/install/rviz_plugin_zed_od/lib'
[68.071s] Level 1:colcon.colcon_core.shell:create_environment_hook('rviz_plugin_zed_od', 'ld_library_path_lib')
[68.071s] INFO:colcon.colcon_core.shell:Creating environment hook '/home/user/vision_ws/install/rviz_plugin_zed_od/share/rviz_plugin_zed_od/hook/ld_library_path_lib.ps1'
[68.072s] INFO:colcon.colcon_core.shell:Creating environment descriptor '/home/user/vision_ws/install/rviz_plugin_zed_od/share/rviz_plugin_zed_od/hook/ld_library_path_lib.dsv'
[68.073s] INFO:colcon.colcon_core.shell:Creating environment hook '/home/user/vision_ws/install/rviz_plugin_zed_od/share/rviz_plugin_zed_od/hook/ld_library_path_lib.sh'
[68.074s] Level 1:colcon.colcon_core.environment:checking '/home/user/vision_ws/install/rviz_plugin_zed_od/bin'
[68.074s] Level 1:colcon.colcon_core.environment:checking '/home/user/vision_ws/install/rviz_plugin_zed_od/lib/pkgconfig/rviz_plugin_zed_od.pc'
[68.074s] Level 1:colcon.colcon_core.environment:checking '/home/user/vision_ws/install/rviz_plugin_zed_od/lib/python3.10/site-packages'
[68.075s] Level 1:colcon.colcon_core.environment:checking '/home/user/vision_ws/install/rviz_plugin_zed_od/bin'
[68.078s] INFO:colcon.colcon_core.shell:Creating package script '/home/user/vision_ws/install/rviz_plugin_zed_od/share/rviz_plugin_zed_od/package.ps1'
[68.080s] INFO:colcon.colcon_core.shell:Creating package descriptor '/home/user/vision_ws/install/rviz_plugin_zed_od/share/rviz_plugin_zed_od/package.dsv'
[68.081s] INFO:colcon.colcon_core.shell:Creating package script '/home/user/vision_ws/install/rviz_plugin_zed_od/share/rviz_plugin_zed_od/package.sh'
[68.083s] INFO:colcon.colcon_core.shell:Creating package script '/home/user/vision_ws/install/rviz_plugin_zed_od/share/rviz_plugin_zed_od/package.bash'
[68.084s] INFO:colcon.colcon_core.shell:Creating package script '/home/user/vision_ws/install/rviz_plugin_zed_od/share/rviz_plugin_zed_od/package.zsh'
[68.085s] Level 1:colcon.colcon_core.environment:create_file_with_runtime_dependencies(/home/user/vision_ws/install/rviz_plugin_zed_od/share/colcon-core/packages/rviz_plugin_zed_od)
[68.087s] INFO:colcon.colcon_ros.task.ament_cmake.build:Building ROS package in '/home/user/vision_ws/src/zed-ros2-examples/examples/zed_depth_to_laserscan' with build type 'ament_cmake'
[68.088s] INFO:colcon.colcon_cmake.task.cmake.build:Building CMake package in '/home/user/vision_ws/src/zed-ros2-examples/examples/zed_depth_to_laserscan'
[68.088s] INFO:colcon.colcon_core.shell:Skip shell extension 'powershell' for command environment: Not usable outside of PowerShell
[68.088s] DEBUG:colcon.colcon_core.shell:Skip shell extension 'dsv' for command environment
[68.127s] DEBUG:colcon.colcon_core.event_handler.log_command:Invoking command in '/home/user/vision_ws/build/zed_depth_to_laserscan': CMAKE_PREFIX_PATH=/home/user/vision_ws/install/zed_wrapper:/home/user/vision_ws/install/zed_components:/home/user/vision_ws/install/zed_ros2:/home/user/autorover_ws/install/zed_components:/home/user/autorover_ws/install/mavros_extras:/home/user/autorover_ws/install/mavros:/home/user/autorover_ws/install/mavros_msgs:/home/user/autorover_ws/install/libmavconn:/home/user/autorover_ws/install/autorover_bringup:/opt/ros/humble /usr/bin/cmake /home/user/vision_ws/src/zed-ros2-examples/examples/zed_depth_to_laserscan -DCMAKE_BUILD_TYPE=Release -DAMENT_CMAKE_SYMLINK_INSTALL=1 -DCMAKE_INSTALL_PREFIX=/home/user/vision_ws/install/zed_depth_to_laserscan
[72.100s] DEBUG:colcon.colcon_core.event_handler.log_command:Invoked command in '/home/user/vision_ws/build/zed_depth_to_laserscan' returned '0': CMAKE_PREFIX_PATH=/home/user/vision_ws/install/zed_wrapper:/home/user/vision_ws/install/zed_components:/home/user/vision_ws/install/zed_ros2:/home/user/autorover_ws/install/zed_components:/home/user/autorover_ws/install/mavros_extras:/home/user/autorover_ws/install/mavros:/home/user/autorover_ws/install/mavros_msgs:/home/user/autorover_ws/install/libmavconn:/home/user/autorover_ws/install/autorover_bringup:/opt/ros/humble /usr/bin/cmake /home/user/vision_ws/src/zed-ros2-examples/examples/zed_depth_to_laserscan -DCMAKE_BUILD_TYPE=Release -DAMENT_CMAKE_SYMLINK_INSTALL=1 -DCMAKE_INSTALL_PREFIX=/home/user/vision_ws/install/zed_depth_to_laserscan
[72.101s] DEBUG:colcon.colcon_core.event_handler.log_command:Invoking command in '/home/user/vision_ws/build/zed_depth_to_laserscan': CMAKE_PREFIX_PATH=/home/user/vision_ws/install/zed_wrapper:/home/user/vision_ws/install/zed_components:/home/user/vision_ws/install/zed_ros2:/home/user/autorover_ws/install/zed_components:/home/user/autorover_ws/install/mavros_extras:/home/user/autorover_ws/install/mavros:/home/user/autorover_ws/install/mavros_msgs:/home/user/autorover_ws/install/libmavconn:/home/user/autorover_ws/install/autorover_bringup:/opt/ros/humble /usr/bin/cmake --build /home/user/vision_ws/build/zed_depth_to_laserscan -- -j4 -l4
[72.210s] DEBUG:colcon.colcon_core.event_handler.log_command:Invoked command in '/home/user/vision_ws/build/zed_depth_to_laserscan' returned '0': CMAKE_PREFIX_PATH=/home/user/vision_ws/install/zed_wrapper:/home/user/vision_ws/install/zed_components:/home/user/vision_ws/install/zed_ros2:/home/user/autorover_ws/install/zed_components:/home/user/autorover_ws/install/mavros_extras:/home/user/autorover_ws/install/mavros:/home/user/autorover_ws/install/mavros_msgs:/home/user/autorover_ws/install/libmavconn:/home/user/autorover_ws/install/autorover_bringup:/opt/ros/humble /usr/bin/cmake --build /home/user/vision_ws/build/zed_depth_to_laserscan -- -j4 -l4
[72.211s] DEBUG:colcon.colcon_core.event_handler.log_command:Invoking command in '/home/user/vision_ws/build/zed_depth_to_laserscan': CMAKE_PREFIX_PATH=/home/user/vision_ws/install/zed_wrapper:/home/user/vision_ws/install/zed_components:/home/user/vision_ws/install/zed_ros2:/home/user/autorover_ws/install/zed_components:/home/user/autorover_ws/install/mavros_extras:/home/user/autorover_ws/install/mavros:/home/user/autorover_ws/install/mavros_msgs:/home/user/autorover_ws/install/libmavconn:/home/user/autorover_ws/install/autorover_bringup:/opt/ros/humble /usr/bin/cmake --install /home/user/vision_ws/build/zed_depth_to_laserscan
[72.612s] Level 1:colcon.colcon_core.environment:create_environment_scripts_only(zed_depth_to_laserscan)
[72.613s] Level 1:colcon.colcon_core.environment:checking '/home/user/vision_ws/install/zed_depth_to_laserscan' for CMake module files
[72.615s] Level 1:colcon.colcon_core.environment:checking '/home/user/vision_ws/install/zed_depth_to_laserscan' for CMake config files
[72.615s] Level 1:colcon.colcon_core.shell:create_environment_hook('zed_depth_to_laserscan', 'cmake_prefix_path')
[72.616s] INFO:colcon.colcon_core.shell:Creating environment hook '/home/user/vision_ws/install/zed_depth_to_laserscan/share/zed_depth_to_laserscan/hook/cmake_prefix_path.ps1'
[72.617s] INFO:colcon.colcon_core.shell:Creating environment descriptor '/home/user/vision_ws/install/zed_depth_to_laserscan/share/zed_depth_to_laserscan/hook/cmake_prefix_path.dsv'
[72.618s] INFO:colcon.colcon_core.shell:Creating environment hook '/home/user/vision_ws/install/zed_depth_to_laserscan/share/zed_depth_to_laserscan/hook/cmake_prefix_path.sh'
[72.620s] Level 1:colcon.colcon_core.environment:checking '/home/user/vision_ws/install/zed_depth_to_laserscan/bin'
[72.620s] Level 1:colcon.colcon_core.environment:checking '/home/user/vision_ws/install/zed_depth_to_laserscan/lib/pkgconfig/zed_depth_to_laserscan.pc'
[72.620s] Level 1:colcon.colcon_core.environment:checking '/home/user/vision_ws/install/zed_depth_to_laserscan/lib/python3.10/site-packages'
[72.621s] Level 1:colcon.colcon_core.environment:checking '/home/user/vision_ws/install/zed_depth_to_laserscan/bin'
[72.622s] DEBUG:colcon.colcon_core.event_handler.log_command:Invoked command in '/home/user/vision_ws/build/zed_depth_to_laserscan' returned '0': CMAKE_PREFIX_PATH=/home/user/vision_ws/install/zed_wrapper:/home/user/vision_ws/install/zed_components:/home/user/vision_ws/install/zed_ros2:/home/user/autorover_ws/install/zed_components:/home/user/autorover_ws/install/mavros_extras:/home/user/autorover_ws/install/mavros:/home/user/autorover_ws/install/mavros_msgs:/home/user/autorover_ws/install/libmavconn:/home/user/autorover_ws/install/autorover_bringup:/opt/ros/humble /usr/bin/cmake --install /home/user/vision_ws/build/zed_depth_to_laserscan
[72.623s] INFO:colcon.colcon_core.shell:Creating package script '/home/user/vision_ws/install/zed_depth_to_laserscan/share/zed_depth_to_laserscan/package.ps1'
[72.624s] INFO:colcon.colcon_core.shell:Creating package descriptor '/home/user/vision_ws/install/zed_depth_to_laserscan/share/zed_depth_to_laserscan/package.dsv'
[72.625s] INFO:colcon.colcon_core.shell:Creating package script '/home/user/vision_ws/install/zed_depth_to_laserscan/share/zed_depth_to_laserscan/package.sh'
[72.626s] INFO:colcon.colcon_core.shell:Creating package script '/home/user/vision_ws/install/zed_depth_to_laserscan/share/zed_depth_to_laserscan/package.bash'
[72.627s] INFO:colcon.colcon_core.shell:Creating package script '/home/user/vision_ws/install/zed_depth_to_laserscan/share/zed_depth_to_laserscan/package.zsh'
[72.628s] Level 1:colcon.colcon_core.environment:create_file_with_runtime_dependencies(/home/user/vision_ws/install/zed_depth_to_laserscan/share/colcon-core/packages/zed_depth_to_laserscan)
[72.629s] Level 1:colcon.colcon_core.environment:create_environment_scripts_only(zed_depth_to_laserscan)
[72.630s] Level 1:colcon.colcon_core.environment:checking '/home/user/vision_ws/install/zed_depth_to_laserscan' for CMake module files
[72.631s] Level 1:colcon.colcon_core.environment:checking '/home/user/vision_ws/install/zed_depth_to_laserscan' for CMake config files
[72.632s] Level 1:colcon.colcon_core.shell:create_environment_hook('zed_depth_to_laserscan', 'cmake_prefix_path')
[72.632s] INFO:colcon.colcon_core.shell:Creating environment hook '/home/user/vision_ws/install/zed_depth_to_laserscan/share/zed_depth_to_laserscan/hook/cmake_prefix_path.ps1'
[72.634s] INFO:colcon.colcon_core.shell:Creating environment descriptor '/home/user/vision_ws/install/zed_depth_to_laserscan/share/zed_depth_to_laserscan/hook/cmake_prefix_path.dsv'
[72.635s] INFO:colcon.colcon_core.shell:Creating environment hook '/home/user/vision_ws/install/zed_depth_to_laserscan/share/zed_depth_to_laserscan/hook/cmake_prefix_path.sh'
[72.636s] Level 1:colcon.colcon_core.environment:checking '/home/user/vision_ws/install/zed_depth_to_laserscan/bin'
[72.636s] Level 1:colcon.colcon_core.environment:checking '/home/user/vision_ws/install/zed_depth_to_laserscan/lib/pkgconfig/zed_depth_to_laserscan.pc'
[72.637s] Level 1:colcon.colcon_core.environment:checking '/home/user/vision_ws/install/zed_depth_to_laserscan/lib/python3.10/site-packages'
[72.637s] Level 1:colcon.colcon_core.environment:checking '/home/user/vision_ws/install/zed_depth_to_laserscan/bin'
[72.638s] INFO:colcon.colcon_core.shell:Creating package script '/home/user/vision_ws/install/zed_depth_to_laserscan/share/zed_depth_to_laserscan/package.ps1'
[72.640s] INFO:colcon.colcon_core.shell:Creating package descriptor '/home/user/vision_ws/install/zed_depth_to_laserscan/share/zed_depth_to_laserscan/package.dsv'
[72.641s] INFO:colcon.colcon_core.shell:Creating package script '/home/user/vision_ws/install/zed_depth_to_laserscan/share/zed_depth_to_laserscan/package.sh'
[72.642s] INFO:colcon.colcon_core.shell:Creating package script '/home/user/vision_ws/install/zed_depth_to_laserscan/share/zed_depth_to_laserscan/package.bash'
[72.643s] INFO:colcon.colcon_core.shell:Creating package script '/home/user/vision_ws/install/zed_depth_to_laserscan/share/zed_depth_to_laserscan/package.zsh'
[72.644s] Level 1:colcon.colcon_core.environment:create_file_with_runtime_dependencies(/home/user/vision_ws/install/zed_depth_to_laserscan/share/colcon-core/packages/zed_depth_to_laserscan)
[72.656s] INFO:colcon.colcon_ros.task.ament_cmake.build:Building ROS package in '/home/user/vision_ws/src/zed-ros2-examples/zed_display_rviz2' with build type 'ament_cmake'
[72.657s] INFO:colcon.colcon_cmake.task.cmake.build:Building CMake package in '/home/user/vision_ws/src/zed-ros2-examples/zed_display_rviz2'
[72.658s] INFO:colcon.colcon_core.shell:Skip shell extension 'powershell' for command environment: Not usable outside of PowerShell
[72.659s] DEBUG:colcon.colcon_core.shell:Skip shell extension 'dsv' for command environment
[72.708s] DEBUG:colcon.colcon_core.event_handler.log_command:Invoking command in '/home/user/vision_ws/build/zed_display_rviz2': CMAKE_PREFIX_PATH=/home/user/vision_ws/install/zed_wrapper:/home/user/vision_ws/install/zed_components:/home/user/vision_ws/install/zed_ros2:/home/user/autorover_ws/install/zed_components:/home/user/autorover_ws/install/mavros_extras:/home/user/autorover_ws/install/mavros:/home/user/autorover_ws/install/mavros_msgs:/home/user/autorover_ws/install/libmavconn:/home/user/autorover_ws/install/autorover_bringup:/opt/ros/humble /usr/bin/cmake /home/user/vision_ws/src/zed-ros2-examples/zed_display_rviz2 -DCMAKE_BUILD_TYPE=Release -DAMENT_CMAKE_SYMLINK_INSTALL=1 -DCMAKE_INSTALL_PREFIX=/home/user/vision_ws/install/zed_display_rviz2
[74.381s] DEBUG:colcon.colcon_core.event_handler.log_command:Invoked command in '/home/user/vision_ws/build/zed_display_rviz2' returned '0': CMAKE_PREFIX_PATH=/home/user/vision_ws/install/zed_wrapper:/home/user/vision_ws/install/zed_components:/home/user/vision_ws/install/zed_ros2:/home/user/autorover_ws/install/zed_components:/home/user/autorover_ws/install/mavros_extras:/home/user/autorover_ws/install/mavros:/home/user/autorover_ws/install/mavros_msgs:/home/user/autorover_ws/install/libmavconn:/home/user/autorover_ws/install/autorover_bringup:/opt/ros/humble /usr/bin/cmake /home/user/vision_ws/src/zed-ros2-examples/zed_display_rviz2 -DCMAKE_BUILD_TYPE=Release -DAMENT_CMAKE_SYMLINK_INSTALL=1 -DCMAKE_INSTALL_PREFIX=/home/user/vision_ws/install/zed_display_rviz2
[74.382s] DEBUG:colcon.colcon_core.event_handler.log_command:Invoking command in '/home/user/vision_ws/build/zed_display_rviz2': CMAKE_PREFIX_PATH=/home/user/vision_ws/install/zed_wrapper:/home/user/vision_ws/install/zed_components:/home/user/vision_ws/install/zed_ros2:/home/user/autorover_ws/install/zed_components:/home/user/autorover_ws/install/mavros_extras:/home/user/autorover_ws/install/mavros:/home/user/autorover_ws/install/mavros_msgs:/home/user/autorover_ws/install/libmavconn:/home/user/autorover_ws/install/autorover_bringup:/opt/ros/humble /usr/bin/cmake --build /home/user/vision_ws/build/zed_display_rviz2 -- -j4 -l4
[74.481s] DEBUG:colcon.colcon_core.event_handler.log_command:Invoked command in '/home/user/vision_ws/build/zed_display_rviz2' returned '0': CMAKE_PREFIX_PATH=/home/user/vision_ws/install/zed_wrapper:/home/user/vision_ws/install/zed_components:/home/user/vision_ws/install/zed_ros2:/home/user/autorover_ws/install/zed_components:/home/user/autorover_ws/install/mavros_extras:/home/user/autorover_ws/install/mavros:/home/user/autorover_ws/install/mavros_msgs:/home/user/autorover_ws/install/libmavconn:/home/user/autorover_ws/install/autorover_bringup:/opt/ros/humble /usr/bin/cmake --build /home/user/vision_ws/build/zed_display_rviz2 -- -j4 -l4
[74.482s] DEBUG:colcon.colcon_core.event_handler.log_command:Invoking command in '/home/user/vision_ws/build/zed_display_rviz2': CMAKE_PREFIX_PATH=/home/user/vision_ws/install/zed_wrapper:/home/user/vision_ws/install/zed_components:/home/user/vision_ws/install/zed_ros2:/home/user/autorover_ws/install/zed_components:/home/user/autorover_ws/install/mavros_extras:/home/user/autorover_ws/install/mavros:/home/user/autorover_ws/install/mavros_msgs:/home/user/autorover_ws/install/libmavconn:/home/user/autorover_ws/install/autorover_bringup:/opt/ros/humble /usr/bin/cmake --install /home/user/vision_ws/build/zed_display_rviz2
[74.964s] Level 1:colcon.colcon_core.environment:create_environment_scripts_only(zed_display_rviz2)
[74.965s] Level 1:colcon.colcon_core.environment:checking '/home/user/vision_ws/install/zed_display_rviz2' for CMake module files
[74.966s] Level 1:colcon.colcon_core.environment:checking '/home/user/vision_ws/install/zed_display_rviz2' for CMake config files
[74.967s] Level 1:colcon.colcon_core.shell:create_environment_hook('zed_display_rviz2', 'cmake_prefix_path')
[74.968s] INFO:colcon.colcon_core.shell:Creating environment hook '/home/user/vision_ws/install/zed_display_rviz2/share/zed_display_rviz2/hook/cmake_prefix_path.ps1'
[74.970s] DEBUG:colcon.colcon_core.event_handler.log_command:Invoked command in '/home/user/vision_ws/build/zed_display_rviz2' returned '0': CMAKE_PREFIX_PATH=/home/user/vision_ws/install/zed_wrapper:/home/user/vision_ws/install/zed_components:/home/user/vision_ws/install/zed_ros2:/home/user/autorover_ws/install/zed_components:/home/user/autorover_ws/install/mavros_extras:/home/user/autorover_ws/install/mavros:/home/user/autorover_ws/install/mavros_msgs:/home/user/autorover_ws/install/libmavconn:/home/user/autorover_ws/install/autorover_bringup:/opt/ros/humble /usr/bin/cmake --install /home/user/vision_ws/build/zed_display_rviz2
[74.970s] INFO:colcon.colcon_core.shell:Creating environment descriptor '/home/user/vision_ws/install/zed_display_rviz2/share/zed_display_rviz2/hook/cmake_prefix_path.dsv'
[74.972s] INFO:colcon.colcon_core.shell:Creating environment hook '/home/user/vision_ws/install/zed_display_rviz2/share/zed_display_rviz2/hook/cmake_prefix_path.sh'
[74.973s] Level 1:colcon.colcon_core.environment:checking '/home/user/vision_ws/install/zed_display_rviz2/bin'
[74.973s] Level 1:colcon.colcon_core.environment:checking '/home/user/vision_ws/install/zed_display_rviz2/lib/pkgconfig/zed_display_rviz2.pc'
[74.974s] Level 1:colcon.colcon_core.environment:checking '/home/user/vision_ws/install/zed_display_rviz2/lib/python3.10/site-packages'
[74.974s] Level 1:colcon.colcon_core.environment:checking '/home/user/vision_ws/install/zed_display_rviz2/bin'
[74.975s] INFO:colcon.colcon_core.shell:Creating package script '/home/user/vision_ws/install/zed_display_rviz2/share/zed_display_rviz2/package.ps1'
[74.976s] INFO:colcon.colcon_core.shell:Creating package descriptor '/home/user/vision_ws/install/zed_display_rviz2/share/zed_display_rviz2/package.dsv'
[74.977s] INFO:colcon.colcon_core.shell:Creating package script '/home/user/vision_ws/install/zed_display_rviz2/share/zed_display_rviz2/package.sh'
[74.978s] INFO:colcon.colcon_core.shell:Creating package script '/home/user/vision_ws/install/zed_display_rviz2/share/zed_display_rviz2/package.bash'
[74.979s] INFO:colcon.colcon_core.shell:Creating package script '/home/user/vision_ws/install/zed_display_rviz2/share/zed_display_rviz2/package.zsh'
[74.980s] Level 1:colcon.colcon_core.environment:create_file_with_runtime_dependencies(/home/user/vision_ws/install/zed_display_rviz2/share/colcon-core/packages/zed_display_rviz2)
[74.981s] Level 1:colcon.colcon_core.environment:create_environment_scripts_only(zed_display_rviz2)
[74.982s] Level 1:colcon.colcon_core.environment:checking '/home/user/vision_ws/install/zed_display_rviz2' for CMake module files
[74.983s] Level 1:colcon.colcon_core.environment:checking '/home/user/vision_ws/install/zed_display_rviz2' for CMake config files
[74.984s] Level 1:colcon.colcon_core.shell:create_environment_hook('zed_display_rviz2', 'cmake_prefix_path')
[74.984s] INFO:colcon.colcon_core.shell:Creating environment hook '/home/user/vision_ws/install/zed_display_rviz2/share/zed_display_rviz2/hook/cmake_prefix_path.ps1'
[74.985s] INFO:colcon.colcon_core.shell:Creating environment descriptor '/home/user/vision_ws/install/zed_display_rviz2/share/zed_display_rviz2/hook/cmake_prefix_path.dsv'
[74.986s] INFO:colcon.colcon_core.shell:Creating environment hook '/home/user/vision_ws/install/zed_display_rviz2/share/zed_display_rviz2/hook/cmake_prefix_path.sh'
[74.987s] Level 1:colcon.colcon_core.environment:checking '/home/user/vision_ws/install/zed_display_rviz2/bin'
[74.987s] Level 1:colcon.colcon_core.environment:checking '/home/user/vision_ws/install/zed_display_rviz2/lib/pkgconfig/zed_display_rviz2.pc'
[74.988s] Level 1:colcon.colcon_core.environment:checking '/home/user/vision_ws/install/zed_display_rviz2/lib/python3.10/site-packages'
[74.988s] Level 1:colcon.colcon_core.environment:checking '/home/user/vision_ws/install/zed_display_rviz2/bin'
[74.989s] INFO:colcon.colcon_core.shell:Creating package script '/home/user/vision_ws/install/zed_display_rviz2/share/zed_display_rviz2/package.ps1'
[74.990s] INFO:colcon.colcon_core.shell:Creating package descriptor '/home/user/vision_ws/install/zed_display_rviz2/share/zed_display_rviz2/package.dsv'
[74.991s] INFO:colcon.colcon_core.shell:Creating package script '/home/user/vision_ws/install/zed_display_rviz2/share/zed_display_rviz2/package.sh'
[74.992s] INFO:colcon.colcon_core.shell:Creating package script '/home/user/vision_ws/install/zed_display_rviz2/share/zed_display_rviz2/package.bash'
[74.993s] INFO:colcon.colcon_core.shell:Creating package script '/home/user/vision_ws/install/zed_display_rviz2/share/zed_display_rviz2/package.zsh'
[74.994s] Level 1:colcon.colcon_core.environment:create_file_with_runtime_dependencies(/home/user/vision_ws/install/zed_display_rviz2/share/colcon-core/packages/zed_display_rviz2)
[74.996s] INFO:colcon.colcon_ros.task.ament_cmake.build:Building ROS package in '/home/user/vision_ws/src/zed-ros2-examples/tutorials/zed_robot_integration' with build type 'ament_cmake'
[74.998s] INFO:colcon.colcon_cmake.task.cmake.build:Building CMake package in '/home/user/vision_ws/src/zed-ros2-examples/tutorials/zed_robot_integration'
[74.998s] INFO:colcon.colcon_core.shell:Skip shell extension 'powershell' for command environment: Not usable outside of PowerShell
[74.998s] DEBUG:colcon.colcon_core.shell:Skip shell extension 'dsv' for command environment
[75.046s] DEBUG:colcon.colcon_core.event_handler.log_command:Invoking command in '/home/user/vision_ws/build/zed_robot_integration': CMAKE_PREFIX_PATH=/home/user/vision_ws/install/zed_wrapper:/home/user/vision_ws/install/zed_components:/home/user/vision_ws/install/zed_ros2:/home/user/autorover_ws/install/zed_components:/home/user/autorover_ws/install/mavros_extras:/home/user/autorover_ws/install/mavros:/home/user/autorover_ws/install/mavros_msgs:/home/user/autorover_ws/install/libmavconn:/home/user/autorover_ws/install/autorover_bringup:/opt/ros/humble /usr/bin/cmake /home/user/vision_ws/src/zed-ros2-examples/tutorials/zed_robot_integration -DCMAKE_BUILD_TYPE=Release -DAMENT_CMAKE_SYMLINK_INSTALL=1 -DCMAKE_INSTALL_PREFIX=/home/user/vision_ws/install/zed_robot_integration
[76.495s] DEBUG:colcon.colcon_core.event_handler.log_command:Invoked command in '/home/user/vision_ws/build/zed_robot_integration' returned '0': CMAKE_PREFIX_PATH=/home/user/vision_ws/install/zed_wrapper:/home/user/vision_ws/install/zed_components:/home/user/vision_ws/install/zed_ros2:/home/user/autorover_ws/install/zed_components:/home/user/autorover_ws/install/mavros_extras:/home/user/autorover_ws/install/mavros:/home/user/autorover_ws/install/mavros_msgs:/home/user/autorover_ws/install/libmavconn:/home/user/autorover_ws/install/autorover_bringup:/opt/ros/humble /usr/bin/cmake /home/user/vision_ws/src/zed-ros2-examples/tutorials/zed_robot_integration -DCMAKE_BUILD_TYPE=Release -DAMENT_CMAKE_SYMLINK_INSTALL=1 -DCMAKE_INSTALL_PREFIX=/home/user/vision_ws/install/zed_robot_integration
[76.496s] DEBUG:colcon.colcon_core.event_handler.log_command:Invoking command in '/home/user/vision_ws/build/zed_robot_integration': CMAKE_PREFIX_PATH=/home/user/vision_ws/install/zed_wrapper:/home/user/vision_ws/install/zed_components:/home/user/vision_ws/install/zed_ros2:/home/user/autorover_ws/install/zed_components:/home/user/autorover_ws/install/mavros_extras:/home/user/autorover_ws/install/mavros:/home/user/autorover_ws/install/mavros_msgs:/home/user/autorover_ws/install/libmavconn:/home/user/autorover_ws/install/autorover_bringup:/opt/ros/humble /usr/bin/cmake --build /home/user/vision_ws/build/zed_robot_integration -- -j4 -l4
[76.590s] DEBUG:colcon.colcon_core.event_handler.log_command:Invoked command in '/home/user/vision_ws/build/zed_robot_integration' returned '0': CMAKE_PREFIX_PATH=/home/user/vision_ws/install/zed_wrapper:/home/user/vision_ws/install/zed_components:/home/user/vision_ws/install/zed_ros2:/home/user/autorover_ws/install/zed_components:/home/user/autorover_ws/install/mavros_extras:/home/user/autorover_ws/install/mavros:/home/user/autorover_ws/install/mavros_msgs:/home/user/autorover_ws/install/libmavconn:/home/user/autorover_ws/install/autorover_bringup:/opt/ros/humble /usr/bin/cmake --build /home/user/vision_ws/build/zed_robot_integration -- -j4 -l4
[76.591s] DEBUG:colcon.colcon_core.event_handler.log_command:Invoking command in '/home/user/vision_ws/build/zed_robot_integration': CMAKE_PREFIX_PATH=/home/user/vision_ws/install/zed_wrapper:/home/user/vision_ws/install/zed_components:/home/user/vision_ws/install/zed_ros2:/home/user/autorover_ws/install/zed_components:/home/user/autorover_ws/install/mavros_extras:/home/user/autorover_ws/install/mavros:/home/user/autorover_ws/install/mavros_msgs:/home/user/autorover_ws/install/libmavconn:/home/user/autorover_ws/install/autorover_bringup:/opt/ros/humble /usr/bin/cmake --install /home/user/vision_ws/build/zed_robot_integration
[77.068s] Level 1:colcon.colcon_core.environment:create_environment_scripts_only(zed_robot_integration)
[77.069s] Level 1:colcon.colcon_core.environment:checking '/home/user/vision_ws/install/zed_robot_integration' for CMake module files
[77.070s] Level 1:colcon.colcon_core.environment:checking '/home/user/vision_ws/install/zed_robot_integration' for CMake config files
[77.071s] Level 1:colcon.colcon_core.shell:create_environment_hook('zed_robot_integration', 'cmake_prefix_path')
[77.071s] INFO:colcon.colcon_core.shell:Creating environment hook '/home/user/vision_ws/install/zed_robot_integration/share/zed_robot_integration/hook/cmake_prefix_path.ps1'
[77.073s] INFO:colcon.colcon_core.shell:Creating environment descriptor '/home/user/vision_ws/install/zed_robot_integration/share/zed_robot_integration/hook/cmake_prefix_path.dsv'
[77.074s] DEBUG:colcon.colcon_core.event_handler.log_command:Invoked command in '/home/user/vision_ws/build/zed_robot_integration' returned '0': CMAKE_PREFIX_PATH=/home/user/vision_ws/install/zed_wrapper:/home/user/vision_ws/install/zed_components:/home/user/vision_ws/install/zed_ros2:/home/user/autorover_ws/install/zed_components:/home/user/autorover_ws/install/mavros_extras:/home/user/autorover_ws/install/mavros:/home/user/autorover_ws/install/mavros_msgs:/home/user/autorover_ws/install/libmavconn:/home/user/autorover_ws/install/autorover_bringup:/opt/ros/humble /usr/bin/cmake --install /home/user/vision_ws/build/zed_robot_integration
[77.075s] INFO:colcon.colcon_core.shell:Creating environment hook '/home/user/vision_ws/install/zed_robot_integration/share/zed_robot_integration/hook/cmake_prefix_path.sh'
[77.077s] Level 1:colcon.colcon_core.environment:checking '/home/user/vision_ws/install/zed_robot_integration/bin'
[77.077s] Level 1:colcon.colcon_core.environment:checking '/home/user/vision_ws/install/zed_robot_integration/lib/pkgconfig/zed_robot_integration.pc'
[77.078s] Level 1:colcon.colcon_core.environment:checking '/home/user/vision_ws/install/zed_robot_integration/lib/python3.10/site-packages'
[77.078s] Level 1:colcon.colcon_core.environment:checking '/home/user/vision_ws/install/zed_robot_integration/bin'
[77.079s] INFO:colcon.colcon_core.shell:Creating package script '/home/user/vision_ws/install/zed_robot_integration/share/zed_robot_integration/package.ps1'
[77.080s] INFO:colcon.colcon_core.shell:Creating package descriptor '/home/user/vision_ws/install/zed_robot_integration/share/zed_robot_integration/package.dsv'
[77.081s] INFO:colcon.colcon_core.shell:Creating package script '/home/user/vision_ws/install/zed_robot_integration/share/zed_robot_integration/package.sh'
[77.082s] INFO:colcon.colcon_core.shell:Creating package script '/home/user/vision_ws/install/zed_robot_integration/share/zed_robot_integration/package.bash'
[77.083s] INFO:colcon.colcon_core.shell:Creating package script '/home/user/vision_ws/install/zed_robot_integration/share/zed_robot_integration/package.zsh'
[77.084s] Level 1:colcon.colcon_core.environment:create_file_with_runtime_dependencies(/home/user/vision_ws/install/zed_robot_integration/share/colcon-core/packages/zed_robot_integration)
[77.086s] Level 1:colcon.colcon_core.environment:create_environment_scripts_only(zed_robot_integration)
[77.087s] Level 1:colcon.colcon_core.environment:checking '/home/user/vision_ws/install/zed_robot_integration' for CMake module files
[77.088s] Level 1:colcon.colcon_core.environment:checking '/home/user/vision_ws/install/zed_robot_integration' for CMake config files
[77.089s] Level 1:colcon.colcon_core.shell:create_environment_hook('zed_robot_integration', 'cmake_prefix_path')
[77.090s] INFO:colcon.colcon_core.shell:Creating environment hook '/home/user/vision_ws/install/zed_robot_integration/share/zed_robot_integration/hook/cmake_prefix_path.ps1'
[77.091s] INFO:colcon.colcon_core.shell:Creating environment descriptor '/home/user/vision_ws/install/zed_robot_integration/share/zed_robot_integration/hook/cmake_prefix_path.dsv'
[77.092s] INFO:colcon.colcon_core.shell:Creating environment hook '/home/user/vision_ws/install/zed_robot_integration/share/zed_robot_integration/hook/cmake_prefix_path.sh'
[77.093s] Level 1:colcon.colcon_core.environment:checking '/home/user/vision_ws/install/zed_robot_integration/bin'
[77.094s] Level 1:colcon.colcon_core.environment:checking '/home/user/vision_ws/install/zed_robot_integration/lib/pkgconfig/zed_robot_integration.pc'
[77.094s] Level 1:colcon.colcon_core.environment:checking '/home/user/vision_ws/install/zed_robot_integration/lib/python3.10/site-packages'
[77.095s] Level 1:colcon.colcon_core.environment:checking '/home/user/vision_ws/install/zed_robot_integration/bin'
[77.095s] INFO:colcon.colcon_core.shell:Creating package script '/home/user/vision_ws/install/zed_robot_integration/share/zed_robot_integration/package.ps1'
[77.097s] INFO:colcon.colcon_core.shell:Creating package descriptor '/home/user/vision_ws/install/zed_robot_integration/share/zed_robot_integration/package.dsv'
[77.099s] INFO:colcon.colcon_core.shell:Creating package script '/home/user/vision_ws/install/zed_robot_integration/share/zed_robot_integration/package.sh'
[77.100s] INFO:colcon.colcon_core.shell:Creating package script '/home/user/vision_ws/install/zed_robot_integration/share/zed_robot_integration/package.bash'
[77.101s] INFO:colcon.colcon_core.shell:Creating package script '/home/user/vision_ws/install/zed_robot_integration/share/zed_robot_integration/package.zsh'
[77.102s] Level 1:colcon.colcon_core.environment:create_file_with_runtime_dependencies(/home/user/vision_ws/install/zed_robot_integration/share/colcon-core/packages/zed_robot_integration)
[77.104s] INFO:colcon.colcon_ros.task.ament_cmake.build:Building ROS package in '/home/user/vision_ws/src/zed-ros2-wrapper/zed_ros2' with build type 'ament_cmake'
[77.105s] INFO:colcon.colcon_cmake.task.cmake.build:Building CMake package in '/home/user/vision_ws/src/zed-ros2-wrapper/zed_ros2'
[77.106s] INFO:colcon.colcon_core.shell:Skip shell extension 'powershell' for command environment: Not usable outside of PowerShell
[77.106s] DEBUG:colcon.colcon_core.shell:Skip shell extension 'dsv' for command environment
[77.143s] DEBUG:colcon.colcon_core.event_handler.log_command:Invoking command in '/home/user/vision_ws/build/zed_ros2': CMAKE_PREFIX_PATH=/home/user/vision_ws/install/zed_wrapper:/home/user/vision_ws/install/zed_components:/home/user/vision_ws/install/zed_ros2:/home/user/autorover_ws/install/zed_components:/home/user/autorover_ws/install/mavros_extras:/home/user/autorover_ws/install/mavros:/home/user/autorover_ws/install/mavros_msgs:/home/user/autorover_ws/install/libmavconn:/home/user/autorover_ws/install/autorover_bringup:/opt/ros/humble /usr/bin/cmake --build /home/user/vision_ws/build/zed_ros2 -- -j4 -l4
[77.238s] DEBUG:colcon.colcon_core.event_handler.log_command:Invoked command in '/home/user/vision_ws/build/zed_ros2' returned '0': CMAKE_PREFIX_PATH=/home/user/vision_ws/install/zed_wrapper:/home/user/vision_ws/install/zed_components:/home/user/vision_ws/install/zed_ros2:/home/user/autorover_ws/install/zed_components:/home/user/autorover_ws/install/mavros_extras:/home/user/autorover_ws/install/mavros:/home/user/autorover_ws/install/mavros_msgs:/home/user/autorover_ws/install/libmavconn:/home/user/autorover_ws/install/autorover_bringup:/opt/ros/humble /usr/bin/cmake --build /home/user/vision_ws/build/zed_ros2 -- -j4 -l4
[77.239s] DEBUG:colcon.colcon_core.event_handler.log_command:Invoking command in '/home/user/vision_ws/build/zed_ros2': CMAKE_PREFIX_PATH=/home/user/vision_ws/install/zed_wrapper:/home/user/vision_ws/install/zed_components:/home/user/vision_ws/install/zed_ros2:/home/user/autorover_ws/install/zed_components:/home/user/autorover_ws/install/mavros_extras:/home/user/autorover_ws/install/mavros:/home/user/autorover_ws/install/mavros_msgs:/home/user/autorover_ws/install/libmavconn:/home/user/autorover_ws/install/autorover_bringup:/opt/ros/humble /usr/bin/cmake --install /home/user/vision_ws/build/zed_ros2
[77.289s] Level 1:colcon.colcon_core.environment:create_environment_scripts_only(zed_ros2)
[77.290s] Level 1:colcon.colcon_core.environment:checking '/home/user/vision_ws/install/zed_ros2' for CMake module files
[77.291s] Level 1:colcon.colcon_core.environment:checking '/home/user/vision_ws/install/zed_ros2' for CMake config files
[77.292s] Level 1:colcon.colcon_core.shell:create_environment_hook('zed_ros2', 'cmake_prefix_path')
[77.292s] INFO:colcon.colcon_core.shell:Creating environment hook '/home/user/vision_ws/install/zed_ros2/share/zed_ros2/hook/cmake_prefix_path.ps1'
[77.294s] INFO:colcon.colcon_core.shell:Creating environment descriptor '/home/user/vision_ws/install/zed_ros2/share/zed_ros2/hook/cmake_prefix_path.dsv'
[77.295s] INFO:colcon.colcon_core.shell:Creating environment hook '/home/user/vision_ws/install/zed_ros2/share/zed_ros2/hook/cmake_prefix_path.sh'
[77.296s] Level 1:colcon.colcon_core.environment:checking '/home/user/vision_ws/install/zed_ros2/bin'
[77.297s] Level 1:colcon.colcon_core.environment:checking '/home/user/vision_ws/install/zed_ros2/lib/pkgconfig/zed_ros2.pc'
[77.297s] Level 1:colcon.colcon_core.environment:checking '/home/user/vision_ws/install/zed_ros2/lib/python3.10/site-packages'
[77.298s] Level 1:colcon.colcon_core.environment:checking '/home/user/vision_ws/install/zed_ros2/bin'
[77.298s] INFO:colcon.colcon_core.shell:Creating package script '/home/user/vision_ws/install/zed_ros2/share/zed_ros2/package.ps1'
[77.300s] INFO:colcon.colcon_core.shell:Creating package descriptor '/home/user/vision_ws/install/zed_ros2/share/zed_ros2/package.dsv'
[77.301s] INFO:colcon.colcon_core.shell:Creating package script '/home/user/vision_ws/install/zed_ros2/share/zed_ros2/package.sh'
[77.302s] DEBUG:colcon.colcon_core.event_handler.log_command:Invoked command in '/home/user/vision_ws/build/zed_ros2' returned '0': CMAKE_PREFIX_PATH=/home/user/vision_ws/install/zed_wrapper:/home/user/vision_ws/install/zed_components:/home/user/vision_ws/install/zed_ros2:/home/user/autorover_ws/install/zed_components:/home/user/autorover_ws/install/mavros_extras:/home/user/autorover_ws/install/mavros:/home/user/autorover_ws/install/mavros_msgs:/home/user/autorover_ws/install/libmavconn:/home/user/autorover_ws/install/autorover_bringup:/opt/ros/humble /usr/bin/cmake --install /home/user/vision_ws/build/zed_ros2
[77.303s] INFO:colcon.colcon_core.shell:Creating package script '/home/user/vision_ws/install/zed_ros2/share/zed_ros2/package.bash'
[77.304s] INFO:colcon.colcon_core.shell:Creating package script '/home/user/vision_ws/install/zed_ros2/share/zed_ros2/package.zsh'
[77.305s] Level 1:colcon.colcon_core.environment:create_file_with_runtime_dependencies(/home/user/vision_ws/install/zed_ros2/share/colcon-core/packages/zed_ros2)
[77.307s] Level 1:colcon.colcon_core.environment:create_environment_scripts_only(zed_ros2)
[77.307s] Level 1:colcon.colcon_core.environment:checking '/home/user/vision_ws/install/zed_ros2' for CMake module files
[77.308s] Level 1:colcon.colcon_core.environment:checking '/home/user/vision_ws/install/zed_ros2' for CMake config files
[77.309s] Level 1:colcon.colcon_core.shell:create_environment_hook('zed_ros2', 'cmake_prefix_path')
[77.309s] INFO:colcon.colcon_core.shell:Creating environment hook '/home/user/vision_ws/install/zed_ros2/share/zed_ros2/hook/cmake_prefix_path.ps1'
[77.332s] INFO:colcon.colcon_core.shell:Creating environment descriptor '/home/user/vision_ws/install/zed_ros2/share/zed_ros2/hook/cmake_prefix_path.dsv'
[77.333s] INFO:colcon.colcon_core.shell:Creating environment hook '/home/user/vision_ws/install/zed_ros2/share/zed_ros2/hook/cmake_prefix_path.sh'
[77.335s] Level 1:colcon.colcon_core.environment:checking '/home/user/vision_ws/install/zed_ros2/bin'
[77.335s] Level 1:colcon.colcon_core.environment:checking '/home/user/vision_ws/install/zed_ros2/lib/pkgconfig/zed_ros2.pc'
[77.336s] Level 1:colcon.colcon_core.environment:checking '/home/user/vision_ws/install/zed_ros2/lib/python3.10/site-packages'
[77.336s] Level 1:colcon.colcon_core.environment:checking '/home/user/vision_ws/install/zed_ros2/bin'
[77.337s] INFO:colcon.colcon_core.shell:Creating package script '/home/user/vision_ws/install/zed_ros2/share/zed_ros2/package.ps1'
[77.339s] INFO:colcon.colcon_core.shell:Creating package descriptor '/home/user/vision_ws/install/zed_ros2/share/zed_ros2/package.dsv'
[77.343s] INFO:colcon.colcon_core.shell:Creating package script '/home/user/vision_ws/install/zed_ros2/share/zed_ros2/package.sh'
[77.346s] INFO:colcon.colcon_core.shell:Creating package script '/home/user/vision_ws/install/zed_ros2/share/zed_ros2/package.bash'
[77.347s] INFO:colcon.colcon_core.shell:Creating package script '/home/user/vision_ws/install/zed_ros2/share/zed_ros2/package.zsh'
[77.349s] Level 1:colcon.colcon_core.environment:create_file_with_runtime_dependencies(/home/user/vision_ws/install/zed_ros2/share/colcon-core/packages/zed_ros2)
[77.355s] INFO:colcon.colcon_ros.task.ament_cmake.build:Building ROS package in '/home/user/vision_ws/src/zed-ros2-examples/tools/zed_benchmark' with build type 'ament_cmake'
[77.356s] INFO:colcon.colcon_cmake.task.cmake.build:Building CMake package in '/home/user/vision_ws/src/zed-ros2-examples/tools/zed_benchmark'
[77.356s] INFO:colcon.colcon_core.shell:Skip shell extension 'powershell' for command environment: Not usable outside of PowerShell
[77.356s] DEBUG:colcon.colcon_core.shell:Skip shell extension 'dsv' for command environment
[77.397s] DEBUG:colcon.colcon_core.event_handler.log_command:Invoking command in '/home/user/vision_ws/build/zed_topic_benchmark': AMENT_PREFIX_PATH=/home/user/vision_ws/install/zed_topic_benchmark_component:/home/user/vision_ws/install/zed_topic_benchmark_interfaces:${AMENT_PREFIX_PATH} CMAKE_PREFIX_PATH=/home/user/vision_ws/install/zed_topic_benchmark_component:/home/user/vision_ws/install/zed_topic_benchmark_interfaces:/home/user/vision_ws/install/zed_ros2:/home/user/vision_ws/install/zed_wrapper:/home/user/vision_ws/install/zed_components:/home/user/autorover_ws/install/zed_components:/home/user/autorover_ws/install/mavros_extras:/home/user/autorover_ws/install/mavros:/home/user/autorover_ws/install/mavros_msgs:/home/user/autorover_ws/install/libmavconn:/home/user/autorover_ws/install/autorover_bringup:/opt/ros/humble LD_LIBRARY_PATH=/home/user/vision_ws/install/zed_topic_benchmark_component/lib:/home/user/vision_ws/install/zed_topic_benchmark_interfaces/lib:${LD_LIBRARY_PATH} PYTHONPATH=/home/user/vision_ws/install/zed_topic_benchmark_interfaces/local/lib/python3.10/dist-packages:${PYTHONPATH} /usr/bin/cmake /home/user/vision_ws/src/zed-ros2-examples/tools/zed_benchmark -DCMAKE_BUILD_TYPE=Release -DAMENT_CMAKE_SYMLINK_INSTALL=1 -DCMAKE_INSTALL_PREFIX=/home/user/vision_ws/install/zed_topic_benchmark
[80.615s] DEBUG:colcon.colcon_core.event_handler.log_command:Invoked command in '/home/user/vision_ws/build/zed_topic_benchmark' returned '0': AMENT_PREFIX_PATH=/home/user/vision_ws/install/zed_topic_benchmark_component:/home/user/vision_ws/install/zed_topic_benchmark_interfaces:${AMENT_PREFIX_PATH} CMAKE_PREFIX_PATH=/home/user/vision_ws/install/zed_topic_benchmark_component:/home/user/vision_ws/install/zed_topic_benchmark_interfaces:/home/user/vision_ws/install/zed_ros2:/home/user/vision_ws/install/zed_wrapper:/home/user/vision_ws/install/zed_components:/home/user/autorover_ws/install/zed_components:/home/user/autorover_ws/install/mavros_extras:/home/user/autorover_ws/install/mavros:/home/user/autorover_ws/install/mavros_msgs:/home/user/autorover_ws/install/libmavconn:/home/user/autorover_ws/install/autorover_bringup:/opt/ros/humble LD_LIBRARY_PATH=/home/user/vision_ws/install/zed_topic_benchmark_component/lib:/home/user/vision_ws/install/zed_topic_benchmark_interfaces/lib:${LD_LIBRARY_PATH} PYTHONPATH=/home/user/vision_ws/install/zed_topic_benchmark_interfaces/local/lib/python3.10/dist-packages:${PYTHONPATH} /usr/bin/cmake /home/user/vision_ws/src/zed-ros2-examples/tools/zed_benchmark -DCMAKE_BUILD_TYPE=Release -DAMENT_CMAKE_SYMLINK_INSTALL=1 -DCMAKE_INSTALL_PREFIX=/home/user/vision_ws/install/zed_topic_benchmark
[80.616s] DEBUG:colcon.colcon_core.event_handler.log_command:Invoking command in '/home/user/vision_ws/build/zed_topic_benchmark': AMENT_PREFIX_PATH=/home/user/vision_ws/install/zed_topic_benchmark_component:/home/user/vision_ws/install/zed_topic_benchmark_interfaces:${AMENT_PREFIX_PATH} CMAKE_PREFIX_PATH=/home/user/vision_ws/install/zed_topic_benchmark_component:/home/user/vision_ws/install/zed_topic_benchmark_interfaces:/home/user/vision_ws/install/zed_ros2:/home/user/vision_ws/install/zed_wrapper:/home/user/vision_ws/install/zed_components:/home/user/autorover_ws/install/zed_components:/home/user/autorover_ws/install/mavros_extras:/home/user/autorover_ws/install/mavros:/home/user/autorover_ws/install/mavros_msgs:/home/user/autorover_ws/install/libmavconn:/home/user/autorover_ws/install/autorover_bringup:/opt/ros/humble LD_LIBRARY_PATH=/home/user/vision_ws/install/zed_topic_benchmark_component/lib:/home/user/vision_ws/install/zed_topic_benchmark_interfaces/lib:${LD_LIBRARY_PATH} PYTHONPATH=/home/user/vision_ws/install/zed_topic_benchmark_interfaces/local/lib/python3.10/dist-packages:${PYTHONPATH} /usr/bin/cmake --build /home/user/vision_ws/build/zed_topic_benchmark -- -j4 -l4
[82.362s] DEBUG:colcon.colcon_core.event_handler.log_command:Invoked command in '/home/user/vision_ws/build/zed_tutorial_video' returned '0': CMAKE_PREFIX_PATH=${CMAKE_PREFIX_PATH}:/home/user/autorover_ws/install/autorover_bringup:/opt/ros/humble /usr/bin/cmake --build /home/user/vision_ws/build/zed_tutorial_video -- -j4 -l4
[82.363s] DEBUG:colcon.colcon_core.event_handler.log_command:Invoking command in '/home/user/vision_ws/build/zed_tutorial_video': CMAKE_PREFIX_PATH=${CMAKE_PREFIX_PATH}:/home/user/autorover_ws/install/autorover_bringup:/opt/ros/humble /usr/bin/cmake --install /home/user/vision_ws/build/zed_tutorial_video
[82.762s] Level 1:colcon.colcon_core.environment:create_environment_scripts_only(zed_tutorial_video)
[82.763s] Level 1:colcon.colcon_core.environment:checking '/home/user/vision_ws/install/zed_tutorial_video' for CMake module files
[82.764s] Level 1:colcon.colcon_core.environment:checking '/home/user/vision_ws/install/zed_tutorial_video' for CMake config files
[82.764s] Level 1:colcon.colcon_core.shell:create_environment_hook('zed_tutorial_video', 'cmake_prefix_path')
[82.765s] INFO:colcon.colcon_core.shell:Creating environment hook '/home/user/vision_ws/install/zed_tutorial_video/share/zed_tutorial_video/hook/cmake_prefix_path.ps1'
[82.766s] DEBUG:colcon.colcon_core.event_handler.log_command:Invoked command in '/home/user/vision_ws/build/zed_tutorial_video' returned '0': CMAKE_PREFIX_PATH=${CMAKE_PREFIX_PATH}:/home/user/autorover_ws/install/autorover_bringup:/opt/ros/humble /usr/bin/cmake --install /home/user/vision_ws/build/zed_tutorial_video
[82.767s] INFO:colcon.colcon_core.shell:Creating environment descriptor '/home/user/vision_ws/install/zed_tutorial_video/share/zed_tutorial_video/hook/cmake_prefix_path.dsv'
[82.768s] INFO:colcon.colcon_core.shell:Creating environment hook '/home/user/vision_ws/install/zed_tutorial_video/share/zed_tutorial_video/hook/cmake_prefix_path.sh'
[82.770s] Level 1:colcon.colcon_core.environment:checking '/home/user/vision_ws/install/zed_tutorial_video/lib'
[82.770s] Level 1:colcon.colcon_core.environment:checking '/home/user/vision_ws/install/zed_tutorial_video/bin'
[82.770s] Level 1:colcon.colcon_core.environment:checking '/home/user/vision_ws/install/zed_tutorial_video/lib/pkgconfig/zed_tutorial_video.pc'
[82.771s] Level 1:colcon.colcon_core.environment:checking '/home/user/vision_ws/install/zed_tutorial_video/lib/python3.10/site-packages'
[82.771s] Level 1:colcon.colcon_core.environment:checking '/home/user/vision_ws/install/zed_tutorial_video/bin'
[82.772s] INFO:colcon.colcon_core.shell:Creating package script '/home/user/vision_ws/install/zed_tutorial_video/share/zed_tutorial_video/package.ps1'
[82.773s] INFO:colcon.colcon_core.shell:Creating package descriptor '/home/user/vision_ws/install/zed_tutorial_video/share/zed_tutorial_video/package.dsv'
[82.774s] INFO:colcon.colcon_core.shell:Creating package script '/home/user/vision_ws/install/zed_tutorial_video/share/zed_tutorial_video/package.sh'
[82.775s] INFO:colcon.colcon_core.shell:Creating package script '/home/user/vision_ws/install/zed_tutorial_video/share/zed_tutorial_video/package.bash'
[82.776s] INFO:colcon.colcon_core.shell:Creating package script '/home/user/vision_ws/install/zed_tutorial_video/share/zed_tutorial_video/package.zsh'
[82.777s] Level 1:colcon.colcon_core.environment:create_file_with_runtime_dependencies(/home/user/vision_ws/install/zed_tutorial_video/share/colcon-core/packages/zed_tutorial_video)
[82.779s] Level 1:colcon.colcon_core.environment:create_environment_scripts_only(zed_tutorial_video)
[82.779s] Level 1:colcon.colcon_core.environment:checking '/home/user/vision_ws/install/zed_tutorial_video' for CMake module files
[82.780s] Level 1:colcon.colcon_core.environment:checking '/home/user/vision_ws/install/zed_tutorial_video' for CMake config files
[82.781s] Level 1:colcon.colcon_core.shell:create_environment_hook('zed_tutorial_video', 'cmake_prefix_path')
[82.781s] INFO:colcon.colcon_core.shell:Creating environment hook '/home/user/vision_ws/install/zed_tutorial_video/share/zed_tutorial_video/hook/cmake_prefix_path.ps1'
[82.783s] INFO:colcon.colcon_core.shell:Creating environment descriptor '/home/user/vision_ws/install/zed_tutorial_video/share/zed_tutorial_video/hook/cmake_prefix_path.dsv'
[82.784s] INFO:colcon.colcon_core.shell:Creating environment hook '/home/user/vision_ws/install/zed_tutorial_video/share/zed_tutorial_video/hook/cmake_prefix_path.sh'
[82.785s] Level 1:colcon.colcon_core.environment:checking '/home/user/vision_ws/install/zed_tutorial_video/lib'
[82.786s] Level 1:colcon.colcon_core.environment:checking '/home/user/vision_ws/install/zed_tutorial_video/bin'
[82.786s] Level 1:colcon.colcon_core.environment:checking '/home/user/vision_ws/install/zed_tutorial_video/lib/pkgconfig/zed_tutorial_video.pc'
[82.786s] Level 1:colcon.colcon_core.environment:checking '/home/user/vision_ws/install/zed_tutorial_video/lib/python3.10/site-packages'
[82.787s] Level 1:colcon.colcon_core.environment:checking '/home/user/vision_ws/install/zed_tutorial_video/bin'
[82.787s] INFO:colcon.colcon_core.shell:Creating package script '/home/user/vision_ws/install/zed_tutorial_video/share/zed_tutorial_video/package.ps1'
[82.788s] INFO:colcon.colcon_core.shell:Creating package descriptor '/home/user/vision_ws/install/zed_tutorial_video/share/zed_tutorial_video/package.dsv'
[82.790s] INFO:colcon.colcon_core.shell:Creating package script '/home/user/vision_ws/install/zed_tutorial_video/share/zed_tutorial_video/package.sh'
[82.791s] INFO:colcon.colcon_core.shell:Creating package script '/home/user/vision_ws/install/zed_tutorial_video/share/zed_tutorial_video/package.bash'
[82.792s] INFO:colcon.colcon_core.shell:Creating package script '/home/user/vision_ws/install/zed_tutorial_video/share/zed_tutorial_video/package.zsh'
[82.792s] Level 1:colcon.colcon_core.environment:create_file_with_runtime_dependencies(/home/user/vision_ws/install/zed_tutorial_video/share/colcon-core/packages/zed_tutorial_video)
[82.795s] INFO:colcon.colcon_ros.task.ament_cmake.build:Building ROS package in '/home/user/vision_ws/src/zed-ros2-examples/tutorials/zed_ipc' with build type 'ament_cmake'
[82.796s] INFO:colcon.colcon_cmake.task.cmake.build:Building CMake package in '/home/user/vision_ws/src/zed-ros2-examples/tutorials/zed_ipc'
[82.796s] INFO:colcon.colcon_core.shell:Skip shell extension 'powershell' for command environment: Not usable outside of PowerShell
[82.796s] DEBUG:colcon.colcon_core.shell:Skip shell extension 'dsv' for command environment
[82.830s] DEBUG:colcon.colcon_core.event_handler.log_command:Invoking command in '/home/user/vision_ws/build/zed_ipc': AMENT_PREFIX_PATH=/home/user/vision_ws/install/zed_multi_camera:${AMENT_PREFIX_PATH} CMAKE_PREFIX_PATH=/home/user/vision_ws/install/zed_multi_camera:/home/user/vision_ws/install/zed_wrapper:/home/user/vision_ws/install/zed_components:/home/user/vision_ws/install/zed_ros2:/home/user/autorover_ws/install/zed_components:/home/user/autorover_ws/install/mavros_extras:/home/user/autorover_ws/install/mavros:/home/user/autorover_ws/install/mavros_msgs:/home/user/autorover_ws/install/libmavconn:/home/user/autorover_ws/install/autorover_bringup:/opt/ros/humble /usr/bin/cmake /home/user/vision_ws/src/zed-ros2-examples/tutorials/zed_ipc -DCMAKE_BUILD_TYPE=Release -DAMENT_CMAKE_SYMLINK_INSTALL=1 -DCMAKE_INSTALL_PREFIX=/home/user/vision_ws/install/zed_ipc
[86.282s] DEBUG:colcon.colcon_core.event_handler.log_command:Invoked command in '/home/user/vision_ws/build/zed_ipc' returned '0': AMENT_PREFIX_PATH=/home/user/vision_ws/install/zed_multi_camera:${AMENT_PREFIX_PATH} CMAKE_PREFIX_PATH=/home/user/vision_ws/install/zed_multi_camera:/home/user/vision_ws/install/zed_wrapper:/home/user/vision_ws/install/zed_components:/home/user/vision_ws/install/zed_ros2:/home/user/autorover_ws/install/zed_components:/home/user/autorover_ws/install/mavros_extras:/home/user/autorover_ws/install/mavros:/home/user/autorover_ws/install/mavros_msgs:/home/user/autorover_ws/install/libmavconn:/home/user/autorover_ws/install/autorover_bringup:/opt/ros/humble /usr/bin/cmake /home/user/vision_ws/src/zed-ros2-examples/tutorials/zed_ipc -DCMAKE_BUILD_TYPE=Release -DAMENT_CMAKE_SYMLINK_INSTALL=1 -DCMAKE_INSTALL_PREFIX=/home/user/vision_ws/install/zed_ipc
[86.283s] DEBUG:colcon.colcon_core.event_handler.log_command:Invoking command in '/home/user/vision_ws/build/zed_ipc': AMENT_PREFIX_PATH=/home/user/vision_ws/install/zed_multi_camera:${AMENT_PREFIX_PATH} CMAKE_PREFIX_PATH=/home/user/vision_ws/install/zed_multi_camera:/home/user/vision_ws/install/zed_wrapper:/home/user/vision_ws/install/zed_components:/home/user/vision_ws/install/zed_ros2:/home/user/autorover_ws/install/zed_components:/home/user/autorover_ws/install/mavros_extras:/home/user/autorover_ws/install/mavros:/home/user/autorover_ws/install/mavros_msgs:/home/user/autorover_ws/install/libmavconn:/home/user/autorover_ws/install/autorover_bringup:/opt/ros/humble /usr/bin/cmake --build /home/user/vision_ws/build/zed_ipc -- -j4 -l4
[89.329s] DEBUG:colcon.colcon_core.event_handler.log_command:Invoked command in '/home/user/vision_ws/build/zed_topic_benchmark' returned '0': AMENT_PREFIX_PATH=/home/user/vision_ws/install/zed_topic_benchmark_component:/home/user/vision_ws/install/zed_topic_benchmark_interfaces:${AMENT_PREFIX_PATH} CMAKE_PREFIX_PATH=/home/user/vision_ws/install/zed_topic_benchmark_component:/home/user/vision_ws/install/zed_topic_benchmark_interfaces:/home/user/vision_ws/install/zed_ros2:/home/user/vision_ws/install/zed_wrapper:/home/user/vision_ws/install/zed_components:/home/user/autorover_ws/install/zed_components:/home/user/autorover_ws/install/mavros_extras:/home/user/autorover_ws/install/mavros:/home/user/autorover_ws/install/mavros_msgs:/home/user/autorover_ws/install/libmavconn:/home/user/autorover_ws/install/autorover_bringup:/opt/ros/humble LD_LIBRARY_PATH=/home/user/vision_ws/install/zed_topic_benchmark_component/lib:/home/user/vision_ws/install/zed_topic_benchmark_interfaces/lib:${LD_LIBRARY_PATH} PYTHONPATH=/home/user/vision_ws/install/zed_topic_benchmark_interfaces/local/lib/python3.10/dist-packages:${PYTHONPATH} /usr/bin/cmake --build /home/user/vision_ws/build/zed_topic_benchmark -- -j4 -l4
[89.330s] DEBUG:colcon.colcon_core.event_handler.log_command:Invoking command in '/home/user/vision_ws/build/zed_topic_benchmark': AMENT_PREFIX_PATH=/home/user/vision_ws/install/zed_topic_benchmark_component:/home/user/vision_ws/install/zed_topic_benchmark_interfaces:${AMENT_PREFIX_PATH} CMAKE_PREFIX_PATH=/home/user/vision_ws/install/zed_topic_benchmark_component:/home/user/vision_ws/install/zed_topic_benchmark_interfaces:/home/user/vision_ws/install/zed_ros2:/home/user/vision_ws/install/zed_wrapper:/home/user/vision_ws/install/zed_components:/home/user/autorover_ws/install/zed_components:/home/user/autorover_ws/install/mavros_extras:/home/user/autorover_ws/install/mavros:/home/user/autorover_ws/install/mavros_msgs:/home/user/autorover_ws/install/libmavconn:/home/user/autorover_ws/install/autorover_bringup:/opt/ros/humble LD_LIBRARY_PATH=/home/user/vision_ws/install/zed_topic_benchmark_component/lib:/home/user/vision_ws/install/zed_topic_benchmark_interfaces/lib:${LD_LIBRARY_PATH} PYTHONPATH=/home/user/vision_ws/install/zed_topic_benchmark_interfaces/local/lib/python3.10/dist-packages:${PYTHONPATH} /usr/bin/cmake --install /home/user/vision_ws/build/zed_topic_benchmark
[89.722s] Level 1:colcon.colcon_core.environment:create_environment_scripts_only(zed_topic_benchmark)
[89.723s] Level 1:colcon.colcon_core.environment:checking '/home/user/vision_ws/install/zed_topic_benchmark' for CMake module files
[89.724s] Level 1:colcon.colcon_core.environment:checking '/home/user/vision_ws/install/zed_topic_benchmark' for CMake config files
[89.726s] DEBUG:colcon.colcon_core.event_handler.log_command:Invoked command in '/home/user/vision_ws/build/zed_topic_benchmark' returned '0': AMENT_PREFIX_PATH=/home/user/vision_ws/install/zed_topic_benchmark_component:/home/user/vision_ws/install/zed_topic_benchmark_interfaces:${AMENT_PREFIX_PATH} CMAKE_PREFIX_PATH=/home/user/vision_ws/install/zed_topic_benchmark_component:/home/user/vision_ws/install/zed_topic_benchmark_interfaces:/home/user/vision_ws/install/zed_ros2:/home/user/vision_ws/install/zed_wrapper:/home/user/vision_ws/install/zed_components:/home/user/autorover_ws/install/zed_components:/home/user/autorover_ws/install/mavros_extras:/home/user/autorover_ws/install/mavros:/home/user/autorover_ws/install/mavros_msgs:/home/user/autorover_ws/install/libmavconn:/home/user/autorover_ws/install/autorover_bringup:/opt/ros/humble LD_LIBRARY_PATH=/home/user/vision_ws/install/zed_topic_benchmark_component/lib:/home/user/vision_ws/install/zed_topic_benchmark_interfaces/lib:${LD_LIBRARY_PATH} PYTHONPATH=/home/user/vision_ws/install/zed_topic_benchmark_interfaces/local/lib/python3.10/dist-packages:${PYTHONPATH} /usr/bin/cmake --install /home/user/vision_ws/build/zed_topic_benchmark
[89.726s] Level 1:colcon.colcon_core.shell:create_environment_hook('zed_topic_benchmark', 'cmake_prefix_path')
[89.727s] INFO:colcon.colcon_core.shell:Creating environment hook '/home/user/vision_ws/install/zed_topic_benchmark/share/zed_topic_benchmark/hook/cmake_prefix_path.ps1'
[89.729s] INFO:colcon.colcon_core.shell:Creating environment descriptor '/home/user/vision_ws/install/zed_topic_benchmark/share/zed_topic_benchmark/hook/cmake_prefix_path.dsv'
[89.730s] INFO:colcon.colcon_core.shell:Creating environment hook '/home/user/vision_ws/install/zed_topic_benchmark/share/zed_topic_benchmark/hook/cmake_prefix_path.sh'
[89.731s] Level 1:colcon.colcon_core.environment:checking '/home/user/vision_ws/install/zed_topic_benchmark/lib'
[89.732s] Level 1:colcon.colcon_core.environment:checking '/home/user/vision_ws/install/zed_topic_benchmark/bin'
[89.732s] Level 1:colcon.colcon_core.environment:checking '/home/user/vision_ws/install/zed_topic_benchmark/lib/pkgconfig/zed_topic_benchmark.pc'
[89.732s] Level 1:colcon.colcon_core.environment:checking '/home/user/vision_ws/install/zed_topic_benchmark/lib/python3.10/site-packages'
[89.733s] Level 1:colcon.colcon_core.environment:checking '/home/user/vision_ws/install/zed_topic_benchmark/bin'
[89.734s] INFO:colcon.colcon_core.shell:Creating package script '/home/user/vision_ws/install/zed_topic_benchmark/share/zed_topic_benchmark/package.ps1'
[89.735s] INFO:colcon.colcon_core.shell:Creating package descriptor '/home/user/vision_ws/install/zed_topic_benchmark/share/zed_topic_benchmark/package.dsv'
[89.736s] INFO:colcon.colcon_core.shell:Creating package script '/home/user/vision_ws/install/zed_topic_benchmark/share/zed_topic_benchmark/package.sh'
[89.737s] INFO:colcon.colcon_core.shell:Creating package script '/home/user/vision_ws/install/zed_topic_benchmark/share/zed_topic_benchmark/package.bash'
[89.738s] INFO:colcon.colcon_core.shell:Creating package script '/home/user/vision_ws/install/zed_topic_benchmark/share/zed_topic_benchmark/package.zsh'
[89.739s] Level 1:colcon.colcon_core.environment:create_file_with_runtime_dependencies(/home/user/vision_ws/install/zed_topic_benchmark/share/colcon-core/packages/zed_topic_benchmark)
[89.740s] Level 1:colcon.colcon_core.environment:create_environment_scripts_only(zed_topic_benchmark)
[89.741s] Level 1:colcon.colcon_core.environment:checking '/home/user/vision_ws/install/zed_topic_benchmark' for CMake module files
[89.742s] Level 1:colcon.colcon_core.environment:checking '/home/user/vision_ws/install/zed_topic_benchmark' for CMake config files
[89.743s] Level 1:colcon.colcon_core.shell:create_environment_hook('zed_topic_benchmark', 'cmake_prefix_path')
[89.743s] INFO:colcon.colcon_core.shell:Creating environment hook '/home/user/vision_ws/install/zed_topic_benchmark/share/zed_topic_benchmark/hook/cmake_prefix_path.ps1'
[89.744s] INFO:colcon.colcon_core.shell:Creating environment descriptor '/home/user/vision_ws/install/zed_topic_benchmark/share/zed_topic_benchmark/hook/cmake_prefix_path.dsv'
[89.745s] INFO:colcon.colcon_core.shell:Creating environment hook '/home/user/vision_ws/install/zed_topic_benchmark/share/zed_topic_benchmark/hook/cmake_prefix_path.sh'
[89.747s] Level 1:colcon.colcon_core.environment:checking '/home/user/vision_ws/install/zed_topic_benchmark/lib'
[89.747s] Level 1:colcon.colcon_core.environment:checking '/home/user/vision_ws/install/zed_topic_benchmark/bin'
[89.747s] Level 1:colcon.colcon_core.environment:checking '/home/user/vision_ws/install/zed_topic_benchmark/lib/pkgconfig/zed_topic_benchmark.pc'
[89.748s] Level 1:colcon.colcon_core.environment:checking '/home/user/vision_ws/install/zed_topic_benchmark/lib/python3.10/site-packages'
[89.748s] Level 1:colcon.colcon_core.environment:checking '/home/user/vision_ws/install/zed_topic_benchmark/bin'
[89.749s] INFO:colcon.colcon_core.shell:Creating package script '/home/user/vision_ws/install/zed_topic_benchmark/share/zed_topic_benchmark/package.ps1'
[89.751s] INFO:colcon.colcon_core.shell:Creating package descriptor '/home/user/vision_ws/install/zed_topic_benchmark/share/zed_topic_benchmark/package.dsv'
[89.752s] INFO:colcon.colcon_core.shell:Creating package script '/home/user/vision_ws/install/zed_topic_benchmark/share/zed_topic_benchmark/package.sh'
[89.753s] INFO:colcon.colcon_core.shell:Creating package script '/home/user/vision_ws/install/zed_topic_benchmark/share/zed_topic_benchmark/package.bash'
[89.754s] INFO:colcon.colcon_core.shell:Creating package script '/home/user/vision_ws/install/zed_topic_benchmark/share/zed_topic_benchmark/package.zsh'
[89.755s] Level 1:colcon.colcon_core.environment:create_file_with_runtime_dependencies(/home/user/vision_ws/install/zed_topic_benchmark/share/colcon-core/packages/zed_topic_benchmark)
[100.364s] DEBUG:colcon.colcon_core.event_handler.log_command:Invoked command in '/home/user/vision_ws/build/zed_rgb_convert' returned '0': CMAKE_PREFIX_PATH=/home/user/vision_ws/install/zed_components:/home/user/vision_ws/install/zed_ros2:/home/user/vision_ws/install/zed_wrapper:/home/user/autorover_ws/install/zed_components:/home/user/autorover_ws/install/mavros_extras:/home/user/autorover_ws/install/mavros:/home/user/autorover_ws/install/mavros_msgs:/home/user/autorover_ws/install/libmavconn:/home/user/autorover_ws/install/autorover_bringup:/opt/ros/humble /usr/bin/cmake --build /home/user/vision_ws/build/zed_rgb_convert -- -j4 -l4
[100.368s] DEBUG:colcon.colcon_core.event_handler.log_command:Invoking command in '/home/user/vision_ws/build/zed_rgb_convert': CMAKE_PREFIX_PATH=/home/user/vision_ws/install/zed_components:/home/user/vision_ws/install/zed_ros2:/home/user/vision_ws/install/zed_wrapper:/home/user/autorover_ws/install/zed_components:/home/user/autorover_ws/install/mavros_extras:/home/user/autorover_ws/install/mavros:/home/user/autorover_ws/install/mavros_msgs:/home/user/autorover_ws/install/libmavconn:/home/user/autorover_ws/install/autorover_bringup:/opt/ros/humble /usr/bin/cmake --install /home/user/vision_ws/build/zed_rgb_convert
[100.935s] Level 1:colcon.colcon_core.environment:create_environment_scripts_only(zed_rgb_convert)
[100.936s] Level 1:colcon.colcon_core.environment:checking '/home/user/vision_ws/install/zed_rgb_convert' for CMake module files
[100.938s] Level 1:colcon.colcon_core.environment:checking '/home/user/vision_ws/install/zed_rgb_convert' for CMake config files
[100.938s] Level 1:colcon.colcon_core.shell:create_environment_hook('zed_rgb_convert', 'cmake_prefix_path')
[100.939s] INFO:colcon.colcon_core.shell:Creating environment hook '/home/user/vision_ws/install/zed_rgb_convert/share/zed_rgb_convert/hook/cmake_prefix_path.ps1'
[100.940s] INFO:colcon.colcon_core.shell:Creating environment descriptor '/home/user/vision_ws/install/zed_rgb_convert/share/zed_rgb_convert/hook/cmake_prefix_path.dsv'
[100.942s] DEBUG:colcon.colcon_core.event_handler.log_command:Invoked command in '/home/user/vision_ws/build/zed_rgb_convert' returned '0': CMAKE_PREFIX_PATH=/home/user/vision_ws/install/zed_components:/home/user/vision_ws/install/zed_ros2:/home/user/vision_ws/install/zed_wrapper:/home/user/autorover_ws/install/zed_components:/home/user/autorover_ws/install/mavros_extras:/home/user/autorover_ws/install/mavros:/home/user/autorover_ws/install/mavros_msgs:/home/user/autorover_ws/install/libmavconn:/home/user/autorover_ws/install/autorover_bringup:/opt/ros/humble /usr/bin/cmake --install /home/user/vision_ws/build/zed_rgb_convert
[100.942s] INFO:colcon.colcon_core.shell:Creating environment hook '/home/user/vision_ws/install/zed_rgb_convert/share/zed_rgb_convert/hook/cmake_prefix_path.sh'
[100.944s] Level 1:colcon.colcon_core.environment:checking '/home/user/vision_ws/install/zed_rgb_convert/lib'
[100.944s] Level 1:colcon.colcon_core.shell:create_environment_hook('zed_rgb_convert', 'ld_library_path_lib')
[100.945s] INFO:colcon.colcon_core.shell:Creating environment hook '/home/user/vision_ws/install/zed_rgb_convert/share/zed_rgb_convert/hook/ld_library_path_lib.ps1'
[100.946s] INFO:colcon.colcon_core.shell:Creating environment descriptor '/home/user/vision_ws/install/zed_rgb_convert/share/zed_rgb_convert/hook/ld_library_path_lib.dsv'
[100.946s] INFO:colcon.colcon_core.shell:Creating environment hook '/home/user/vision_ws/install/zed_rgb_convert/share/zed_rgb_convert/hook/ld_library_path_lib.sh'
[100.947s] Level 1:colcon.colcon_core.environment:checking '/home/user/vision_ws/install/zed_rgb_convert/bin'
[100.947s] Level 1:colcon.colcon_core.environment:checking '/home/user/vision_ws/install/zed_rgb_convert/lib/pkgconfig/zed_rgb_convert.pc'
[100.948s] Level 1:colcon.colcon_core.environment:checking '/home/user/vision_ws/install/zed_rgb_convert/lib/python3.10/site-packages'
[100.948s] Level 1:colcon.colcon_core.environment:checking '/home/user/vision_ws/install/zed_rgb_convert/bin'
[100.949s] INFO:colcon.colcon_core.shell:Creating package script '/home/user/vision_ws/install/zed_rgb_convert/share/zed_rgb_convert/package.ps1'
[100.950s] INFO:colcon.colcon_core.shell:Creating package descriptor '/home/user/vision_ws/install/zed_rgb_convert/share/zed_rgb_convert/package.dsv'
[100.951s] INFO:colcon.colcon_core.shell:Creating package script '/home/user/vision_ws/install/zed_rgb_convert/share/zed_rgb_convert/package.sh'
[100.952s] INFO:colcon.colcon_core.shell:Creating package script '/home/user/vision_ws/install/zed_rgb_convert/share/zed_rgb_convert/package.bash'
[100.953s] INFO:colcon.colcon_core.shell:Creating package script '/home/user/vision_ws/install/zed_rgb_convert/share/zed_rgb_convert/package.zsh'
[100.954s] Level 1:colcon.colcon_core.environment:create_file_with_runtime_dependencies(/home/user/vision_ws/install/zed_rgb_convert/share/colcon-core/packages/zed_rgb_convert)
[100.956s] Level 1:colcon.colcon_core.environment:create_environment_scripts_only(zed_rgb_convert)
[100.956s] Level 1:colcon.colcon_core.environment:checking '/home/user/vision_ws/install/zed_rgb_convert' for CMake module files
[100.957s] Level 1:colcon.colcon_core.environment:checking '/home/user/vision_ws/install/zed_rgb_convert' for CMake config files
[100.958s] Level 1:colcon.colcon_core.shell:create_environment_hook('zed_rgb_convert', 'cmake_prefix_path')
[100.959s] INFO:colcon.colcon_core.shell:Creating environment hook '/home/user/vision_ws/install/zed_rgb_convert/share/zed_rgb_convert/hook/cmake_prefix_path.ps1'
[100.960s] INFO:colcon.colcon_core.shell:Creating environment descriptor '/home/user/vision_ws/install/zed_rgb_convert/share/zed_rgb_convert/hook/cmake_prefix_path.dsv'
[100.961s] INFO:colcon.colcon_core.shell:Creating environment hook '/home/user/vision_ws/install/zed_rgb_convert/share/zed_rgb_convert/hook/cmake_prefix_path.sh'
[100.962s] Level 1:colcon.colcon_core.environment:checking '/home/user/vision_ws/install/zed_rgb_convert/lib'
[100.963s] Level 1:colcon.colcon_core.shell:create_environment_hook('zed_rgb_convert', 'ld_library_path_lib')
[100.964s] INFO:colcon.colcon_core.shell:Creating environment hook '/home/user/vision_ws/install/zed_rgb_convert/share/zed_rgb_convert/hook/ld_library_path_lib.ps1'
[100.965s] INFO:colcon.colcon_core.shell:Creating environment descriptor '/home/user/vision_ws/install/zed_rgb_convert/share/zed_rgb_convert/hook/ld_library_path_lib.dsv'
[100.965s] INFO:colcon.colcon_core.shell:Creating environment hook '/home/user/vision_ws/install/zed_rgb_convert/share/zed_rgb_convert/hook/ld_library_path_lib.sh'
[100.966s] Level 1:colcon.colcon_core.environment:checking '/home/user/vision_ws/install/zed_rgb_convert/bin'
[100.967s] Level 1:colcon.colcon_core.environment:checking '/home/user/vision_ws/install/zed_rgb_convert/lib/pkgconfig/zed_rgb_convert.pc'
[100.967s] Level 1:colcon.colcon_core.environment:checking '/home/user/vision_ws/install/zed_rgb_convert/lib/python3.10/site-packages'
[100.968s] Level 1:colcon.colcon_core.environment:checking '/home/user/vision_ws/install/zed_rgb_convert/bin'
[100.968s] INFO:colcon.colcon_core.shell:Creating package script '/home/user/vision_ws/install/zed_rgb_convert/share/zed_rgb_convert/package.ps1'
[100.970s] INFO:colcon.colcon_core.shell:Creating package descriptor '/home/user/vision_ws/install/zed_rgb_convert/share/zed_rgb_convert/package.dsv'
[100.971s] INFO:colcon.colcon_core.shell:Creating package script '/home/user/vision_ws/install/zed_rgb_convert/share/zed_rgb_convert/package.sh'
[100.972s] INFO:colcon.colcon_core.shell:Creating package script '/home/user/vision_ws/install/zed_rgb_convert/share/zed_rgb_convert/package.bash'
[100.975s] INFO:colcon.colcon_core.shell:Creating package script '/home/user/vision_ws/install/zed_rgb_convert/share/zed_rgb_convert/package.zsh'
[100.976s] Level 1:colcon.colcon_core.environment:create_file_with_runtime_dependencies(/home/user/vision_ws/install/zed_rgb_convert/share/colcon-core/packages/zed_rgb_convert)
[103.732s] DEBUG:colcon.colcon_core.event_handler.log_command:Invoked command in '/home/user/vision_ws/build/zed_aruco_localization' returned '0': CMAKE_PREFIX_PATH=/home/user/vision_ws/install/zed_components:/home/user/vision_ws/install/zed_ros2:/home/user/vision_ws/install/zed_wrapper:/home/user/autorover_ws/install/zed_components:/home/user/autorover_ws/install/mavros_extras:/home/user/autorover_ws/install/mavros:/home/user/autorover_ws/install/mavros_msgs:/home/user/autorover_ws/install/libmavconn:/home/user/autorover_ws/install/autorover_bringup:/opt/ros/humble /usr/bin/cmake --build /home/user/vision_ws/build/zed_aruco_localization -- -j4 -l4
[103.736s] DEBUG:colcon.colcon_core.event_handler.log_command:Invoking command in '/home/user/vision_ws/build/zed_aruco_localization': CMAKE_PREFIX_PATH=/home/user/vision_ws/install/zed_components:/home/user/vision_ws/install/zed_ros2:/home/user/vision_ws/install/zed_wrapper:/home/user/autorover_ws/install/zed_components:/home/user/autorover_ws/install/mavros_extras:/home/user/autorover_ws/install/mavros:/home/user/autorover_ws/install/mavros_msgs:/home/user/autorover_ws/install/libmavconn:/home/user/autorover_ws/install/autorover_bringup:/opt/ros/humble /usr/bin/cmake --install /home/user/vision_ws/build/zed_aruco_localization
[104.284s] Level 1:colcon.colcon_core.environment:create_environment_scripts_only(zed_aruco_localization)
[104.285s] Level 1:colcon.colcon_core.environment:checking '/home/user/vision_ws/install/zed_aruco_localization' for CMake module files
[104.286s] DEBUG:colcon.colcon_core.event_handler.log_command:Invoked command in '/home/user/vision_ws/build/zed_aruco_localization' returned '0': CMAKE_PREFIX_PATH=/home/user/vision_ws/install/zed_components:/home/user/vision_ws/install/zed_ros2:/home/user/vision_ws/install/zed_wrapper:/home/user/autorover_ws/install/zed_components:/home/user/autorover_ws/install/mavros_extras:/home/user/autorover_ws/install/mavros:/home/user/autorover_ws/install/mavros_msgs:/home/user/autorover_ws/install/libmavconn:/home/user/autorover_ws/install/autorover_bringup:/opt/ros/humble /usr/bin/cmake --install /home/user/vision_ws/build/zed_aruco_localization
[104.287s] Level 1:colcon.colcon_core.environment:checking '/home/user/vision_ws/install/zed_aruco_localization' for CMake config files
[104.288s] Level 1:colcon.colcon_core.shell:create_environment_hook('zed_aruco_localization', 'cmake_prefix_path')
[104.289s] INFO:colcon.colcon_core.shell:Creating environment hook '/home/user/vision_ws/install/zed_aruco_localization/share/zed_aruco_localization/hook/cmake_prefix_path.ps1'
[104.290s] INFO:colcon.colcon_core.shell:Creating environment descriptor '/home/user/vision_ws/install/zed_aruco_localization/share/zed_aruco_localization/hook/cmake_prefix_path.dsv'
[104.291s] INFO:colcon.colcon_core.shell:Creating environment hook '/home/user/vision_ws/install/zed_aruco_localization/share/zed_aruco_localization/hook/cmake_prefix_path.sh'
[104.292s] Level 1:colcon.colcon_core.environment:checking '/home/user/vision_ws/install/zed_aruco_localization/lib'
[104.292s] Level 1:colcon.colcon_core.shell:create_environment_hook('zed_aruco_localization', 'ld_library_path_lib')
[104.293s] INFO:colcon.colcon_core.shell:Creating environment hook '/home/user/vision_ws/install/zed_aruco_localization/share/zed_aruco_localization/hook/ld_library_path_lib.ps1'
[104.293s] INFO:colcon.colcon_core.shell:Creating environment descriptor '/home/user/vision_ws/install/zed_aruco_localization/share/zed_aruco_localization/hook/ld_library_path_lib.dsv'
[104.294s] INFO:colcon.colcon_core.shell:Creating environment hook '/home/user/vision_ws/install/zed_aruco_localization/share/zed_aruco_localization/hook/ld_library_path_lib.sh'
[104.295s] Level 1:colcon.colcon_core.environment:checking '/home/user/vision_ws/install/zed_aruco_localization/bin'
[104.295s] Level 1:colcon.colcon_core.environment:checking '/home/user/vision_ws/install/zed_aruco_localization/lib/pkgconfig/zed_aruco_localization.pc'
[104.296s] Level 1:colcon.colcon_core.environment:checking '/home/user/vision_ws/install/zed_aruco_localization/lib/python3.10/site-packages'
[104.296s] Level 1:colcon.colcon_core.environment:checking '/home/user/vision_ws/install/zed_aruco_localization/bin'
[104.297s] INFO:colcon.colcon_core.shell:Creating package script '/home/user/vision_ws/install/zed_aruco_localization/share/zed_aruco_localization/package.ps1'
[104.298s] INFO:colcon.colcon_core.shell:Creating package descriptor '/home/user/vision_ws/install/zed_aruco_localization/share/zed_aruco_localization/package.dsv'
[104.299s] INFO:colcon.colcon_core.shell:Creating package script '/home/user/vision_ws/install/zed_aruco_localization/share/zed_aruco_localization/package.sh'
[104.300s] INFO:colcon.colcon_core.shell:Creating package script '/home/user/vision_ws/install/zed_aruco_localization/share/zed_aruco_localization/package.bash'
[104.301s] INFO:colcon.colcon_core.shell:Creating package script '/home/user/vision_ws/install/zed_aruco_localization/share/zed_aruco_localization/package.zsh'
[104.301s] Level 1:colcon.colcon_core.environment:create_file_with_runtime_dependencies(/home/user/vision_ws/install/zed_aruco_localization/share/colcon-core/packages/zed_aruco_localization)
[104.303s] Level 1:colcon.colcon_core.environment:create_environment_scripts_only(zed_aruco_localization)
[104.303s] Level 1:colcon.colcon_core.environment:checking '/home/user/vision_ws/install/zed_aruco_localization' for CMake module files
[104.304s] Level 1:colcon.colcon_core.environment:checking '/home/user/vision_ws/install/zed_aruco_localization' for CMake config files
[104.305s] Level 1:colcon.colcon_core.shell:create_environment_hook('zed_aruco_localization', 'cmake_prefix_path')
[104.305s] INFO:colcon.colcon_core.shell:Creating environment hook '/home/user/vision_ws/install/zed_aruco_localization/share/zed_aruco_localization/hook/cmake_prefix_path.ps1'
[104.306s] INFO:colcon.colcon_core.shell:Creating environment descriptor '/home/user/vision_ws/install/zed_aruco_localization/share/zed_aruco_localization/hook/cmake_prefix_path.dsv'
[104.307s] INFO:colcon.colcon_core.shell:Creating environment hook '/home/user/vision_ws/install/zed_aruco_localization/share/zed_aruco_localization/hook/cmake_prefix_path.sh'
[104.308s] Level 1:colcon.colcon_core.environment:checking '/home/user/vision_ws/install/zed_aruco_localization/lib'
[104.308s] Level 1:colcon.colcon_core.shell:create_environment_hook('zed_aruco_localization', 'ld_library_path_lib')
[104.309s] INFO:colcon.colcon_core.shell:Creating environment hook '/home/user/vision_ws/install/zed_aruco_localization/share/zed_aruco_localization/hook/ld_library_path_lib.ps1'
[104.310s] INFO:colcon.colcon_core.shell:Creating environment descriptor '/home/user/vision_ws/install/zed_aruco_localization/share/zed_aruco_localization/hook/ld_library_path_lib.dsv'
[104.311s] INFO:colcon.colcon_core.shell:Creating environment hook '/home/user/vision_ws/install/zed_aruco_localization/share/zed_aruco_localization/hook/ld_library_path_lib.sh'
[104.311s] Level 1:colcon.colcon_core.environment:checking '/home/user/vision_ws/install/zed_aruco_localization/bin'
[104.312s] Level 1:colcon.colcon_core.environment:checking '/home/user/vision_ws/install/zed_aruco_localization/lib/pkgconfig/zed_aruco_localization.pc'
[104.312s] Level 1:colcon.colcon_core.environment:checking '/home/user/vision_ws/install/zed_aruco_localization/lib/python3.10/site-packages'
[104.313s] Level 1:colcon.colcon_core.environment:checking '/home/user/vision_ws/install/zed_aruco_localization/bin'
[104.313s] INFO:colcon.colcon_core.shell:Creating package script '/home/user/vision_ws/install/zed_aruco_localization/share/zed_aruco_localization/package.ps1'
[104.315s] INFO:colcon.colcon_core.shell:Creating package descriptor '/home/user/vision_ws/install/zed_aruco_localization/share/zed_aruco_localization/package.dsv'
[104.316s] INFO:colcon.colcon_core.shell:Creating package script '/home/user/vision_ws/install/zed_aruco_localization/share/zed_aruco_localization/package.sh'
[104.317s] INFO:colcon.colcon_core.shell:Creating package script '/home/user/vision_ws/install/zed_aruco_localization/share/zed_aruco_localization/package.bash'
[104.318s] INFO:colcon.colcon_core.shell:Creating package script '/home/user/vision_ws/install/zed_aruco_localization/share/zed_aruco_localization/package.zsh'
[104.319s] Level 1:colcon.colcon_core.environment:create_file_with_runtime_dependencies(/home/user/vision_ws/install/zed_aruco_localization/share/colcon-core/packages/zed_aruco_localization)
[116.148s] DEBUG:colcon.colcon_core.event_handler.log_command:Invoked command in '/home/user/vision_ws/build/zed_ipc' returned '0': AMENT_PREFIX_PATH=/home/user/vision_ws/install/zed_multi_camera:${AMENT_PREFIX_PATH} CMAKE_PREFIX_PATH=/home/user/vision_ws/install/zed_multi_camera:/home/user/vision_ws/install/zed_wrapper:/home/user/vision_ws/install/zed_components:/home/user/vision_ws/install/zed_ros2:/home/user/autorover_ws/install/zed_components:/home/user/autorover_ws/install/mavros_extras:/home/user/autorover_ws/install/mavros:/home/user/autorover_ws/install/mavros_msgs:/home/user/autorover_ws/install/libmavconn:/home/user/autorover_ws/install/autorover_bringup:/opt/ros/humble /usr/bin/cmake --build /home/user/vision_ws/build/zed_ipc -- -j4 -l4
[116.152s] DEBUG:colcon.colcon_core.event_handler.log_command:Invoking command in '/home/user/vision_ws/build/zed_ipc': AMENT_PREFIX_PATH=/home/user/vision_ws/install/zed_multi_camera:${AMENT_PREFIX_PATH} CMAKE_PREFIX_PATH=/home/user/vision_ws/install/zed_multi_camera:/home/user/vision_ws/install/zed_wrapper:/home/user/vision_ws/install/zed_components:/home/user/vision_ws/install/zed_ros2:/home/user/autorover_ws/install/zed_components:/home/user/autorover_ws/install/mavros_extras:/home/user/autorover_ws/install/mavros:/home/user/autorover_ws/install/mavros_msgs:/home/user/autorover_ws/install/libmavconn:/home/user/autorover_ws/install/autorover_bringup:/opt/ros/humble /usr/bin/cmake --install /home/user/vision_ws/build/zed_ipc
[116.651s] Level 1:colcon.colcon_core.environment:create_environment_scripts_only(zed_ipc)
[116.652s] Level 1:colcon.colcon_core.environment:checking '/home/user/vision_ws/install/zed_ipc' for CMake module files
[116.654s] DEBUG:colcon.colcon_core.event_handler.log_command:Invoked command in '/home/user/vision_ws/build/zed_ipc' returned '0': AMENT_PREFIX_PATH=/home/user/vision_ws/install/zed_multi_camera:${AMENT_PREFIX_PATH} CMAKE_PREFIX_PATH=/home/user/vision_ws/install/zed_multi_camera:/home/user/vision_ws/install/zed_wrapper:/home/user/vision_ws/install/zed_components:/home/user/vision_ws/install/zed_ros2:/home/user/autorover_ws/install/zed_components:/home/user/autorover_ws/install/mavros_extras:/home/user/autorover_ws/install/mavros:/home/user/autorover_ws/install/mavros_msgs:/home/user/autorover_ws/install/libmavconn:/home/user/autorover_ws/install/autorover_bringup:/opt/ros/humble /usr/bin/cmake --install /home/user/vision_ws/build/zed_ipc
[116.655s] Level 1:colcon.colcon_core.environment:checking '/home/user/vision_ws/install/zed_ipc' for CMake config files
[116.657s] Level 1:colcon.colcon_core.shell:create_environment_hook('zed_ipc', 'cmake_prefix_path')
[116.657s] INFO:colcon.colcon_core.shell:Creating environment hook '/home/user/vision_ws/install/zed_ipc/share/zed_ipc/hook/cmake_prefix_path.ps1'
[116.659s] INFO:colcon.colcon_core.shell:Creating environment descriptor '/home/user/vision_ws/install/zed_ipc/share/zed_ipc/hook/cmake_prefix_path.dsv'
[116.660s] INFO:colcon.colcon_core.shell:Creating environment hook '/home/user/vision_ws/install/zed_ipc/share/zed_ipc/hook/cmake_prefix_path.sh'
[116.662s] Level 1:colcon.colcon_core.environment:checking '/home/user/vision_ws/install/zed_ipc/lib'
[116.663s] Level 1:colcon.colcon_core.shell:create_environment_hook('zed_ipc', 'ld_library_path_lib')
[116.663s] INFO:colcon.colcon_core.shell:Creating environment hook '/home/user/vision_ws/install/zed_ipc/share/zed_ipc/hook/ld_library_path_lib.ps1'
[116.665s] INFO:colcon.colcon_core.shell:Creating environment descriptor '/home/user/vision_ws/install/zed_ipc/share/zed_ipc/hook/ld_library_path_lib.dsv'
[116.666s] INFO:colcon.colcon_core.shell:Creating environment hook '/home/user/vision_ws/install/zed_ipc/share/zed_ipc/hook/ld_library_path_lib.sh'
[116.667s] Level 1:colcon.colcon_core.environment:checking '/home/user/vision_ws/install/zed_ipc/bin'
[116.668s] Level 1:colcon.colcon_core.environment:checking '/home/user/vision_ws/install/zed_ipc/lib/pkgconfig/zed_ipc.pc'
[116.668s] Level 1:colcon.colcon_core.environment:checking '/home/user/vision_ws/install/zed_ipc/lib/python3.10/site-packages'
[116.669s] Level 1:colcon.colcon_core.environment:checking '/home/user/vision_ws/install/zed_ipc/bin'
[116.670s] INFO:colcon.colcon_core.shell:Creating package script '/home/user/vision_ws/install/zed_ipc/share/zed_ipc/package.ps1'
[116.672s] INFO:colcon.colcon_core.shell:Creating package descriptor '/home/user/vision_ws/install/zed_ipc/share/zed_ipc/package.dsv'
[116.674s] INFO:colcon.colcon_core.shell:Creating package script '/home/user/vision_ws/install/zed_ipc/share/zed_ipc/package.sh'
[116.675s] INFO:colcon.colcon_core.shell:Creating package script '/home/user/vision_ws/install/zed_ipc/share/zed_ipc/package.bash'
[116.677s] INFO:colcon.colcon_core.shell:Creating package script '/home/user/vision_ws/install/zed_ipc/share/zed_ipc/package.zsh'
[116.678s] Level 1:colcon.colcon_core.environment:create_file_with_runtime_dependencies(/home/user/vision_ws/install/zed_ipc/share/colcon-core/packages/zed_ipc)
[116.680s] Level 1:colcon.colcon_core.environment:create_environment_scripts_only(zed_ipc)
[116.681s] Level 1:colcon.colcon_core.environment:checking '/home/user/vision_ws/install/zed_ipc' for CMake module files
[116.682s] Level 1:colcon.colcon_core.environment:checking '/home/user/vision_ws/install/zed_ipc' for CMake config files
[116.684s] Level 1:colcon.colcon_core.shell:create_environment_hook('zed_ipc', 'cmake_prefix_path')
[116.684s] INFO:colcon.colcon_core.shell:Creating environment hook '/home/user/vision_ws/install/zed_ipc/share/zed_ipc/hook/cmake_prefix_path.ps1'
[116.686s] INFO:colcon.colcon_core.shell:Creating environment descriptor '/home/user/vision_ws/install/zed_ipc/share/zed_ipc/hook/cmake_prefix_path.dsv'
[116.687s] INFO:colcon.colcon_core.shell:Creating environment hook '/home/user/vision_ws/install/zed_ipc/share/zed_ipc/hook/cmake_prefix_path.sh'
[116.689s] Level 1:colcon.colcon_core.environment:checking '/home/user/vision_ws/install/zed_ipc/lib'
[116.689s] Level 1:colcon.colcon_core.shell:create_environment_hook('zed_ipc', 'ld_library_path_lib')
[116.690s] INFO:colcon.colcon_core.shell:Creating environment hook '/home/user/vision_ws/install/zed_ipc/share/zed_ipc/hook/ld_library_path_lib.ps1'
[116.693s] INFO:colcon.colcon_core.shell:Creating environment descriptor '/home/user/vision_ws/install/zed_ipc/share/zed_ipc/hook/ld_library_path_lib.dsv'
[116.694s] INFO:colcon.colcon_core.shell:Creating environment hook '/home/user/vision_ws/install/zed_ipc/share/zed_ipc/hook/ld_library_path_lib.sh'
[116.696s] Level 1:colcon.colcon_core.environment:checking '/home/user/vision_ws/install/zed_ipc/bin'
[116.696s] Level 1:colcon.colcon_core.environment:checking '/home/user/vision_ws/install/zed_ipc/lib/pkgconfig/zed_ipc.pc'
[116.697s] Level 1:colcon.colcon_core.environment:checking '/home/user/vision_ws/install/zed_ipc/lib/python3.10/site-packages'
[116.698s] Level 1:colcon.colcon_core.environment:checking '/home/user/vision_ws/install/zed_ipc/bin'
[116.699s] INFO:colcon.colcon_core.shell:Creating package script '/home/user/vision_ws/install/zed_ipc/share/zed_ipc/package.ps1'
[116.701s] INFO:colcon.colcon_core.shell:Creating package descriptor '/home/user/vision_ws/install/zed_ipc/share/zed_ipc/package.dsv'
[116.703s] INFO:colcon.colcon_core.shell:Creating package script '/home/user/vision_ws/install/zed_ipc/share/zed_ipc/package.sh'
[116.704s] INFO:colcon.colcon_core.shell:Creating package script '/home/user/vision_ws/install/zed_ipc/share/zed_ipc/package.bash'
[116.706s] INFO:colcon.colcon_core.shell:Creating package script '/home/user/vision_ws/install/zed_ipc/share/zed_ipc/package.zsh'
[116.707s] Level 1:colcon.colcon_core.environment:create_file_with_runtime_dependencies(/home/user/vision_ws/install/zed_ipc/share/colcon-core/packages/zed_ipc)
[116.708s] DEBUG:colcon.colcon_parallel_executor.executor.parallel:closing loop
[116.709s] DEBUG:colcon.colcon_parallel_executor.executor.parallel:loop closed
[116.710s] DEBUG:colcon.colcon_parallel_executor.executor.parallel:run_until_complete finished with '0'
[116.710s] DEBUG:colcon.colcon_core.event_reactor:joining thread
[116.732s] INFO:colcon.colcon_core.plugin_system:Skipping extension 'colcon_notification.desktop_notification.terminal_notifier': Not used on non-Darwin systems
[116.732s] INFO:colcon.colcon_core.plugin_system:Skipping extension 'colcon_notification.desktop_notification.win32': Not used on non-Windows systems
[116.733s] INFO:colcon.colcon_notification.desktop_notification:Sending desktop notification using 'notify2'
[116.777s] DEBUG:colcon.colcon_core.event_reactor:joined thread
[116.779s] INFO:colcon.colcon_core.shell:Creating prefix script '/home/user/vision_ws/install/local_setup.ps1'
[116.783s] INFO:colcon.colcon_core.shell:Creating prefix util module '/home/user/vision_ws/install/_local_setup_util_ps1.py'
[116.787s] INFO:colcon.colcon_core.shell:Creating prefix chain script '/home/user/vision_ws/install/setup.ps1'
[116.792s] INFO:colcon.colcon_core.shell:Creating prefix script '/home/user/vision_ws/install/local_setup.sh'
[116.793s] INFO:colcon.colcon_core.shell:Creating prefix util module '/home/user/vision_ws/install/_local_setup_util_sh.py'
[116.795s] INFO:colcon.colcon_core.shell:Creating prefix chain script '/home/user/vision_ws/install/setup.sh'
[116.800s] INFO:colcon.colcon_core.shell:Creating prefix script '/home/user/vision_ws/install/local_setup.bash'
[116.801s] INFO:colcon.colcon_core.shell:Creating prefix chain script '/home/user/vision_ws/install/setup.bash'
[116.804s] INFO:colcon.colcon_core.shell:Creating prefix script '/home/user/vision_ws/install/local_setup.zsh'
[116.806s] INFO:colcon.colcon_core.shell:Creating prefix chain script '/home/user/vision_ws/install/setup.zsh'
