[0.267s] DEBUG:colcon:Command line arguments: ['/usr/bin/colcon', 'build', '--symlink-install', '--cmake-args=-DCMAKE_BUILD_TYPE=Release', '--parallel-workers', '8']
[0.267s] DEBUG:colcon:Parsed command line arguments: Namespace(log_base=None, log_level=None, verb_name='build', build_base='build', install_base='install', merge_install=False, symlink_install=True, test_result_base=None, continue_on_error=False, executor='parallel', parallel_workers=8, event_handlers=None, ignore_user_meta=False, metas=['./colcon.meta'], base_paths=['.'], packages_ignore=None, packages_ignore_regex=None, paths=None, packages_up_to=None, packages_up_to_regex=None, packages_above=None, packages_above_and_dependencies=None, packages_above_depth=None, packages_select_by_dep=None, packages_skip_by_dep=None, packages_skip_up_to=None, packages_select_build_failed=False, packages_skip_build_finished=False, packages_select_test_failures=False, packages_skip_test_passed=False, packages_select=None, packages_skip=None, packages_select_regex=None, packages_skip_regex=None, packages_start=None, packages_end=None, allow_overriding=[], cmake_args=['-DCMAKE_BUILD_TYPE=Release'], cmake_target=None, cmake_target_skip_unavailable=False, cmake_clean_cache=False, cmake_clean_first=False, cmake_force_configure=False, ament_cmake_args=None, catkin_cmake_args=None, catkin_skip_building_tests=False, verb_parser=<colcon_defaults.argument_parser.defaults.DefaultArgumentsDecorator object at 0xffffa1c962c0>, verb_extension=<colcon_core.verb.build.BuildVerb object at 0xffffa1e67730>, main=<bound method BuildVerb.main of <colcon_core.verb.build.BuildVerb object at 0xffffa1e67730>>)
[0.634s] Level 1:colcon.colcon_core.package_discovery:discover_packages(colcon_meta) check parameters
[0.635s] Level 1:colcon.colcon_core.package_discovery:discover_packages(recursive) check parameters
[0.635s] Level 1:colcon.colcon_core.package_discovery:discover_packages(ignore) check parameters
[0.635s] Level 1:colcon.colcon_core.package_discovery:discover_packages(path) check parameters
[0.635s] Level 1:colcon.colcon_core.package_discovery:discover_packages(colcon_meta) discover
[0.635s] Level 1:colcon.colcon_core.package_discovery:discover_packages(recursive) discover
[0.635s] INFO:colcon.colcon_core.package_discovery:Crawling recursively for packages in '/home/user/vision_ws'
[0.635s] Level 1:colcon.colcon_core.package_identification:_identify(.) by extensions ['ignore', 'ignore_ament_install']
[0.636s] Level 1:colcon.colcon_core.package_identification:_identify(.) by extension 'ignore'
[0.636s] Level 1:colcon.colcon_core.package_identification:_identify(.) by extension 'ignore_ament_install'
[0.636s] Level 1:colcon.colcon_core.package_identification:_identify(.) by extensions ['colcon_pkg']
[0.636s] Level 1:colcon.colcon_core.package_identification:_identify(.) by extension 'colcon_pkg'
[0.636s] Level 1:colcon.colcon_core.package_identification:_identify(.) by extensions ['colcon_meta']
[0.636s] Level 1:colcon.colcon_core.package_identification:_identify(.) by extension 'colcon_meta'
[0.636s] Level 1:colcon.colcon_core.package_identification:_identify(.) by extensions ['ros']
[0.636s] Level 1:colcon.colcon_core.package_identification:_identify(.) by extension 'ros'
[0.658s] Level 1:colcon.colcon_core.package_identification:_identify(.) by extensions ['cmake', 'python']
[0.658s] Level 1:colcon.colcon_core.package_identification:_identify(.) by extension 'cmake'
[0.659s] Level 1:colcon.colcon_core.package_identification:_identify(.) by extension 'python'
[0.659s] Level 1:colcon.colcon_core.package_identification:_identify(.) by extensions ['python_setup_py']
[0.659s] Level 1:colcon.colcon_core.package_identification:_identify(.) by extension 'python_setup_py'
[0.659s] Level 1:colcon.colcon_core.package_identification:_identify(build) by extensions ['ignore', 'ignore_ament_install']
[0.659s] Level 1:colcon.colcon_core.package_identification:_identify(build) by extension 'ignore'
[0.659s] Level 1:colcon.colcon_core.package_identification:_identify(build) ignored
[0.660s] Level 1:colcon.colcon_core.package_identification:_identify(install) by extensions ['ignore', 'ignore_ament_install']
[0.660s] Level 1:colcon.colcon_core.package_identification:_identify(install) by extension 'ignore'
[0.660s] Level 1:colcon.colcon_core.package_identification:_identify(install) ignored
[0.660s] Level 1:colcon.colcon_core.package_identification:_identify(log) by extensions ['ignore', 'ignore_ament_install']
[0.660s] Level 1:colcon.colcon_core.package_identification:_identify(log) by extension 'ignore'
[0.661s] Level 1:colcon.colcon_core.package_identification:_identify(log) ignored
[0.661s] Level 1:colcon.colcon_core.package_identification:_identify(src) by extensions ['ignore', 'ignore_ament_install']
[0.661s] Level 1:colcon.colcon_core.package_identification:_identify(src) by extension 'ignore'
[0.661s] Level 1:colcon.colcon_core.package_identification:_identify(src) by extension 'ignore_ament_install'
[0.661s] Level 1:colcon.colcon_core.package_identification:_identify(src) by extensions ['colcon_pkg']
[0.661s] Level 1:colcon.colcon_core.package_identification:_identify(src) by extension 'colcon_pkg'
[0.661s] Level 1:colcon.colcon_core.package_identification:_identify(src) by extensions ['colcon_meta']
[0.661s] Level 1:colcon.colcon_core.package_identification:_identify(src) by extension 'colcon_meta'
[0.661s] Level 1:colcon.colcon_core.package_identification:_identify(src) by extensions ['ros']
[0.662s] Level 1:colcon.colcon_core.package_identification:_identify(src) by extension 'ros'
[0.662s] Level 1:colcon.colcon_core.package_identification:_identify(src) by extensions ['cmake', 'python']
[0.662s] Level 1:colcon.colcon_core.package_identification:_identify(src) by extension 'cmake'
[0.662s] Level 1:colcon.colcon_core.package_identification:_identify(src) by extension 'python'
[0.662s] Level 1:colcon.colcon_core.package_identification:_identify(src) by extensions ['python_setup_py']
[0.662s] Level 1:colcon.colcon_core.package_identification:_identify(src) by extension 'python_setup_py'
[0.662s] Level 1:colcon.colcon_core.package_identification:_identify(src/zed-ros2-examples) by extensions ['ignore', 'ignore_ament_install']
[0.662s] Level 1:colcon.colcon_core.package_identification:_identify(src/zed-ros2-examples) by extension 'ignore'
[0.662s] Level 1:colcon.colcon_core.package_identification:_identify(src/zed-ros2-examples) by extension 'ignore_ament_install'
[0.663s] Level 1:colcon.colcon_core.package_identification:_identify(src/zed-ros2-examples) by extensions ['colcon_pkg']
[0.663s] Level 1:colcon.colcon_core.package_identification:_identify(src/zed-ros2-examples) by extension 'colcon_pkg'
[0.663s] Level 1:colcon.colcon_core.package_identification:_identify(src/zed-ros2-examples) by extensions ['colcon_meta']
[0.663s] Level 1:colcon.colcon_core.package_identification:_identify(src/zed-ros2-examples) by extension 'colcon_meta'
[0.663s] Level 1:colcon.colcon_core.package_identification:_identify(src/zed-ros2-examples) by extensions ['ros']
[0.663s] Level 1:colcon.colcon_core.package_identification:_identify(src/zed-ros2-examples) by extension 'ros'
[0.663s] Level 1:colcon.colcon_core.package_identification:_identify(src/zed-ros2-examples) by extensions ['cmake', 'python']
[0.663s] Level 1:colcon.colcon_core.package_identification:_identify(src/zed-ros2-examples) by extension 'cmake'
[0.663s] Level 1:colcon.colcon_core.package_identification:_identify(src/zed-ros2-examples) by extension 'python'
[0.663s] Level 1:colcon.colcon_core.package_identification:_identify(src/zed-ros2-examples) by extensions ['python_setup_py']
[0.663s] Level 1:colcon.colcon_core.package_identification:_identify(src/zed-ros2-examples) by extension 'python_setup_py'
[0.664s] Level 1:colcon.colcon_core.package_identification:_identify(src/zed-ros2-examples/examples) by extensions ['ignore', 'ignore_ament_install']
[0.664s] Level 1:colcon.colcon_core.package_identification:_identify(src/zed-ros2-examples/examples) by extension 'ignore'
[0.664s] Level 1:colcon.colcon_core.package_identification:_identify(src/zed-ros2-examples/examples) by extension 'ignore_ament_install'
[0.664s] Level 1:colcon.colcon_core.package_identification:_identify(src/zed-ros2-examples/examples) by extensions ['colcon_pkg']
[0.664s] Level 1:colcon.colcon_core.package_identification:_identify(src/zed-ros2-examples/examples) by extension 'colcon_pkg'
[0.664s] Level 1:colcon.colcon_core.package_identification:_identify(src/zed-ros2-examples/examples) by extensions ['colcon_meta']
[0.664s] Level 1:colcon.colcon_core.package_identification:_identify(src/zed-ros2-examples/examples) by extension 'colcon_meta'
[0.664s] Level 1:colcon.colcon_core.package_identification:_identify(src/zed-ros2-examples/examples) by extensions ['ros']
[0.664s] Level 1:colcon.colcon_core.package_identification:_identify(src/zed-ros2-examples/examples) by extension 'ros'
[0.665s] Level 1:colcon.colcon_core.package_identification:_identify(src/zed-ros2-examples/examples) by extensions ['cmake', 'python']
[0.665s] Level 1:colcon.colcon_core.package_identification:_identify(src/zed-ros2-examples/examples) by extension 'cmake'
[0.665s] Level 1:colcon.colcon_core.package_identification:_identify(src/zed-ros2-examples/examples) by extension 'python'
[0.665s] Level 1:colcon.colcon_core.package_identification:_identify(src/zed-ros2-examples/examples) by extensions ['python_setup_py']
[0.665s] Level 1:colcon.colcon_core.package_identification:_identify(src/zed-ros2-examples/examples) by extension 'python_setup_py'
[0.665s] Level 1:colcon.colcon_core.package_identification:_identify(src/zed-ros2-examples/examples/zed_aruco_localization) by extensions ['ignore', 'ignore_ament_install']
[0.665s] Level 1:colcon.colcon_core.package_identification:_identify(src/zed-ros2-examples/examples/zed_aruco_localization) by extension 'ignore'
[0.665s] Level 1:colcon.colcon_core.package_identification:_identify(src/zed-ros2-examples/examples/zed_aruco_localization) by extension 'ignore_ament_install'
[0.665s] Level 1:colcon.colcon_core.package_identification:_identify(src/zed-ros2-examples/examples/zed_aruco_localization) by extensions ['colcon_pkg']
[0.666s] Level 1:colcon.colcon_core.package_identification:_identify(src/zed-ros2-examples/examples/zed_aruco_localization) by extension 'colcon_pkg'
[0.666s] Level 1:colcon.colcon_core.package_identification:_identify(src/zed-ros2-examples/examples/zed_aruco_localization) by extensions ['colcon_meta']
[0.666s] Level 1:colcon.colcon_core.package_identification:_identify(src/zed-ros2-examples/examples/zed_aruco_localization) by extension 'colcon_meta'
[0.666s] Level 1:colcon.colcon_core.package_identification:_identify(src/zed-ros2-examples/examples/zed_aruco_localization) by extensions ['ros']
[0.666s] Level 1:colcon.colcon_core.package_identification:_identify(src/zed-ros2-examples/examples/zed_aruco_localization) by extension 'ros'
[0.671s] DEBUG:colcon.colcon_core.package_identification:Package 'src/zed-ros2-examples/examples/zed_aruco_localization' with type 'ros.ament_cmake' and name 'zed_aruco_localization'
[0.672s] Level 1:colcon.colcon_core.package_identification:_identify(src/zed-ros2-examples/examples/zed_depth_to_laserscan) by extensions ['ignore', 'ignore_ament_install']
[0.672s] Level 1:colcon.colcon_core.package_identification:_identify(src/zed-ros2-examples/examples/zed_depth_to_laserscan) by extension 'ignore'
[0.672s] Level 1:colcon.colcon_core.package_identification:_identify(src/zed-ros2-examples/examples/zed_depth_to_laserscan) by extension 'ignore_ament_install'
[0.672s] Level 1:colcon.colcon_core.package_identification:_identify(src/zed-ros2-examples/examples/zed_depth_to_laserscan) by extensions ['colcon_pkg']
[0.672s] Level 1:colcon.colcon_core.package_identification:_identify(src/zed-ros2-examples/examples/zed_depth_to_laserscan) by extension 'colcon_pkg'
[0.672s] Level 1:colcon.colcon_core.package_identification:_identify(src/zed-ros2-examples/examples/zed_depth_to_laserscan) by extensions ['colcon_meta']
[0.673s] Level 1:colcon.colcon_core.package_identification:_identify(src/zed-ros2-examples/examples/zed_depth_to_laserscan) by extension 'colcon_meta'
[0.673s] Level 1:colcon.colcon_core.package_identification:_identify(src/zed-ros2-examples/examples/zed_depth_to_laserscan) by extensions ['ros']
[0.673s] Level 1:colcon.colcon_core.package_identification:_identify(src/zed-ros2-examples/examples/zed_depth_to_laserscan) by extension 'ros'
[0.675s] DEBUG:colcon.colcon_core.package_identification:Package 'src/zed-ros2-examples/examples/zed_depth_to_laserscan' with type 'ros.ament_cmake' and name 'zed_depth_to_laserscan'
[0.675s] Level 1:colcon.colcon_core.package_identification:_identify(src/zed-ros2-examples/images) by extensions ['ignore', 'ignore_ament_install']
[0.675s] Level 1:colcon.colcon_core.package_identification:_identify(src/zed-ros2-examples/images) by extension 'ignore'
[0.675s] Level 1:colcon.colcon_core.package_identification:_identify(src/zed-ros2-examples/images) by extension 'ignore_ament_install'
[0.675s] Level 1:colcon.colcon_core.package_identification:_identify(src/zed-ros2-examples/images) by extensions ['colcon_pkg']
[0.675s] Level 1:colcon.colcon_core.package_identification:_identify(src/zed-ros2-examples/images) by extension 'colcon_pkg'
[0.676s] Level 1:colcon.colcon_core.package_identification:_identify(src/zed-ros2-examples/images) by extensions ['colcon_meta']
[0.676s] Level 1:colcon.colcon_core.package_identification:_identify(src/zed-ros2-examples/images) by extension 'colcon_meta'
[0.676s] Level 1:colcon.colcon_core.package_identification:_identify(src/zed-ros2-examples/images) by extensions ['ros']
[0.676s] Level 1:colcon.colcon_core.package_identification:_identify(src/zed-ros2-examples/images) by extension 'ros'
[0.676s] Level 1:colcon.colcon_core.package_identification:_identify(src/zed-ros2-examples/images) by extensions ['cmake', 'python']
[0.676s] Level 1:colcon.colcon_core.package_identification:_identify(src/zed-ros2-examples/images) by extension 'cmake'
[0.676s] Level 1:colcon.colcon_core.package_identification:_identify(src/zed-ros2-examples/images) by extension 'python'
[0.676s] Level 1:colcon.colcon_core.package_identification:_identify(src/zed-ros2-examples/images) by extensions ['python_setup_py']
[0.676s] Level 1:colcon.colcon_core.package_identification:_identify(src/zed-ros2-examples/images) by extension 'python_setup_py'
[0.677s] Level 1:colcon.colcon_core.package_identification:_identify(src/zed-ros2-examples/rviz-plugin-zed-od) by extensions ['ignore', 'ignore_ament_install']
[0.677s] Level 1:colcon.colcon_core.package_identification:_identify(src/zed-ros2-examples/rviz-plugin-zed-od) by extension 'ignore'
[0.677s] Level 1:colcon.colcon_core.package_identification:_identify(src/zed-ros2-examples/rviz-plugin-zed-od) by extension 'ignore_ament_install'
[0.677s] Level 1:colcon.colcon_core.package_identification:_identify(src/zed-ros2-examples/rviz-plugin-zed-od) by extensions ['colcon_pkg']
[0.677s] Level 1:colcon.colcon_core.package_identification:_identify(src/zed-ros2-examples/rviz-plugin-zed-od) by extension 'colcon_pkg'
[0.677s] Level 1:colcon.colcon_core.package_identification:_identify(src/zed-ros2-examples/rviz-plugin-zed-od) by extensions ['colcon_meta']
[0.677s] Level 1:colcon.colcon_core.package_identification:_identify(src/zed-ros2-examples/rviz-plugin-zed-od) by extension 'colcon_meta'
[0.677s] Level 1:colcon.colcon_core.package_identification:_identify(src/zed-ros2-examples/rviz-plugin-zed-od) by extensions ['ros']
[0.677s] Level 1:colcon.colcon_core.package_identification:_identify(src/zed-ros2-examples/rviz-plugin-zed-od) by extension 'ros'
[0.679s] DEBUG:colcon.colcon_core.package_identification:Package 'src/zed-ros2-examples/rviz-plugin-zed-od' with type 'ros.ament_cmake' and name 'rviz_plugin_zed_od'
[0.679s] Level 1:colcon.colcon_core.package_identification:_identify(src/zed-ros2-examples/tools) by extensions ['ignore', 'ignore_ament_install']
[0.679s] Level 1:colcon.colcon_core.package_identification:_identify(src/zed-ros2-examples/tools) by extension 'ignore'
[0.679s] Level 1:colcon.colcon_core.package_identification:_identify(src/zed-ros2-examples/tools) by extension 'ignore_ament_install'
[0.680s] Level 1:colcon.colcon_core.package_identification:_identify(src/zed-ros2-examples/tools) by extensions ['colcon_pkg']
[0.680s] Level 1:colcon.colcon_core.package_identification:_identify(src/zed-ros2-examples/tools) by extension 'colcon_pkg'
[0.680s] Level 1:colcon.colcon_core.package_identification:_identify(src/zed-ros2-examples/tools) by extensions ['colcon_meta']
[0.680s] Level 1:colcon.colcon_core.package_identification:_identify(src/zed-ros2-examples/tools) by extension 'colcon_meta'
[0.680s] Level 1:colcon.colcon_core.package_identification:_identify(src/zed-ros2-examples/tools) by extensions ['ros']
[0.680s] Level 1:colcon.colcon_core.package_identification:_identify(src/zed-ros2-examples/tools) by extension 'ros'
[0.680s] Level 1:colcon.colcon_core.package_identification:_identify(src/zed-ros2-examples/tools) by extensions ['cmake', 'python']
[0.680s] Level 1:colcon.colcon_core.package_identification:_identify(src/zed-ros2-examples/tools) by extension 'cmake'
[0.680s] Level 1:colcon.colcon_core.package_identification:_identify(src/zed-ros2-examples/tools) by extension 'python'
[0.680s] Level 1:colcon.colcon_core.package_identification:_identify(src/zed-ros2-examples/tools) by extensions ['python_setup_py']
[0.680s] Level 1:colcon.colcon_core.package_identification:_identify(src/zed-ros2-examples/tools) by extension 'python_setup_py'
[0.681s] Level 1:colcon.colcon_core.package_identification:_identify(src/zed-ros2-examples/tools/zed_benchmark) by extensions ['ignore', 'ignore_ament_install']
[0.681s] Level 1:colcon.colcon_core.package_identification:_identify(src/zed-ros2-examples/tools/zed_benchmark) by extension 'ignore'
[0.681s] Level 1:colcon.colcon_core.package_identification:_identify(src/zed-ros2-examples/tools/zed_benchmark) by extension 'ignore_ament_install'
[0.681s] Level 1:colcon.colcon_core.package_identification:_identify(src/zed-ros2-examples/tools/zed_benchmark) by extensions ['colcon_pkg']
[0.681s] Level 1:colcon.colcon_core.package_identification:_identify(src/zed-ros2-examples/tools/zed_benchmark) by extension 'colcon_pkg'
[0.681s] Level 1:colcon.colcon_core.package_identification:_identify(src/zed-ros2-examples/tools/zed_benchmark) by extensions ['colcon_meta']
[0.681s] Level 1:colcon.colcon_core.package_identification:_identify(src/zed-ros2-examples/tools/zed_benchmark) by extension 'colcon_meta'
[0.681s] Level 1:colcon.colcon_core.package_identification:_identify(src/zed-ros2-examples/tools/zed_benchmark) by extensions ['ros']
[0.681s] Level 1:colcon.colcon_core.package_identification:_identify(src/zed-ros2-examples/tools/zed_benchmark) by extension 'ros'
[0.683s] DEBUG:colcon.colcon_core.package_identification:Package 'src/zed-ros2-examples/tools/zed_benchmark' with type 'ros.ament_cmake' and name 'zed_topic_benchmark'
[0.683s] Level 1:colcon.colcon_core.package_identification:_identify(src/zed-ros2-examples/tools/zed_benchmark_component) by extensions ['ignore', 'ignore_ament_install']
[0.683s] Level 1:colcon.colcon_core.package_identification:_identify(src/zed-ros2-examples/tools/zed_benchmark_component) by extension 'ignore'
[0.683s] Level 1:colcon.colcon_core.package_identification:_identify(src/zed-ros2-examples/tools/zed_benchmark_component) by extension 'ignore_ament_install'
[0.683s] Level 1:colcon.colcon_core.package_identification:_identify(src/zed-ros2-examples/tools/zed_benchmark_component) by extensions ['colcon_pkg']
[0.683s] Level 1:colcon.colcon_core.package_identification:_identify(src/zed-ros2-examples/tools/zed_benchmark_component) by extension 'colcon_pkg'
[0.684s] Level 1:colcon.colcon_core.package_identification:_identify(src/zed-ros2-examples/tools/zed_benchmark_component) by extensions ['colcon_meta']
[0.684s] Level 1:colcon.colcon_core.package_identification:_identify(src/zed-ros2-examples/tools/zed_benchmark_component) by extension 'colcon_meta'
[0.684s] Level 1:colcon.colcon_core.package_identification:_identify(src/zed-ros2-examples/tools/zed_benchmark_component) by extensions ['ros']
[0.684s] Level 1:colcon.colcon_core.package_identification:_identify(src/zed-ros2-examples/tools/zed_benchmark_component) by extension 'ros'
[0.685s] DEBUG:colcon.colcon_core.package_identification:Package 'src/zed-ros2-examples/tools/zed_benchmark_component' with type 'ros.ament_cmake' and name 'zed_topic_benchmark_component'
[0.685s] Level 1:colcon.colcon_core.package_identification:_identify(src/zed-ros2-examples/tools/zed_benchmark_interfaces) by extensions ['ignore', 'ignore_ament_install']
[0.685s] Level 1:colcon.colcon_core.package_identification:_identify(src/zed-ros2-examples/tools/zed_benchmark_interfaces) by extension 'ignore'
[0.686s] Level 1:colcon.colcon_core.package_identification:_identify(src/zed-ros2-examples/tools/zed_benchmark_interfaces) by extension 'ignore_ament_install'
[0.686s] Level 1:colcon.colcon_core.package_identification:_identify(src/zed-ros2-examples/tools/zed_benchmark_interfaces) by extensions ['colcon_pkg']
[0.686s] Level 1:colcon.colcon_core.package_identification:_identify(src/zed-ros2-examples/tools/zed_benchmark_interfaces) by extension 'colcon_pkg'
[0.686s] Level 1:colcon.colcon_core.package_identification:_identify(src/zed-ros2-examples/tools/zed_benchmark_interfaces) by extensions ['colcon_meta']
[0.686s] Level 1:colcon.colcon_core.package_identification:_identify(src/zed-ros2-examples/tools/zed_benchmark_interfaces) by extension 'colcon_meta'
[0.686s] Level 1:colcon.colcon_core.package_identification:_identify(src/zed-ros2-examples/tools/zed_benchmark_interfaces) by extensions ['ros']
[0.686s] Level 1:colcon.colcon_core.package_identification:_identify(src/zed-ros2-examples/tools/zed_benchmark_interfaces) by extension 'ros'
[0.687s] DEBUG:colcon.colcon_core.package_identification:Package 'src/zed-ros2-examples/tools/zed_benchmark_interfaces' with type 'ros.ament_cmake' and name 'zed_topic_benchmark_interfaces'
[0.688s] Level 1:colcon.colcon_core.package_identification:_identify(src/zed-ros2-examples/tutorials) by extensions ['ignore', 'ignore_ament_install']
[0.688s] Level 1:colcon.colcon_core.package_identification:_identify(src/zed-ros2-examples/tutorials) by extension 'ignore'
[0.688s] Level 1:colcon.colcon_core.package_identification:_identify(src/zed-ros2-examples/tutorials) by extension 'ignore_ament_install'
[0.688s] Level 1:colcon.colcon_core.package_identification:_identify(src/zed-ros2-examples/tutorials) by extensions ['colcon_pkg']
[0.688s] Level 1:colcon.colcon_core.package_identification:_identify(src/zed-ros2-examples/tutorials) by extension 'colcon_pkg'
[0.688s] Level 1:colcon.colcon_core.package_identification:_identify(src/zed-ros2-examples/tutorials) by extensions ['colcon_meta']
[0.688s] Level 1:colcon.colcon_core.package_identification:_identify(src/zed-ros2-examples/tutorials) by extension 'colcon_meta'
[0.688s] Level 1:colcon.colcon_core.package_identification:_identify(src/zed-ros2-examples/tutorials) by extensions ['ros']
[0.689s] Level 1:colcon.colcon_core.package_identification:_identify(src/zed-ros2-examples/tutorials) by extension 'ros'
[0.689s] Level 1:colcon.colcon_core.package_identification:_identify(src/zed-ros2-examples/tutorials) by extensions ['cmake', 'python']
[0.689s] Level 1:colcon.colcon_core.package_identification:_identify(src/zed-ros2-examples/tutorials) by extension 'cmake'
[0.689s] Level 1:colcon.colcon_core.package_identification:_identify(src/zed-ros2-examples/tutorials) by extension 'python'
[0.689s] Level 1:colcon.colcon_core.package_identification:_identify(src/zed-ros2-examples/tutorials) by extensions ['python_setup_py']
[0.689s] Level 1:colcon.colcon_core.package_identification:_identify(src/zed-ros2-examples/tutorials) by extension 'python_setup_py'
[0.689s] Level 1:colcon.colcon_core.package_identification:_identify(src/zed-ros2-examples/tutorials/zed_depth_tutorial) by extensions ['ignore', 'ignore_ament_install']
[0.689s] Level 1:colcon.colcon_core.package_identification:_identify(src/zed-ros2-examples/tutorials/zed_depth_tutorial) by extension 'ignore'
[0.690s] Level 1:colcon.colcon_core.package_identification:_identify(src/zed-ros2-examples/tutorials/zed_depth_tutorial) by extension 'ignore_ament_install'
[0.690s] Level 1:colcon.colcon_core.package_identification:_identify(src/zed-ros2-examples/tutorials/zed_depth_tutorial) by extensions ['colcon_pkg']
[0.690s] Level 1:colcon.colcon_core.package_identification:_identify(src/zed-ros2-examples/tutorials/zed_depth_tutorial) by extension 'colcon_pkg'
[0.690s] Level 1:colcon.colcon_core.package_identification:_identify(src/zed-ros2-examples/tutorials/zed_depth_tutorial) by extensions ['colcon_meta']
[0.690s] Level 1:colcon.colcon_core.package_identification:_identify(src/zed-ros2-examples/tutorials/zed_depth_tutorial) by extension 'colcon_meta'
[0.690s] Level 1:colcon.colcon_core.package_identification:_identify(src/zed-ros2-examples/tutorials/zed_depth_tutorial) by extensions ['ros']
[0.690s] Level 1:colcon.colcon_core.package_identification:_identify(src/zed-ros2-examples/tutorials/zed_depth_tutorial) by extension 'ros'
[0.691s] DEBUG:colcon.colcon_core.package_identification:Package 'src/zed-ros2-examples/tutorials/zed_depth_tutorial' with type 'ros.ament_cmake' and name 'zed_tutorial_depth'
[0.692s] Level 1:colcon.colcon_core.package_identification:_identify(src/zed-ros2-examples/tutorials/zed_ipc) by extensions ['ignore', 'ignore_ament_install']
[0.692s] Level 1:colcon.colcon_core.package_identification:_identify(src/zed-ros2-examples/tutorials/zed_ipc) by extension 'ignore'
[0.692s] Level 1:colcon.colcon_core.package_identification:_identify(src/zed-ros2-examples/tutorials/zed_ipc) by extension 'ignore_ament_install'
[0.692s] Level 1:colcon.colcon_core.package_identification:_identify(src/zed-ros2-examples/tutorials/zed_ipc) by extensions ['colcon_pkg']
[0.692s] Level 1:colcon.colcon_core.package_identification:_identify(src/zed-ros2-examples/tutorials/zed_ipc) by extension 'colcon_pkg'
[0.692s] Level 1:colcon.colcon_core.package_identification:_identify(src/zed-ros2-examples/tutorials/zed_ipc) by extensions ['colcon_meta']
[0.692s] Level 1:colcon.colcon_core.package_identification:_identify(src/zed-ros2-examples/tutorials/zed_ipc) by extension 'colcon_meta'
[0.692s] Level 1:colcon.colcon_core.package_identification:_identify(src/zed-ros2-examples/tutorials/zed_ipc) by extensions ['ros']
[0.692s] Level 1:colcon.colcon_core.package_identification:_identify(src/zed-ros2-examples/tutorials/zed_ipc) by extension 'ros'
[0.694s] DEBUG:colcon.colcon_core.package_identification:Package 'src/zed-ros2-examples/tutorials/zed_ipc' with type 'ros.ament_cmake' and name 'zed_ipc'
[0.694s] Level 1:colcon.colcon_core.package_identification:_identify(src/zed-ros2-examples/tutorials/zed_multi_camera) by extensions ['ignore', 'ignore_ament_install']
[0.695s] Level 1:colcon.colcon_core.package_identification:_identify(src/zed-ros2-examples/tutorials/zed_multi_camera) by extension 'ignore'
[0.695s] Level 1:colcon.colcon_core.package_identification:_identify(src/zed-ros2-examples/tutorials/zed_multi_camera) by extension 'ignore_ament_install'
[0.695s] Level 1:colcon.colcon_core.package_identification:_identify(src/zed-ros2-examples/tutorials/zed_multi_camera) by extensions ['colcon_pkg']
[0.695s] Level 1:colcon.colcon_core.package_identification:_identify(src/zed-ros2-examples/tutorials/zed_multi_camera) by extension 'colcon_pkg'
[0.695s] Level 1:colcon.colcon_core.package_identification:_identify(src/zed-ros2-examples/tutorials/zed_multi_camera) by extensions ['colcon_meta']
[0.695s] Level 1:colcon.colcon_core.package_identification:_identify(src/zed-ros2-examples/tutorials/zed_multi_camera) by extension 'colcon_meta'
[0.695s] Level 1:colcon.colcon_core.package_identification:_identify(src/zed-ros2-examples/tutorials/zed_multi_camera) by extensions ['ros']
[0.695s] Level 1:colcon.colcon_core.package_identification:_identify(src/zed-ros2-examples/tutorials/zed_multi_camera) by extension 'ros'
[0.696s] DEBUG:colcon.colcon_core.package_identification:Package 'src/zed-ros2-examples/tutorials/zed_multi_camera' with type 'ros.ament_cmake' and name 'zed_multi_camera'
[0.697s] Level 1:colcon.colcon_core.package_identification:_identify(src/zed-ros2-examples/tutorials/zed_pose_tutorial) by extensions ['ignore', 'ignore_ament_install']
[0.697s] Level 1:colcon.colcon_core.package_identification:_identify(src/zed-ros2-examples/tutorials/zed_pose_tutorial) by extension 'ignore'
[0.697s] Level 1:colcon.colcon_core.package_identification:_identify(src/zed-ros2-examples/tutorials/zed_pose_tutorial) by extension 'ignore_ament_install'
[0.697s] Level 1:colcon.colcon_core.package_identification:_identify(src/zed-ros2-examples/tutorials/zed_pose_tutorial) by extensions ['colcon_pkg']
[0.697s] Level 1:colcon.colcon_core.package_identification:_identify(src/zed-ros2-examples/tutorials/zed_pose_tutorial) by extension 'colcon_pkg'
[0.697s] Level 1:colcon.colcon_core.package_identification:_identify(src/zed-ros2-examples/tutorials/zed_pose_tutorial) by extensions ['colcon_meta']
[0.697s] Level 1:colcon.colcon_core.package_identification:_identify(src/zed-ros2-examples/tutorials/zed_pose_tutorial) by extension 'colcon_meta'
[0.698s] Level 1:colcon.colcon_core.package_identification:_identify(src/zed-ros2-examples/tutorials/zed_pose_tutorial) by extensions ['ros']
[0.698s] Level 1:colcon.colcon_core.package_identification:_identify(src/zed-ros2-examples/tutorials/zed_pose_tutorial) by extension 'ros'
[0.701s] DEBUG:colcon.colcon_core.package_identification:Package 'src/zed-ros2-examples/tutorials/zed_pose_tutorial' with type 'ros.ament_cmake' and name 'zed_tutorial_pos_tracking'
[0.702s] Level 1:colcon.colcon_core.package_identification:_identify(src/zed-ros2-examples/tutorials/zed_rgb_convert) by extensions ['ignore', 'ignore_ament_install']
[0.702s] Level 1:colcon.colcon_core.package_identification:_identify(src/zed-ros2-examples/tutorials/zed_rgb_convert) by extension 'ignore'
[0.702s] Level 1:colcon.colcon_core.package_identification:_identify(src/zed-ros2-examples/tutorials/zed_rgb_convert) by extension 'ignore_ament_install'
[0.702s] Level 1:colcon.colcon_core.package_identification:_identify(src/zed-ros2-examples/tutorials/zed_rgb_convert) by extensions ['colcon_pkg']
[0.702s] Level 1:colcon.colcon_core.package_identification:_identify(src/zed-ros2-examples/tutorials/zed_rgb_convert) by extension 'colcon_pkg'
[0.702s] Level 1:colcon.colcon_core.package_identification:_identify(src/zed-ros2-examples/tutorials/zed_rgb_convert) by extensions ['colcon_meta']
[0.703s] Level 1:colcon.colcon_core.package_identification:_identify(src/zed-ros2-examples/tutorials/zed_rgb_convert) by extension 'colcon_meta'
[0.703s] Level 1:colcon.colcon_core.package_identification:_identify(src/zed-ros2-examples/tutorials/zed_rgb_convert) by extensions ['ros']
[0.703s] Level 1:colcon.colcon_core.package_identification:_identify(src/zed-ros2-examples/tutorials/zed_rgb_convert) by extension 'ros'
[0.704s] DEBUG:colcon.colcon_core.package_identification:Package 'src/zed-ros2-examples/tutorials/zed_rgb_convert' with type 'ros.ament_cmake' and name 'zed_rgb_convert'
[0.704s] Level 1:colcon.colcon_core.package_identification:_identify(src/zed-ros2-examples/tutorials/zed_robot_integration) by extensions ['ignore', 'ignore_ament_install']
[0.705s] Level 1:colcon.colcon_core.package_identification:_identify(src/zed-ros2-examples/tutorials/zed_robot_integration) by extension 'ignore'
[0.705s] Level 1:colcon.colcon_core.package_identification:_identify(src/zed-ros2-examples/tutorials/zed_robot_integration) by extension 'ignore_ament_install'
[0.705s] Level 1:colcon.colcon_core.package_identification:_identify(src/zed-ros2-examples/tutorials/zed_robot_integration) by extensions ['colcon_pkg']
[0.705s] Level 1:colcon.colcon_core.package_identification:_identify(src/zed-ros2-examples/tutorials/zed_robot_integration) by extension 'colcon_pkg'
[0.705s] Level 1:colcon.colcon_core.package_identification:_identify(src/zed-ros2-examples/tutorials/zed_robot_integration) by extensions ['colcon_meta']
[0.705s] Level 1:colcon.colcon_core.package_identification:_identify(src/zed-ros2-examples/tutorials/zed_robot_integration) by extension 'colcon_meta'
[0.705s] Level 1:colcon.colcon_core.package_identification:_identify(src/zed-ros2-examples/tutorials/zed_robot_integration) by extensions ['ros']
[0.705s] Level 1:colcon.colcon_core.package_identification:_identify(src/zed-ros2-examples/tutorials/zed_robot_integration) by extension 'ros'
[0.706s] DEBUG:colcon.colcon_core.package_identification:Package 'src/zed-ros2-examples/tutorials/zed_robot_integration' with type 'ros.ament_cmake' and name 'zed_robot_integration'
[0.707s] Level 1:colcon.colcon_core.package_identification:_identify(src/zed-ros2-examples/tutorials/zed_video_tutorial) by extensions ['ignore', 'ignore_ament_install']
[0.707s] Level 1:colcon.colcon_core.package_identification:_identify(src/zed-ros2-examples/tutorials/zed_video_tutorial) by extension 'ignore'
[0.707s] Level 1:colcon.colcon_core.package_identification:_identify(src/zed-ros2-examples/tutorials/zed_video_tutorial) by extension 'ignore_ament_install'
[0.707s] Level 1:colcon.colcon_core.package_identification:_identify(src/zed-ros2-examples/tutorials/zed_video_tutorial) by extensions ['colcon_pkg']
[0.707s] Level 1:colcon.colcon_core.package_identification:_identify(src/zed-ros2-examples/tutorials/zed_video_tutorial) by extension 'colcon_pkg'
[0.707s] Level 1:colcon.colcon_core.package_identification:_identify(src/zed-ros2-examples/tutorials/zed_video_tutorial) by extensions ['colcon_meta']
[0.707s] Level 1:colcon.colcon_core.package_identification:_identify(src/zed-ros2-examples/tutorials/zed_video_tutorial) by extension 'colcon_meta'
[0.707s] Level 1:colcon.colcon_core.package_identification:_identify(src/zed-ros2-examples/tutorials/zed_video_tutorial) by extensions ['ros']
[0.707s] Level 1:colcon.colcon_core.package_identification:_identify(src/zed-ros2-examples/tutorials/zed_video_tutorial) by extension 'ros'
[0.709s] DEBUG:colcon.colcon_core.package_identification:Package 'src/zed-ros2-examples/tutorials/zed_video_tutorial' with type 'ros.ament_cmake' and name 'zed_tutorial_video'
[0.709s] Level 1:colcon.colcon_core.package_identification:_identify(src/zed-ros2-examples/zed_display_foxglove) by extensions ['ignore', 'ignore_ament_install']
[0.709s] Level 1:colcon.colcon_core.package_identification:_identify(src/zed-ros2-examples/zed_display_foxglove) by extension 'ignore'
[0.709s] Level 1:colcon.colcon_core.package_identification:_identify(src/zed-ros2-examples/zed_display_foxglove) by extension 'ignore_ament_install'
[0.709s] Level 1:colcon.colcon_core.package_identification:_identify(src/zed-ros2-examples/zed_display_foxglove) by extensions ['colcon_pkg']
[0.709s] Level 1:colcon.colcon_core.package_identification:_identify(src/zed-ros2-examples/zed_display_foxglove) by extension 'colcon_pkg'
[0.710s] Level 1:colcon.colcon_core.package_identification:_identify(src/zed-ros2-examples/zed_display_foxglove) by extensions ['colcon_meta']
[0.710s] Level 1:colcon.colcon_core.package_identification:_identify(src/zed-ros2-examples/zed_display_foxglove) by extension 'colcon_meta'
[0.710s] Level 1:colcon.colcon_core.package_identification:_identify(src/zed-ros2-examples/zed_display_foxglove) by extensions ['ros']
[0.710s] Level 1:colcon.colcon_core.package_identification:_identify(src/zed-ros2-examples/zed_display_foxglove) by extension 'ros'
[0.710s] Level 1:colcon.colcon_core.package_identification:_identify(src/zed-ros2-examples/zed_display_foxglove) by extensions ['cmake', 'python']
[0.710s] Level 1:colcon.colcon_core.package_identification:_identify(src/zed-ros2-examples/zed_display_foxglove) by extension 'cmake'
[0.710s] Level 1:colcon.colcon_core.package_identification:_identify(src/zed-ros2-examples/zed_display_foxglove) by extension 'python'
[0.710s] Level 1:colcon.colcon_core.package_identification:_identify(src/zed-ros2-examples/zed_display_foxglove) by extensions ['python_setup_py']
[0.710s] Level 1:colcon.colcon_core.package_identification:_identify(src/zed-ros2-examples/zed_display_foxglove) by extension 'python_setup_py'
[0.710s] Level 1:colcon.colcon_core.package_identification:_identify(src/zed-ros2-examples/zed_display_foxglove/images) by extensions ['ignore', 'ignore_ament_install']
[0.711s] Level 1:colcon.colcon_core.package_identification:_identify(src/zed-ros2-examples/zed_display_foxglove/images) by extension 'ignore'
[0.711s] Level 1:colcon.colcon_core.package_identification:_identify(src/zed-ros2-examples/zed_display_foxglove/images) by extension 'ignore_ament_install'
[0.711s] Level 1:colcon.colcon_core.package_identification:_identify(src/zed-ros2-examples/zed_display_foxglove/images) by extensions ['colcon_pkg']
[0.711s] Level 1:colcon.colcon_core.package_identification:_identify(src/zed-ros2-examples/zed_display_foxglove/images) by extension 'colcon_pkg'
[0.711s] Level 1:colcon.colcon_core.package_identification:_identify(src/zed-ros2-examples/zed_display_foxglove/images) by extensions ['colcon_meta']
[0.711s] Level 1:colcon.colcon_core.package_identification:_identify(src/zed-ros2-examples/zed_display_foxglove/images) by extension 'colcon_meta'
[0.711s] Level 1:colcon.colcon_core.package_identification:_identify(src/zed-ros2-examples/zed_display_foxglove/images) by extensions ['ros']
[0.711s] Level 1:colcon.colcon_core.package_identification:_identify(src/zed-ros2-examples/zed_display_foxglove/images) by extension 'ros'
[0.711s] Level 1:colcon.colcon_core.package_identification:_identify(src/zed-ros2-examples/zed_display_foxglove/images) by extensions ['cmake', 'python']
[0.712s] Level 1:colcon.colcon_core.package_identification:_identify(src/zed-ros2-examples/zed_display_foxglove/images) by extension 'cmake'
[0.712s] Level 1:colcon.colcon_core.package_identification:_identify(src/zed-ros2-examples/zed_display_foxglove/images) by extension 'python'
[0.712s] Level 1:colcon.colcon_core.package_identification:_identify(src/zed-ros2-examples/zed_display_foxglove/images) by extensions ['python_setup_py']
[0.712s] Level 1:colcon.colcon_core.package_identification:_identify(src/zed-ros2-examples/zed_display_foxglove/images) by extension 'python_setup_py'
[0.712s] Level 1:colcon.colcon_core.package_identification:_identify(src/zed-ros2-examples/zed_display_foxglove/layouts) by extensions ['ignore', 'ignore_ament_install']
[0.712s] Level 1:colcon.colcon_core.package_identification:_identify(src/zed-ros2-examples/zed_display_foxglove/layouts) by extension 'ignore'
[0.712s] Level 1:colcon.colcon_core.package_identification:_identify(src/zed-ros2-examples/zed_display_foxglove/layouts) by extension 'ignore_ament_install'
[0.712s] Level 1:colcon.colcon_core.package_identification:_identify(src/zed-ros2-examples/zed_display_foxglove/layouts) by extensions ['colcon_pkg']
[0.712s] Level 1:colcon.colcon_core.package_identification:_identify(src/zed-ros2-examples/zed_display_foxglove/layouts) by extension 'colcon_pkg'
[0.713s] Level 1:colcon.colcon_core.package_identification:_identify(src/zed-ros2-examples/zed_display_foxglove/layouts) by extensions ['colcon_meta']
[0.713s] Level 1:colcon.colcon_core.package_identification:_identify(src/zed-ros2-examples/zed_display_foxglove/layouts) by extension 'colcon_meta'
[0.713s] Level 1:colcon.colcon_core.package_identification:_identify(src/zed-ros2-examples/zed_display_foxglove/layouts) by extensions ['ros']
[0.713s] Level 1:colcon.colcon_core.package_identification:_identify(src/zed-ros2-examples/zed_display_foxglove/layouts) by extension 'ros'
[0.713s] Level 1:colcon.colcon_core.package_identification:_identify(src/zed-ros2-examples/zed_display_foxglove/layouts) by extensions ['cmake', 'python']
[0.713s] Level 1:colcon.colcon_core.package_identification:_identify(src/zed-ros2-examples/zed_display_foxglove/layouts) by extension 'cmake'
[0.713s] Level 1:colcon.colcon_core.package_identification:_identify(src/zed-ros2-examples/zed_display_foxglove/layouts) by extension 'python'
[0.713s] Level 1:colcon.colcon_core.package_identification:_identify(src/zed-ros2-examples/zed_display_foxglove/layouts) by extensions ['python_setup_py']
[0.713s] Level 1:colcon.colcon_core.package_identification:_identify(src/zed-ros2-examples/zed_display_foxglove/layouts) by extension 'python_setup_py'
[0.713s] Level 1:colcon.colcon_core.package_identification:_identify(src/zed-ros2-examples/zed_display_rviz2) by extensions ['ignore', 'ignore_ament_install']
[0.714s] Level 1:colcon.colcon_core.package_identification:_identify(src/zed-ros2-examples/zed_display_rviz2) by extension 'ignore'
[0.714s] Level 1:colcon.colcon_core.package_identification:_identify(src/zed-ros2-examples/zed_display_rviz2) by extension 'ignore_ament_install'
[0.714s] Level 1:colcon.colcon_core.package_identification:_identify(src/zed-ros2-examples/zed_display_rviz2) by extensions ['colcon_pkg']
[0.714s] Level 1:colcon.colcon_core.package_identification:_identify(src/zed-ros2-examples/zed_display_rviz2) by extension 'colcon_pkg'
[0.714s] Level 1:colcon.colcon_core.package_identification:_identify(src/zed-ros2-examples/zed_display_rviz2) by extensions ['colcon_meta']
[0.714s] Level 1:colcon.colcon_core.package_identification:_identify(src/zed-ros2-examples/zed_display_rviz2) by extension 'colcon_meta'
[0.714s] Level 1:colcon.colcon_core.package_identification:_identify(src/zed-ros2-examples/zed_display_rviz2) by extensions ['ros']
[0.714s] Level 1:colcon.colcon_core.package_identification:_identify(src/zed-ros2-examples/zed_display_rviz2) by extension 'ros'
[0.715s] DEBUG:colcon.colcon_core.package_identification:Package 'src/zed-ros2-examples/zed_display_rviz2' with type 'ros.ament_cmake' and name 'zed_display_rviz2'
[0.716s] Level 1:colcon.colcon_core.package_identification:_identify(src/zed-ros2-wrapper) by extensions ['ignore', 'ignore_ament_install']
[0.716s] Level 1:colcon.colcon_core.package_identification:_identify(src/zed-ros2-wrapper) by extension 'ignore'
[0.716s] Level 1:colcon.colcon_core.package_identification:_identify(src/zed-ros2-wrapper) by extension 'ignore_ament_install'
[0.716s] Level 1:colcon.colcon_core.package_identification:_identify(src/zed-ros2-wrapper) by extensions ['colcon_pkg']
[0.716s] Level 1:colcon.colcon_core.package_identification:_identify(src/zed-ros2-wrapper) by extension 'colcon_pkg'
[0.716s] Level 1:colcon.colcon_core.package_identification:_identify(src/zed-ros2-wrapper) by extensions ['colcon_meta']
[0.716s] Level 1:colcon.colcon_core.package_identification:_identify(src/zed-ros2-wrapper) by extension 'colcon_meta'
[0.717s] Level 1:colcon.colcon_core.package_identification:_identify(src/zed-ros2-wrapper) by extensions ['ros']
[0.717s] Level 1:colcon.colcon_core.package_identification:_identify(src/zed-ros2-wrapper) by extension 'ros'
[0.717s] Level 1:colcon.colcon_core.package_identification:_identify(src/zed-ros2-wrapper) by extensions ['cmake', 'python']
[0.717s] Level 1:colcon.colcon_core.package_identification:_identify(src/zed-ros2-wrapper) by extension 'cmake'
[0.717s] Level 1:colcon.colcon_core.package_identification:_identify(src/zed-ros2-wrapper) by extension 'python'
[0.717s] Level 1:colcon.colcon_core.package_identification:_identify(src/zed-ros2-wrapper) by extensions ['python_setup_py']
[0.717s] Level 1:colcon.colcon_core.package_identification:_identify(src/zed-ros2-wrapper) by extension 'python_setup_py'
[0.717s] Level 1:colcon.colcon_core.package_identification:_identify(src/zed-ros2-wrapper/docker) by extensions ['ignore', 'ignore_ament_install']
[0.717s] Level 1:colcon.colcon_core.package_identification:_identify(src/zed-ros2-wrapper/docker) by extension 'ignore'
[0.718s] Level 1:colcon.colcon_core.package_identification:_identify(src/zed-ros2-wrapper/docker) by extension 'ignore_ament_install'
[0.718s] Level 1:colcon.colcon_core.package_identification:_identify(src/zed-ros2-wrapper/docker) by extensions ['colcon_pkg']
[0.718s] Level 1:colcon.colcon_core.package_identification:_identify(src/zed-ros2-wrapper/docker) by extension 'colcon_pkg'
[0.718s] Level 1:colcon.colcon_core.package_identification:_identify(src/zed-ros2-wrapper/docker) by extensions ['colcon_meta']
[0.718s] Level 1:colcon.colcon_core.package_identification:_identify(src/zed-ros2-wrapper/docker) by extension 'colcon_meta'
[0.718s] Level 1:colcon.colcon_core.package_identification:_identify(src/zed-ros2-wrapper/docker) by extensions ['ros']
[0.718s] Level 1:colcon.colcon_core.package_identification:_identify(src/zed-ros2-wrapper/docker) by extension 'ros'
[0.718s] Level 1:colcon.colcon_core.package_identification:_identify(src/zed-ros2-wrapper/docker) by extensions ['cmake', 'python']
[0.718s] Level 1:colcon.colcon_core.package_identification:_identify(src/zed-ros2-wrapper/docker) by extension 'cmake'
[0.718s] Level 1:colcon.colcon_core.package_identification:_identify(src/zed-ros2-wrapper/docker) by extension 'python'
[0.719s] Level 1:colcon.colcon_core.package_identification:_identify(src/zed-ros2-wrapper/docker) by extensions ['python_setup_py']
[0.719s] Level 1:colcon.colcon_core.package_identification:_identify(src/zed-ros2-wrapper/docker) by extension 'python_setup_py'
[0.719s] Level 1:colcon.colcon_core.package_identification:_identify(src/zed-ros2-wrapper/images) by extensions ['ignore', 'ignore_ament_install']
[0.719s] Level 1:colcon.colcon_core.package_identification:_identify(src/zed-ros2-wrapper/images) by extension 'ignore'
[0.719s] Level 1:colcon.colcon_core.package_identification:_identify(src/zed-ros2-wrapper/images) by extension 'ignore_ament_install'
[0.719s] Level 1:colcon.colcon_core.package_identification:_identify(src/zed-ros2-wrapper/images) by extensions ['colcon_pkg']
[0.719s] Level 1:colcon.colcon_core.package_identification:_identify(src/zed-ros2-wrapper/images) by extension 'colcon_pkg'
[0.719s] Level 1:colcon.colcon_core.package_identification:_identify(src/zed-ros2-wrapper/images) by extensions ['colcon_meta']
[0.719s] Level 1:colcon.colcon_core.package_identification:_identify(src/zed-ros2-wrapper/images) by extension 'colcon_meta'
[0.720s] Level 1:colcon.colcon_core.package_identification:_identify(src/zed-ros2-wrapper/images) by extensions ['ros']
[0.720s] Level 1:colcon.colcon_core.package_identification:_identify(src/zed-ros2-wrapper/images) by extension 'ros'
[0.720s] Level 1:colcon.colcon_core.package_identification:_identify(src/zed-ros2-wrapper/images) by extensions ['cmake', 'python']
[0.720s] Level 1:colcon.colcon_core.package_identification:_identify(src/zed-ros2-wrapper/images) by extension 'cmake'
[0.720s] Level 1:colcon.colcon_core.package_identification:_identify(src/zed-ros2-wrapper/images) by extension 'python'
[0.720s] Level 1:colcon.colcon_core.package_identification:_identify(src/zed-ros2-wrapper/images) by extensions ['python_setup_py']
[0.720s] Level 1:colcon.colcon_core.package_identification:_identify(src/zed-ros2-wrapper/images) by extension 'python_setup_py'
[0.720s] Level 1:colcon.colcon_core.package_identification:_identify(src/zed-ros2-wrapper/zed_components) by extensions ['ignore', 'ignore_ament_install']
[0.720s] Level 1:colcon.colcon_core.package_identification:_identify(src/zed-ros2-wrapper/zed_components) by extension 'ignore'
[0.720s] Level 1:colcon.colcon_core.package_identification:_identify(src/zed-ros2-wrapper/zed_components) by extension 'ignore_ament_install'
[0.721s] Level 1:colcon.colcon_core.package_identification:_identify(src/zed-ros2-wrapper/zed_components) by extensions ['colcon_pkg']
[0.721s] Level 1:colcon.colcon_core.package_identification:_identify(src/zed-ros2-wrapper/zed_components) by extension 'colcon_pkg'
[0.721s] Level 1:colcon.colcon_core.package_identification:_identify(src/zed-ros2-wrapper/zed_components) by extensions ['colcon_meta']
[0.721s] Level 1:colcon.colcon_core.package_identification:_identify(src/zed-ros2-wrapper/zed_components) by extension 'colcon_meta'
[0.721s] Level 1:colcon.colcon_core.package_identification:_identify(src/zed-ros2-wrapper/zed_components) by extensions ['ros']
[0.721s] Level 1:colcon.colcon_core.package_identification:_identify(src/zed-ros2-wrapper/zed_components) by extension 'ros'
[0.749s] DEBUG:colcon.colcon_core.package_identification:Package 'src/zed-ros2-wrapper/zed_components' with type 'ros.ament_cmake' and name 'zed_components'
[0.749s] Level 1:colcon.colcon_core.package_identification:_identify(src/zed-ros2-wrapper/zed_ros2) by extensions ['ignore', 'ignore_ament_install']
[0.750s] Level 1:colcon.colcon_core.package_identification:_identify(src/zed-ros2-wrapper/zed_ros2) by extension 'ignore'
[0.750s] Level 1:colcon.colcon_core.package_identification:_identify(src/zed-ros2-wrapper/zed_ros2) by extension 'ignore_ament_install'
[0.750s] Level 1:colcon.colcon_core.package_identification:_identify(src/zed-ros2-wrapper/zed_ros2) by extensions ['colcon_pkg']
[0.750s] Level 1:colcon.colcon_core.package_identification:_identify(src/zed-ros2-wrapper/zed_ros2) by extension 'colcon_pkg'
[0.750s] Level 1:colcon.colcon_core.package_identification:_identify(src/zed-ros2-wrapper/zed_ros2) by extensions ['colcon_meta']
[0.750s] Level 1:colcon.colcon_core.package_identification:_identify(src/zed-ros2-wrapper/zed_ros2) by extension 'colcon_meta'
[0.750s] Level 1:colcon.colcon_core.package_identification:_identify(src/zed-ros2-wrapper/zed_ros2) by extensions ['ros']
[0.750s] Level 1:colcon.colcon_core.package_identification:_identify(src/zed-ros2-wrapper/zed_ros2) by extension 'ros'
[0.752s] DEBUG:colcon.colcon_core.package_identification:Package 'src/zed-ros2-wrapper/zed_ros2' with type 'ros.ament_cmake' and name 'zed_ros2'
[0.752s] Level 1:colcon.colcon_core.package_identification:_identify(src/zed-ros2-wrapper/zed_wrapper) by extensions ['ignore', 'ignore_ament_install']
[0.752s] Level 1:colcon.colcon_core.package_identification:_identify(src/zed-ros2-wrapper/zed_wrapper) by extension 'ignore'
[0.752s] Level 1:colcon.colcon_core.package_identification:_identify(src/zed-ros2-wrapper/zed_wrapper) by extension 'ignore_ament_install'
[0.753s] Level 1:colcon.colcon_core.package_identification:_identify(src/zed-ros2-wrapper/zed_wrapper) by extensions ['colcon_pkg']
[0.753s] Level 1:colcon.colcon_core.package_identification:_identify(src/zed-ros2-wrapper/zed_wrapper) by extension 'colcon_pkg'
[0.753s] Level 1:colcon.colcon_core.package_identification:_identify(src/zed-ros2-wrapper/zed_wrapper) by extensions ['colcon_meta']
[0.753s] Level 1:colcon.colcon_core.package_identification:_identify(src/zed-ros2-wrapper/zed_wrapper) by extension 'colcon_meta'
[0.753s] Level 1:colcon.colcon_core.package_identification:_identify(src/zed-ros2-wrapper/zed_wrapper) by extensions ['ros']
[0.753s] Level 1:colcon.colcon_core.package_identification:_identify(src/zed-ros2-wrapper/zed_wrapper) by extension 'ros'
[0.755s] DEBUG:colcon.colcon_core.package_identification:Package 'src/zed-ros2-wrapper/zed_wrapper' with type 'ros.ament_cmake' and name 'zed_wrapper'
[0.755s] Level 1:colcon.colcon_core.package_discovery:discover_packages(recursive) using defaults
[0.755s] Level 1:colcon.colcon_core.package_discovery:discover_packages(ignore) discover
[0.755s] Level 1:colcon.colcon_core.package_discovery:discover_packages(ignore) using defaults
[0.755s] Level 1:colcon.colcon_core.package_discovery:discover_packages(path) discover
[0.755s] Level 1:colcon.colcon_core.package_discovery:discover_packages(path) using defaults
[0.808s] Level 1:colcon.colcon_core.package_discovery:discover_packages(prefix_path) check parameters
[0.808s] Level 1:colcon.colcon_core.package_discovery:discover_packages(prefix_path) discover
[0.814s] DEBUG:colcon.colcon_installed_package_information.package_discovery:Found 10 installed packages in /home/user/autorover_ws/install
[0.816s] DEBUG:colcon.colcon_installed_package_information.package_discovery:Found 17 installed packages in /home/user/vision_ws/install
[0.819s] DEBUG:colcon.colcon_installed_package_information.package_discovery:Found 370 installed packages in /opt/ros/humble
[0.825s] Level 1:colcon.colcon_core.package_discovery:discover_packages(prefix_path) using defaults
[0.924s] Level 5:colcon.colcon_core.verb:set package 'rviz_plugin_zed_od' build argument 'cmake_args' from command line to '['-DCMAKE_BUILD_TYPE=Release']'
[0.924s] Level 5:colcon.colcon_core.verb:set package 'rviz_plugin_zed_od' build argument 'cmake_target' from command line to 'None'
[0.924s] Level 5:colcon.colcon_core.verb:set package 'rviz_plugin_zed_od' build argument 'cmake_target_skip_unavailable' from command line to 'False'
[0.924s] Level 5:colcon.colcon_core.verb:set package 'rviz_plugin_zed_od' build argument 'cmake_clean_cache' from command line to 'False'
[0.925s] Level 5:colcon.colcon_core.verb:set package 'rviz_plugin_zed_od' build argument 'cmake_clean_first' from command line to 'False'
[0.925s] Level 5:colcon.colcon_core.verb:set package 'rviz_plugin_zed_od' build argument 'cmake_force_configure' from command line to 'False'
[0.925s] Level 5:colcon.colcon_core.verb:set package 'rviz_plugin_zed_od' build argument 'ament_cmake_args' from command line to 'None'
[0.925s] Level 5:colcon.colcon_core.verb:set package 'rviz_plugin_zed_od' build argument 'catkin_cmake_args' from command line to 'None'
[0.925s] Level 5:colcon.colcon_core.verb:set package 'rviz_plugin_zed_od' build argument 'catkin_skip_building_tests' from command line to 'False'
[0.925s] DEBUG:colcon.colcon_core.verb:Building package 'rviz_plugin_zed_od' with the following arguments: {'ament_cmake_args': None, 'build_base': '/home/user/vision_ws/build/rviz_plugin_zed_od', 'catkin_cmake_args': None, 'catkin_skip_building_tests': False, 'cmake_args': ['-DCMAKE_BUILD_TYPE=Release'], 'cmake_clean_cache': False, 'cmake_clean_first': False, 'cmake_force_configure': False, 'cmake_target': None, 'cmake_target_skip_unavailable': False, 'install_base': '/home/user/vision_ws/install/rviz_plugin_zed_od', 'merge_install': False, 'path': '/home/user/vision_ws/src/zed-ros2-examples/rviz-plugin-zed-od', 'symlink_install': True, 'test_result_base': None}
[0.926s] Level 5:colcon.colcon_core.verb:set package 'zed_components' build argument 'cmake_args' from command line to '['-DCMAKE_BUILD_TYPE=Release']'
[0.926s] Level 5:colcon.colcon_core.verb:set package 'zed_components' build argument 'cmake_target' from command line to 'None'
[0.926s] Level 5:colcon.colcon_core.verb:set package 'zed_components' build argument 'cmake_target_skip_unavailable' from command line to 'False'
[0.926s] Level 5:colcon.colcon_core.verb:set package 'zed_components' build argument 'cmake_clean_cache' from command line to 'False'
[0.926s] Level 5:colcon.colcon_core.verb:set package 'zed_components' build argument 'cmake_clean_first' from command line to 'False'
[0.926s] Level 5:colcon.colcon_core.verb:set package 'zed_components' build argument 'cmake_force_configure' from command line to 'False'
[0.926s] Level 5:colcon.colcon_core.verb:set package 'zed_components' build argument 'ament_cmake_args' from command line to 'None'
[0.926s] Level 5:colcon.colcon_core.verb:set package 'zed_components' build argument 'catkin_cmake_args' from command line to 'None'
[0.926s] Level 5:colcon.colcon_core.verb:set package 'zed_components' build argument 'catkin_skip_building_tests' from command line to 'False'
[0.926s] DEBUG:colcon.colcon_core.verb:Building package 'zed_components' with the following arguments: {'ament_cmake_args': None, 'build_base': '/home/user/vision_ws/build/zed_components', 'catkin_cmake_args': None, 'catkin_skip_building_tests': False, 'cmake_args': ['-DCMAKE_BUILD_TYPE=Release'], 'cmake_clean_cache': False, 'cmake_clean_first': False, 'cmake_force_configure': False, 'cmake_target': None, 'cmake_target_skip_unavailable': False, 'install_base': '/home/user/vision_ws/install/zed_components', 'merge_install': False, 'path': '/home/user/vision_ws/src/zed-ros2-wrapper/zed_components', 'symlink_install': True, 'test_result_base': None}
[0.927s] Level 5:colcon.colcon_core.verb:set package 'zed_topic_benchmark_interfaces' build argument 'cmake_args' from command line to '['-DCMAKE_BUILD_TYPE=Release']'
[0.927s] Level 5:colcon.colcon_core.verb:set package 'zed_topic_benchmark_interfaces' build argument 'cmake_target' from command line to 'None'
[0.927s] Level 5:colcon.colcon_core.verb:set package 'zed_topic_benchmark_interfaces' build argument 'cmake_target_skip_unavailable' from command line to 'False'
[0.927s] Level 5:colcon.colcon_core.verb:set package 'zed_topic_benchmark_interfaces' build argument 'cmake_clean_cache' from command line to 'False'
[0.927s] Level 5:colcon.colcon_core.verb:set package 'zed_topic_benchmark_interfaces' build argument 'cmake_clean_first' from command line to 'False'
[0.927s] Level 5:colcon.colcon_core.verb:set package 'zed_topic_benchmark_interfaces' build argument 'cmake_force_configure' from command line to 'False'
[0.927s] Level 5:colcon.colcon_core.verb:set package 'zed_topic_benchmark_interfaces' build argument 'ament_cmake_args' from command line to 'None'
[0.927s] Level 5:colcon.colcon_core.verb:set package 'zed_topic_benchmark_interfaces' build argument 'catkin_cmake_args' from command line to 'None'
[0.927s] Level 5:colcon.colcon_core.verb:set package 'zed_topic_benchmark_interfaces' build argument 'catkin_skip_building_tests' from command line to 'False'
[0.927s] DEBUG:colcon.colcon_core.verb:Building package 'zed_topic_benchmark_interfaces' with the following arguments: {'ament_cmake_args': None, 'build_base': '/home/user/vision_ws/build/zed_topic_benchmark_interfaces', 'catkin_cmake_args': None, 'catkin_skip_building_tests': False, 'cmake_args': ['-DCMAKE_BUILD_TYPE=Release'], 'cmake_clean_cache': False, 'cmake_clean_first': False, 'cmake_force_configure': False, 'cmake_target': None, 'cmake_target_skip_unavailable': False, 'install_base': '/home/user/vision_ws/install/zed_topic_benchmark_interfaces', 'merge_install': False, 'path': '/home/user/vision_ws/src/zed-ros2-examples/tools/zed_benchmark_interfaces', 'symlink_install': True, 'test_result_base': None}
[0.928s] Level 5:colcon.colcon_core.verb:set package 'zed_tutorial_depth' build argument 'cmake_args' from command line to '['-DCMAKE_BUILD_TYPE=Release']'
[0.928s] Level 5:colcon.colcon_core.verb:set package 'zed_tutorial_depth' build argument 'cmake_target' from command line to 'None'
[0.928s] Level 5:colcon.colcon_core.verb:set package 'zed_tutorial_depth' build argument 'cmake_target_skip_unavailable' from command line to 'False'
[0.928s] Level 5:colcon.colcon_core.verb:set package 'zed_tutorial_depth' build argument 'cmake_clean_cache' from command line to 'False'
[0.928s] Level 5:colcon.colcon_core.verb:set package 'zed_tutorial_depth' build argument 'cmake_clean_first' from command line to 'False'
[0.928s] Level 5:colcon.colcon_core.verb:set package 'zed_tutorial_depth' build argument 'cmake_force_configure' from command line to 'False'
[0.928s] Level 5:colcon.colcon_core.verb:set package 'zed_tutorial_depth' build argument 'ament_cmake_args' from command line to 'None'
[0.928s] Level 5:colcon.colcon_core.verb:set package 'zed_tutorial_depth' build argument 'catkin_cmake_args' from command line to 'None'
[0.928s] Level 5:colcon.colcon_core.verb:set package 'zed_tutorial_depth' build argument 'catkin_skip_building_tests' from command line to 'False'
[0.928s] DEBUG:colcon.colcon_core.verb:Building package 'zed_tutorial_depth' with the following arguments: {'ament_cmake_args': None, 'build_base': '/home/user/vision_ws/build/zed_tutorial_depth', 'catkin_cmake_args': None, 'catkin_skip_building_tests': False, 'cmake_args': ['-DCMAKE_BUILD_TYPE=Release'], 'cmake_clean_cache': False, 'cmake_clean_first': False, 'cmake_force_configure': False, 'cmake_target': None, 'cmake_target_skip_unavailable': False, 'install_base': '/home/user/vision_ws/install/zed_tutorial_depth', 'merge_install': False, 'path': '/home/user/vision_ws/src/zed-ros2-examples/tutorials/zed_depth_tutorial', 'symlink_install': True, 'test_result_base': None}
[0.929s] Level 5:colcon.colcon_core.verb:set package 'zed_tutorial_pos_tracking' build argument 'cmake_args' from command line to '['-DCMAKE_BUILD_TYPE=Release']'
[0.929s] Level 5:colcon.colcon_core.verb:set package 'zed_tutorial_pos_tracking' build argument 'cmake_target' from command line to 'None'
[0.929s] Level 5:colcon.colcon_core.verb:set package 'zed_tutorial_pos_tracking' build argument 'cmake_target_skip_unavailable' from command line to 'False'
[0.929s] Level 5:colcon.colcon_core.verb:set package 'zed_tutorial_pos_tracking' build argument 'cmake_clean_cache' from command line to 'False'
[0.929s] Level 5:colcon.colcon_core.verb:set package 'zed_tutorial_pos_tracking' build argument 'cmake_clean_first' from command line to 'False'
[0.929s] Level 5:colcon.colcon_core.verb:set package 'zed_tutorial_pos_tracking' build argument 'cmake_force_configure' from command line to 'False'
[0.929s] Level 5:colcon.colcon_core.verb:set package 'zed_tutorial_pos_tracking' build argument 'ament_cmake_args' from command line to 'None'
[0.929s] Level 5:colcon.colcon_core.verb:set package 'zed_tutorial_pos_tracking' build argument 'catkin_cmake_args' from command line to 'None'
[0.929s] Level 5:colcon.colcon_core.verb:set package 'zed_tutorial_pos_tracking' build argument 'catkin_skip_building_tests' from command line to 'False'
[0.929s] DEBUG:colcon.colcon_core.verb:Building package 'zed_tutorial_pos_tracking' with the following arguments: {'ament_cmake_args': None, 'build_base': '/home/user/vision_ws/build/zed_tutorial_pos_tracking', 'catkin_cmake_args': None, 'catkin_skip_building_tests': False, 'cmake_args': ['-DCMAKE_BUILD_TYPE=Release'], 'cmake_clean_cache': False, 'cmake_clean_first': False, 'cmake_force_configure': False, 'cmake_target': None, 'cmake_target_skip_unavailable': False, 'install_base': '/home/user/vision_ws/install/zed_tutorial_pos_tracking', 'merge_install': False, 'path': '/home/user/vision_ws/src/zed-ros2-examples/tutorials/zed_pose_tutorial', 'symlink_install': True, 'test_result_base': None}
[0.930s] Level 5:colcon.colcon_core.verb:set package 'zed_tutorial_video' build argument 'cmake_args' from command line to '['-DCMAKE_BUILD_TYPE=Release']'
[0.930s] Level 5:colcon.colcon_core.verb:set package 'zed_tutorial_video' build argument 'cmake_target' from command line to 'None'
[0.930s] Level 5:colcon.colcon_core.verb:set package 'zed_tutorial_video' build argument 'cmake_target_skip_unavailable' from command line to 'False'
[0.930s] Level 5:colcon.colcon_core.verb:set package 'zed_tutorial_video' build argument 'cmake_clean_cache' from command line to 'False'
[0.930s] Level 5:colcon.colcon_core.verb:set package 'zed_tutorial_video' build argument 'cmake_clean_first' from command line to 'False'
[0.930s] Level 5:colcon.colcon_core.verb:set package 'zed_tutorial_video' build argument 'cmake_force_configure' from command line to 'False'
[0.930s] Level 5:colcon.colcon_core.verb:set package 'zed_tutorial_video' build argument 'ament_cmake_args' from command line to 'None'
[0.930s] Level 5:colcon.colcon_core.verb:set package 'zed_tutorial_video' build argument 'catkin_cmake_args' from command line to 'None'
[0.930s] Level 5:colcon.colcon_core.verb:set package 'zed_tutorial_video' build argument 'catkin_skip_building_tests' from command line to 'False'
[0.931s] DEBUG:colcon.colcon_core.verb:Building package 'zed_tutorial_video' with the following arguments: {'ament_cmake_args': None, 'build_base': '/home/user/vision_ws/build/zed_tutorial_video', 'catkin_cmake_args': None, 'catkin_skip_building_tests': False, 'cmake_args': ['-DCMAKE_BUILD_TYPE=Release'], 'cmake_clean_cache': False, 'cmake_clean_first': False, 'cmake_force_configure': False, 'cmake_target': None, 'cmake_target_skip_unavailable': False, 'install_base': '/home/user/vision_ws/install/zed_tutorial_video', 'merge_install': False, 'path': '/home/user/vision_ws/src/zed-ros2-examples/tutorials/zed_video_tutorial', 'symlink_install': True, 'test_result_base': None}
[0.931s] Level 5:colcon.colcon_core.verb:set package 'zed_aruco_localization' build argument 'cmake_args' from command line to '['-DCMAKE_BUILD_TYPE=Release']'
[0.931s] Level 5:colcon.colcon_core.verb:set package 'zed_aruco_localization' build argument 'cmake_target' from command line to 'None'
[0.931s] Level 5:colcon.colcon_core.verb:set package 'zed_aruco_localization' build argument 'cmake_target_skip_unavailable' from command line to 'False'
[0.931s] Level 5:colcon.colcon_core.verb:set package 'zed_aruco_localization' build argument 'cmake_clean_cache' from command line to 'False'
[0.931s] Level 5:colcon.colcon_core.verb:set package 'zed_aruco_localization' build argument 'cmake_clean_first' from command line to 'False'
[0.931s] Level 5:colcon.colcon_core.verb:set package 'zed_aruco_localization' build argument 'cmake_force_configure' from command line to 'False'
[0.931s] Level 5:colcon.colcon_core.verb:set package 'zed_aruco_localization' build argument 'ament_cmake_args' from command line to 'None'
[0.932s] Level 5:colcon.colcon_core.verb:set package 'zed_aruco_localization' build argument 'catkin_cmake_args' from command line to 'None'
[0.932s] Level 5:colcon.colcon_core.verb:set package 'zed_aruco_localization' build argument 'catkin_skip_building_tests' from command line to 'False'
[0.932s] DEBUG:colcon.colcon_core.verb:Building package 'zed_aruco_localization' with the following arguments: {'ament_cmake_args': None, 'build_base': '/home/user/vision_ws/build/zed_aruco_localization', 'catkin_cmake_args': None, 'catkin_skip_building_tests': False, 'cmake_args': ['-DCMAKE_BUILD_TYPE=Release'], 'cmake_clean_cache': False, 'cmake_clean_first': False, 'cmake_force_configure': False, 'cmake_target': None, 'cmake_target_skip_unavailable': False, 'install_base': '/home/user/vision_ws/install/zed_aruco_localization', 'merge_install': False, 'path': '/home/user/vision_ws/src/zed-ros2-examples/examples/zed_aruco_localization', 'symlink_install': True, 'test_result_base': None}
[0.932s] Level 5:colcon.colcon_core.verb:set package 'zed_rgb_convert' build argument 'cmake_args' from command line to '['-DCMAKE_BUILD_TYPE=Release']'
[0.932s] Level 5:colcon.colcon_core.verb:set package 'zed_rgb_convert' build argument 'cmake_target' from command line to 'None'
[0.932s] Level 5:colcon.colcon_core.verb:set package 'zed_rgb_convert' build argument 'cmake_target_skip_unavailable' from command line to 'False'
[0.932s] Level 5:colcon.colcon_core.verb:set package 'zed_rgb_convert' build argument 'cmake_clean_cache' from command line to 'False'
[0.933s] Level 5:colcon.colcon_core.verb:set package 'zed_rgb_convert' build argument 'cmake_clean_first' from command line to 'False'
[0.933s] Level 5:colcon.colcon_core.verb:set package 'zed_rgb_convert' build argument 'cmake_force_configure' from command line to 'False'
[0.933s] Level 5:colcon.colcon_core.verb:set package 'zed_rgb_convert' build argument 'ament_cmake_args' from command line to 'None'
[0.933s] Level 5:colcon.colcon_core.verb:set package 'zed_rgb_convert' build argument 'catkin_cmake_args' from command line to 'None'
[0.933s] Level 5:colcon.colcon_core.verb:set package 'zed_rgb_convert' build argument 'catkin_skip_building_tests' from command line to 'False'
[0.933s] DEBUG:colcon.colcon_core.verb:Building package 'zed_rgb_convert' with the following arguments: {'ament_cmake_args': None, 'build_base': '/home/user/vision_ws/build/zed_rgb_convert', 'catkin_cmake_args': None, 'catkin_skip_building_tests': False, 'cmake_args': ['-DCMAKE_BUILD_TYPE=Release'], 'cmake_clean_cache': False, 'cmake_clean_first': False, 'cmake_force_configure': False, 'cmake_target': None, 'cmake_target_skip_unavailable': False, 'install_base': '/home/user/vision_ws/install/zed_rgb_convert', 'merge_install': False, 'path': '/home/user/vision_ws/src/zed-ros2-examples/tutorials/zed_rgb_convert', 'symlink_install': True, 'test_result_base': None}
[0.933s] Level 5:colcon.colcon_core.verb:set package 'zed_topic_benchmark_component' build argument 'cmake_args' from command line to '['-DCMAKE_BUILD_TYPE=Release']'
[0.933s] Level 5:colcon.colcon_core.verb:set package 'zed_topic_benchmark_component' build argument 'cmake_target' from command line to 'None'
[0.934s] Level 5:colcon.colcon_core.verb:set package 'zed_topic_benchmark_component' build argument 'cmake_target_skip_unavailable' from command line to 'False'
[0.934s] Level 5:colcon.colcon_core.verb:set package 'zed_topic_benchmark_component' build argument 'cmake_clean_cache' from command line to 'False'
[0.934s] Level 5:colcon.colcon_core.verb:set package 'zed_topic_benchmark_component' build argument 'cmake_clean_first' from command line to 'False'
[0.934s] Level 5:colcon.colcon_core.verb:set package 'zed_topic_benchmark_component' build argument 'cmake_force_configure' from command line to 'False'
[0.934s] Level 5:colcon.colcon_core.verb:set package 'zed_topic_benchmark_component' build argument 'ament_cmake_args' from command line to 'None'
[0.934s] Level 5:colcon.colcon_core.verb:set package 'zed_topic_benchmark_component' build argument 'catkin_cmake_args' from command line to 'None'
[0.934s] Level 5:colcon.colcon_core.verb:set package 'zed_topic_benchmark_component' build argument 'catkin_skip_building_tests' from command line to 'False'
[0.934s] DEBUG:colcon.colcon_core.verb:Building package 'zed_topic_benchmark_component' with the following arguments: {'ament_cmake_args': None, 'build_base': '/home/user/vision_ws/build/zed_topic_benchmark_component', 'catkin_cmake_args': None, 'catkin_skip_building_tests': False, 'cmake_args': ['-DCMAKE_BUILD_TYPE=Release'], 'cmake_clean_cache': False, 'cmake_clean_first': False, 'cmake_force_configure': False, 'cmake_target': None, 'cmake_target_skip_unavailable': False, 'install_base': '/home/user/vision_ws/install/zed_topic_benchmark_component', 'merge_install': False, 'path': '/home/user/vision_ws/src/zed-ros2-examples/tools/zed_benchmark_component', 'symlink_install': True, 'test_result_base': None}
[0.935s] Level 5:colcon.colcon_core.verb:set package 'zed_wrapper' build argument 'cmake_args' from command line to '['-DCMAKE_BUILD_TYPE=Release']'
[0.935s] Level 5:colcon.colcon_core.verb:set package 'zed_wrapper' build argument 'cmake_target' from command line to 'None'
[0.935s] Level 5:colcon.colcon_core.verb:set package 'zed_wrapper' build argument 'cmake_target_skip_unavailable' from command line to 'False'
[0.935s] Level 5:colcon.colcon_core.verb:set package 'zed_wrapper' build argument 'cmake_clean_cache' from command line to 'False'
[0.935s] Level 5:colcon.colcon_core.verb:set package 'zed_wrapper' build argument 'cmake_clean_first' from command line to 'False'
[0.935s] Level 5:colcon.colcon_core.verb:set package 'zed_wrapper' build argument 'cmake_force_configure' from command line to 'False'
[0.935s] Level 5:colcon.colcon_core.verb:set package 'zed_wrapper' build argument 'ament_cmake_args' from command line to 'None'
[0.935s] Level 5:colcon.colcon_core.verb:set package 'zed_wrapper' build argument 'catkin_cmake_args' from command line to 'None'
[0.935s] Level 5:colcon.colcon_core.verb:set package 'zed_wrapper' build argument 'catkin_skip_building_tests' from command line to 'False'
[0.935s] DEBUG:colcon.colcon_core.verb:Building package 'zed_wrapper' with the following arguments: {'ament_cmake_args': None, 'build_base': '/home/user/vision_ws/build/zed_wrapper', 'catkin_cmake_args': None, 'catkin_skip_building_tests': False, 'cmake_args': ['-DCMAKE_BUILD_TYPE=Release'], 'cmake_clean_cache': False, 'cmake_clean_first': False, 'cmake_force_configure': False, 'cmake_target': None, 'cmake_target_skip_unavailable': False, 'install_base': '/home/user/vision_ws/install/zed_wrapper', 'merge_install': False, 'path': '/home/user/vision_ws/src/zed-ros2-wrapper/zed_wrapper', 'symlink_install': True, 'test_result_base': None}
[0.936s] Level 5:colcon.colcon_core.verb:set package 'zed_depth_to_laserscan' build argument 'cmake_args' from command line to '['-DCMAKE_BUILD_TYPE=Release']'
[0.936s] Level 5:colcon.colcon_core.verb:set package 'zed_depth_to_laserscan' build argument 'cmake_target' from command line to 'None'
[0.936s] Level 5:colcon.colcon_core.verb:set package 'zed_depth_to_laserscan' build argument 'cmake_target_skip_unavailable' from command line to 'False'
[0.936s] Level 5:colcon.colcon_core.verb:set package 'zed_depth_to_laserscan' build argument 'cmake_clean_cache' from command line to 'False'
[0.936s] Level 5:colcon.colcon_core.verb:set package 'zed_depth_to_laserscan' build argument 'cmake_clean_first' from command line to 'False'
[0.936s] Level 5:colcon.colcon_core.verb:set package 'zed_depth_to_laserscan' build argument 'cmake_force_configure' from command line to 'False'
[0.936s] Level 5:colcon.colcon_core.verb:set package 'zed_depth_to_laserscan' build argument 'ament_cmake_args' from command line to 'None'
[0.936s] Level 5:colcon.colcon_core.verb:set package 'zed_depth_to_laserscan' build argument 'catkin_cmake_args' from command line to 'None'
[0.936s] Level 5:colcon.colcon_core.verb:set package 'zed_depth_to_laserscan' build argument 'catkin_skip_building_tests' from command line to 'False'
[0.936s] DEBUG:colcon.colcon_core.verb:Building package 'zed_depth_to_laserscan' with the following arguments: {'ament_cmake_args': None, 'build_base': '/home/user/vision_ws/build/zed_depth_to_laserscan', 'catkin_cmake_args': None, 'catkin_skip_building_tests': False, 'cmake_args': ['-DCMAKE_BUILD_TYPE=Release'], 'cmake_clean_cache': False, 'cmake_clean_first': False, 'cmake_force_configure': False, 'cmake_target': None, 'cmake_target_skip_unavailable': False, 'install_base': '/home/user/vision_ws/install/zed_depth_to_laserscan', 'merge_install': False, 'path': '/home/user/vision_ws/src/zed-ros2-examples/examples/zed_depth_to_laserscan', 'symlink_install': True, 'test_result_base': None}
[0.937s] Level 5:colcon.colcon_core.verb:set package 'zed_display_rviz2' build argument 'cmake_args' from command line to '['-DCMAKE_BUILD_TYPE=Release']'
[0.937s] Level 5:colcon.colcon_core.verb:set package 'zed_display_rviz2' build argument 'cmake_target' from command line to 'None'
[0.937s] Level 5:colcon.colcon_core.verb:set package 'zed_display_rviz2' build argument 'cmake_target_skip_unavailable' from command line to 'False'
[0.937s] Level 5:colcon.colcon_core.verb:set package 'zed_display_rviz2' build argument 'cmake_clean_cache' from command line to 'False'
[0.937s] Level 5:colcon.colcon_core.verb:set package 'zed_display_rviz2' build argument 'cmake_clean_first' from command line to 'False'
[0.937s] Level 5:colcon.colcon_core.verb:set package 'zed_display_rviz2' build argument 'cmake_force_configure' from command line to 'False'
[0.937s] Level 5:colcon.colcon_core.verb:set package 'zed_display_rviz2' build argument 'ament_cmake_args' from command line to 'None'
[0.937s] Level 5:colcon.colcon_core.verb:set package 'zed_display_rviz2' build argument 'catkin_cmake_args' from command line to 'None'
[0.937s] Level 5:colcon.colcon_core.verb:set package 'zed_display_rviz2' build argument 'catkin_skip_building_tests' from command line to 'False'
[0.937s] DEBUG:colcon.colcon_core.verb:Building package 'zed_display_rviz2' with the following arguments: {'ament_cmake_args': None, 'build_base': '/home/user/vision_ws/build/zed_display_rviz2', 'catkin_cmake_args': None, 'catkin_skip_building_tests': False, 'cmake_args': ['-DCMAKE_BUILD_TYPE=Release'], 'cmake_clean_cache': False, 'cmake_clean_first': False, 'cmake_force_configure': False, 'cmake_target': None, 'cmake_target_skip_unavailable': False, 'install_base': '/home/user/vision_ws/install/zed_display_rviz2', 'merge_install': False, 'path': '/home/user/vision_ws/src/zed-ros2-examples/zed_display_rviz2', 'symlink_install': True, 'test_result_base': None}
[0.938s] Level 5:colcon.colcon_core.verb:set package 'zed_multi_camera' build argument 'cmake_args' from command line to '['-DCMAKE_BUILD_TYPE=Release']'
[0.938s] Level 5:colcon.colcon_core.verb:set package 'zed_multi_camera' build argument 'cmake_target' from command line to 'None'
[0.938s] Level 5:colcon.colcon_core.verb:set package 'zed_multi_camera' build argument 'cmake_target_skip_unavailable' from command line to 'False'
[0.938s] Level 5:colcon.colcon_core.verb:set package 'zed_multi_camera' build argument 'cmake_clean_cache' from command line to 'False'
[0.938s] Level 5:colcon.colcon_core.verb:set package 'zed_multi_camera' build argument 'cmake_clean_first' from command line to 'False'
[0.938s] Level 5:colcon.colcon_core.verb:set package 'zed_multi_camera' build argument 'cmake_force_configure' from command line to 'False'
[0.938s] Level 5:colcon.colcon_core.verb:set package 'zed_multi_camera' build argument 'ament_cmake_args' from command line to 'None'
[0.938s] Level 5:colcon.colcon_core.verb:set package 'zed_multi_camera' build argument 'catkin_cmake_args' from command line to 'None'
[0.938s] Level 5:colcon.colcon_core.verb:set package 'zed_multi_camera' build argument 'catkin_skip_building_tests' from command line to 'False'
[0.938s] DEBUG:colcon.colcon_core.verb:Building package 'zed_multi_camera' with the following arguments: {'ament_cmake_args': None, 'build_base': '/home/user/vision_ws/build/zed_multi_camera', 'catkin_cmake_args': None, 'catkin_skip_building_tests': False, 'cmake_args': ['-DCMAKE_BUILD_TYPE=Release'], 'cmake_clean_cache': False, 'cmake_clean_first': False, 'cmake_force_configure': False, 'cmake_target': None, 'cmake_target_skip_unavailable': False, 'install_base': '/home/user/vision_ws/install/zed_multi_camera', 'merge_install': False, 'path': '/home/user/vision_ws/src/zed-ros2-examples/tutorials/zed_multi_camera', 'symlink_install': True, 'test_result_base': None}
[0.939s] Level 5:colcon.colcon_core.verb:set package 'zed_robot_integration' build argument 'cmake_args' from command line to '['-DCMAKE_BUILD_TYPE=Release']'
[0.939s] Level 5:colcon.colcon_core.verb:set package 'zed_robot_integration' build argument 'cmake_target' from command line to 'None'
[0.939s] Level 5:colcon.colcon_core.verb:set package 'zed_robot_integration' build argument 'cmake_target_skip_unavailable' from command line to 'False'
[0.939s] Level 5:colcon.colcon_core.verb:set package 'zed_robot_integration' build argument 'cmake_clean_cache' from command line to 'False'
[0.939s] Level 5:colcon.colcon_core.verb:set package 'zed_robot_integration' build argument 'cmake_clean_first' from command line to 'False'
[0.939s] Level 5:colcon.colcon_core.verb:set package 'zed_robot_integration' build argument 'cmake_force_configure' from command line to 'False'
[0.939s] Level 5:colcon.colcon_core.verb:set package 'zed_robot_integration' build argument 'ament_cmake_args' from command line to 'None'
[0.939s] Level 5:colcon.colcon_core.verb:set package 'zed_robot_integration' build argument 'catkin_cmake_args' from command line to 'None'
[0.939s] Level 5:colcon.colcon_core.verb:set package 'zed_robot_integration' build argument 'catkin_skip_building_tests' from command line to 'False'
[0.939s] DEBUG:colcon.colcon_core.verb:Building package 'zed_robot_integration' with the following arguments: {'ament_cmake_args': None, 'build_base': '/home/user/vision_ws/build/zed_robot_integration', 'catkin_cmake_args': None, 'catkin_skip_building_tests': False, 'cmake_args': ['-DCMAKE_BUILD_TYPE=Release'], 'cmake_clean_cache': False, 'cmake_clean_first': False, 'cmake_force_configure': False, 'cmake_target': None, 'cmake_target_skip_unavailable': False, 'install_base': '/home/user/vision_ws/install/zed_robot_integration', 'merge_install': False, 'path': '/home/user/vision_ws/src/zed-ros2-examples/tutorials/zed_robot_integration', 'symlink_install': True, 'test_result_base': None}
[0.940s] Level 5:colcon.colcon_core.verb:set package 'zed_ros2' build argument 'cmake_args' from command line to '['-DCMAKE_BUILD_TYPE=Release']'
[0.940s] Level 5:colcon.colcon_core.verb:set package 'zed_ros2' build argument 'cmake_target' from command line to 'None'
[0.940s] Level 5:colcon.colcon_core.verb:set package 'zed_ros2' build argument 'cmake_target_skip_unavailable' from command line to 'False'
[0.940s] Level 5:colcon.colcon_core.verb:set package 'zed_ros2' build argument 'cmake_clean_cache' from command line to 'False'
[0.940s] Level 5:colcon.colcon_core.verb:set package 'zed_ros2' build argument 'cmake_clean_first' from command line to 'False'
[0.940s] Level 5:colcon.colcon_core.verb:set package 'zed_ros2' build argument 'cmake_force_configure' from command line to 'False'
[0.940s] Level 5:colcon.colcon_core.verb:set package 'zed_ros2' build argument 'ament_cmake_args' from command line to 'None'
[0.940s] Level 5:colcon.colcon_core.verb:set package 'zed_ros2' build argument 'catkin_cmake_args' from command line to 'None'
[0.940s] Level 5:colcon.colcon_core.verb:set package 'zed_ros2' build argument 'catkin_skip_building_tests' from command line to 'False'
[0.940s] DEBUG:colcon.colcon_core.verb:Building package 'zed_ros2' with the following arguments: {'ament_cmake_args': None, 'build_base': '/home/user/vision_ws/build/zed_ros2', 'catkin_cmake_args': None, 'catkin_skip_building_tests': False, 'cmake_args': ['-DCMAKE_BUILD_TYPE=Release'], 'cmake_clean_cache': False, 'cmake_clean_first': False, 'cmake_force_configure': False, 'cmake_target': None, 'cmake_target_skip_unavailable': False, 'install_base': '/home/user/vision_ws/install/zed_ros2', 'merge_install': False, 'path': '/home/user/vision_ws/src/zed-ros2-wrapper/zed_ros2', 'symlink_install': True, 'test_result_base': None}
[0.941s] Level 5:colcon.colcon_core.verb:set package 'zed_topic_benchmark' build argument 'cmake_args' from command line to '['-DCMAKE_BUILD_TYPE=Release']'
[0.941s] Level 5:colcon.colcon_core.verb:set package 'zed_topic_benchmark' build argument 'cmake_target' from command line to 'None'
[0.941s] Level 5:colcon.colcon_core.verb:set package 'zed_topic_benchmark' build argument 'cmake_target_skip_unavailable' from command line to 'False'
[0.941s] Level 5:colcon.colcon_core.verb:set package 'zed_topic_benchmark' build argument 'cmake_clean_cache' from command line to 'False'
[0.941s] Level 5:colcon.colcon_core.verb:set package 'zed_topic_benchmark' build argument 'cmake_clean_first' from command line to 'False'
[0.941s] Level 5:colcon.colcon_core.verb:set package 'zed_topic_benchmark' build argument 'cmake_force_configure' from command line to 'False'
[0.941s] Level 5:colcon.colcon_core.verb:set package 'zed_topic_benchmark' build argument 'ament_cmake_args' from command line to 'None'
[0.941s] Level 5:colcon.colcon_core.verb:set package 'zed_topic_benchmark' build argument 'catkin_cmake_args' from command line to 'None'
[0.941s] Level 5:colcon.colcon_core.verb:set package 'zed_topic_benchmark' build argument 'catkin_skip_building_tests' from command line to 'False'
[0.942s] DEBUG:colcon.colcon_core.verb:Building package 'zed_topic_benchmark' with the following arguments: {'ament_cmake_args': None, 'build_base': '/home/user/vision_ws/build/zed_topic_benchmark', 'catkin_cmake_args': None, 'catkin_skip_building_tests': False, 'cmake_args': ['-DCMAKE_BUILD_TYPE=Release'], 'cmake_clean_cache': False, 'cmake_clean_first': False, 'cmake_force_configure': False, 'cmake_target': None, 'cmake_target_skip_unavailable': False, 'install_base': '/home/user/vision_ws/install/zed_topic_benchmark', 'merge_install': False, 'path': '/home/user/vision_ws/src/zed-ros2-examples/tools/zed_benchmark', 'symlink_install': True, 'test_result_base': None}
[0.942s] Level 5:colcon.colcon_core.verb:set package 'zed_ipc' build argument 'cmake_args' from command line to '['-DCMAKE_BUILD_TYPE=Release']'
[0.942s] Level 5:colcon.colcon_core.verb:set package 'zed_ipc' build argument 'cmake_target' from command line to 'None'
[0.942s] Level 5:colcon.colcon_core.verb:set package 'zed_ipc' build argument 'cmake_target_skip_unavailable' from command line to 'False'
[0.942s] Level 5:colcon.colcon_core.verb:set package 'zed_ipc' build argument 'cmake_clean_cache' from command line to 'False'
[0.942s] Level 5:colcon.colcon_core.verb:set package 'zed_ipc' build argument 'cmake_clean_first' from command line to 'False'
[0.942s] Level 5:colcon.colcon_core.verb:set package 'zed_ipc' build argument 'cmake_force_configure' from command line to 'False'
[0.943s] Level 5:colcon.colcon_core.verb:set package 'zed_ipc' build argument 'ament_cmake_args' from command line to 'None'
[0.943s] Level 5:colcon.colcon_core.verb:set package 'zed_ipc' build argument 'catkin_cmake_args' from command line to 'None'
[0.943s] Level 5:colcon.colcon_core.verb:set package 'zed_ipc' build argument 'catkin_skip_building_tests' from command line to 'False'
[0.943s] DEBUG:colcon.colcon_core.verb:Building package 'zed_ipc' with the following arguments: {'ament_cmake_args': None, 'build_base': '/home/user/vision_ws/build/zed_ipc', 'catkin_cmake_args': None, 'catkin_skip_building_tests': False, 'cmake_args': ['-DCMAKE_BUILD_TYPE=Release'], 'cmake_clean_cache': False, 'cmake_clean_first': False, 'cmake_force_configure': False, 'cmake_target': None, 'cmake_target_skip_unavailable': False, 'install_base': '/home/user/vision_ws/install/zed_ipc', 'merge_install': False, 'path': '/home/user/vision_ws/src/zed-ros2-examples/tutorials/zed_ipc', 'symlink_install': True, 'test_result_base': None}
[0.943s] INFO:colcon.colcon_core.executor:Executing jobs using 'parallel' executor
[0.946s] DEBUG:colcon.colcon_parallel_executor.executor.parallel:run_until_complete
[0.946s] INFO:colcon.colcon_ros.task.ament_cmake.build:Building ROS package in '/home/user/vision_ws/src/zed-ros2-wrapper/zed_components' with build type 'ament_cmake'
[0.947s] INFO:colcon.colcon_cmake.task.cmake.build:Building CMake package in '/home/user/vision_ws/src/zed-ros2-wrapper/zed_components'
[0.952s] INFO:colcon.colcon_core.plugin_system:Skipping extension 'colcon_core.shell.bat': Not used on non-Windows systems
[0.952s] INFO:colcon.colcon_core.shell:Skip shell extension 'powershell' for command environment: Not usable outside of PowerShell
[0.952s] DEBUG:colcon.colcon_core.shell:Skip shell extension 'dsv' for command environment
[0.964s] INFO:colcon.colcon_ros.task.ament_cmake.build:Building ROS package in '/home/user/vision_ws/src/zed-ros2-examples/tools/zed_benchmark_interfaces' with build type 'ament_cmake'
[0.965s] INFO:colcon.colcon_cmake.task.cmake.build:Building CMake package in '/home/user/vision_ws/src/zed-ros2-examples/tools/zed_benchmark_interfaces'
[0.965s] INFO:colcon.colcon_core.shell:Skip shell extension 'powershell' for command environment: Not usable outside of PowerShell
[0.966s] DEBUG:colcon.colcon_core.shell:Skip shell extension 'dsv' for command environment
[0.977s] INFO:colcon.colcon_ros.task.ament_cmake.build:Building ROS package in '/home/user/vision_ws/src/zed-ros2-examples/rviz-plugin-zed-od' with build type 'ament_cmake'
[0.977s] INFO:colcon.colcon_cmake.task.cmake.build:Building CMake package in '/home/user/vision_ws/src/zed-ros2-examples/rviz-plugin-zed-od'
[0.978s] INFO:colcon.colcon_core.shell:Skip shell extension 'powershell' for command environment: Not usable outside of PowerShell
[0.978s] DEBUG:colcon.colcon_core.shell:Skip shell extension 'dsv' for command environment
[0.988s] INFO:colcon.colcon_ros.task.ament_cmake.build:Building ROS package in '/home/user/vision_ws/src/zed-ros2-examples/tutorials/zed_depth_tutorial' with build type 'ament_cmake'
[0.989s] INFO:colcon.colcon_cmake.task.cmake.build:Building CMake package in '/home/user/vision_ws/src/zed-ros2-examples/tutorials/zed_depth_tutorial'
[0.989s] INFO:colcon.colcon_core.shell:Skip shell extension 'powershell' for command environment: Not usable outside of PowerShell
[0.990s] DEBUG:colcon.colcon_core.shell:Skip shell extension 'dsv' for command environment
[1.000s] INFO:colcon.colcon_ros.task.ament_cmake.build:Building ROS package in '/home/user/vision_ws/src/zed-ros2-examples/tutorials/zed_pose_tutorial' with build type 'ament_cmake'
[1.000s] INFO:colcon.colcon_cmake.task.cmake.build:Building CMake package in '/home/user/vision_ws/src/zed-ros2-examples/tutorials/zed_pose_tutorial'
[1.001s] INFO:colcon.colcon_core.shell:Skip shell extension 'powershell' for command environment: Not usable outside of PowerShell
[1.001s] DEBUG:colcon.colcon_core.shell:Skip shell extension 'dsv' for command environment
[1.011s] INFO:colcon.colcon_ros.task.ament_cmake.build:Building ROS package in '/home/user/vision_ws/src/zed-ros2-examples/tutorials/zed_video_tutorial' with build type 'ament_cmake'
[1.012s] INFO:colcon.colcon_cmake.task.cmake.build:Building CMake package in '/home/user/vision_ws/src/zed-ros2-examples/tutorials/zed_video_tutorial'
[1.012s] INFO:colcon.colcon_core.shell:Skip shell extension 'powershell' for command environment: Not usable outside of PowerShell
[1.012s] DEBUG:colcon.colcon_core.shell:Skip shell extension 'dsv' for command environment
[1.032s] DEBUG:colcon.colcon_core.event_handler.log_command:Invoking command in '/home/user/vision_ws/build/zed_components': CMAKE_PREFIX_PATH=${CMAKE_PREFIX_PATH}:/home/user/autorover_ws/install/teleop_twist_keyboard:/home/user/autorover_ws/install/autorover_bringup:/opt/ros/humble /usr/bin/cmake /home/user/vision_ws/src/zed-ros2-wrapper/zed_components -DCMAKE_BUILD_TYPE=Release -DAMENT_CMAKE_SYMLINK_INSTALL=1 -DCMAKE_INSTALL_PREFIX=/home/user/vision_ws/install/zed_components
[1.040s] DEBUG:colcon.colcon_core.event_handler.log_command:Invoking command in '/home/user/vision_ws/build/zed_topic_benchmark_interfaces': CMAKE_PREFIX_PATH=${CMAKE_PREFIX_PATH}:/home/user/autorover_ws/install/teleop_twist_keyboard:/home/user/autorover_ws/install/autorover_bringup:/opt/ros/humble /usr/bin/cmake /home/user/vision_ws/src/zed-ros2-examples/tools/zed_benchmark_interfaces -DCMAKE_BUILD_TYPE=Release -DAMENT_CMAKE_SYMLINK_INSTALL=1 -DCMAKE_INSTALL_PREFIX=/home/user/vision_ws/install/zed_topic_benchmark_interfaces
[1.045s] DEBUG:colcon.colcon_core.event_handler.log_command:Invoking command in '/home/user/vision_ws/build/rviz_plugin_zed_od': CMAKE_PREFIX_PATH=${CMAKE_PREFIX_PATH}:/home/user/autorover_ws/install/teleop_twist_keyboard:/home/user/autorover_ws/install/autorover_bringup:/opt/ros/humble /usr/bin/cmake /home/user/vision_ws/src/zed-ros2-examples/rviz-plugin-zed-od -DCMAKE_BUILD_TYPE=Release -DAMENT_CMAKE_SYMLINK_INSTALL=1 -DCMAKE_INSTALL_PREFIX=/home/user/vision_ws/install/rviz_plugin_zed_od
[1.052s] DEBUG:colcon.colcon_core.event_handler.log_command:Invoking command in '/home/user/vision_ws/build/zed_tutorial_depth': CMAKE_PREFIX_PATH=${CMAKE_PREFIX_PATH}:/home/user/autorover_ws/install/teleop_twist_keyboard:/home/user/autorover_ws/install/autorover_bringup:/opt/ros/humble /usr/bin/cmake /home/user/vision_ws/src/zed-ros2-examples/tutorials/zed_depth_tutorial -DCMAKE_BUILD_TYPE=Release -DAMENT_CMAKE_SYMLINK_INSTALL=1 -DCMAKE_INSTALL_PREFIX=/home/user/vision_ws/install/zed_tutorial_depth
[1.058s] DEBUG:colcon.colcon_core.event_handler.log_command:Invoking command in '/home/user/vision_ws/build/zed_tutorial_pos_tracking': CMAKE_PREFIX_PATH=${CMAKE_PREFIX_PATH}:/home/user/autorover_ws/install/teleop_twist_keyboard:/home/user/autorover_ws/install/autorover_bringup:/opt/ros/humble /usr/bin/cmake /home/user/vision_ws/src/zed-ros2-examples/tutorials/zed_pose_tutorial -DCMAKE_BUILD_TYPE=Release -DAMENT_CMAKE_SYMLINK_INSTALL=1 -DCMAKE_INSTALL_PREFIX=/home/user/vision_ws/install/zed_tutorial_pos_tracking
[1.067s] DEBUG:colcon.colcon_core.event_handler.log_command:Invoking command in '/home/user/vision_ws/build/zed_tutorial_video': CMAKE_PREFIX_PATH=${CMAKE_PREFIX_PATH}:/home/user/autorover_ws/install/teleop_twist_keyboard:/home/user/autorover_ws/install/autorover_bringup:/opt/ros/humble /usr/bin/cmake /home/user/vision_ws/src/zed-ros2-examples/tutorials/zed_video_tutorial -DCMAKE_BUILD_TYPE=Release -DAMENT_CMAKE_SYMLINK_INSTALL=1 -DCMAKE_INSTALL_PREFIX=/home/user/vision_ws/install/zed_tutorial_video
[2.187s] DEBUG:colcon.colcon_core.event_handler.log_command:Invoked command in '/home/user/vision_ws/build/zed_tutorial_video' returned '0': CMAKE_PREFIX_PATH=${CMAKE_PREFIX_PATH}:/home/user/autorover_ws/install/teleop_twist_keyboard:/home/user/autorover_ws/install/autorover_bringup:/opt/ros/humble /usr/bin/cmake /home/user/vision_ws/src/zed-ros2-examples/tutorials/zed_video_tutorial -DCMAKE_BUILD_TYPE=Release -DAMENT_CMAKE_SYMLINK_INSTALL=1 -DCMAKE_INSTALL_PREFIX=/home/user/vision_ws/install/zed_tutorial_video
[2.192s] DEBUG:colcon.colcon_core.event_handler.log_command:Invoking command in '/home/user/vision_ws/build/zed_tutorial_video': CMAKE_PREFIX_PATH=${CMAKE_PREFIX_PATH}:/home/user/autorover_ws/install/teleop_twist_keyboard:/home/user/autorover_ws/install/autorover_bringup:/opt/ros/humble /usr/bin/cmake --build /home/user/vision_ws/build/zed_tutorial_video -- -j8 -l8
[2.241s] DEBUG:colcon.colcon_core.event_handler.log_command:Invoked command in '/home/user/vision_ws/build/zed_tutorial_depth' returned '0': CMAKE_PREFIX_PATH=${CMAKE_PREFIX_PATH}:/home/user/autorover_ws/install/teleop_twist_keyboard:/home/user/autorover_ws/install/autorover_bringup:/opt/ros/humble /usr/bin/cmake /home/user/vision_ws/src/zed-ros2-examples/tutorials/zed_depth_tutorial -DCMAKE_BUILD_TYPE=Release -DAMENT_CMAKE_SYMLINK_INSTALL=1 -DCMAKE_INSTALL_PREFIX=/home/user/vision_ws/install/zed_tutorial_depth
[2.242s] DEBUG:colcon.colcon_core.event_handler.log_command:Invoking command in '/home/user/vision_ws/build/zed_tutorial_depth': CMAKE_PREFIX_PATH=${CMAKE_PREFIX_PATH}:/home/user/autorover_ws/install/teleop_twist_keyboard:/home/user/autorover_ws/install/autorover_bringup:/opt/ros/humble /usr/bin/cmake --build /home/user/vision_ws/build/zed_tutorial_depth -- -j8 -l8
[2.343s] DEBUG:colcon.colcon_core.event_handler.log_command:Invoked command in '/home/user/vision_ws/build/zed_tutorial_video' returned '0': CMAKE_PREFIX_PATH=${CMAKE_PREFIX_PATH}:/home/user/autorover_ws/install/teleop_twist_keyboard:/home/user/autorover_ws/install/autorover_bringup:/opt/ros/humble /usr/bin/cmake --build /home/user/vision_ws/build/zed_tutorial_video -- -j8 -l8
[2.368s] DEBUG:colcon.colcon_core.event_handler.log_command:Invoking command in '/home/user/vision_ws/build/zed_tutorial_video': CMAKE_PREFIX_PATH=${CMAKE_PREFIX_PATH}:/home/user/autorover_ws/install/teleop_twist_keyboard:/home/user/autorover_ws/install/autorover_bringup:/opt/ros/humble /usr/bin/cmake --install /home/user/vision_ws/build/zed_tutorial_video
[2.396s] DEBUG:colcon.colcon_core.event_handler.log_command:Invoked command in '/home/user/vision_ws/build/zed_tutorial_depth' returned '0': CMAKE_PREFIX_PATH=${CMAKE_PREFIX_PATH}:/home/user/autorover_ws/install/teleop_twist_keyboard:/home/user/autorover_ws/install/autorover_bringup:/opt/ros/humble /usr/bin/cmake --build /home/user/vision_ws/build/zed_tutorial_depth -- -j8 -l8
[2.400s] DEBUG:colcon.colcon_core.event_handler.log_command:Invoking command in '/home/user/vision_ws/build/zed_tutorial_depth': CMAKE_PREFIX_PATH=${CMAKE_PREFIX_PATH}:/home/user/autorover_ws/install/teleop_twist_keyboard:/home/user/autorover_ws/install/autorover_bringup:/opt/ros/humble /usr/bin/cmake --install /home/user/vision_ws/build/zed_tutorial_depth
[2.403s] DEBUG:colcon.colcon_core.event_handler.log_command:Invoked command in '/home/user/vision_ws/build/zed_tutorial_pos_tracking' returned '0': CMAKE_PREFIX_PATH=${CMAKE_PREFIX_PATH}:/home/user/autorover_ws/install/teleop_twist_keyboard:/home/user/autorover_ws/install/autorover_bringup:/opt/ros/humble /usr/bin/cmake /home/user/vision_ws/src/zed-ros2-examples/tutorials/zed_pose_tutorial -DCMAKE_BUILD_TYPE=Release -DAMENT_CMAKE_SYMLINK_INSTALL=1 -DCMAKE_INSTALL_PREFIX=/home/user/vision_ws/install/zed_tutorial_pos_tracking
[2.407s] DEBUG:colcon.colcon_core.event_handler.log_command:Invoking command in '/home/user/vision_ws/build/zed_tutorial_pos_tracking': CMAKE_PREFIX_PATH=${CMAKE_PREFIX_PATH}:/home/user/autorover_ws/install/teleop_twist_keyboard:/home/user/autorover_ws/install/autorover_bringup:/opt/ros/humble /usr/bin/cmake --build /home/user/vision_ws/build/zed_tutorial_pos_tracking -- -j8 -l8
[2.414s] Level 1:colcon.colcon_core.environment:create_environment_scripts_only(zed_tutorial_video)
[2.417s] DEBUG:colcon.colcon_core.event_handler.log_command:Invoked command in '/home/user/vision_ws/build/zed_tutorial_video' returned '0': CMAKE_PREFIX_PATH=${CMAKE_PREFIX_PATH}:/home/user/autorover_ws/install/teleop_twist_keyboard:/home/user/autorover_ws/install/autorover_bringup:/opt/ros/humble /usr/bin/cmake --install /home/user/vision_ws/build/zed_tutorial_video
[2.426s] Level 1:colcon.colcon_core.environment:checking '/home/user/vision_ws/install/zed_tutorial_video' for CMake module files
[2.427s] Level 1:colcon.colcon_core.environment:checking '/home/user/vision_ws/install/zed_tutorial_video' for CMake config files
[2.427s] Level 1:colcon.colcon_core.shell:create_environment_hook('zed_tutorial_video', 'cmake_prefix_path')
[2.428s] INFO:colcon.colcon_core.shell:Creating environment hook '/home/user/vision_ws/install/zed_tutorial_video/share/zed_tutorial_video/hook/cmake_prefix_path.ps1'
[2.430s] INFO:colcon.colcon_core.shell:Creating environment descriptor '/home/user/vision_ws/install/zed_tutorial_video/share/zed_tutorial_video/hook/cmake_prefix_path.dsv'
[2.431s] INFO:colcon.colcon_core.shell:Creating environment hook '/home/user/vision_ws/install/zed_tutorial_video/share/zed_tutorial_video/hook/cmake_prefix_path.sh'
[2.433s] Level 1:colcon.colcon_core.environment:checking '/home/user/vision_ws/install/zed_tutorial_video/lib'
[2.434s] Level 1:colcon.colcon_core.environment:checking '/home/user/vision_ws/install/zed_tutorial_video/bin'
[2.434s] Level 1:colcon.colcon_core.environment:checking '/home/user/vision_ws/install/zed_tutorial_video/lib/pkgconfig/zed_tutorial_video.pc'
[2.434s] Level 1:colcon.colcon_core.environment:checking '/home/user/vision_ws/install/zed_tutorial_video/lib/python3.10/site-packages'
[2.435s] Level 1:colcon.colcon_core.environment:checking '/home/user/vision_ws/install/zed_tutorial_video/bin'
[2.436s] INFO:colcon.colcon_core.shell:Creating package script '/home/user/vision_ws/install/zed_tutorial_video/share/zed_tutorial_video/package.ps1'
[2.437s] INFO:colcon.colcon_core.shell:Creating package descriptor '/home/user/vision_ws/install/zed_tutorial_video/share/zed_tutorial_video/package.dsv'
[2.439s] INFO:colcon.colcon_core.shell:Creating package script '/home/user/vision_ws/install/zed_tutorial_video/share/zed_tutorial_video/package.sh'
[2.440s] INFO:colcon.colcon_core.shell:Creating package script '/home/user/vision_ws/install/zed_tutorial_video/share/zed_tutorial_video/package.bash'
[2.443s] INFO:colcon.colcon_core.shell:Creating package script '/home/user/vision_ws/install/zed_tutorial_video/share/zed_tutorial_video/package.zsh'
[2.445s] Level 1:colcon.colcon_core.environment:create_file_with_runtime_dependencies(/home/user/vision_ws/install/zed_tutorial_video/share/colcon-core/packages/zed_tutorial_video)
[2.447s] Level 1:colcon.colcon_core.environment:create_environment_scripts_only(zed_tutorial_video)
[2.447s] Level 1:colcon.colcon_core.environment:checking '/home/user/vision_ws/install/zed_tutorial_video' for CMake module files
[2.448s] Level 1:colcon.colcon_core.environment:checking '/home/user/vision_ws/install/zed_tutorial_video' for CMake config files
[2.449s] Level 1:colcon.colcon_core.shell:create_environment_hook('zed_tutorial_video', 'cmake_prefix_path')
[2.449s] INFO:colcon.colcon_core.shell:Creating environment hook '/home/user/vision_ws/install/zed_tutorial_video/share/zed_tutorial_video/hook/cmake_prefix_path.ps1'
[2.450s] INFO:colcon.colcon_core.shell:Creating environment descriptor '/home/user/vision_ws/install/zed_tutorial_video/share/zed_tutorial_video/hook/cmake_prefix_path.dsv'
[2.452s] INFO:colcon.colcon_core.shell:Creating environment hook '/home/user/vision_ws/install/zed_tutorial_video/share/zed_tutorial_video/hook/cmake_prefix_path.sh'
[2.453s] Level 1:colcon.colcon_core.environment:checking '/home/user/vision_ws/install/zed_tutorial_video/lib'
[2.453s] Level 1:colcon.colcon_core.environment:checking '/home/user/vision_ws/install/zed_tutorial_video/bin'
[2.453s] Level 1:colcon.colcon_core.environment:checking '/home/user/vision_ws/install/zed_tutorial_video/lib/pkgconfig/zed_tutorial_video.pc'
[2.454s] Level 1:colcon.colcon_core.environment:checking '/home/user/vision_ws/install/zed_tutorial_video/lib/python3.10/site-packages'
[2.454s] Level 1:colcon.colcon_core.environment:checking '/home/user/vision_ws/install/zed_tutorial_video/bin'
[2.455s] INFO:colcon.colcon_core.shell:Creating package script '/home/user/vision_ws/install/zed_tutorial_video/share/zed_tutorial_video/package.ps1'
[2.456s] INFO:colcon.colcon_core.shell:Creating package descriptor '/home/user/vision_ws/install/zed_tutorial_video/share/zed_tutorial_video/package.dsv'
[2.457s] INFO:colcon.colcon_core.shell:Creating package script '/home/user/vision_ws/install/zed_tutorial_video/share/zed_tutorial_video/package.sh'
[2.458s] INFO:colcon.colcon_core.shell:Creating package script '/home/user/vision_ws/install/zed_tutorial_video/share/zed_tutorial_video/package.bash'
[2.459s] INFO:colcon.colcon_core.shell:Creating package script '/home/user/vision_ws/install/zed_tutorial_video/share/zed_tutorial_video/package.zsh'
[2.461s] Level 1:colcon.colcon_core.environment:create_file_with_runtime_dependencies(/home/user/vision_ws/install/zed_tutorial_video/share/colcon-core/packages/zed_tutorial_video)
[2.463s] Level 1:colcon.colcon_core.environment:create_environment_scripts_only(zed_tutorial_depth)
[2.463s] Level 1:colcon.colcon_core.environment:checking '/home/user/vision_ws/install/zed_tutorial_depth' for CMake module files
[2.465s] DEBUG:colcon.colcon_core.event_handler.log_command:Invoked command in '/home/user/vision_ws/build/zed_tutorial_depth' returned '0': CMAKE_PREFIX_PATH=${CMAKE_PREFIX_PATH}:/home/user/autorover_ws/install/teleop_twist_keyboard:/home/user/autorover_ws/install/autorover_bringup:/opt/ros/humble /usr/bin/cmake --install /home/user/vision_ws/build/zed_tutorial_depth
[2.466s] Level 1:colcon.colcon_core.environment:checking '/home/user/vision_ws/install/zed_tutorial_depth' for CMake config files
[2.466s] Level 1:colcon.colcon_core.shell:create_environment_hook('zed_tutorial_depth', 'cmake_prefix_path')
[2.467s] INFO:colcon.colcon_core.shell:Creating environment hook '/home/user/vision_ws/install/zed_tutorial_depth/share/zed_tutorial_depth/hook/cmake_prefix_path.ps1'
[2.468s] INFO:colcon.colcon_core.shell:Creating environment descriptor '/home/user/vision_ws/install/zed_tutorial_depth/share/zed_tutorial_depth/hook/cmake_prefix_path.dsv'
[2.469s] INFO:colcon.colcon_core.shell:Creating environment hook '/home/user/vision_ws/install/zed_tutorial_depth/share/zed_tutorial_depth/hook/cmake_prefix_path.sh'
[2.470s] Level 1:colcon.colcon_core.environment:checking '/home/user/vision_ws/install/zed_tutorial_depth/lib'
[2.470s] Level 1:colcon.colcon_core.environment:checking '/home/user/vision_ws/install/zed_tutorial_depth/bin'
[2.470s] Level 1:colcon.colcon_core.environment:checking '/home/user/vision_ws/install/zed_tutorial_depth/lib/pkgconfig/zed_tutorial_depth.pc'
[2.471s] Level 1:colcon.colcon_core.environment:checking '/home/user/vision_ws/install/zed_tutorial_depth/lib/python3.10/site-packages'
[2.471s] Level 1:colcon.colcon_core.environment:checking '/home/user/vision_ws/install/zed_tutorial_depth/bin'
[2.472s] INFO:colcon.colcon_core.shell:Creating package script '/home/user/vision_ws/install/zed_tutorial_depth/share/zed_tutorial_depth/package.ps1'
[2.473s] INFO:colcon.colcon_core.shell:Creating package descriptor '/home/user/vision_ws/install/zed_tutorial_depth/share/zed_tutorial_depth/package.dsv'
[2.475s] INFO:colcon.colcon_core.shell:Creating package script '/home/user/vision_ws/install/zed_tutorial_depth/share/zed_tutorial_depth/package.sh'
[2.477s] INFO:colcon.colcon_core.shell:Creating package script '/home/user/vision_ws/install/zed_tutorial_depth/share/zed_tutorial_depth/package.bash'
[2.478s] INFO:colcon.colcon_core.shell:Creating package script '/home/user/vision_ws/install/zed_tutorial_depth/share/zed_tutorial_depth/package.zsh'
[2.479s] Level 1:colcon.colcon_core.environment:create_file_with_runtime_dependencies(/home/user/vision_ws/install/zed_tutorial_depth/share/colcon-core/packages/zed_tutorial_depth)
[2.480s] Level 1:colcon.colcon_core.environment:create_environment_scripts_only(zed_tutorial_depth)
[2.481s] Level 1:colcon.colcon_core.environment:checking '/home/user/vision_ws/install/zed_tutorial_depth' for CMake module files
[2.482s] Level 1:colcon.colcon_core.environment:checking '/home/user/vision_ws/install/zed_tutorial_depth' for CMake config files
[2.482s] Level 1:colcon.colcon_core.shell:create_environment_hook('zed_tutorial_depth', 'cmake_prefix_path')
[2.482s] INFO:colcon.colcon_core.shell:Creating environment hook '/home/user/vision_ws/install/zed_tutorial_depth/share/zed_tutorial_depth/hook/cmake_prefix_path.ps1'
[2.483s] INFO:colcon.colcon_core.shell:Creating environment descriptor '/home/user/vision_ws/install/zed_tutorial_depth/share/zed_tutorial_depth/hook/cmake_prefix_path.dsv'
[2.484s] INFO:colcon.colcon_core.shell:Creating environment hook '/home/user/vision_ws/install/zed_tutorial_depth/share/zed_tutorial_depth/hook/cmake_prefix_path.sh'
[2.485s] Level 1:colcon.colcon_core.environment:checking '/home/user/vision_ws/install/zed_tutorial_depth/lib'
[2.486s] Level 1:colcon.colcon_core.environment:checking '/home/user/vision_ws/install/zed_tutorial_depth/bin'
[2.486s] Level 1:colcon.colcon_core.environment:checking '/home/user/vision_ws/install/zed_tutorial_depth/lib/pkgconfig/zed_tutorial_depth.pc'
[2.486s] Level 1:colcon.colcon_core.environment:checking '/home/user/vision_ws/install/zed_tutorial_depth/lib/python3.10/site-packages'
[2.487s] Level 1:colcon.colcon_core.environment:checking '/home/user/vision_ws/install/zed_tutorial_depth/bin'
[2.487s] INFO:colcon.colcon_core.shell:Creating package script '/home/user/vision_ws/install/zed_tutorial_depth/share/zed_tutorial_depth/package.ps1'
[2.489s] INFO:colcon.colcon_core.shell:Creating package descriptor '/home/user/vision_ws/install/zed_tutorial_depth/share/zed_tutorial_depth/package.dsv'
[2.490s] INFO:colcon.colcon_core.shell:Creating package script '/home/user/vision_ws/install/zed_tutorial_depth/share/zed_tutorial_depth/package.sh'
[2.490s] INFO:colcon.colcon_core.shell:Creating package script '/home/user/vision_ws/install/zed_tutorial_depth/share/zed_tutorial_depth/package.bash'
[2.491s] INFO:colcon.colcon_core.shell:Creating package script '/home/user/vision_ws/install/zed_tutorial_depth/share/zed_tutorial_depth/package.zsh'
[2.492s] Level 1:colcon.colcon_core.environment:create_file_with_runtime_dependencies(/home/user/vision_ws/install/zed_tutorial_depth/share/colcon-core/packages/zed_tutorial_depth)
[2.558s] DEBUG:colcon.colcon_core.event_handler.log_command:Invoked command in '/home/user/vision_ws/build/zed_tutorial_pos_tracking' returned '0': CMAKE_PREFIX_PATH=${CMAKE_PREFIX_PATH}:/home/user/autorover_ws/install/teleop_twist_keyboard:/home/user/autorover_ws/install/autorover_bringup:/opt/ros/humble /usr/bin/cmake --build /home/user/vision_ws/build/zed_tutorial_pos_tracking -- -j8 -l8
[2.561s] DEBUG:colcon.colcon_core.event_handler.log_command:Invoking command in '/home/user/vision_ws/build/zed_tutorial_pos_tracking': CMAKE_PREFIX_PATH=${CMAKE_PREFIX_PATH}:/home/user/autorover_ws/install/teleop_twist_keyboard:/home/user/autorover_ws/install/autorover_bringup:/opt/ros/humble /usr/bin/cmake --install /home/user/vision_ws/build/zed_tutorial_pos_tracking
[2.606s] Level 1:colcon.colcon_core.environment:create_environment_scripts_only(zed_tutorial_pos_tracking)
[2.607s] Level 1:colcon.colcon_core.environment:checking '/home/user/vision_ws/install/zed_tutorial_pos_tracking' for CMake module files
[2.608s] DEBUG:colcon.colcon_core.event_handler.log_command:Invoked command in '/home/user/vision_ws/build/zed_tutorial_pos_tracking' returned '0': CMAKE_PREFIX_PATH=${CMAKE_PREFIX_PATH}:/home/user/autorover_ws/install/teleop_twist_keyboard:/home/user/autorover_ws/install/autorover_bringup:/opt/ros/humble /usr/bin/cmake --install /home/user/vision_ws/build/zed_tutorial_pos_tracking
[2.609s] Level 1:colcon.colcon_core.environment:checking '/home/user/vision_ws/install/zed_tutorial_pos_tracking' for CMake config files
[2.609s] Level 1:colcon.colcon_core.shell:create_environment_hook('zed_tutorial_pos_tracking', 'cmake_prefix_path')
[2.610s] INFO:colcon.colcon_core.shell:Creating environment hook '/home/user/vision_ws/install/zed_tutorial_pos_tracking/share/zed_tutorial_pos_tracking/hook/cmake_prefix_path.ps1'
[2.611s] INFO:colcon.colcon_core.shell:Creating environment descriptor '/home/user/vision_ws/install/zed_tutorial_pos_tracking/share/zed_tutorial_pos_tracking/hook/cmake_prefix_path.dsv'
[2.612s] INFO:colcon.colcon_core.shell:Creating environment hook '/home/user/vision_ws/install/zed_tutorial_pos_tracking/share/zed_tutorial_pos_tracking/hook/cmake_prefix_path.sh'
[2.613s] Level 1:colcon.colcon_core.environment:checking '/home/user/vision_ws/install/zed_tutorial_pos_tracking/lib'
[2.614s] Level 1:colcon.colcon_core.environment:checking '/home/user/vision_ws/install/zed_tutorial_pos_tracking/bin'
[2.614s] Level 1:colcon.colcon_core.environment:checking '/home/user/vision_ws/install/zed_tutorial_pos_tracking/lib/pkgconfig/zed_tutorial_pos_tracking.pc'
[2.614s] Level 1:colcon.colcon_core.environment:checking '/home/user/vision_ws/install/zed_tutorial_pos_tracking/lib/python3.10/site-packages'
[2.615s] Level 1:colcon.colcon_core.environment:checking '/home/user/vision_ws/install/zed_tutorial_pos_tracking/bin'
[2.615s] INFO:colcon.colcon_core.shell:Creating package script '/home/user/vision_ws/install/zed_tutorial_pos_tracking/share/zed_tutorial_pos_tracking/package.ps1'
[2.617s] INFO:colcon.colcon_core.shell:Creating package descriptor '/home/user/vision_ws/install/zed_tutorial_pos_tracking/share/zed_tutorial_pos_tracking/package.dsv'
[2.618s] INFO:colcon.colcon_core.shell:Creating package script '/home/user/vision_ws/install/zed_tutorial_pos_tracking/share/zed_tutorial_pos_tracking/package.sh'
[2.619s] INFO:colcon.colcon_core.shell:Creating package script '/home/user/vision_ws/install/zed_tutorial_pos_tracking/share/zed_tutorial_pos_tracking/package.bash'
[2.620s] INFO:colcon.colcon_core.shell:Creating package script '/home/user/vision_ws/install/zed_tutorial_pos_tracking/share/zed_tutorial_pos_tracking/package.zsh'
[2.620s] Level 1:colcon.colcon_core.environment:create_file_with_runtime_dependencies(/home/user/vision_ws/install/zed_tutorial_pos_tracking/share/colcon-core/packages/zed_tutorial_pos_tracking)
[2.622s] Level 1:colcon.colcon_core.environment:create_environment_scripts_only(zed_tutorial_pos_tracking)
[2.622s] Level 1:colcon.colcon_core.environment:checking '/home/user/vision_ws/install/zed_tutorial_pos_tracking' for CMake module files
[2.623s] Level 1:colcon.colcon_core.environment:checking '/home/user/vision_ws/install/zed_tutorial_pos_tracking' for CMake config files
[2.624s] Level 1:colcon.colcon_core.shell:create_environment_hook('zed_tutorial_pos_tracking', 'cmake_prefix_path')
[2.624s] INFO:colcon.colcon_core.shell:Creating environment hook '/home/user/vision_ws/install/zed_tutorial_pos_tracking/share/zed_tutorial_pos_tracking/hook/cmake_prefix_path.ps1'
[2.625s] INFO:colcon.colcon_core.shell:Creating environment descriptor '/home/user/vision_ws/install/zed_tutorial_pos_tracking/share/zed_tutorial_pos_tracking/hook/cmake_prefix_path.dsv'
[2.626s] INFO:colcon.colcon_core.shell:Creating environment hook '/home/user/vision_ws/install/zed_tutorial_pos_tracking/share/zed_tutorial_pos_tracking/hook/cmake_prefix_path.sh'
[2.627s] Level 1:colcon.colcon_core.environment:checking '/home/user/vision_ws/install/zed_tutorial_pos_tracking/lib'
[2.627s] Level 1:colcon.colcon_core.environment:checking '/home/user/vision_ws/install/zed_tutorial_pos_tracking/bin'
[2.627s] Level 1:colcon.colcon_core.environment:checking '/home/user/vision_ws/install/zed_tutorial_pos_tracking/lib/pkgconfig/zed_tutorial_pos_tracking.pc'
[2.628s] Level 1:colcon.colcon_core.environment:checking '/home/user/vision_ws/install/zed_tutorial_pos_tracking/lib/python3.10/site-packages'
[2.628s] Level 1:colcon.colcon_core.environment:checking '/home/user/vision_ws/install/zed_tutorial_pos_tracking/bin'
[2.629s] INFO:colcon.colcon_core.shell:Creating package script '/home/user/vision_ws/install/zed_tutorial_pos_tracking/share/zed_tutorial_pos_tracking/package.ps1'
[2.630s] INFO:colcon.colcon_core.shell:Creating package descriptor '/home/user/vision_ws/install/zed_tutorial_pos_tracking/share/zed_tutorial_pos_tracking/package.dsv'
[2.631s] INFO:colcon.colcon_core.shell:Creating package script '/home/user/vision_ws/install/zed_tutorial_pos_tracking/share/zed_tutorial_pos_tracking/package.sh'
[2.632s] INFO:colcon.colcon_core.shell:Creating package script '/home/user/vision_ws/install/zed_tutorial_pos_tracking/share/zed_tutorial_pos_tracking/package.bash'
[2.633s] INFO:colcon.colcon_core.shell:Creating package script '/home/user/vision_ws/install/zed_tutorial_pos_tracking/share/zed_tutorial_pos_tracking/package.zsh'
[2.633s] Level 1:colcon.colcon_core.environment:create_file_with_runtime_dependencies(/home/user/vision_ws/install/zed_tutorial_pos_tracking/share/colcon-core/packages/zed_tutorial_pos_tracking)
[2.735s] DEBUG:colcon.colcon_core.event_handler.log_command:Invoked command in '/home/user/vision_ws/build/rviz_plugin_zed_od' returned '0': CMAKE_PREFIX_PATH=${CMAKE_PREFIX_PATH}:/home/user/autorover_ws/install/teleop_twist_keyboard:/home/user/autorover_ws/install/autorover_bringup:/opt/ros/humble /usr/bin/cmake /home/user/vision_ws/src/zed-ros2-examples/rviz-plugin-zed-od -DCMAKE_BUILD_TYPE=Release -DAMENT_CMAKE_SYMLINK_INSTALL=1 -DCMAKE_INSTALL_PREFIX=/home/user/vision_ws/install/rviz_plugin_zed_od
[2.738s] DEBUG:colcon.colcon_core.event_handler.log_command:Invoking command in '/home/user/vision_ws/build/rviz_plugin_zed_od': CMAKE_PREFIX_PATH=${CMAKE_PREFIX_PATH}:/home/user/autorover_ws/install/teleop_twist_keyboard:/home/user/autorover_ws/install/autorover_bringup:/opt/ros/humble /usr/bin/cmake --build /home/user/vision_ws/build/rviz_plugin_zed_od -- -j8 -l8
[3.007s] DEBUG:colcon.colcon_core.event_handler.log_command:Invoked command in '/home/user/vision_ws/build/rviz_plugin_zed_od' returned '0': CMAKE_PREFIX_PATH=${CMAKE_PREFIX_PATH}:/home/user/autorover_ws/install/teleop_twist_keyboard:/home/user/autorover_ws/install/autorover_bringup:/opt/ros/humble /usr/bin/cmake --build /home/user/vision_ws/build/rviz_plugin_zed_od -- -j8 -l8
[3.010s] DEBUG:colcon.colcon_core.event_handler.log_command:Invoking command in '/home/user/vision_ws/build/rviz_plugin_zed_od': CMAKE_PREFIX_PATH=${CMAKE_PREFIX_PATH}:/home/user/autorover_ws/install/teleop_twist_keyboard:/home/user/autorover_ws/install/autorover_bringup:/opt/ros/humble /usr/bin/cmake --install /home/user/vision_ws/build/rviz_plugin_zed_od
[3.040s] DEBUG:colcon.colcon_core.event_handler.log_command:Invoked command in '/home/user/vision_ws/build/zed_components' returned '0': CMAKE_PREFIX_PATH=${CMAKE_PREFIX_PATH}:/home/user/autorover_ws/install/teleop_twist_keyboard:/home/user/autorover_ws/install/autorover_bringup:/opt/ros/humble /usr/bin/cmake /home/user/vision_ws/src/zed-ros2-wrapper/zed_components -DCMAKE_BUILD_TYPE=Release -DAMENT_CMAKE_SYMLINK_INSTALL=1 -DCMAKE_INSTALL_PREFIX=/home/user/vision_ws/install/zed_components
[3.043s] DEBUG:colcon.colcon_core.event_handler.log_command:Invoking command in '/home/user/vision_ws/build/zed_components': CMAKE_PREFIX_PATH=${CMAKE_PREFIX_PATH}:/home/user/autorover_ws/install/teleop_twist_keyboard:/home/user/autorover_ws/install/autorover_bringup:/opt/ros/humble /usr/bin/cmake --build /home/user/vision_ws/build/zed_components -- -j8 -l8
[3.064s] Level 1:colcon.colcon_core.environment:create_environment_scripts_only(rviz_plugin_zed_od)
[3.065s] Level 1:colcon.colcon_core.environment:checking '/home/user/vision_ws/install/rviz_plugin_zed_od' for CMake module files
[3.066s] DEBUG:colcon.colcon_core.event_handler.log_command:Invoked command in '/home/user/vision_ws/build/rviz_plugin_zed_od' returned '0': CMAKE_PREFIX_PATH=${CMAKE_PREFIX_PATH}:/home/user/autorover_ws/install/teleop_twist_keyboard:/home/user/autorover_ws/install/autorover_bringup:/opt/ros/humble /usr/bin/cmake --install /home/user/vision_ws/build/rviz_plugin_zed_od
[3.067s] Level 1:colcon.colcon_core.environment:checking '/home/user/vision_ws/install/rviz_plugin_zed_od' for CMake config files
[3.067s] Level 1:colcon.colcon_core.shell:create_environment_hook('rviz_plugin_zed_od', 'cmake_prefix_path')
[3.068s] INFO:colcon.colcon_core.shell:Creating environment hook '/home/user/vision_ws/install/rviz_plugin_zed_od/share/rviz_plugin_zed_od/hook/cmake_prefix_path.ps1'
[3.069s] INFO:colcon.colcon_core.shell:Creating environment descriptor '/home/user/vision_ws/install/rviz_plugin_zed_od/share/rviz_plugin_zed_od/hook/cmake_prefix_path.dsv'
[3.070s] INFO:colcon.colcon_core.shell:Creating environment hook '/home/user/vision_ws/install/rviz_plugin_zed_od/share/rviz_plugin_zed_od/hook/cmake_prefix_path.sh'
[3.071s] Level 1:colcon.colcon_core.environment:checking '/home/user/vision_ws/install/rviz_plugin_zed_od/lib'
[3.071s] Level 1:colcon.colcon_core.shell:create_environment_hook('rviz_plugin_zed_od', 'ld_library_path_lib')
[3.072s] INFO:colcon.colcon_core.shell:Creating environment hook '/home/user/vision_ws/install/rviz_plugin_zed_od/share/rviz_plugin_zed_od/hook/ld_library_path_lib.ps1'
[3.072s] INFO:colcon.colcon_core.shell:Creating environment descriptor '/home/user/vision_ws/install/rviz_plugin_zed_od/share/rviz_plugin_zed_od/hook/ld_library_path_lib.dsv'
[3.073s] INFO:colcon.colcon_core.shell:Creating environment hook '/home/user/vision_ws/install/rviz_plugin_zed_od/share/rviz_plugin_zed_od/hook/ld_library_path_lib.sh'
[3.074s] Level 1:colcon.colcon_core.environment:checking '/home/user/vision_ws/install/rviz_plugin_zed_od/bin'
[3.074s] Level 1:colcon.colcon_core.environment:checking '/home/user/vision_ws/install/rviz_plugin_zed_od/lib/pkgconfig/rviz_plugin_zed_od.pc'
[3.074s] Level 1:colcon.colcon_core.environment:checking '/home/user/vision_ws/install/rviz_plugin_zed_od/lib/python3.10/site-packages'
[3.075s] Level 1:colcon.colcon_core.environment:checking '/home/user/vision_ws/install/rviz_plugin_zed_od/bin'
[3.076s] INFO:colcon.colcon_core.shell:Creating package script '/home/user/vision_ws/install/rviz_plugin_zed_od/share/rviz_plugin_zed_od/package.ps1'
[3.077s] INFO:colcon.colcon_core.shell:Creating package descriptor '/home/user/vision_ws/install/rviz_plugin_zed_od/share/rviz_plugin_zed_od/package.dsv'
[3.078s] INFO:colcon.colcon_core.shell:Creating package script '/home/user/vision_ws/install/rviz_plugin_zed_od/share/rviz_plugin_zed_od/package.sh'
[3.079s] INFO:colcon.colcon_core.shell:Creating package script '/home/user/vision_ws/install/rviz_plugin_zed_od/share/rviz_plugin_zed_od/package.bash'
[3.079s] INFO:colcon.colcon_core.shell:Creating package script '/home/user/vision_ws/install/rviz_plugin_zed_od/share/rviz_plugin_zed_od/package.zsh'
[3.080s] Level 1:colcon.colcon_core.environment:create_file_with_runtime_dependencies(/home/user/vision_ws/install/rviz_plugin_zed_od/share/colcon-core/packages/rviz_plugin_zed_od)
[3.081s] Level 1:colcon.colcon_core.environment:create_environment_scripts_only(rviz_plugin_zed_od)
[3.082s] Level 1:colcon.colcon_core.environment:checking '/home/user/vision_ws/install/rviz_plugin_zed_od' for CMake module files
[3.083s] Level 1:colcon.colcon_core.environment:checking '/home/user/vision_ws/install/rviz_plugin_zed_od' for CMake config files
[3.084s] Level 1:colcon.colcon_core.shell:create_environment_hook('rviz_plugin_zed_od', 'cmake_prefix_path')
[3.084s] INFO:colcon.colcon_core.shell:Creating environment hook '/home/user/vision_ws/install/rviz_plugin_zed_od/share/rviz_plugin_zed_od/hook/cmake_prefix_path.ps1'
[3.085s] INFO:colcon.colcon_core.shell:Creating environment descriptor '/home/user/vision_ws/install/rviz_plugin_zed_od/share/rviz_plugin_zed_od/hook/cmake_prefix_path.dsv'
[3.086s] INFO:colcon.colcon_core.shell:Creating environment hook '/home/user/vision_ws/install/rviz_plugin_zed_od/share/rviz_plugin_zed_od/hook/cmake_prefix_path.sh'
[3.088s] Level 1:colcon.colcon_core.environment:checking '/home/user/vision_ws/install/rviz_plugin_zed_od/lib'
[3.088s] Level 1:colcon.colcon_core.shell:create_environment_hook('rviz_plugin_zed_od', 'ld_library_path_lib')
[3.088s] INFO:colcon.colcon_core.shell:Creating environment hook '/home/user/vision_ws/install/rviz_plugin_zed_od/share/rviz_plugin_zed_od/hook/ld_library_path_lib.ps1'
[3.089s] INFO:colcon.colcon_core.shell:Creating environment descriptor '/home/user/vision_ws/install/rviz_plugin_zed_od/share/rviz_plugin_zed_od/hook/ld_library_path_lib.dsv'
[3.090s] INFO:colcon.colcon_core.shell:Creating environment hook '/home/user/vision_ws/install/rviz_plugin_zed_od/share/rviz_plugin_zed_od/hook/ld_library_path_lib.sh'
[3.091s] Level 1:colcon.colcon_core.environment:checking '/home/user/vision_ws/install/rviz_plugin_zed_od/bin'
[3.092s] Level 1:colcon.colcon_core.environment:checking '/home/user/vision_ws/install/rviz_plugin_zed_od/lib/pkgconfig/rviz_plugin_zed_od.pc'
[3.092s] Level 1:colcon.colcon_core.environment:checking '/home/user/vision_ws/install/rviz_plugin_zed_od/lib/python3.10/site-packages'
[3.093s] Level 1:colcon.colcon_core.environment:checking '/home/user/vision_ws/install/rviz_plugin_zed_od/bin'
[3.094s] INFO:colcon.colcon_core.shell:Creating package script '/home/user/vision_ws/install/rviz_plugin_zed_od/share/rviz_plugin_zed_od/package.ps1'
[3.095s] INFO:colcon.colcon_core.shell:Creating package descriptor '/home/user/vision_ws/install/rviz_plugin_zed_od/share/rviz_plugin_zed_od/package.dsv'
[3.097s] INFO:colcon.colcon_core.shell:Creating package script '/home/user/vision_ws/install/rviz_plugin_zed_od/share/rviz_plugin_zed_od/package.sh'
[3.098s] INFO:colcon.colcon_core.shell:Creating package script '/home/user/vision_ws/install/rviz_plugin_zed_od/share/rviz_plugin_zed_od/package.bash'
[3.099s] INFO:colcon.colcon_core.shell:Creating package script '/home/user/vision_ws/install/rviz_plugin_zed_od/share/rviz_plugin_zed_od/package.zsh'
[3.100s] Level 1:colcon.colcon_core.environment:create_file_with_runtime_dependencies(/home/user/vision_ws/install/rviz_plugin_zed_od/share/colcon-core/packages/rviz_plugin_zed_od)
[3.253s] DEBUG:colcon.colcon_core.event_handler.log_command:Invoked command in '/home/user/vision_ws/build/zed_components' returned '0': CMAKE_PREFIX_PATH=${CMAKE_PREFIX_PATH}:/home/user/autorover_ws/install/teleop_twist_keyboard:/home/user/autorover_ws/install/autorover_bringup:/opt/ros/humble /usr/bin/cmake --build /home/user/vision_ws/build/zed_components -- -j8 -l8
[3.258s] DEBUG:colcon.colcon_core.event_handler.log_command:Invoking command in '/home/user/vision_ws/build/zed_components': CMAKE_PREFIX_PATH=${CMAKE_PREFIX_PATH}:/home/user/autorover_ws/install/teleop_twist_keyboard:/home/user/autorover_ws/install/autorover_bringup:/opt/ros/humble /usr/bin/cmake --install /home/user/vision_ws/build/zed_components
[3.309s] Level 1:colcon.colcon_core.environment:create_environment_scripts_only(zed_components)
[3.310s] Level 1:colcon.colcon_core.environment:checking '/home/user/vision_ws/install/zed_components' for CMake module files
[3.312s] DEBUG:colcon.colcon_core.event_handler.log_command:Invoked command in '/home/user/vision_ws/build/zed_components' returned '0': CMAKE_PREFIX_PATH=${CMAKE_PREFIX_PATH}:/home/user/autorover_ws/install/teleop_twist_keyboard:/home/user/autorover_ws/install/autorover_bringup:/opt/ros/humble /usr/bin/cmake --install /home/user/vision_ws/build/zed_components
[3.313s] Level 1:colcon.colcon_core.environment:checking '/home/user/vision_ws/install/zed_components' for CMake config files
[3.314s] Level 1:colcon.colcon_core.shell:create_environment_hook('zed_components', 'cmake_prefix_path')
[3.315s] INFO:colcon.colcon_core.shell:Creating environment hook '/home/user/vision_ws/install/zed_components/share/zed_components/hook/cmake_prefix_path.ps1'
[3.317s] INFO:colcon.colcon_core.shell:Creating environment descriptor '/home/user/vision_ws/install/zed_components/share/zed_components/hook/cmake_prefix_path.dsv'
[3.318s] INFO:colcon.colcon_core.shell:Creating environment hook '/home/user/vision_ws/install/zed_components/share/zed_components/hook/cmake_prefix_path.sh'
[3.320s] Level 1:colcon.colcon_core.environment:checking '/home/user/vision_ws/install/zed_components/lib'
[3.320s] Level 1:colcon.colcon_core.shell:create_environment_hook('zed_components', 'ld_library_path_lib')
[3.321s] INFO:colcon.colcon_core.shell:Creating environment hook '/home/user/vision_ws/install/zed_components/share/zed_components/hook/ld_library_path_lib.ps1'
[3.323s] INFO:colcon.colcon_core.shell:Creating environment descriptor '/home/user/vision_ws/install/zed_components/share/zed_components/hook/ld_library_path_lib.dsv'
[3.324s] INFO:colcon.colcon_core.shell:Creating environment hook '/home/user/vision_ws/install/zed_components/share/zed_components/hook/ld_library_path_lib.sh'
[3.325s] Level 1:colcon.colcon_core.environment:checking '/home/user/vision_ws/install/zed_components/bin'
[3.326s] Level 1:colcon.colcon_core.environment:checking '/home/user/vision_ws/install/zed_components/lib/pkgconfig/zed_components.pc'
[3.326s] Level 1:colcon.colcon_core.environment:checking '/home/user/vision_ws/install/zed_components/lib/python3.10/site-packages'
[3.327s] Level 1:colcon.colcon_core.environment:checking '/home/user/vision_ws/install/zed_components/bin'
[3.329s] INFO:colcon.colcon_core.shell:Creating package script '/home/user/vision_ws/install/zed_components/share/zed_components/package.ps1'
[3.331s] INFO:colcon.colcon_core.shell:Creating package descriptor '/home/user/vision_ws/install/zed_components/share/zed_components/package.dsv'
[3.333s] INFO:colcon.colcon_core.shell:Creating package script '/home/user/vision_ws/install/zed_components/share/zed_components/package.sh'
[3.334s] INFO:colcon.colcon_core.shell:Creating package script '/home/user/vision_ws/install/zed_components/share/zed_components/package.bash'
[3.336s] INFO:colcon.colcon_core.shell:Creating package script '/home/user/vision_ws/install/zed_components/share/zed_components/package.zsh'
[3.337s] Level 1:colcon.colcon_core.environment:create_file_with_runtime_dependencies(/home/user/vision_ws/install/zed_components/share/colcon-core/packages/zed_components)
[3.339s] Level 1:colcon.colcon_core.environment:create_environment_scripts_only(zed_components)
[3.340s] Level 1:colcon.colcon_core.environment:checking '/home/user/vision_ws/install/zed_components' for CMake module files
[3.341s] Level 1:colcon.colcon_core.environment:checking '/home/user/vision_ws/install/zed_components' for CMake config files
[3.343s] Level 1:colcon.colcon_core.shell:create_environment_hook('zed_components', 'cmake_prefix_path')
[3.343s] INFO:colcon.colcon_core.shell:Creating environment hook '/home/user/vision_ws/install/zed_components/share/zed_components/hook/cmake_prefix_path.ps1'
[3.377s] INFO:colcon.colcon_core.shell:Creating environment descriptor '/home/user/vision_ws/install/zed_components/share/zed_components/hook/cmake_prefix_path.dsv'
[3.378s] INFO:colcon.colcon_core.shell:Creating environment hook '/home/user/vision_ws/install/zed_components/share/zed_components/hook/cmake_prefix_path.sh'
[3.381s] Level 1:colcon.colcon_core.environment:checking '/home/user/vision_ws/install/zed_components/lib'
[3.381s] Level 1:colcon.colcon_core.shell:create_environment_hook('zed_components', 'ld_library_path_lib')
[3.382s] INFO:colcon.colcon_core.shell:Creating environment hook '/home/user/vision_ws/install/zed_components/share/zed_components/hook/ld_library_path_lib.ps1'
[3.384s] INFO:colcon.colcon_core.shell:Creating environment descriptor '/home/user/vision_ws/install/zed_components/share/zed_components/hook/ld_library_path_lib.dsv'
[3.385s] INFO:colcon.colcon_core.shell:Creating environment hook '/home/user/vision_ws/install/zed_components/share/zed_components/hook/ld_library_path_lib.sh'
[3.386s] Level 1:colcon.colcon_core.environment:checking '/home/user/vision_ws/install/zed_components/bin'
[3.387s] Level 1:colcon.colcon_core.environment:checking '/home/user/vision_ws/install/zed_components/lib/pkgconfig/zed_components.pc'
[3.388s] Level 1:colcon.colcon_core.environment:checking '/home/user/vision_ws/install/zed_components/lib/python3.10/site-packages'
[3.388s] Level 1:colcon.colcon_core.environment:checking '/home/user/vision_ws/install/zed_components/bin'
[3.389s] INFO:colcon.colcon_core.shell:Creating package script '/home/user/vision_ws/install/zed_components/share/zed_components/package.ps1'
[3.391s] INFO:colcon.colcon_core.shell:Creating package descriptor '/home/user/vision_ws/install/zed_components/share/zed_components/package.dsv'
[3.393s] INFO:colcon.colcon_core.shell:Creating package script '/home/user/vision_ws/install/zed_components/share/zed_components/package.sh'
[3.395s] INFO:colcon.colcon_core.shell:Creating package script '/home/user/vision_ws/install/zed_components/share/zed_components/package.bash'
[3.398s] INFO:colcon.colcon_core.shell:Creating package script '/home/user/vision_ws/install/zed_components/share/zed_components/package.zsh'
[3.399s] Level 1:colcon.colcon_core.environment:create_file_with_runtime_dependencies(/home/user/vision_ws/install/zed_components/share/colcon-core/packages/zed_components)
[3.401s] INFO:colcon.colcon_ros.task.ament_cmake.build:Building ROS package in '/home/user/vision_ws/src/zed-ros2-wrapper/zed_wrapper' with build type 'ament_cmake'
[3.401s] INFO:colcon.colcon_cmake.task.cmake.build:Building CMake package in '/home/user/vision_ws/src/zed-ros2-wrapper/zed_wrapper'
[3.402s] INFO:colcon.colcon_core.shell:Skip shell extension 'powershell' for command environment: Not usable outside of PowerShell
[3.402s] DEBUG:colcon.colcon_core.shell:Skip shell extension 'dsv' for command environment
[3.422s] INFO:colcon.colcon_ros.task.ament_cmake.build:Building ROS package in '/home/user/vision_ws/src/zed-ros2-examples/examples/zed_aruco_localization' with build type 'ament_cmake'
[3.423s] INFO:colcon.colcon_cmake.task.cmake.build:Building CMake package in '/home/user/vision_ws/src/zed-ros2-examples/examples/zed_aruco_localization'
[3.423s] INFO:colcon.colcon_core.shell:Skip shell extension 'powershell' for command environment: Not usable outside of PowerShell
[3.423s] DEBUG:colcon.colcon_core.shell:Skip shell extension 'dsv' for command environment
[3.436s] INFO:colcon.colcon_ros.task.ament_cmake.build:Building ROS package in '/home/user/vision_ws/src/zed-ros2-examples/tutorials/zed_rgb_convert' with build type 'ament_cmake'
[3.437s] INFO:colcon.colcon_cmake.task.cmake.build:Building CMake package in '/home/user/vision_ws/src/zed-ros2-examples/tutorials/zed_rgb_convert'
[3.437s] INFO:colcon.colcon_core.shell:Skip shell extension 'powershell' for command environment: Not usable outside of PowerShell
[3.438s] DEBUG:colcon.colcon_core.shell:Skip shell extension 'dsv' for command environment
[3.457s] DEBUG:colcon.colcon_core.event_handler.log_command:Invoking command in '/home/user/vision_ws/build/zed_wrapper': CMAKE_PREFIX_PATH=/home/user/vision_ws/install/zed_components:/home/user/autorover_ws/install/zed_ros2:/home/user/autorover_ws/install/zed_wrapper:/home/user/autorover_ws/install/zed_components:/home/user/autorover_ws/install/robot_localization:/home/user/autorover_ws/install/mavros_extras:/home/user/autorover_ws/install/mavros:/home/user/autorover_ws/install/mavros_msgs:/home/user/autorover_ws/install/libmavconn:/home/user/vision_ws/install/zed_ros2:/home/user/vision_ws/install/zed_robot_integration:/home/user/vision_ws/install/zed_ipc:/home/user/vision_ws/install/zed_multi_camera:/home/user/vision_ws/install/zed_display_rviz2:/home/user/vision_ws/install/zed_depth_to_laserscan:/home/user/vision_ws/install/zed_wrapper:/home/user/vision_ws/install/zed_tutorial_video:/home/user/vision_ws/install/zed_tutorial_pos_tracking:/home/user/vision_ws/install/zed_tutorial_depth:/home/user/vision_ws/install/zed_topic_benchmark:/home/user/vision_ws/install/zed_topic_benchmark_component:/home/user/vision_ws/install/zed_topic_benchmark_interfaces:/home/user/vision_ws/install/zed_rgb_convert:/home/user/vision_ws/install/zed_aruco_localization:/home/user/vision_ws/install/rviz_plugin_zed_od:/home/user/autorover_ws/install/teleop_twist_keyboard:/home/user/autorover_ws/install/autorover_bringup:/opt/ros/humble LD_LIBRARY_PATH=/home/user/vision_ws/install/zed_components/lib:/home/user/autorover_ws/install/zed_components/lib:/home/user/autorover_ws/install/robot_localization/lib:/home/user/autorover_ws/install/mavros_extras/lib:/home/user/autorover_ws/install/mavros/lib:/home/user/autorover_ws/install/mavros_msgs/lib:/home/user/autorover_ws/install/libmavconn/lib:/home/user/vision_ws/install/zed_ipc/lib:/home/user/vision_ws/install/zed_topic_benchmark_component/lib:/home/user/vision_ws/install/zed_topic_benchmark_interfaces/lib:/home/user/vision_ws/install/zed_rgb_convert/lib:/home/user/vision_ws/install/zed_aruco_localization/lib:/home/user/vision_ws/install/rviz_plugin_zed_od/lib:/opt/ros/humble/opt/rviz_ogre_vendor/lib:/opt/ros/humble/lib/aarch64-linux-gnu:/opt/ros/humble/lib /usr/bin/cmake /home/user/vision_ws/src/zed-ros2-wrapper/zed_wrapper -DCMAKE_BUILD_TYPE=Release -DAMENT_CMAKE_SYMLINK_INSTALL=1 -DCMAKE_INSTALL_PREFIX=/home/user/vision_ws/install/zed_wrapper
[3.465s] DEBUG:colcon.colcon_core.event_handler.log_command:Invoking command in '/home/user/vision_ws/build/zed_aruco_localization': CMAKE_PREFIX_PATH=/home/user/vision_ws/install/zed_components:/home/user/autorover_ws/install/zed_ros2:/home/user/autorover_ws/install/zed_wrapper:/home/user/autorover_ws/install/zed_components:/home/user/autorover_ws/install/robot_localization:/home/user/autorover_ws/install/mavros_extras:/home/user/autorover_ws/install/mavros:/home/user/autorover_ws/install/mavros_msgs:/home/user/autorover_ws/install/libmavconn:/home/user/vision_ws/install/zed_ros2:/home/user/vision_ws/install/zed_robot_integration:/home/user/vision_ws/install/zed_ipc:/home/user/vision_ws/install/zed_multi_camera:/home/user/vision_ws/install/zed_display_rviz2:/home/user/vision_ws/install/zed_depth_to_laserscan:/home/user/vision_ws/install/zed_wrapper:/home/user/vision_ws/install/zed_tutorial_video:/home/user/vision_ws/install/zed_tutorial_pos_tracking:/home/user/vision_ws/install/zed_tutorial_depth:/home/user/vision_ws/install/zed_topic_benchmark:/home/user/vision_ws/install/zed_topic_benchmark_component:/home/user/vision_ws/install/zed_topic_benchmark_interfaces:/home/user/vision_ws/install/zed_rgb_convert:/home/user/vision_ws/install/zed_aruco_localization:/home/user/vision_ws/install/rviz_plugin_zed_od:/home/user/autorover_ws/install/teleop_twist_keyboard:/home/user/autorover_ws/install/autorover_bringup:/opt/ros/humble LD_LIBRARY_PATH=/home/user/vision_ws/install/zed_components/lib:/home/user/autorover_ws/install/zed_components/lib:/home/user/autorover_ws/install/robot_localization/lib:/home/user/autorover_ws/install/mavros_extras/lib:/home/user/autorover_ws/install/mavros/lib:/home/user/autorover_ws/install/mavros_msgs/lib:/home/user/autorover_ws/install/libmavconn/lib:/home/user/vision_ws/install/zed_ipc/lib:/home/user/vision_ws/install/zed_topic_benchmark_component/lib:/home/user/vision_ws/install/zed_topic_benchmark_interfaces/lib:/home/user/vision_ws/install/zed_rgb_convert/lib:/home/user/vision_ws/install/zed_aruco_localization/lib:/home/user/vision_ws/install/rviz_plugin_zed_od/lib:/opt/ros/humble/opt/rviz_ogre_vendor/lib:/opt/ros/humble/lib/aarch64-linux-gnu:/opt/ros/humble/lib /usr/bin/cmake /home/user/vision_ws/src/zed-ros2-examples/examples/zed_aruco_localization -DCMAKE_BUILD_TYPE=Release -DAMENT_CMAKE_SYMLINK_INSTALL=1 -DCMAKE_INSTALL_PREFIX=/home/user/vision_ws/install/zed_aruco_localization
[3.472s] DEBUG:colcon.colcon_core.event_handler.log_command:Invoking command in '/home/user/vision_ws/build/zed_rgb_convert': CMAKE_PREFIX_PATH=/home/user/vision_ws/install/zed_components:/home/user/autorover_ws/install/zed_ros2:/home/user/autorover_ws/install/zed_wrapper:/home/user/autorover_ws/install/zed_components:/home/user/autorover_ws/install/robot_localization:/home/user/autorover_ws/install/mavros_extras:/home/user/autorover_ws/install/mavros:/home/user/autorover_ws/install/mavros_msgs:/home/user/autorover_ws/install/libmavconn:/home/user/vision_ws/install/zed_ros2:/home/user/vision_ws/install/zed_robot_integration:/home/user/vision_ws/install/zed_ipc:/home/user/vision_ws/install/zed_multi_camera:/home/user/vision_ws/install/zed_display_rviz2:/home/user/vision_ws/install/zed_depth_to_laserscan:/home/user/vision_ws/install/zed_wrapper:/home/user/vision_ws/install/zed_tutorial_video:/home/user/vision_ws/install/zed_tutorial_pos_tracking:/home/user/vision_ws/install/zed_tutorial_depth:/home/user/vision_ws/install/zed_topic_benchmark:/home/user/vision_ws/install/zed_topic_benchmark_component:/home/user/vision_ws/install/zed_topic_benchmark_interfaces:/home/user/vision_ws/install/zed_rgb_convert:/home/user/vision_ws/install/zed_aruco_localization:/home/user/vision_ws/install/rviz_plugin_zed_od:/home/user/autorover_ws/install/teleop_twist_keyboard:/home/user/autorover_ws/install/autorover_bringup:/opt/ros/humble LD_LIBRARY_PATH=/home/user/vision_ws/install/zed_components/lib:/home/user/autorover_ws/install/zed_components/lib:/home/user/autorover_ws/install/robot_localization/lib:/home/user/autorover_ws/install/mavros_extras/lib:/home/user/autorover_ws/install/mavros/lib:/home/user/autorover_ws/install/mavros_msgs/lib:/home/user/autorover_ws/install/libmavconn/lib:/home/user/vision_ws/install/zed_ipc/lib:/home/user/vision_ws/install/zed_topic_benchmark_component/lib:/home/user/vision_ws/install/zed_topic_benchmark_interfaces/lib:/home/user/vision_ws/install/zed_rgb_convert/lib:/home/user/vision_ws/install/zed_aruco_localization/lib:/home/user/vision_ws/install/rviz_plugin_zed_od/lib:/opt/ros/humble/opt/rviz_ogre_vendor/lib:/opt/ros/humble/lib/aarch64-linux-gnu:/opt/ros/humble/lib /usr/bin/cmake /home/user/vision_ws/src/zed-ros2-examples/tutorials/zed_rgb_convert -DCMAKE_BUILD_TYPE=Release -DAMENT_CMAKE_SYMLINK_INSTALL=1 -DCMAKE_INSTALL_PREFIX=/home/user/vision_ws/install/zed_rgb_convert
[3.650s] DEBUG:colcon.colcon_core.event_handler.log_command:Invoked command in '/home/user/vision_ws/build/zed_topic_benchmark_interfaces' returned '0': CMAKE_PREFIX_PATH=${CMAKE_PREFIX_PATH}:/home/user/autorover_ws/install/teleop_twist_keyboard:/home/user/autorover_ws/install/autorover_bringup:/opt/ros/humble /usr/bin/cmake /home/user/vision_ws/src/zed-ros2-examples/tools/zed_benchmark_interfaces -DCMAKE_BUILD_TYPE=Release -DAMENT_CMAKE_SYMLINK_INSTALL=1 -DCMAKE_INSTALL_PREFIX=/home/user/vision_ws/install/zed_topic_benchmark_interfaces
[3.654s] DEBUG:colcon.colcon_core.event_handler.log_command:Invoking command in '/home/user/vision_ws/build/zed_topic_benchmark_interfaces': CMAKE_PREFIX_PATH=${CMAKE_PREFIX_PATH}:/home/user/autorover_ws/install/teleop_twist_keyboard:/home/user/autorover_ws/install/autorover_bringup:/opt/ros/humble /usr/bin/cmake --build /home/user/vision_ws/build/zed_topic_benchmark_interfaces -- -j8 -l8
[4.484s] DEBUG:colcon.colcon_core.event_handler.log_command:Invoked command in '/home/user/vision_ws/build/zed_topic_benchmark_interfaces' returned '0': CMAKE_PREFIX_PATH=${CMAKE_PREFIX_PATH}:/home/user/autorover_ws/install/teleop_twist_keyboard:/home/user/autorover_ws/install/autorover_bringup:/opt/ros/humble /usr/bin/cmake --build /home/user/vision_ws/build/zed_topic_benchmark_interfaces -- -j8 -l8
[4.487s] DEBUG:colcon.colcon_core.event_handler.log_command:Invoking command in '/home/user/vision_ws/build/zed_topic_benchmark_interfaces': CMAKE_PREFIX_PATH=${CMAKE_PREFIX_PATH}:/home/user/autorover_ws/install/teleop_twist_keyboard:/home/user/autorover_ws/install/autorover_bringup:/opt/ros/humble /usr/bin/cmake --install /home/user/vision_ws/build/zed_topic_benchmark_interfaces
[4.644s] Level 1:colcon.colcon_core.environment:create_environment_scripts_only(zed_topic_benchmark_interfaces)
[4.645s] Level 1:colcon.colcon_core.environment:checking '/home/user/vision_ws/install/zed_topic_benchmark_interfaces' for CMake module files
[4.646s] DEBUG:colcon.colcon_core.event_handler.log_command:Invoked command in '/home/user/vision_ws/build/zed_topic_benchmark_interfaces' returned '0': CMAKE_PREFIX_PATH=${CMAKE_PREFIX_PATH}:/home/user/autorover_ws/install/teleop_twist_keyboard:/home/user/autorover_ws/install/autorover_bringup:/opt/ros/humble /usr/bin/cmake --install /home/user/vision_ws/build/zed_topic_benchmark_interfaces
[4.647s] Level 1:colcon.colcon_core.environment:checking '/home/user/vision_ws/install/zed_topic_benchmark_interfaces' for CMake config files
[4.649s] Level 1:colcon.colcon_core.shell:create_environment_hook('zed_topic_benchmark_interfaces', 'cmake_prefix_path')
[4.649s] INFO:colcon.colcon_core.shell:Creating environment hook '/home/user/vision_ws/install/zed_topic_benchmark_interfaces/share/zed_topic_benchmark_interfaces/hook/cmake_prefix_path.ps1'
[4.650s] INFO:colcon.colcon_core.shell:Creating environment descriptor '/home/user/vision_ws/install/zed_topic_benchmark_interfaces/share/zed_topic_benchmark_interfaces/hook/cmake_prefix_path.dsv'
[4.651s] INFO:colcon.colcon_core.shell:Creating environment hook '/home/user/vision_ws/install/zed_topic_benchmark_interfaces/share/zed_topic_benchmark_interfaces/hook/cmake_prefix_path.sh'
[4.652s] Level 1:colcon.colcon_core.environment:checking '/home/user/vision_ws/install/zed_topic_benchmark_interfaces/lib'
[4.653s] Level 1:colcon.colcon_core.shell:create_environment_hook('zed_topic_benchmark_interfaces', 'ld_library_path_lib')
[4.653s] INFO:colcon.colcon_core.shell:Creating environment hook '/home/user/vision_ws/install/zed_topic_benchmark_interfaces/share/zed_topic_benchmark_interfaces/hook/ld_library_path_lib.ps1'
[4.654s] INFO:colcon.colcon_core.shell:Creating environment descriptor '/home/user/vision_ws/install/zed_topic_benchmark_interfaces/share/zed_topic_benchmark_interfaces/hook/ld_library_path_lib.dsv'
[4.655s] INFO:colcon.colcon_core.shell:Creating environment hook '/home/user/vision_ws/install/zed_topic_benchmark_interfaces/share/zed_topic_benchmark_interfaces/hook/ld_library_path_lib.sh'
[4.656s] Level 1:colcon.colcon_core.environment:checking '/home/user/vision_ws/install/zed_topic_benchmark_interfaces/bin'
[4.656s] Level 1:colcon.colcon_core.environment:checking '/home/user/vision_ws/install/zed_topic_benchmark_interfaces/lib/pkgconfig/zed_topic_benchmark_interfaces.pc'
[4.656s] Level 1:colcon.colcon_core.environment:checking '/home/user/vision_ws/install/zed_topic_benchmark_interfaces/lib/python3.10/site-packages'
[4.657s] Level 1:colcon.colcon_core.environment:checking '/home/user/vision_ws/install/zed_topic_benchmark_interfaces/bin'
[4.657s] INFO:colcon.colcon_core.shell:Creating package script '/home/user/vision_ws/install/zed_topic_benchmark_interfaces/share/zed_topic_benchmark_interfaces/package.ps1'
[4.658s] INFO:colcon.colcon_core.shell:Creating package descriptor '/home/user/vision_ws/install/zed_topic_benchmark_interfaces/share/zed_topic_benchmark_interfaces/package.dsv'
[4.659s] INFO:colcon.colcon_core.shell:Creating package script '/home/user/vision_ws/install/zed_topic_benchmark_interfaces/share/zed_topic_benchmark_interfaces/package.sh'
[4.661s] INFO:colcon.colcon_core.shell:Creating package script '/home/user/vision_ws/install/zed_topic_benchmark_interfaces/share/zed_topic_benchmark_interfaces/package.bash'
[4.662s] INFO:colcon.colcon_core.shell:Creating package script '/home/user/vision_ws/install/zed_topic_benchmark_interfaces/share/zed_topic_benchmark_interfaces/package.zsh'
[4.662s] Level 1:colcon.colcon_core.environment:create_file_with_runtime_dependencies(/home/user/vision_ws/install/zed_topic_benchmark_interfaces/share/colcon-core/packages/zed_topic_benchmark_interfaces)
[4.664s] Level 1:colcon.colcon_core.environment:create_environment_scripts_only(zed_topic_benchmark_interfaces)
[4.664s] Level 1:colcon.colcon_core.environment:checking '/home/user/vision_ws/install/zed_topic_benchmark_interfaces' for CMake module files
[4.665s] Level 1:colcon.colcon_core.environment:checking '/home/user/vision_ws/install/zed_topic_benchmark_interfaces' for CMake config files
[4.667s] Level 1:colcon.colcon_core.shell:create_environment_hook('zed_topic_benchmark_interfaces', 'cmake_prefix_path')
[4.668s] INFO:colcon.colcon_core.shell:Creating environment hook '/home/user/vision_ws/install/zed_topic_benchmark_interfaces/share/zed_topic_benchmark_interfaces/hook/cmake_prefix_path.ps1'
[4.669s] INFO:colcon.colcon_core.shell:Creating environment descriptor '/home/user/vision_ws/install/zed_topic_benchmark_interfaces/share/zed_topic_benchmark_interfaces/hook/cmake_prefix_path.dsv'
[4.670s] INFO:colcon.colcon_core.shell:Creating environment hook '/home/user/vision_ws/install/zed_topic_benchmark_interfaces/share/zed_topic_benchmark_interfaces/hook/cmake_prefix_path.sh'
[4.671s] Level 1:colcon.colcon_core.environment:checking '/home/user/vision_ws/install/zed_topic_benchmark_interfaces/lib'
[4.671s] Level 1:colcon.colcon_core.shell:create_environment_hook('zed_topic_benchmark_interfaces', 'ld_library_path_lib')
[4.671s] INFO:colcon.colcon_core.shell:Creating environment hook '/home/user/vision_ws/install/zed_topic_benchmark_interfaces/share/zed_topic_benchmark_interfaces/hook/ld_library_path_lib.ps1'
[4.672s] INFO:colcon.colcon_core.shell:Creating environment descriptor '/home/user/vision_ws/install/zed_topic_benchmark_interfaces/share/zed_topic_benchmark_interfaces/hook/ld_library_path_lib.dsv'
[4.673s] INFO:colcon.colcon_core.shell:Creating environment hook '/home/user/vision_ws/install/zed_topic_benchmark_interfaces/share/zed_topic_benchmark_interfaces/hook/ld_library_path_lib.sh'
[4.674s] Level 1:colcon.colcon_core.environment:checking '/home/user/vision_ws/install/zed_topic_benchmark_interfaces/bin'
[4.674s] Level 1:colcon.colcon_core.environment:checking '/home/user/vision_ws/install/zed_topic_benchmark_interfaces/lib/pkgconfig/zed_topic_benchmark_interfaces.pc'
[4.674s] Level 1:colcon.colcon_core.environment:checking '/home/user/vision_ws/install/zed_topic_benchmark_interfaces/lib/python3.10/site-packages'
[4.675s] Level 1:colcon.colcon_core.environment:checking '/home/user/vision_ws/install/zed_topic_benchmark_interfaces/bin'
[4.675s] INFO:colcon.colcon_core.shell:Creating package script '/home/user/vision_ws/install/zed_topic_benchmark_interfaces/share/zed_topic_benchmark_interfaces/package.ps1'
[4.677s] INFO:colcon.colcon_core.shell:Creating package descriptor '/home/user/vision_ws/install/zed_topic_benchmark_interfaces/share/zed_topic_benchmark_interfaces/package.dsv'
[4.678s] INFO:colcon.colcon_core.shell:Creating package script '/home/user/vision_ws/install/zed_topic_benchmark_interfaces/share/zed_topic_benchmark_interfaces/package.sh'
[4.679s] INFO:colcon.colcon_core.shell:Creating package script '/home/user/vision_ws/install/zed_topic_benchmark_interfaces/share/zed_topic_benchmark_interfaces/package.bash'
[4.679s] INFO:colcon.colcon_core.shell:Creating package script '/home/user/vision_ws/install/zed_topic_benchmark_interfaces/share/zed_topic_benchmark_interfaces/package.zsh'
[4.680s] Level 1:colcon.colcon_core.environment:create_file_with_runtime_dependencies(/home/user/vision_ws/install/zed_topic_benchmark_interfaces/share/colcon-core/packages/zed_topic_benchmark_interfaces)
[4.681s] INFO:colcon.colcon_ros.task.ament_cmake.build:Building ROS package in '/home/user/vision_ws/src/zed-ros2-examples/tools/zed_benchmark_component' with build type 'ament_cmake'
[4.681s] INFO:colcon.colcon_cmake.task.cmake.build:Building CMake package in '/home/user/vision_ws/src/zed-ros2-examples/tools/zed_benchmark_component'
[4.682s] INFO:colcon.colcon_core.shell:Skip shell extension 'powershell' for command environment: Not usable outside of PowerShell
[4.682s] DEBUG:colcon.colcon_core.shell:Skip shell extension 'dsv' for command environment
[4.710s] DEBUG:colcon.colcon_core.event_handler.log_command:Invoking command in '/home/user/vision_ws/build/zed_topic_benchmark_component': CMAKE_PREFIX_PATH=/home/user/vision_ws/install/zed_topic_benchmark_interfaces:/home/user/autorover_ws/install/zed_ros2:/home/user/autorover_ws/install/zed_wrapper:/home/user/autorover_ws/install/zed_components:/home/user/autorover_ws/install/robot_localization:/home/user/autorover_ws/install/mavros_extras:/home/user/autorover_ws/install/mavros:/home/user/autorover_ws/install/mavros_msgs:/home/user/autorover_ws/install/libmavconn:/home/user/vision_ws/install/zed_ros2:/home/user/vision_ws/install/zed_robot_integration:/home/user/vision_ws/install/zed_ipc:/home/user/vision_ws/install/zed_multi_camera:/home/user/vision_ws/install/zed_display_rviz2:/home/user/vision_ws/install/zed_depth_to_laserscan:/home/user/vision_ws/install/zed_wrapper:/home/user/vision_ws/install/zed_tutorial_video:/home/user/vision_ws/install/zed_tutorial_pos_tracking:/home/user/vision_ws/install/zed_tutorial_depth:/home/user/vision_ws/install/zed_topic_benchmark:/home/user/vision_ws/install/zed_topic_benchmark_component:/home/user/vision_ws/install/zed_rgb_convert:/home/user/vision_ws/install/zed_aruco_localization:/home/user/vision_ws/install/zed_components:/home/user/vision_ws/install/rviz_plugin_zed_od:/home/user/autorover_ws/install/teleop_twist_keyboard:/home/user/autorover_ws/install/autorover_bringup:/opt/ros/humble LD_LIBRARY_PATH=/home/user/vision_ws/install/zed_topic_benchmark_interfaces/lib:/home/user/autorover_ws/install/zed_components/lib:/home/user/autorover_ws/install/robot_localization/lib:/home/user/autorover_ws/install/mavros_extras/lib:/home/user/autorover_ws/install/mavros/lib:/home/user/autorover_ws/install/mavros_msgs/lib:/home/user/autorover_ws/install/libmavconn/lib:/home/user/vision_ws/install/zed_ipc/lib:/home/user/vision_ws/install/zed_topic_benchmark_component/lib:/home/user/vision_ws/install/zed_rgb_convert/lib:/home/user/vision_ws/install/zed_aruco_localization/lib:/home/user/vision_ws/install/zed_components/lib:/home/user/vision_ws/install/rviz_plugin_zed_od/lib:/opt/ros/humble/opt/rviz_ogre_vendor/lib:/opt/ros/humble/lib/aarch64-linux-gnu:/opt/ros/humble/lib /usr/bin/cmake /home/user/vision_ws/src/zed-ros2-examples/tools/zed_benchmark_component -DCMAKE_BUILD_TYPE=Release -DAMENT_CMAKE_SYMLINK_INSTALL=1 -DCMAKE_INSTALL_PREFIX=/home/user/vision_ws/install/zed_topic_benchmark_component
[5.094s] DEBUG:colcon.colcon_core.event_handler.log_command:Invoked command in '/home/user/vision_ws/build/zed_wrapper' returned '0': CMAKE_PREFIX_PATH=/home/user/vision_ws/install/zed_components:/home/user/autorover_ws/install/zed_ros2:/home/user/autorover_ws/install/zed_wrapper:/home/user/autorover_ws/install/zed_components:/home/user/autorover_ws/install/robot_localization:/home/user/autorover_ws/install/mavros_extras:/home/user/autorover_ws/install/mavros:/home/user/autorover_ws/install/mavros_msgs:/home/user/autorover_ws/install/libmavconn:/home/user/vision_ws/install/zed_ros2:/home/user/vision_ws/install/zed_robot_integration:/home/user/vision_ws/install/zed_ipc:/home/user/vision_ws/install/zed_multi_camera:/home/user/vision_ws/install/zed_display_rviz2:/home/user/vision_ws/install/zed_depth_to_laserscan:/home/user/vision_ws/install/zed_wrapper:/home/user/vision_ws/install/zed_tutorial_video:/home/user/vision_ws/install/zed_tutorial_pos_tracking:/home/user/vision_ws/install/zed_tutorial_depth:/home/user/vision_ws/install/zed_topic_benchmark:/home/user/vision_ws/install/zed_topic_benchmark_component:/home/user/vision_ws/install/zed_topic_benchmark_interfaces:/home/user/vision_ws/install/zed_rgb_convert:/home/user/vision_ws/install/zed_aruco_localization:/home/user/vision_ws/install/rviz_plugin_zed_od:/home/user/autorover_ws/install/teleop_twist_keyboard:/home/user/autorover_ws/install/autorover_bringup:/opt/ros/humble LD_LIBRARY_PATH=/home/user/vision_ws/install/zed_components/lib:/home/user/autorover_ws/install/zed_components/lib:/home/user/autorover_ws/install/robot_localization/lib:/home/user/autorover_ws/install/mavros_extras/lib:/home/user/autorover_ws/install/mavros/lib:/home/user/autorover_ws/install/mavros_msgs/lib:/home/user/autorover_ws/install/libmavconn/lib:/home/user/vision_ws/install/zed_ipc/lib:/home/user/vision_ws/install/zed_topic_benchmark_component/lib:/home/user/vision_ws/install/zed_topic_benchmark_interfaces/lib:/home/user/vision_ws/install/zed_rgb_convert/lib:/home/user/vision_ws/install/zed_aruco_localization/lib:/home/user/vision_ws/install/rviz_plugin_zed_od/lib:/opt/ros/humble/opt/rviz_ogre_vendor/lib:/opt/ros/humble/lib/aarch64-linux-gnu:/opt/ros/humble/lib /usr/bin/cmake /home/user/vision_ws/src/zed-ros2-wrapper/zed_wrapper -DCMAKE_BUILD_TYPE=Release -DAMENT_CMAKE_SYMLINK_INSTALL=1 -DCMAKE_INSTALL_PREFIX=/home/user/vision_ws/install/zed_wrapper
[5.098s] DEBUG:colcon.colcon_core.event_handler.log_command:Invoking command in '/home/user/vision_ws/build/zed_wrapper': CMAKE_PREFIX_PATH=/home/user/vision_ws/install/zed_components:/home/user/autorover_ws/install/zed_ros2:/home/user/autorover_ws/install/zed_wrapper:/home/user/autorover_ws/install/zed_components:/home/user/autorover_ws/install/robot_localization:/home/user/autorover_ws/install/mavros_extras:/home/user/autorover_ws/install/mavros:/home/user/autorover_ws/install/mavros_msgs:/home/user/autorover_ws/install/libmavconn:/home/user/vision_ws/install/zed_ros2:/home/user/vision_ws/install/zed_robot_integration:/home/user/vision_ws/install/zed_ipc:/home/user/vision_ws/install/zed_multi_camera:/home/user/vision_ws/install/zed_display_rviz2:/home/user/vision_ws/install/zed_depth_to_laserscan:/home/user/vision_ws/install/zed_wrapper:/home/user/vision_ws/install/zed_tutorial_video:/home/user/vision_ws/install/zed_tutorial_pos_tracking:/home/user/vision_ws/install/zed_tutorial_depth:/home/user/vision_ws/install/zed_topic_benchmark:/home/user/vision_ws/install/zed_topic_benchmark_component:/home/user/vision_ws/install/zed_topic_benchmark_interfaces:/home/user/vision_ws/install/zed_rgb_convert:/home/user/vision_ws/install/zed_aruco_localization:/home/user/vision_ws/install/rviz_plugin_zed_od:/home/user/autorover_ws/install/teleop_twist_keyboard:/home/user/autorover_ws/install/autorover_bringup:/opt/ros/humble LD_LIBRARY_PATH=/home/user/vision_ws/install/zed_components/lib:/home/user/autorover_ws/install/zed_components/lib:/home/user/autorover_ws/install/robot_localization/lib:/home/user/autorover_ws/install/mavros_extras/lib:/home/user/autorover_ws/install/mavros/lib:/home/user/autorover_ws/install/mavros_msgs/lib:/home/user/autorover_ws/install/libmavconn/lib:/home/user/vision_ws/install/zed_ipc/lib:/home/user/vision_ws/install/zed_topic_benchmark_component/lib:/home/user/vision_ws/install/zed_topic_benchmark_interfaces/lib:/home/user/vision_ws/install/zed_rgb_convert/lib:/home/user/vision_ws/install/zed_aruco_localization/lib:/home/user/vision_ws/install/rviz_plugin_zed_od/lib:/opt/ros/humble/opt/rviz_ogre_vendor/lib:/opt/ros/humble/lib/aarch64-linux-gnu:/opt/ros/humble/lib /usr/bin/cmake --build /home/user/vision_ws/build/zed_wrapper -- -j8 -l8
[5.187s] DEBUG:colcon.colcon_core.event_handler.log_command:Invoked command in '/home/user/vision_ws/build/zed_wrapper' returned '0': CMAKE_PREFIX_PATH=/home/user/vision_ws/install/zed_components:/home/user/autorover_ws/install/zed_ros2:/home/user/autorover_ws/install/zed_wrapper:/home/user/autorover_ws/install/zed_components:/home/user/autorover_ws/install/robot_localization:/home/user/autorover_ws/install/mavros_extras:/home/user/autorover_ws/install/mavros:/home/user/autorover_ws/install/mavros_msgs:/home/user/autorover_ws/install/libmavconn:/home/user/vision_ws/install/zed_ros2:/home/user/vision_ws/install/zed_robot_integration:/home/user/vision_ws/install/zed_ipc:/home/user/vision_ws/install/zed_multi_camera:/home/user/vision_ws/install/zed_display_rviz2:/home/user/vision_ws/install/zed_depth_to_laserscan:/home/user/vision_ws/install/zed_wrapper:/home/user/vision_ws/install/zed_tutorial_video:/home/user/vision_ws/install/zed_tutorial_pos_tracking:/home/user/vision_ws/install/zed_tutorial_depth:/home/user/vision_ws/install/zed_topic_benchmark:/home/user/vision_ws/install/zed_topic_benchmark_component:/home/user/vision_ws/install/zed_topic_benchmark_interfaces:/home/user/vision_ws/install/zed_rgb_convert:/home/user/vision_ws/install/zed_aruco_localization:/home/user/vision_ws/install/rviz_plugin_zed_od:/home/user/autorover_ws/install/teleop_twist_keyboard:/home/user/autorover_ws/install/autorover_bringup:/opt/ros/humble LD_LIBRARY_PATH=/home/user/vision_ws/install/zed_components/lib:/home/user/autorover_ws/install/zed_components/lib:/home/user/autorover_ws/install/robot_localization/lib:/home/user/autorover_ws/install/mavros_extras/lib:/home/user/autorover_ws/install/mavros/lib:/home/user/autorover_ws/install/mavros_msgs/lib:/home/user/autorover_ws/install/libmavconn/lib:/home/user/vision_ws/install/zed_ipc/lib:/home/user/vision_ws/install/zed_topic_benchmark_component/lib:/home/user/vision_ws/install/zed_topic_benchmark_interfaces/lib:/home/user/vision_ws/install/zed_rgb_convert/lib:/home/user/vision_ws/install/zed_aruco_localization/lib:/home/user/vision_ws/install/rviz_plugin_zed_od/lib:/opt/ros/humble/opt/rviz_ogre_vendor/lib:/opt/ros/humble/lib/aarch64-linux-gnu:/opt/ros/humble/lib /usr/bin/cmake --build /home/user/vision_ws/build/zed_wrapper -- -j8 -l8
[5.191s] DEBUG:colcon.colcon_core.event_handler.log_command:Invoking command in '/home/user/vision_ws/build/zed_wrapper': CMAKE_PREFIX_PATH=/home/user/vision_ws/install/zed_components:/home/user/autorover_ws/install/zed_ros2:/home/user/autorover_ws/install/zed_wrapper:/home/user/autorover_ws/install/zed_components:/home/user/autorover_ws/install/robot_localization:/home/user/autorover_ws/install/mavros_extras:/home/user/autorover_ws/install/mavros:/home/user/autorover_ws/install/mavros_msgs:/home/user/autorover_ws/install/libmavconn:/home/user/vision_ws/install/zed_ros2:/home/user/vision_ws/install/zed_robot_integration:/home/user/vision_ws/install/zed_ipc:/home/user/vision_ws/install/zed_multi_camera:/home/user/vision_ws/install/zed_display_rviz2:/home/user/vision_ws/install/zed_depth_to_laserscan:/home/user/vision_ws/install/zed_wrapper:/home/user/vision_ws/install/zed_tutorial_video:/home/user/vision_ws/install/zed_tutorial_pos_tracking:/home/user/vision_ws/install/zed_tutorial_depth:/home/user/vision_ws/install/zed_topic_benchmark:/home/user/vision_ws/install/zed_topic_benchmark_component:/home/user/vision_ws/install/zed_topic_benchmark_interfaces:/home/user/vision_ws/install/zed_rgb_convert:/home/user/vision_ws/install/zed_aruco_localization:/home/user/vision_ws/install/rviz_plugin_zed_od:/home/user/autorover_ws/install/teleop_twist_keyboard:/home/user/autorover_ws/install/autorover_bringup:/opt/ros/humble LD_LIBRARY_PATH=/home/user/vision_ws/install/zed_components/lib:/home/user/autorover_ws/install/zed_components/lib:/home/user/autorover_ws/install/robot_localization/lib:/home/user/autorover_ws/install/mavros_extras/lib:/home/user/autorover_ws/install/mavros/lib:/home/user/autorover_ws/install/mavros_msgs/lib:/home/user/autorover_ws/install/libmavconn/lib:/home/user/vision_ws/install/zed_ipc/lib:/home/user/vision_ws/install/zed_topic_benchmark_component/lib:/home/user/vision_ws/install/zed_topic_benchmark_interfaces/lib:/home/user/vision_ws/install/zed_rgb_convert/lib:/home/user/vision_ws/install/zed_aruco_localization/lib:/home/user/vision_ws/install/rviz_plugin_zed_od/lib:/opt/ros/humble/opt/rviz_ogre_vendor/lib:/opt/ros/humble/lib/aarch64-linux-gnu:/opt/ros/humble/lib /usr/bin/cmake --install /home/user/vision_ws/build/zed_wrapper
[5.239s] Level 1:colcon.colcon_core.environment:create_environment_scripts_only(zed_wrapper)
[5.240s] Level 1:colcon.colcon_core.environment:checking '/home/user/vision_ws/install/zed_wrapper' for CMake module files
[5.241s] DEBUG:colcon.colcon_core.event_handler.log_command:Invoked command in '/home/user/vision_ws/build/zed_wrapper' returned '0': CMAKE_PREFIX_PATH=/home/user/vision_ws/install/zed_components:/home/user/autorover_ws/install/zed_ros2:/home/user/autorover_ws/install/zed_wrapper:/home/user/autorover_ws/install/zed_components:/home/user/autorover_ws/install/robot_localization:/home/user/autorover_ws/install/mavros_extras:/home/user/autorover_ws/install/mavros:/home/user/autorover_ws/install/mavros_msgs:/home/user/autorover_ws/install/libmavconn:/home/user/vision_ws/install/zed_ros2:/home/user/vision_ws/install/zed_robot_integration:/home/user/vision_ws/install/zed_ipc:/home/user/vision_ws/install/zed_multi_camera:/home/user/vision_ws/install/zed_display_rviz2:/home/user/vision_ws/install/zed_depth_to_laserscan:/home/user/vision_ws/install/zed_wrapper:/home/user/vision_ws/install/zed_tutorial_video:/home/user/vision_ws/install/zed_tutorial_pos_tracking:/home/user/vision_ws/install/zed_tutorial_depth:/home/user/vision_ws/install/zed_topic_benchmark:/home/user/vision_ws/install/zed_topic_benchmark_component:/home/user/vision_ws/install/zed_topic_benchmark_interfaces:/home/user/vision_ws/install/zed_rgb_convert:/home/user/vision_ws/install/zed_aruco_localization:/home/user/vision_ws/install/rviz_plugin_zed_od:/home/user/autorover_ws/install/teleop_twist_keyboard:/home/user/autorover_ws/install/autorover_bringup:/opt/ros/humble LD_LIBRARY_PATH=/home/user/vision_ws/install/zed_components/lib:/home/user/autorover_ws/install/zed_components/lib:/home/user/autorover_ws/install/robot_localization/lib:/home/user/autorover_ws/install/mavros_extras/lib:/home/user/autorover_ws/install/mavros/lib:/home/user/autorover_ws/install/mavros_msgs/lib:/home/user/autorover_ws/install/libmavconn/lib:/home/user/vision_ws/install/zed_ipc/lib:/home/user/vision_ws/install/zed_topic_benchmark_component/lib:/home/user/vision_ws/install/zed_topic_benchmark_interfaces/lib:/home/user/vision_ws/install/zed_rgb_convert/lib:/home/user/vision_ws/install/zed_aruco_localization/lib:/home/user/vision_ws/install/rviz_plugin_zed_od/lib:/opt/ros/humble/opt/rviz_ogre_vendor/lib:/opt/ros/humble/lib/aarch64-linux-gnu:/opt/ros/humble/lib /usr/bin/cmake --install /home/user/vision_ws/build/zed_wrapper
[5.242s] Level 1:colcon.colcon_core.environment:checking '/home/user/vision_ws/install/zed_wrapper' for CMake config files
[5.242s] Level 1:colcon.colcon_core.shell:create_environment_hook('zed_wrapper', 'cmake_prefix_path')
[5.243s] INFO:colcon.colcon_core.shell:Creating environment hook '/home/user/vision_ws/install/zed_wrapper/share/zed_wrapper/hook/cmake_prefix_path.ps1'
[5.244s] INFO:colcon.colcon_core.shell:Creating environment descriptor '/home/user/vision_ws/install/zed_wrapper/share/zed_wrapper/hook/cmake_prefix_path.dsv'
[5.245s] INFO:colcon.colcon_core.shell:Creating environment hook '/home/user/vision_ws/install/zed_wrapper/share/zed_wrapper/hook/cmake_prefix_path.sh'
[5.246s] Level 1:colcon.colcon_core.environment:checking '/home/user/vision_ws/install/zed_wrapper/bin'
[5.246s] Level 1:colcon.colcon_core.environment:checking '/home/user/vision_ws/install/zed_wrapper/lib/pkgconfig/zed_wrapper.pc'
[5.247s] Level 1:colcon.colcon_core.environment:checking '/home/user/vision_ws/install/zed_wrapper/lib/python3.10/site-packages'
[5.247s] Level 1:colcon.colcon_core.environment:checking '/home/user/vision_ws/install/zed_wrapper/bin'
[5.248s] INFO:colcon.colcon_core.shell:Creating package script '/home/user/vision_ws/install/zed_wrapper/share/zed_wrapper/package.ps1'
[5.249s] INFO:colcon.colcon_core.shell:Creating package descriptor '/home/user/vision_ws/install/zed_wrapper/share/zed_wrapper/package.dsv'
[5.250s] INFO:colcon.colcon_core.shell:Creating package script '/home/user/vision_ws/install/zed_wrapper/share/zed_wrapper/package.sh'
[5.251s] INFO:colcon.colcon_core.shell:Creating package script '/home/user/vision_ws/install/zed_wrapper/share/zed_wrapper/package.bash'
[5.251s] INFO:colcon.colcon_core.shell:Creating package script '/home/user/vision_ws/install/zed_wrapper/share/zed_wrapper/package.zsh'
[5.252s] Level 1:colcon.colcon_core.environment:create_file_with_runtime_dependencies(/home/user/vision_ws/install/zed_wrapper/share/colcon-core/packages/zed_wrapper)
[5.253s] Level 1:colcon.colcon_core.environment:create_environment_scripts_only(zed_wrapper)
[5.254s] Level 1:colcon.colcon_core.environment:checking '/home/user/vision_ws/install/zed_wrapper' for CMake module files
[5.255s] Level 1:colcon.colcon_core.environment:checking '/home/user/vision_ws/install/zed_wrapper' for CMake config files
[5.255s] Level 1:colcon.colcon_core.shell:create_environment_hook('zed_wrapper', 'cmake_prefix_path')
[5.256s] INFO:colcon.colcon_core.shell:Creating environment hook '/home/user/vision_ws/install/zed_wrapper/share/zed_wrapper/hook/cmake_prefix_path.ps1'
[5.322s] INFO:colcon.colcon_core.shell:Creating environment descriptor '/home/user/vision_ws/install/zed_wrapper/share/zed_wrapper/hook/cmake_prefix_path.dsv'
[5.323s] INFO:colcon.colcon_core.shell:Creating environment hook '/home/user/vision_ws/install/zed_wrapper/share/zed_wrapper/hook/cmake_prefix_path.sh'
[5.324s] Level 1:colcon.colcon_core.environment:checking '/home/user/vision_ws/install/zed_wrapper/bin'
[5.324s] Level 1:colcon.colcon_core.environment:checking '/home/user/vision_ws/install/zed_wrapper/lib/pkgconfig/zed_wrapper.pc'
[5.325s] Level 1:colcon.colcon_core.environment:checking '/home/user/vision_ws/install/zed_wrapper/lib/python3.10/site-packages'
[5.325s] Level 1:colcon.colcon_core.environment:checking '/home/user/vision_ws/install/zed_wrapper/bin'
[5.326s] INFO:colcon.colcon_core.shell:Creating package script '/home/user/vision_ws/install/zed_wrapper/share/zed_wrapper/package.ps1'
[5.327s] INFO:colcon.colcon_core.shell:Creating package descriptor '/home/user/vision_ws/install/zed_wrapper/share/zed_wrapper/package.dsv'
[5.328s] INFO:colcon.colcon_core.shell:Creating package script '/home/user/vision_ws/install/zed_wrapper/share/zed_wrapper/package.sh'
[5.329s] INFO:colcon.colcon_core.shell:Creating package script '/home/user/vision_ws/install/zed_wrapper/share/zed_wrapper/package.bash'
[5.330s] INFO:colcon.colcon_core.shell:Creating package script '/home/user/vision_ws/install/zed_wrapper/share/zed_wrapper/package.zsh'
[5.331s] Level 1:colcon.colcon_core.environment:create_file_with_runtime_dependencies(/home/user/vision_ws/install/zed_wrapper/share/colcon-core/packages/zed_wrapper)
[5.332s] INFO:colcon.colcon_ros.task.ament_cmake.build:Building ROS package in '/home/user/vision_ws/src/zed-ros2-examples/tutorials/zed_multi_camera' with build type 'ament_cmake'
[5.332s] INFO:colcon.colcon_cmake.task.cmake.build:Building CMake package in '/home/user/vision_ws/src/zed-ros2-examples/tutorials/zed_multi_camera'
[5.333s] INFO:colcon.colcon_core.shell:Skip shell extension 'powershell' for command environment: Not usable outside of PowerShell
[5.333s] DEBUG:colcon.colcon_core.shell:Skip shell extension 'dsv' for command environment
[5.349s] INFO:colcon.colcon_ros.task.ament_cmake.build:Building ROS package in '/home/user/vision_ws/src/zed-ros2-examples/examples/zed_depth_to_laserscan' with build type 'ament_cmake'
[5.349s] INFO:colcon.colcon_cmake.task.cmake.build:Building CMake package in '/home/user/vision_ws/src/zed-ros2-examples/examples/zed_depth_to_laserscan'
[5.350s] INFO:colcon.colcon_core.shell:Skip shell extension 'powershell' for command environment: Not usable outside of PowerShell
[5.350s] DEBUG:colcon.colcon_core.shell:Skip shell extension 'dsv' for command environment
[5.365s] INFO:colcon.colcon_ros.task.ament_cmake.build:Building ROS package in '/home/user/vision_ws/src/zed-ros2-examples/zed_display_rviz2' with build type 'ament_cmake'
[5.365s] INFO:colcon.colcon_cmake.task.cmake.build:Building CMake package in '/home/user/vision_ws/src/zed-ros2-examples/zed_display_rviz2'
[5.366s] INFO:colcon.colcon_core.shell:Skip shell extension 'powershell' for command environment: Not usable outside of PowerShell
[5.366s] DEBUG:colcon.colcon_core.shell:Skip shell extension 'dsv' for command environment
[5.380s] INFO:colcon.colcon_ros.task.ament_cmake.build:Building ROS package in '/home/user/vision_ws/src/zed-ros2-examples/tutorials/zed_robot_integration' with build type 'ament_cmake'
[5.381s] INFO:colcon.colcon_cmake.task.cmake.build:Building CMake package in '/home/user/vision_ws/src/zed-ros2-examples/tutorials/zed_robot_integration'
[5.381s] INFO:colcon.colcon_core.shell:Skip shell extension 'powershell' for command environment: Not usable outside of PowerShell
[5.381s] DEBUG:colcon.colcon_core.shell:Skip shell extension 'dsv' for command environment
[5.395s] INFO:colcon.colcon_ros.task.ament_cmake.build:Building ROS package in '/home/user/vision_ws/src/zed-ros2-wrapper/zed_ros2' with build type 'ament_cmake'
[5.396s] INFO:colcon.colcon_cmake.task.cmake.build:Building CMake package in '/home/user/vision_ws/src/zed-ros2-wrapper/zed_ros2'
[5.396s] INFO:colcon.colcon_core.shell:Skip shell extension 'powershell' for command environment: Not usable outside of PowerShell
[5.397s] DEBUG:colcon.colcon_core.shell:Skip shell extension 'dsv' for command environment
[5.418s] DEBUG:colcon.colcon_core.event_handler.log_command:Invoking command in '/home/user/vision_ws/build/zed_multi_camera': CMAKE_PREFIX_PATH=/home/user/vision_ws/install/zed_wrapper:/home/user/vision_ws/install/zed_components:/home/user/autorover_ws/install/zed_ros2:/home/user/autorover_ws/install/zed_wrapper:/home/user/autorover_ws/install/zed_components:/home/user/autorover_ws/install/robot_localization:/home/user/autorover_ws/install/mavros_extras:/home/user/autorover_ws/install/mavros:/home/user/autorover_ws/install/mavros_msgs:/home/user/autorover_ws/install/libmavconn:/home/user/vision_ws/install/zed_ros2:/home/user/vision_ws/install/zed_robot_integration:/home/user/vision_ws/install/zed_ipc:/home/user/vision_ws/install/zed_multi_camera:/home/user/vision_ws/install/zed_display_rviz2:/home/user/vision_ws/install/zed_depth_to_laserscan:/home/user/vision_ws/install/zed_tutorial_video:/home/user/vision_ws/install/zed_tutorial_pos_tracking:/home/user/vision_ws/install/zed_tutorial_depth:/home/user/vision_ws/install/zed_topic_benchmark:/home/user/vision_ws/install/zed_topic_benchmark_component:/home/user/vision_ws/install/zed_topic_benchmark_interfaces:/home/user/vision_ws/install/zed_rgb_convert:/home/user/vision_ws/install/zed_aruco_localization:/home/user/vision_ws/install/rviz_plugin_zed_od:/home/user/autorover_ws/install/teleop_twist_keyboard:/home/user/autorover_ws/install/autorover_bringup:/opt/ros/humble LD_LIBRARY_PATH=/home/user/vision_ws/install/zed_components/lib:/home/user/autorover_ws/install/zed_components/lib:/home/user/autorover_ws/install/robot_localization/lib:/home/user/autorover_ws/install/mavros_extras/lib:/home/user/autorover_ws/install/mavros/lib:/home/user/autorover_ws/install/mavros_msgs/lib:/home/user/autorover_ws/install/libmavconn/lib:/home/user/vision_ws/install/zed_ipc/lib:/home/user/vision_ws/install/zed_topic_benchmark_component/lib:/home/user/vision_ws/install/zed_topic_benchmark_interfaces/lib:/home/user/vision_ws/install/zed_rgb_convert/lib:/home/user/vision_ws/install/zed_aruco_localization/lib:/home/user/vision_ws/install/rviz_plugin_zed_od/lib:/opt/ros/humble/opt/rviz_ogre_vendor/lib:/opt/ros/humble/lib/aarch64-linux-gnu:/opt/ros/humble/lib /usr/bin/cmake /home/user/vision_ws/src/zed-ros2-examples/tutorials/zed_multi_camera -DCMAKE_BUILD_TYPE=Release -DAMENT_CMAKE_SYMLINK_INSTALL=1 -DCMAKE_INSTALL_PREFIX=/home/user/vision_ws/install/zed_multi_camera
[5.426s] DEBUG:colcon.colcon_core.event_handler.log_command:Invoking command in '/home/user/vision_ws/build/zed_depth_to_laserscan': CMAKE_PREFIX_PATH=/home/user/vision_ws/install/zed_wrapper:/home/user/vision_ws/install/zed_components:/home/user/autorover_ws/install/zed_ros2:/home/user/autorover_ws/install/zed_wrapper:/home/user/autorover_ws/install/zed_components:/home/user/autorover_ws/install/robot_localization:/home/user/autorover_ws/install/mavros_extras:/home/user/autorover_ws/install/mavros:/home/user/autorover_ws/install/mavros_msgs:/home/user/autorover_ws/install/libmavconn:/home/user/vision_ws/install/zed_ros2:/home/user/vision_ws/install/zed_robot_integration:/home/user/vision_ws/install/zed_ipc:/home/user/vision_ws/install/zed_multi_camera:/home/user/vision_ws/install/zed_display_rviz2:/home/user/vision_ws/install/zed_depth_to_laserscan:/home/user/vision_ws/install/zed_tutorial_video:/home/user/vision_ws/install/zed_tutorial_pos_tracking:/home/user/vision_ws/install/zed_tutorial_depth:/home/user/vision_ws/install/zed_topic_benchmark:/home/user/vision_ws/install/zed_topic_benchmark_component:/home/user/vision_ws/install/zed_topic_benchmark_interfaces:/home/user/vision_ws/install/zed_rgb_convert:/home/user/vision_ws/install/zed_aruco_localization:/home/user/vision_ws/install/rviz_plugin_zed_od:/home/user/autorover_ws/install/teleop_twist_keyboard:/home/user/autorover_ws/install/autorover_bringup:/opt/ros/humble LD_LIBRARY_PATH=/home/user/vision_ws/install/zed_components/lib:/home/user/autorover_ws/install/zed_components/lib:/home/user/autorover_ws/install/robot_localization/lib:/home/user/autorover_ws/install/mavros_extras/lib:/home/user/autorover_ws/install/mavros/lib:/home/user/autorover_ws/install/mavros_msgs/lib:/home/user/autorover_ws/install/libmavconn/lib:/home/user/vision_ws/install/zed_ipc/lib:/home/user/vision_ws/install/zed_topic_benchmark_component/lib:/home/user/vision_ws/install/zed_topic_benchmark_interfaces/lib:/home/user/vision_ws/install/zed_rgb_convert/lib:/home/user/vision_ws/install/zed_aruco_localization/lib:/home/user/vision_ws/install/rviz_plugin_zed_od/lib:/opt/ros/humble/opt/rviz_ogre_vendor/lib:/opt/ros/humble/lib/aarch64-linux-gnu:/opt/ros/humble/lib /usr/bin/cmake /home/user/vision_ws/src/zed-ros2-examples/examples/zed_depth_to_laserscan -DCMAKE_BUILD_TYPE=Release -DAMENT_CMAKE_SYMLINK_INSTALL=1 -DCMAKE_INSTALL_PREFIX=/home/user/vision_ws/install/zed_depth_to_laserscan
[5.431s] DEBUG:colcon.colcon_core.event_handler.log_command:Invoking command in '/home/user/vision_ws/build/zed_display_rviz2': CMAKE_PREFIX_PATH=/home/user/vision_ws/install/zed_wrapper:/home/user/vision_ws/install/zed_components:/home/user/autorover_ws/install/zed_ros2:/home/user/autorover_ws/install/zed_wrapper:/home/user/autorover_ws/install/zed_components:/home/user/autorover_ws/install/robot_localization:/home/user/autorover_ws/install/mavros_extras:/home/user/autorover_ws/install/mavros:/home/user/autorover_ws/install/mavros_msgs:/home/user/autorover_ws/install/libmavconn:/home/user/vision_ws/install/zed_ros2:/home/user/vision_ws/install/zed_robot_integration:/home/user/vision_ws/install/zed_ipc:/home/user/vision_ws/install/zed_multi_camera:/home/user/vision_ws/install/zed_display_rviz2:/home/user/vision_ws/install/zed_depth_to_laserscan:/home/user/vision_ws/install/zed_tutorial_video:/home/user/vision_ws/install/zed_tutorial_pos_tracking:/home/user/vision_ws/install/zed_tutorial_depth:/home/user/vision_ws/install/zed_topic_benchmark:/home/user/vision_ws/install/zed_topic_benchmark_component:/home/user/vision_ws/install/zed_topic_benchmark_interfaces:/home/user/vision_ws/install/zed_rgb_convert:/home/user/vision_ws/install/zed_aruco_localization:/home/user/vision_ws/install/rviz_plugin_zed_od:/home/user/autorover_ws/install/teleop_twist_keyboard:/home/user/autorover_ws/install/autorover_bringup:/opt/ros/humble LD_LIBRARY_PATH=/home/user/vision_ws/install/zed_components/lib:/home/user/autorover_ws/install/zed_components/lib:/home/user/autorover_ws/install/robot_localization/lib:/home/user/autorover_ws/install/mavros_extras/lib:/home/user/autorover_ws/install/mavros/lib:/home/user/autorover_ws/install/mavros_msgs/lib:/home/user/autorover_ws/install/libmavconn/lib:/home/user/vision_ws/install/zed_ipc/lib:/home/user/vision_ws/install/zed_topic_benchmark_component/lib:/home/user/vision_ws/install/zed_topic_benchmark_interfaces/lib:/home/user/vision_ws/install/zed_rgb_convert/lib:/home/user/vision_ws/install/zed_aruco_localization/lib:/home/user/vision_ws/install/rviz_plugin_zed_od/lib:/opt/ros/humble/opt/rviz_ogre_vendor/lib:/opt/ros/humble/lib/aarch64-linux-gnu:/opt/ros/humble/lib /usr/bin/cmake /home/user/vision_ws/src/zed-ros2-examples/zed_display_rviz2 -DCMAKE_BUILD_TYPE=Release -DAMENT_CMAKE_SYMLINK_INSTALL=1 -DCMAKE_INSTALL_PREFIX=/home/user/vision_ws/install/zed_display_rviz2
[5.436s] DEBUG:colcon.colcon_core.event_handler.log_command:Invoking command in '/home/user/vision_ws/build/zed_robot_integration': CMAKE_PREFIX_PATH=/home/user/vision_ws/install/zed_wrapper:/home/user/vision_ws/install/zed_components:/home/user/autorover_ws/install/zed_ros2:/home/user/autorover_ws/install/zed_wrapper:/home/user/autorover_ws/install/zed_components:/home/user/autorover_ws/install/robot_localization:/home/user/autorover_ws/install/mavros_extras:/home/user/autorover_ws/install/mavros:/home/user/autorover_ws/install/mavros_msgs:/home/user/autorover_ws/install/libmavconn:/home/user/vision_ws/install/zed_ros2:/home/user/vision_ws/install/zed_robot_integration:/home/user/vision_ws/install/zed_ipc:/home/user/vision_ws/install/zed_multi_camera:/home/user/vision_ws/install/zed_display_rviz2:/home/user/vision_ws/install/zed_depth_to_laserscan:/home/user/vision_ws/install/zed_tutorial_video:/home/user/vision_ws/install/zed_tutorial_pos_tracking:/home/user/vision_ws/install/zed_tutorial_depth:/home/user/vision_ws/install/zed_topic_benchmark:/home/user/vision_ws/install/zed_topic_benchmark_component:/home/user/vision_ws/install/zed_topic_benchmark_interfaces:/home/user/vision_ws/install/zed_rgb_convert:/home/user/vision_ws/install/zed_aruco_localization:/home/user/vision_ws/install/rviz_plugin_zed_od:/home/user/autorover_ws/install/teleop_twist_keyboard:/home/user/autorover_ws/install/autorover_bringup:/opt/ros/humble LD_LIBRARY_PATH=/home/user/vision_ws/install/zed_components/lib:/home/user/autorover_ws/install/zed_components/lib:/home/user/autorover_ws/install/robot_localization/lib:/home/user/autorover_ws/install/mavros_extras/lib:/home/user/autorover_ws/install/mavros/lib:/home/user/autorover_ws/install/mavros_msgs/lib:/home/user/autorover_ws/install/libmavconn/lib:/home/user/vision_ws/install/zed_ipc/lib:/home/user/vision_ws/install/zed_topic_benchmark_component/lib:/home/user/vision_ws/install/zed_topic_benchmark_interfaces/lib:/home/user/vision_ws/install/zed_rgb_convert/lib:/home/user/vision_ws/install/zed_aruco_localization/lib:/home/user/vision_ws/install/rviz_plugin_zed_od/lib:/opt/ros/humble/opt/rviz_ogre_vendor/lib:/opt/ros/humble/lib/aarch64-linux-gnu:/opt/ros/humble/lib /usr/bin/cmake /home/user/vision_ws/src/zed-ros2-examples/tutorials/zed_robot_integration -DCMAKE_BUILD_TYPE=Release -DAMENT_CMAKE_SYMLINK_INSTALL=1 -DCMAKE_INSTALL_PREFIX=/home/user/vision_ws/install/zed_robot_integration
[5.449s] DEBUG:colcon.colcon_core.event_handler.log_command:Invoking command in '/home/user/vision_ws/build/zed_ros2': CMAKE_PREFIX_PATH=/home/user/vision_ws/install/zed_wrapper:/home/user/vision_ws/install/zed_components:/home/user/autorover_ws/install/zed_ros2:/home/user/autorover_ws/install/zed_wrapper:/home/user/autorover_ws/install/zed_components:/home/user/autorover_ws/install/robot_localization:/home/user/autorover_ws/install/mavros_extras:/home/user/autorover_ws/install/mavros:/home/user/autorover_ws/install/mavros_msgs:/home/user/autorover_ws/install/libmavconn:/home/user/vision_ws/install/zed_ros2:/home/user/vision_ws/install/zed_robot_integration:/home/user/vision_ws/install/zed_ipc:/home/user/vision_ws/install/zed_multi_camera:/home/user/vision_ws/install/zed_display_rviz2:/home/user/vision_ws/install/zed_depth_to_laserscan:/home/user/vision_ws/install/zed_tutorial_video:/home/user/vision_ws/install/zed_tutorial_pos_tracking:/home/user/vision_ws/install/zed_tutorial_depth:/home/user/vision_ws/install/zed_topic_benchmark:/home/user/vision_ws/install/zed_topic_benchmark_component:/home/user/vision_ws/install/zed_topic_benchmark_interfaces:/home/user/vision_ws/install/zed_rgb_convert:/home/user/vision_ws/install/zed_aruco_localization:/home/user/vision_ws/install/rviz_plugin_zed_od:/home/user/autorover_ws/install/teleop_twist_keyboard:/home/user/autorover_ws/install/autorover_bringup:/opt/ros/humble LD_LIBRARY_PATH=/home/user/vision_ws/install/zed_components/lib:/home/user/autorover_ws/install/zed_components/lib:/home/user/autorover_ws/install/robot_localization/lib:/home/user/autorover_ws/install/mavros_extras/lib:/home/user/autorover_ws/install/mavros/lib:/home/user/autorover_ws/install/mavros_msgs/lib:/home/user/autorover_ws/install/libmavconn/lib:/home/user/vision_ws/install/zed_ipc/lib:/home/user/vision_ws/install/zed_topic_benchmark_component/lib:/home/user/vision_ws/install/zed_topic_benchmark_interfaces/lib:/home/user/vision_ws/install/zed_rgb_convert/lib:/home/user/vision_ws/install/zed_aruco_localization/lib:/home/user/vision_ws/install/rviz_plugin_zed_od/lib:/opt/ros/humble/opt/rviz_ogre_vendor/lib:/opt/ros/humble/lib/aarch64-linux-gnu:/opt/ros/humble/lib /usr/bin/cmake /home/user/vision_ws/src/zed-ros2-wrapper/zed_ros2 -DCMAKE_BUILD_TYPE=Release -DAMENT_CMAKE_SYMLINK_INSTALL=1 -DCMAKE_INSTALL_PREFIX=/home/user/vision_ws/install/zed_ros2
[5.455s] DEBUG:colcon.colcon_core.event_handler.log_command:Invoked command in '/home/user/vision_ws/build/zed_aruco_localization' returned '0': CMAKE_PREFIX_PATH=/home/user/vision_ws/install/zed_components:/home/user/autorover_ws/install/zed_ros2:/home/user/autorover_ws/install/zed_wrapper:/home/user/autorover_ws/install/zed_components:/home/user/autorover_ws/install/robot_localization:/home/user/autorover_ws/install/mavros_extras:/home/user/autorover_ws/install/mavros:/home/user/autorover_ws/install/mavros_msgs:/home/user/autorover_ws/install/libmavconn:/home/user/vision_ws/install/zed_ros2:/home/user/vision_ws/install/zed_robot_integration:/home/user/vision_ws/install/zed_ipc:/home/user/vision_ws/install/zed_multi_camera:/home/user/vision_ws/install/zed_display_rviz2:/home/user/vision_ws/install/zed_depth_to_laserscan:/home/user/vision_ws/install/zed_wrapper:/home/user/vision_ws/install/zed_tutorial_video:/home/user/vision_ws/install/zed_tutorial_pos_tracking:/home/user/vision_ws/install/zed_tutorial_depth:/home/user/vision_ws/install/zed_topic_benchmark:/home/user/vision_ws/install/zed_topic_benchmark_component:/home/user/vision_ws/install/zed_topic_benchmark_interfaces:/home/user/vision_ws/install/zed_rgb_convert:/home/user/vision_ws/install/zed_aruco_localization:/home/user/vision_ws/install/rviz_plugin_zed_od:/home/user/autorover_ws/install/teleop_twist_keyboard:/home/user/autorover_ws/install/autorover_bringup:/opt/ros/humble LD_LIBRARY_PATH=/home/user/vision_ws/install/zed_components/lib:/home/user/autorover_ws/install/zed_components/lib:/home/user/autorover_ws/install/robot_localization/lib:/home/user/autorover_ws/install/mavros_extras/lib:/home/user/autorover_ws/install/mavros/lib:/home/user/autorover_ws/install/mavros_msgs/lib:/home/user/autorover_ws/install/libmavconn/lib:/home/user/vision_ws/install/zed_ipc/lib:/home/user/vision_ws/install/zed_topic_benchmark_component/lib:/home/user/vision_ws/install/zed_topic_benchmark_interfaces/lib:/home/user/vision_ws/install/zed_rgb_convert/lib:/home/user/vision_ws/install/zed_aruco_localization/lib:/home/user/vision_ws/install/rviz_plugin_zed_od/lib:/opt/ros/humble/opt/rviz_ogre_vendor/lib:/opt/ros/humble/lib/aarch64-linux-gnu:/opt/ros/humble/lib /usr/bin/cmake /home/user/vision_ws/src/zed-ros2-examples/examples/zed_aruco_localization -DCMAKE_BUILD_TYPE=Release -DAMENT_CMAKE_SYMLINK_INSTALL=1 -DCMAKE_INSTALL_PREFIX=/home/user/vision_ws/install/zed_aruco_localization
[5.456s] DEBUG:colcon.colcon_core.event_handler.log_command:Invoking command in '/home/user/vision_ws/build/zed_aruco_localization': CMAKE_PREFIX_PATH=/home/user/vision_ws/install/zed_components:/home/user/autorover_ws/install/zed_ros2:/home/user/autorover_ws/install/zed_wrapper:/home/user/autorover_ws/install/zed_components:/home/user/autorover_ws/install/robot_localization:/home/user/autorover_ws/install/mavros_extras:/home/user/autorover_ws/install/mavros:/home/user/autorover_ws/install/mavros_msgs:/home/user/autorover_ws/install/libmavconn:/home/user/vision_ws/install/zed_ros2:/home/user/vision_ws/install/zed_robot_integration:/home/user/vision_ws/install/zed_ipc:/home/user/vision_ws/install/zed_multi_camera:/home/user/vision_ws/install/zed_display_rviz2:/home/user/vision_ws/install/zed_depth_to_laserscan:/home/user/vision_ws/install/zed_wrapper:/home/user/vision_ws/install/zed_tutorial_video:/home/user/vision_ws/install/zed_tutorial_pos_tracking:/home/user/vision_ws/install/zed_tutorial_depth:/home/user/vision_ws/install/zed_topic_benchmark:/home/user/vision_ws/install/zed_topic_benchmark_component:/home/user/vision_ws/install/zed_topic_benchmark_interfaces:/home/user/vision_ws/install/zed_rgb_convert:/home/user/vision_ws/install/zed_aruco_localization:/home/user/vision_ws/install/rviz_plugin_zed_od:/home/user/autorover_ws/install/teleop_twist_keyboard:/home/user/autorover_ws/install/autorover_bringup:/opt/ros/humble LD_LIBRARY_PATH=/home/user/vision_ws/install/zed_components/lib:/home/user/autorover_ws/install/zed_components/lib:/home/user/autorover_ws/install/robot_localization/lib:/home/user/autorover_ws/install/mavros_extras/lib:/home/user/autorover_ws/install/mavros/lib:/home/user/autorover_ws/install/mavros_msgs/lib:/home/user/autorover_ws/install/libmavconn/lib:/home/user/vision_ws/install/zed_ipc/lib:/home/user/vision_ws/install/zed_topic_benchmark_component/lib:/home/user/vision_ws/install/zed_topic_benchmark_interfaces/lib:/home/user/vision_ws/install/zed_rgb_convert/lib:/home/user/vision_ws/install/zed_aruco_localization/lib:/home/user/vision_ws/install/rviz_plugin_zed_od/lib:/opt/ros/humble/opt/rviz_ogre_vendor/lib:/opt/ros/humble/lib/aarch64-linux-gnu:/opt/ros/humble/lib /usr/bin/cmake --build /home/user/vision_ws/build/zed_aruco_localization -- -j8 -l8
[5.537s] DEBUG:colcon.colcon_core.event_handler.log_command:Invoked command in '/home/user/vision_ws/build/zed_rgb_convert' returned '0': CMAKE_PREFIX_PATH=/home/user/vision_ws/install/zed_components:/home/user/autorover_ws/install/zed_ros2:/home/user/autorover_ws/install/zed_wrapper:/home/user/autorover_ws/install/zed_components:/home/user/autorover_ws/install/robot_localization:/home/user/autorover_ws/install/mavros_extras:/home/user/autorover_ws/install/mavros:/home/user/autorover_ws/install/mavros_msgs:/home/user/autorover_ws/install/libmavconn:/home/user/vision_ws/install/zed_ros2:/home/user/vision_ws/install/zed_robot_integration:/home/user/vision_ws/install/zed_ipc:/home/user/vision_ws/install/zed_multi_camera:/home/user/vision_ws/install/zed_display_rviz2:/home/user/vision_ws/install/zed_depth_to_laserscan:/home/user/vision_ws/install/zed_wrapper:/home/user/vision_ws/install/zed_tutorial_video:/home/user/vision_ws/install/zed_tutorial_pos_tracking:/home/user/vision_ws/install/zed_tutorial_depth:/home/user/vision_ws/install/zed_topic_benchmark:/home/user/vision_ws/install/zed_topic_benchmark_component:/home/user/vision_ws/install/zed_topic_benchmark_interfaces:/home/user/vision_ws/install/zed_rgb_convert:/home/user/vision_ws/install/zed_aruco_localization:/home/user/vision_ws/install/rviz_plugin_zed_od:/home/user/autorover_ws/install/teleop_twist_keyboard:/home/user/autorover_ws/install/autorover_bringup:/opt/ros/humble LD_LIBRARY_PATH=/home/user/vision_ws/install/zed_components/lib:/home/user/autorover_ws/install/zed_components/lib:/home/user/autorover_ws/install/robot_localization/lib:/home/user/autorover_ws/install/mavros_extras/lib:/home/user/autorover_ws/install/mavros/lib:/home/user/autorover_ws/install/mavros_msgs/lib:/home/user/autorover_ws/install/libmavconn/lib:/home/user/vision_ws/install/zed_ipc/lib:/home/user/vision_ws/install/zed_topic_benchmark_component/lib:/home/user/vision_ws/install/zed_topic_benchmark_interfaces/lib:/home/user/vision_ws/install/zed_rgb_convert/lib:/home/user/vision_ws/install/zed_aruco_localization/lib:/home/user/vision_ws/install/rviz_plugin_zed_od/lib:/opt/ros/humble/opt/rviz_ogre_vendor/lib:/opt/ros/humble/lib/aarch64-linux-gnu:/opt/ros/humble/lib /usr/bin/cmake /home/user/vision_ws/src/zed-ros2-examples/tutorials/zed_rgb_convert -DCMAKE_BUILD_TYPE=Release -DAMENT_CMAKE_SYMLINK_INSTALL=1 -DCMAKE_INSTALL_PREFIX=/home/user/vision_ws/install/zed_rgb_convert
[5.538s] DEBUG:colcon.colcon_core.event_handler.log_command:Invoking command in '/home/user/vision_ws/build/zed_rgb_convert': CMAKE_PREFIX_PATH=/home/user/vision_ws/install/zed_components:/home/user/autorover_ws/install/zed_ros2:/home/user/autorover_ws/install/zed_wrapper:/home/user/autorover_ws/install/zed_components:/home/user/autorover_ws/install/robot_localization:/home/user/autorover_ws/install/mavros_extras:/home/user/autorover_ws/install/mavros:/home/user/autorover_ws/install/mavros_msgs:/home/user/autorover_ws/install/libmavconn:/home/user/vision_ws/install/zed_ros2:/home/user/vision_ws/install/zed_robot_integration:/home/user/vision_ws/install/zed_ipc:/home/user/vision_ws/install/zed_multi_camera:/home/user/vision_ws/install/zed_display_rviz2:/home/user/vision_ws/install/zed_depth_to_laserscan:/home/user/vision_ws/install/zed_wrapper:/home/user/vision_ws/install/zed_tutorial_video:/home/user/vision_ws/install/zed_tutorial_pos_tracking:/home/user/vision_ws/install/zed_tutorial_depth:/home/user/vision_ws/install/zed_topic_benchmark:/home/user/vision_ws/install/zed_topic_benchmark_component:/home/user/vision_ws/install/zed_topic_benchmark_interfaces:/home/user/vision_ws/install/zed_rgb_convert:/home/user/vision_ws/install/zed_aruco_localization:/home/user/vision_ws/install/rviz_plugin_zed_od:/home/user/autorover_ws/install/teleop_twist_keyboard:/home/user/autorover_ws/install/autorover_bringup:/opt/ros/humble LD_LIBRARY_PATH=/home/user/vision_ws/install/zed_components/lib:/home/user/autorover_ws/install/zed_components/lib:/home/user/autorover_ws/install/robot_localization/lib:/home/user/autorover_ws/install/mavros_extras/lib:/home/user/autorover_ws/install/mavros/lib:/home/user/autorover_ws/install/mavros_msgs/lib:/home/user/autorover_ws/install/libmavconn/lib:/home/user/vision_ws/install/zed_ipc/lib:/home/user/vision_ws/install/zed_topic_benchmark_component/lib:/home/user/vision_ws/install/zed_topic_benchmark_interfaces/lib:/home/user/vision_ws/install/zed_rgb_convert/lib:/home/user/vision_ws/install/zed_aruco_localization/lib:/home/user/vision_ws/install/rviz_plugin_zed_od/lib:/opt/ros/humble/opt/rviz_ogre_vendor/lib:/opt/ros/humble/lib/aarch64-linux-gnu:/opt/ros/humble/lib /usr/bin/cmake --build /home/user/vision_ws/build/zed_rgb_convert -- -j8 -l8
[5.906s] DEBUG:colcon.colcon_core.event_handler.log_command:Invoked command in '/home/user/vision_ws/build/zed_aruco_localization' returned '0': CMAKE_PREFIX_PATH=/home/user/vision_ws/install/zed_components:/home/user/autorover_ws/install/zed_ros2:/home/user/autorover_ws/install/zed_wrapper:/home/user/autorover_ws/install/zed_components:/home/user/autorover_ws/install/robot_localization:/home/user/autorover_ws/install/mavros_extras:/home/user/autorover_ws/install/mavros:/home/user/autorover_ws/install/mavros_msgs:/home/user/autorover_ws/install/libmavconn:/home/user/vision_ws/install/zed_ros2:/home/user/vision_ws/install/zed_robot_integration:/home/user/vision_ws/install/zed_ipc:/home/user/vision_ws/install/zed_multi_camera:/home/user/vision_ws/install/zed_display_rviz2:/home/user/vision_ws/install/zed_depth_to_laserscan:/home/user/vision_ws/install/zed_wrapper:/home/user/vision_ws/install/zed_tutorial_video:/home/user/vision_ws/install/zed_tutorial_pos_tracking:/home/user/vision_ws/install/zed_tutorial_depth:/home/user/vision_ws/install/zed_topic_benchmark:/home/user/vision_ws/install/zed_topic_benchmark_component:/home/user/vision_ws/install/zed_topic_benchmark_interfaces:/home/user/vision_ws/install/zed_rgb_convert:/home/user/vision_ws/install/zed_aruco_localization:/home/user/vision_ws/install/rviz_plugin_zed_od:/home/user/autorover_ws/install/teleop_twist_keyboard:/home/user/autorover_ws/install/autorover_bringup:/opt/ros/humble LD_LIBRARY_PATH=/home/user/vision_ws/install/zed_components/lib:/home/user/autorover_ws/install/zed_components/lib:/home/user/autorover_ws/install/robot_localization/lib:/home/user/autorover_ws/install/mavros_extras/lib:/home/user/autorover_ws/install/mavros/lib:/home/user/autorover_ws/install/mavros_msgs/lib:/home/user/autorover_ws/install/libmavconn/lib:/home/user/vision_ws/install/zed_ipc/lib:/home/user/vision_ws/install/zed_topic_benchmark_component/lib:/home/user/vision_ws/install/zed_topic_benchmark_interfaces/lib:/home/user/vision_ws/install/zed_rgb_convert/lib:/home/user/vision_ws/install/zed_aruco_localization/lib:/home/user/vision_ws/install/rviz_plugin_zed_od/lib:/opt/ros/humble/opt/rviz_ogre_vendor/lib:/opt/ros/humble/lib/aarch64-linux-gnu:/opt/ros/humble/lib /usr/bin/cmake --build /home/user/vision_ws/build/zed_aruco_localization -- -j8 -l8
[5.907s] DEBUG:colcon.colcon_core.event_handler.log_command:Invoking command in '/home/user/vision_ws/build/zed_aruco_localization': CMAKE_PREFIX_PATH=/home/user/vision_ws/install/zed_components:/home/user/autorover_ws/install/zed_ros2:/home/user/autorover_ws/install/zed_wrapper:/home/user/autorover_ws/install/zed_components:/home/user/autorover_ws/install/robot_localization:/home/user/autorover_ws/install/mavros_extras:/home/user/autorover_ws/install/mavros:/home/user/autorover_ws/install/mavros_msgs:/home/user/autorover_ws/install/libmavconn:/home/user/vision_ws/install/zed_ros2:/home/user/vision_ws/install/zed_robot_integration:/home/user/vision_ws/install/zed_ipc:/home/user/vision_ws/install/zed_multi_camera:/home/user/vision_ws/install/zed_display_rviz2:/home/user/vision_ws/install/zed_depth_to_laserscan:/home/user/vision_ws/install/zed_wrapper:/home/user/vision_ws/install/zed_tutorial_video:/home/user/vision_ws/install/zed_tutorial_pos_tracking:/home/user/vision_ws/install/zed_tutorial_depth:/home/user/vision_ws/install/zed_topic_benchmark:/home/user/vision_ws/install/zed_topic_benchmark_component:/home/user/vision_ws/install/zed_topic_benchmark_interfaces:/home/user/vision_ws/install/zed_rgb_convert:/home/user/vision_ws/install/zed_aruco_localization:/home/user/vision_ws/install/rviz_plugin_zed_od:/home/user/autorover_ws/install/teleop_twist_keyboard:/home/user/autorover_ws/install/autorover_bringup:/opt/ros/humble LD_LIBRARY_PATH=/home/user/vision_ws/install/zed_components/lib:/home/user/autorover_ws/install/zed_components/lib:/home/user/autorover_ws/install/robot_localization/lib:/home/user/autorover_ws/install/mavros_extras/lib:/home/user/autorover_ws/install/mavros/lib:/home/user/autorover_ws/install/mavros_msgs/lib:/home/user/autorover_ws/install/libmavconn/lib:/home/user/vision_ws/install/zed_ipc/lib:/home/user/vision_ws/install/zed_topic_benchmark_component/lib:/home/user/vision_ws/install/zed_topic_benchmark_interfaces/lib:/home/user/vision_ws/install/zed_rgb_convert/lib:/home/user/vision_ws/install/zed_aruco_localization/lib:/home/user/vision_ws/install/rviz_plugin_zed_od/lib:/opt/ros/humble/opt/rviz_ogre_vendor/lib:/opt/ros/humble/lib/aarch64-linux-gnu:/opt/ros/humble/lib /usr/bin/cmake --install /home/user/vision_ws/build/zed_aruco_localization
[5.912s] DEBUG:colcon.colcon_core.event_handler.log_command:Invoked command in '/home/user/vision_ws/build/zed_topic_benchmark_component' returned '0': CMAKE_PREFIX_PATH=/home/user/vision_ws/install/zed_topic_benchmark_interfaces:/home/user/autorover_ws/install/zed_ros2:/home/user/autorover_ws/install/zed_wrapper:/home/user/autorover_ws/install/zed_components:/home/user/autorover_ws/install/robot_localization:/home/user/autorover_ws/install/mavros_extras:/home/user/autorover_ws/install/mavros:/home/user/autorover_ws/install/mavros_msgs:/home/user/autorover_ws/install/libmavconn:/home/user/vision_ws/install/zed_ros2:/home/user/vision_ws/install/zed_robot_integration:/home/user/vision_ws/install/zed_ipc:/home/user/vision_ws/install/zed_multi_camera:/home/user/vision_ws/install/zed_display_rviz2:/home/user/vision_ws/install/zed_depth_to_laserscan:/home/user/vision_ws/install/zed_wrapper:/home/user/vision_ws/install/zed_tutorial_video:/home/user/vision_ws/install/zed_tutorial_pos_tracking:/home/user/vision_ws/install/zed_tutorial_depth:/home/user/vision_ws/install/zed_topic_benchmark:/home/user/vision_ws/install/zed_topic_benchmark_component:/home/user/vision_ws/install/zed_rgb_convert:/home/user/vision_ws/install/zed_aruco_localization:/home/user/vision_ws/install/zed_components:/home/user/vision_ws/install/rviz_plugin_zed_od:/home/user/autorover_ws/install/teleop_twist_keyboard:/home/user/autorover_ws/install/autorover_bringup:/opt/ros/humble LD_LIBRARY_PATH=/home/user/vision_ws/install/zed_topic_benchmark_interfaces/lib:/home/user/autorover_ws/install/zed_components/lib:/home/user/autorover_ws/install/robot_localization/lib:/home/user/autorover_ws/install/mavros_extras/lib:/home/user/autorover_ws/install/mavros/lib:/home/user/autorover_ws/install/mavros_msgs/lib:/home/user/autorover_ws/install/libmavconn/lib:/home/user/vision_ws/install/zed_ipc/lib:/home/user/vision_ws/install/zed_topic_benchmark_component/lib:/home/user/vision_ws/install/zed_rgb_convert/lib:/home/user/vision_ws/install/zed_aruco_localization/lib:/home/user/vision_ws/install/zed_components/lib:/home/user/vision_ws/install/rviz_plugin_zed_od/lib:/opt/ros/humble/opt/rviz_ogre_vendor/lib:/opt/ros/humble/lib/aarch64-linux-gnu:/opt/ros/humble/lib /usr/bin/cmake /home/user/vision_ws/src/zed-ros2-examples/tools/zed_benchmark_component -DCMAKE_BUILD_TYPE=Release -DAMENT_CMAKE_SYMLINK_INSTALL=1 -DCMAKE_INSTALL_PREFIX=/home/user/vision_ws/install/zed_topic_benchmark_component
[5.915s] DEBUG:colcon.colcon_core.event_handler.log_command:Invoking command in '/home/user/vision_ws/build/zed_topic_benchmark_component': CMAKE_PREFIX_PATH=/home/user/vision_ws/install/zed_topic_benchmark_interfaces:/home/user/autorover_ws/install/zed_ros2:/home/user/autorover_ws/install/zed_wrapper:/home/user/autorover_ws/install/zed_components:/home/user/autorover_ws/install/robot_localization:/home/user/autorover_ws/install/mavros_extras:/home/user/autorover_ws/install/mavros:/home/user/autorover_ws/install/mavros_msgs:/home/user/autorover_ws/install/libmavconn:/home/user/vision_ws/install/zed_ros2:/home/user/vision_ws/install/zed_robot_integration:/home/user/vision_ws/install/zed_ipc:/home/user/vision_ws/install/zed_multi_camera:/home/user/vision_ws/install/zed_display_rviz2:/home/user/vision_ws/install/zed_depth_to_laserscan:/home/user/vision_ws/install/zed_wrapper:/home/user/vision_ws/install/zed_tutorial_video:/home/user/vision_ws/install/zed_tutorial_pos_tracking:/home/user/vision_ws/install/zed_tutorial_depth:/home/user/vision_ws/install/zed_topic_benchmark:/home/user/vision_ws/install/zed_topic_benchmark_component:/home/user/vision_ws/install/zed_rgb_convert:/home/user/vision_ws/install/zed_aruco_localization:/home/user/vision_ws/install/zed_components:/home/user/vision_ws/install/rviz_plugin_zed_od:/home/user/autorover_ws/install/teleop_twist_keyboard:/home/user/autorover_ws/install/autorover_bringup:/opt/ros/humble LD_LIBRARY_PATH=/home/user/vision_ws/install/zed_topic_benchmark_interfaces/lib:/home/user/autorover_ws/install/zed_components/lib:/home/user/autorover_ws/install/robot_localization/lib:/home/user/autorover_ws/install/mavros_extras/lib:/home/user/autorover_ws/install/mavros/lib:/home/user/autorover_ws/install/mavros_msgs/lib:/home/user/autorover_ws/install/libmavconn/lib:/home/user/vision_ws/install/zed_ipc/lib:/home/user/vision_ws/install/zed_topic_benchmark_component/lib:/home/user/vision_ws/install/zed_rgb_convert/lib:/home/user/vision_ws/install/zed_aruco_localization/lib:/home/user/vision_ws/install/zed_components/lib:/home/user/vision_ws/install/rviz_plugin_zed_od/lib:/opt/ros/humble/opt/rviz_ogre_vendor/lib:/opt/ros/humble/lib/aarch64-linux-gnu:/opt/ros/humble/lib /usr/bin/cmake --build /home/user/vision_ws/build/zed_topic_benchmark_component -- -j8 -l8
[5.916s] DEBUG:colcon.colcon_core.event_handler.log_command:Invoked command in '/home/user/vision_ws/build/zed_rgb_convert' returned '0': CMAKE_PREFIX_PATH=/home/user/vision_ws/install/zed_components:/home/user/autorover_ws/install/zed_ros2:/home/user/autorover_ws/install/zed_wrapper:/home/user/autorover_ws/install/zed_components:/home/user/autorover_ws/install/robot_localization:/home/user/autorover_ws/install/mavros_extras:/home/user/autorover_ws/install/mavros:/home/user/autorover_ws/install/mavros_msgs:/home/user/autorover_ws/install/libmavconn:/home/user/vision_ws/install/zed_ros2:/home/user/vision_ws/install/zed_robot_integration:/home/user/vision_ws/install/zed_ipc:/home/user/vision_ws/install/zed_multi_camera:/home/user/vision_ws/install/zed_display_rviz2:/home/user/vision_ws/install/zed_depth_to_laserscan:/home/user/vision_ws/install/zed_wrapper:/home/user/vision_ws/install/zed_tutorial_video:/home/user/vision_ws/install/zed_tutorial_pos_tracking:/home/user/vision_ws/install/zed_tutorial_depth:/home/user/vision_ws/install/zed_topic_benchmark:/home/user/vision_ws/install/zed_topic_benchmark_component:/home/user/vision_ws/install/zed_topic_benchmark_interfaces:/home/user/vision_ws/install/zed_rgb_convert:/home/user/vision_ws/install/zed_aruco_localization:/home/user/vision_ws/install/rviz_plugin_zed_od:/home/user/autorover_ws/install/teleop_twist_keyboard:/home/user/autorover_ws/install/autorover_bringup:/opt/ros/humble LD_LIBRARY_PATH=/home/user/vision_ws/install/zed_components/lib:/home/user/autorover_ws/install/zed_components/lib:/home/user/autorover_ws/install/robot_localization/lib:/home/user/autorover_ws/install/mavros_extras/lib:/home/user/autorover_ws/install/mavros/lib:/home/user/autorover_ws/install/mavros_msgs/lib:/home/user/autorover_ws/install/libmavconn/lib:/home/user/vision_ws/install/zed_ipc/lib:/home/user/vision_ws/install/zed_topic_benchmark_component/lib:/home/user/vision_ws/install/zed_topic_benchmark_interfaces/lib:/home/user/vision_ws/install/zed_rgb_convert/lib:/home/user/vision_ws/install/zed_aruco_localization/lib:/home/user/vision_ws/install/rviz_plugin_zed_od/lib:/opt/ros/humble/opt/rviz_ogre_vendor/lib:/opt/ros/humble/lib/aarch64-linux-gnu:/opt/ros/humble/lib /usr/bin/cmake --build /home/user/vision_ws/build/zed_rgb_convert -- -j8 -l8
[5.924s] DEBUG:colcon.colcon_core.event_handler.log_command:Invoking command in '/home/user/vision_ws/build/zed_rgb_convert': CMAKE_PREFIX_PATH=/home/user/vision_ws/install/zed_components:/home/user/autorover_ws/install/zed_ros2:/home/user/autorover_ws/install/zed_wrapper:/home/user/autorover_ws/install/zed_components:/home/user/autorover_ws/install/robot_localization:/home/user/autorover_ws/install/mavros_extras:/home/user/autorover_ws/install/mavros:/home/user/autorover_ws/install/mavros_msgs:/home/user/autorover_ws/install/libmavconn:/home/user/vision_ws/install/zed_ros2:/home/user/vision_ws/install/zed_robot_integration:/home/user/vision_ws/install/zed_ipc:/home/user/vision_ws/install/zed_multi_camera:/home/user/vision_ws/install/zed_display_rviz2:/home/user/vision_ws/install/zed_depth_to_laserscan:/home/user/vision_ws/install/zed_wrapper:/home/user/vision_ws/install/zed_tutorial_video:/home/user/vision_ws/install/zed_tutorial_pos_tracking:/home/user/vision_ws/install/zed_tutorial_depth:/home/user/vision_ws/install/zed_topic_benchmark:/home/user/vision_ws/install/zed_topic_benchmark_component:/home/user/vision_ws/install/zed_topic_benchmark_interfaces:/home/user/vision_ws/install/zed_rgb_convert:/home/user/vision_ws/install/zed_aruco_localization:/home/user/vision_ws/install/rviz_plugin_zed_od:/home/user/autorover_ws/install/teleop_twist_keyboard:/home/user/autorover_ws/install/autorover_bringup:/opt/ros/humble LD_LIBRARY_PATH=/home/user/vision_ws/install/zed_components/lib:/home/user/autorover_ws/install/zed_components/lib:/home/user/autorover_ws/install/robot_localization/lib:/home/user/autorover_ws/install/mavros_extras/lib:/home/user/autorover_ws/install/mavros/lib:/home/user/autorover_ws/install/mavros_msgs/lib:/home/user/autorover_ws/install/libmavconn/lib:/home/user/vision_ws/install/zed_ipc/lib:/home/user/vision_ws/install/zed_topic_benchmark_component/lib:/home/user/vision_ws/install/zed_topic_benchmark_interfaces/lib:/home/user/vision_ws/install/zed_rgb_convert/lib:/home/user/vision_ws/install/zed_aruco_localization/lib:/home/user/vision_ws/install/rviz_plugin_zed_od/lib:/opt/ros/humble/opt/rviz_ogre_vendor/lib:/opt/ros/humble/lib/aarch64-linux-gnu:/opt/ros/humble/lib /usr/bin/cmake --install /home/user/vision_ws/build/zed_rgb_convert
[5.960s] Level 1:colcon.colcon_core.environment:create_environment_scripts_only(zed_aruco_localization)
[5.961s] Level 1:colcon.colcon_core.environment:checking '/home/user/vision_ws/install/zed_aruco_localization' for CMake module files
[5.963s] Level 1:colcon.colcon_core.environment:checking '/home/user/vision_ws/install/zed_aruco_localization' for CMake config files
[5.964s] Level 1:colcon.colcon_core.shell:create_environment_hook('zed_aruco_localization', 'cmake_prefix_path')
[5.965s] INFO:colcon.colcon_core.shell:Creating environment hook '/home/user/vision_ws/install/zed_aruco_localization/share/zed_aruco_localization/hook/cmake_prefix_path.ps1'
[5.966s] INFO:colcon.colcon_core.shell:Creating environment descriptor '/home/user/vision_ws/install/zed_aruco_localization/share/zed_aruco_localization/hook/cmake_prefix_path.dsv'
[5.967s] INFO:colcon.colcon_core.shell:Creating environment hook '/home/user/vision_ws/install/zed_aruco_localization/share/zed_aruco_localization/hook/cmake_prefix_path.sh'
[5.968s] DEBUG:colcon.colcon_core.event_handler.log_command:Invoked command in '/home/user/vision_ws/build/zed_aruco_localization' returned '0': CMAKE_PREFIX_PATH=/home/user/vision_ws/install/zed_components:/home/user/autorover_ws/install/zed_ros2:/home/user/autorover_ws/install/zed_wrapper:/home/user/autorover_ws/install/zed_components:/home/user/autorover_ws/install/robot_localization:/home/user/autorover_ws/install/mavros_extras:/home/user/autorover_ws/install/mavros:/home/user/autorover_ws/install/mavros_msgs:/home/user/autorover_ws/install/libmavconn:/home/user/vision_ws/install/zed_ros2:/home/user/vision_ws/install/zed_robot_integration:/home/user/vision_ws/install/zed_ipc:/home/user/vision_ws/install/zed_multi_camera:/home/user/vision_ws/install/zed_display_rviz2:/home/user/vision_ws/install/zed_depth_to_laserscan:/home/user/vision_ws/install/zed_wrapper:/home/user/vision_ws/install/zed_tutorial_video:/home/user/vision_ws/install/zed_tutorial_pos_tracking:/home/user/vision_ws/install/zed_tutorial_depth:/home/user/vision_ws/install/zed_topic_benchmark:/home/user/vision_ws/install/zed_topic_benchmark_component:/home/user/vision_ws/install/zed_topic_benchmark_interfaces:/home/user/vision_ws/install/zed_rgb_convert:/home/user/vision_ws/install/zed_aruco_localization:/home/user/vision_ws/install/rviz_plugin_zed_od:/home/user/autorover_ws/install/teleop_twist_keyboard:/home/user/autorover_ws/install/autorover_bringup:/opt/ros/humble LD_LIBRARY_PATH=/home/user/vision_ws/install/zed_components/lib:/home/user/autorover_ws/install/zed_components/lib:/home/user/autorover_ws/install/robot_localization/lib:/home/user/autorover_ws/install/mavros_extras/lib:/home/user/autorover_ws/install/mavros/lib:/home/user/autorover_ws/install/mavros_msgs/lib:/home/user/autorover_ws/install/libmavconn/lib:/home/user/vision_ws/install/zed_ipc/lib:/home/user/vision_ws/install/zed_topic_benchmark_component/lib:/home/user/vision_ws/install/zed_topic_benchmark_interfaces/lib:/home/user/vision_ws/install/zed_rgb_convert/lib:/home/user/vision_ws/install/zed_aruco_localization/lib:/home/user/vision_ws/install/rviz_plugin_zed_od/lib:/opt/ros/humble/opt/rviz_ogre_vendor/lib:/opt/ros/humble/lib/aarch64-linux-gnu:/opt/ros/humble/lib /usr/bin/cmake --install /home/user/vision_ws/build/zed_aruco_localization
[5.971s] Level 1:colcon.colcon_core.environment:checking '/home/user/vision_ws/install/zed_aruco_localization/lib'
[5.971s] Level 1:colcon.colcon_core.shell:create_environment_hook('zed_aruco_localization', 'ld_library_path_lib')
[5.972s] INFO:colcon.colcon_core.shell:Creating environment hook '/home/user/vision_ws/install/zed_aruco_localization/share/zed_aruco_localization/hook/ld_library_path_lib.ps1'
[5.973s] INFO:colcon.colcon_core.shell:Creating environment descriptor '/home/user/vision_ws/install/zed_aruco_localization/share/zed_aruco_localization/hook/ld_library_path_lib.dsv'
[5.974s] INFO:colcon.colcon_core.shell:Creating environment hook '/home/user/vision_ws/install/zed_aruco_localization/share/zed_aruco_localization/hook/ld_library_path_lib.sh'
[5.976s] Level 1:colcon.colcon_core.environment:checking '/home/user/vision_ws/install/zed_aruco_localization/bin'
[5.976s] Level 1:colcon.colcon_core.environment:checking '/home/user/vision_ws/install/zed_aruco_localization/lib/pkgconfig/zed_aruco_localization.pc'
[5.976s] Level 1:colcon.colcon_core.environment:checking '/home/user/vision_ws/install/zed_aruco_localization/lib/python3.10/site-packages'
[5.977s] Level 1:colcon.colcon_core.environment:checking '/home/user/vision_ws/install/zed_aruco_localization/bin'
[5.978s] INFO:colcon.colcon_core.shell:Creating package script '/home/user/vision_ws/install/zed_aruco_localization/share/zed_aruco_localization/package.ps1'
[5.981s] INFO:colcon.colcon_core.shell:Creating package descriptor '/home/user/vision_ws/install/zed_aruco_localization/share/zed_aruco_localization/package.dsv'
[5.983s] INFO:colcon.colcon_core.shell:Creating package script '/home/user/vision_ws/install/zed_aruco_localization/share/zed_aruco_localization/package.sh'
[5.984s] INFO:colcon.colcon_core.shell:Creating package script '/home/user/vision_ws/install/zed_aruco_localization/share/zed_aruco_localization/package.bash'
[5.985s] INFO:colcon.colcon_core.shell:Creating package script '/home/user/vision_ws/install/zed_aruco_localization/share/zed_aruco_localization/package.zsh'
[5.986s] Level 1:colcon.colcon_core.environment:create_file_with_runtime_dependencies(/home/user/vision_ws/install/zed_aruco_localization/share/colcon-core/packages/zed_aruco_localization)
[5.987s] Level 1:colcon.colcon_core.environment:create_environment_scripts_only(zed_aruco_localization)
[5.988s] Level 1:colcon.colcon_core.environment:checking '/home/user/vision_ws/install/zed_aruco_localization' for CMake module files
[5.989s] Level 1:colcon.colcon_core.environment:checking '/home/user/vision_ws/install/zed_aruco_localization' for CMake config files
[5.991s] Level 1:colcon.colcon_core.shell:create_environment_hook('zed_aruco_localization', 'cmake_prefix_path')
[5.992s] INFO:colcon.colcon_core.shell:Creating environment hook '/home/user/vision_ws/install/zed_aruco_localization/share/zed_aruco_localization/hook/cmake_prefix_path.ps1'
[5.993s] INFO:colcon.colcon_core.shell:Creating environment descriptor '/home/user/vision_ws/install/zed_aruco_localization/share/zed_aruco_localization/hook/cmake_prefix_path.dsv'
[5.994s] INFO:colcon.colcon_core.shell:Creating environment hook '/home/user/vision_ws/install/zed_aruco_localization/share/zed_aruco_localization/hook/cmake_prefix_path.sh'
[5.996s] Level 1:colcon.colcon_core.environment:checking '/home/user/vision_ws/install/zed_aruco_localization/lib'
[5.996s] Level 1:colcon.colcon_core.shell:create_environment_hook('zed_aruco_localization', 'ld_library_path_lib')
[5.996s] INFO:colcon.colcon_core.shell:Creating environment hook '/home/user/vision_ws/install/zed_aruco_localization/share/zed_aruco_localization/hook/ld_library_path_lib.ps1'
[5.997s] INFO:colcon.colcon_core.shell:Creating environment descriptor '/home/user/vision_ws/install/zed_aruco_localization/share/zed_aruco_localization/hook/ld_library_path_lib.dsv'
[5.998s] INFO:colcon.colcon_core.shell:Creating environment hook '/home/user/vision_ws/install/zed_aruco_localization/share/zed_aruco_localization/hook/ld_library_path_lib.sh'
[5.999s] Level 1:colcon.colcon_core.environment:checking '/home/user/vision_ws/install/zed_aruco_localization/bin'
[6.000s] Level 1:colcon.colcon_core.environment:checking '/home/user/vision_ws/install/zed_aruco_localization/lib/pkgconfig/zed_aruco_localization.pc'
[6.000s] Level 1:colcon.colcon_core.environment:checking '/home/user/vision_ws/install/zed_aruco_localization/lib/python3.10/site-packages'
[6.000s] Level 1:colcon.colcon_core.environment:checking '/home/user/vision_ws/install/zed_aruco_localization/bin'
[6.001s] INFO:colcon.colcon_core.shell:Creating package script '/home/user/vision_ws/install/zed_aruco_localization/share/zed_aruco_localization/package.ps1'
[6.002s] INFO:colcon.colcon_core.shell:Creating package descriptor '/home/user/vision_ws/install/zed_aruco_localization/share/zed_aruco_localization/package.dsv'
[6.003s] INFO:colcon.colcon_core.shell:Creating package script '/home/user/vision_ws/install/zed_aruco_localization/share/zed_aruco_localization/package.sh'
[6.004s] INFO:colcon.colcon_core.shell:Creating package script '/home/user/vision_ws/install/zed_aruco_localization/share/zed_aruco_localization/package.bash'
[6.005s] INFO:colcon.colcon_core.shell:Creating package script '/home/user/vision_ws/install/zed_aruco_localization/share/zed_aruco_localization/package.zsh'
[6.006s] Level 1:colcon.colcon_core.environment:create_file_with_runtime_dependencies(/home/user/vision_ws/install/zed_aruco_localization/share/colcon-core/packages/zed_aruco_localization)
[6.022s] DEBUG:colcon.colcon_core.event_handler.log_command:Invoked command in '/home/user/vision_ws/build/zed_multi_camera' returned '0': CMAKE_PREFIX_PATH=/home/user/vision_ws/install/zed_wrapper:/home/user/vision_ws/install/zed_components:/home/user/autorover_ws/install/zed_ros2:/home/user/autorover_ws/install/zed_wrapper:/home/user/autorover_ws/install/zed_components:/home/user/autorover_ws/install/robot_localization:/home/user/autorover_ws/install/mavros_extras:/home/user/autorover_ws/install/mavros:/home/user/autorover_ws/install/mavros_msgs:/home/user/autorover_ws/install/libmavconn:/home/user/vision_ws/install/zed_ros2:/home/user/vision_ws/install/zed_robot_integration:/home/user/vision_ws/install/zed_ipc:/home/user/vision_ws/install/zed_multi_camera:/home/user/vision_ws/install/zed_display_rviz2:/home/user/vision_ws/install/zed_depth_to_laserscan:/home/user/vision_ws/install/zed_tutorial_video:/home/user/vision_ws/install/zed_tutorial_pos_tracking:/home/user/vision_ws/install/zed_tutorial_depth:/home/user/vision_ws/install/zed_topic_benchmark:/home/user/vision_ws/install/zed_topic_benchmark_component:/home/user/vision_ws/install/zed_topic_benchmark_interfaces:/home/user/vision_ws/install/zed_rgb_convert:/home/user/vision_ws/install/zed_aruco_localization:/home/user/vision_ws/install/rviz_plugin_zed_od:/home/user/autorover_ws/install/teleop_twist_keyboard:/home/user/autorover_ws/install/autorover_bringup:/opt/ros/humble LD_LIBRARY_PATH=/home/user/vision_ws/install/zed_components/lib:/home/user/autorover_ws/install/zed_components/lib:/home/user/autorover_ws/install/robot_localization/lib:/home/user/autorover_ws/install/mavros_extras/lib:/home/user/autorover_ws/install/mavros/lib:/home/user/autorover_ws/install/mavros_msgs/lib:/home/user/autorover_ws/install/libmavconn/lib:/home/user/vision_ws/install/zed_ipc/lib:/home/user/vision_ws/install/zed_topic_benchmark_component/lib:/home/user/vision_ws/install/zed_topic_benchmark_interfaces/lib:/home/user/vision_ws/install/zed_rgb_convert/lib:/home/user/vision_ws/install/zed_aruco_localization/lib:/home/user/vision_ws/install/rviz_plugin_zed_od/lib:/opt/ros/humble/opt/rviz_ogre_vendor/lib:/opt/ros/humble/lib/aarch64-linux-gnu:/opt/ros/humble/lib /usr/bin/cmake /home/user/vision_ws/src/zed-ros2-examples/tutorials/zed_multi_camera -DCMAKE_BUILD_TYPE=Release -DAMENT_CMAKE_SYMLINK_INSTALL=1 -DCMAKE_INSTALL_PREFIX=/home/user/vision_ws/install/zed_multi_camera
[6.023s] DEBUG:colcon.colcon_core.event_handler.log_command:Invoking command in '/home/user/vision_ws/build/zed_multi_camera': CMAKE_PREFIX_PATH=/home/user/vision_ws/install/zed_wrapper:/home/user/vision_ws/install/zed_components:/home/user/autorover_ws/install/zed_ros2:/home/user/autorover_ws/install/zed_wrapper:/home/user/autorover_ws/install/zed_components:/home/user/autorover_ws/install/robot_localization:/home/user/autorover_ws/install/mavros_extras:/home/user/autorover_ws/install/mavros:/home/user/autorover_ws/install/mavros_msgs:/home/user/autorover_ws/install/libmavconn:/home/user/vision_ws/install/zed_ros2:/home/user/vision_ws/install/zed_robot_integration:/home/user/vision_ws/install/zed_ipc:/home/user/vision_ws/install/zed_multi_camera:/home/user/vision_ws/install/zed_display_rviz2:/home/user/vision_ws/install/zed_depth_to_laserscan:/home/user/vision_ws/install/zed_tutorial_video:/home/user/vision_ws/install/zed_tutorial_pos_tracking:/home/user/vision_ws/install/zed_tutorial_depth:/home/user/vision_ws/install/zed_topic_benchmark:/home/user/vision_ws/install/zed_topic_benchmark_component:/home/user/vision_ws/install/zed_topic_benchmark_interfaces:/home/user/vision_ws/install/zed_rgb_convert:/home/user/vision_ws/install/zed_aruco_localization:/home/user/vision_ws/install/rviz_plugin_zed_od:/home/user/autorover_ws/install/teleop_twist_keyboard:/home/user/autorover_ws/install/autorover_bringup:/opt/ros/humble LD_LIBRARY_PATH=/home/user/vision_ws/install/zed_components/lib:/home/user/autorover_ws/install/zed_components/lib:/home/user/autorover_ws/install/robot_localization/lib:/home/user/autorover_ws/install/mavros_extras/lib:/home/user/autorover_ws/install/mavros/lib:/home/user/autorover_ws/install/mavros_msgs/lib:/home/user/autorover_ws/install/libmavconn/lib:/home/user/vision_ws/install/zed_ipc/lib:/home/user/vision_ws/install/zed_topic_benchmark_component/lib:/home/user/vision_ws/install/zed_topic_benchmark_interfaces/lib:/home/user/vision_ws/install/zed_rgb_convert/lib:/home/user/vision_ws/install/zed_aruco_localization/lib:/home/user/vision_ws/install/rviz_plugin_zed_od/lib:/opt/ros/humble/opt/rviz_ogre_vendor/lib:/opt/ros/humble/lib/aarch64-linux-gnu:/opt/ros/humble/lib /usr/bin/cmake --build /home/user/vision_ws/build/zed_multi_camera -- -j8 -l8
[6.024s] DEBUG:colcon.colcon_core.event_handler.log_command:Invoked command in '/home/user/vision_ws/build/zed_robot_integration' returned '0': CMAKE_PREFIX_PATH=/home/user/vision_ws/install/zed_wrapper:/home/user/vision_ws/install/zed_components:/home/user/autorover_ws/install/zed_ros2:/home/user/autorover_ws/install/zed_wrapper:/home/user/autorover_ws/install/zed_components:/home/user/autorover_ws/install/robot_localization:/home/user/autorover_ws/install/mavros_extras:/home/user/autorover_ws/install/mavros:/home/user/autorover_ws/install/mavros_msgs:/home/user/autorover_ws/install/libmavconn:/home/user/vision_ws/install/zed_ros2:/home/user/vision_ws/install/zed_robot_integration:/home/user/vision_ws/install/zed_ipc:/home/user/vision_ws/install/zed_multi_camera:/home/user/vision_ws/install/zed_display_rviz2:/home/user/vision_ws/install/zed_depth_to_laserscan:/home/user/vision_ws/install/zed_tutorial_video:/home/user/vision_ws/install/zed_tutorial_pos_tracking:/home/user/vision_ws/install/zed_tutorial_depth:/home/user/vision_ws/install/zed_topic_benchmark:/home/user/vision_ws/install/zed_topic_benchmark_component:/home/user/vision_ws/install/zed_topic_benchmark_interfaces:/home/user/vision_ws/install/zed_rgb_convert:/home/user/vision_ws/install/zed_aruco_localization:/home/user/vision_ws/install/rviz_plugin_zed_od:/home/user/autorover_ws/install/teleop_twist_keyboard:/home/user/autorover_ws/install/autorover_bringup:/opt/ros/humble LD_LIBRARY_PATH=/home/user/vision_ws/install/zed_components/lib:/home/user/autorover_ws/install/zed_components/lib:/home/user/autorover_ws/install/robot_localization/lib:/home/user/autorover_ws/install/mavros_extras/lib:/home/user/autorover_ws/install/mavros/lib:/home/user/autorover_ws/install/mavros_msgs/lib:/home/user/autorover_ws/install/libmavconn/lib:/home/user/vision_ws/install/zed_ipc/lib:/home/user/vision_ws/install/zed_topic_benchmark_component/lib:/home/user/vision_ws/install/zed_topic_benchmark_interfaces/lib:/home/user/vision_ws/install/zed_rgb_convert/lib:/home/user/vision_ws/install/zed_aruco_localization/lib:/home/user/vision_ws/install/rviz_plugin_zed_od/lib:/opt/ros/humble/opt/rviz_ogre_vendor/lib:/opt/ros/humble/lib/aarch64-linux-gnu:/opt/ros/humble/lib /usr/bin/cmake /home/user/vision_ws/src/zed-ros2-examples/tutorials/zed_robot_integration -DCMAKE_BUILD_TYPE=Release -DAMENT_CMAKE_SYMLINK_INSTALL=1 -DCMAKE_INSTALL_PREFIX=/home/user/vision_ws/install/zed_robot_integration
[6.024s] DEBUG:colcon.colcon_core.event_handler.log_command:Invoking command in '/home/user/vision_ws/build/zed_robot_integration': CMAKE_PREFIX_PATH=/home/user/vision_ws/install/zed_wrapper:/home/user/vision_ws/install/zed_components:/home/user/autorover_ws/install/zed_ros2:/home/user/autorover_ws/install/zed_wrapper:/home/user/autorover_ws/install/zed_components:/home/user/autorover_ws/install/robot_localization:/home/user/autorover_ws/install/mavros_extras:/home/user/autorover_ws/install/mavros:/home/user/autorover_ws/install/mavros_msgs:/home/user/autorover_ws/install/libmavconn:/home/user/vision_ws/install/zed_ros2:/home/user/vision_ws/install/zed_robot_integration:/home/user/vision_ws/install/zed_ipc:/home/user/vision_ws/install/zed_multi_camera:/home/user/vision_ws/install/zed_display_rviz2:/home/user/vision_ws/install/zed_depth_to_laserscan:/home/user/vision_ws/install/zed_tutorial_video:/home/user/vision_ws/install/zed_tutorial_pos_tracking:/home/user/vision_ws/install/zed_tutorial_depth:/home/user/vision_ws/install/zed_topic_benchmark:/home/user/vision_ws/install/zed_topic_benchmark_component:/home/user/vision_ws/install/zed_topic_benchmark_interfaces:/home/user/vision_ws/install/zed_rgb_convert:/home/user/vision_ws/install/zed_aruco_localization:/home/user/vision_ws/install/rviz_plugin_zed_od:/home/user/autorover_ws/install/teleop_twist_keyboard:/home/user/autorover_ws/install/autorover_bringup:/opt/ros/humble LD_LIBRARY_PATH=/home/user/vision_ws/install/zed_components/lib:/home/user/autorover_ws/install/zed_components/lib:/home/user/autorover_ws/install/robot_localization/lib:/home/user/autorover_ws/install/mavros_extras/lib:/home/user/autorover_ws/install/mavros/lib:/home/user/autorover_ws/install/mavros_msgs/lib:/home/user/autorover_ws/install/libmavconn/lib:/home/user/vision_ws/install/zed_ipc/lib:/home/user/vision_ws/install/zed_topic_benchmark_component/lib:/home/user/vision_ws/install/zed_topic_benchmark_interfaces/lib:/home/user/vision_ws/install/zed_rgb_convert/lib:/home/user/vision_ws/install/zed_aruco_localization/lib:/home/user/vision_ws/install/rviz_plugin_zed_od/lib:/opt/ros/humble/opt/rviz_ogre_vendor/lib:/opt/ros/humble/lib/aarch64-linux-gnu:/opt/ros/humble/lib /usr/bin/cmake --build /home/user/vision_ws/build/zed_robot_integration -- -j8 -l8
[6.026s] Level 1:colcon.colcon_core.environment:create_environment_scripts_only(zed_rgb_convert)
[6.028s] Level 1:colcon.colcon_core.environment:checking '/home/user/vision_ws/install/zed_rgb_convert' for CMake module files
[6.027s] DEBUG:colcon.colcon_core.event_handler.log_command:Invoked command in '/home/user/vision_ws/build/zed_rgb_convert' returned '0': CMAKE_PREFIX_PATH=/home/user/vision_ws/install/zed_components:/home/user/autorover_ws/install/zed_ros2:/home/user/autorover_ws/install/zed_wrapper:/home/user/autorover_ws/install/zed_components:/home/user/autorover_ws/install/robot_localization:/home/user/autorover_ws/install/mavros_extras:/home/user/autorover_ws/install/mavros:/home/user/autorover_ws/install/mavros_msgs:/home/user/autorover_ws/install/libmavconn:/home/user/vision_ws/install/zed_ros2:/home/user/vision_ws/install/zed_robot_integration:/home/user/vision_ws/install/zed_ipc:/home/user/vision_ws/install/zed_multi_camera:/home/user/vision_ws/install/zed_display_rviz2:/home/user/vision_ws/install/zed_depth_to_laserscan:/home/user/vision_ws/install/zed_wrapper:/home/user/vision_ws/install/zed_tutorial_video:/home/user/vision_ws/install/zed_tutorial_pos_tracking:/home/user/vision_ws/install/zed_tutorial_depth:/home/user/vision_ws/install/zed_topic_benchmark:/home/user/vision_ws/install/zed_topic_benchmark_component:/home/user/vision_ws/install/zed_topic_benchmark_interfaces:/home/user/vision_ws/install/zed_rgb_convert:/home/user/vision_ws/install/zed_aruco_localization:/home/user/vision_ws/install/rviz_plugin_zed_od:/home/user/autorover_ws/install/teleop_twist_keyboard:/home/user/autorover_ws/install/autorover_bringup:/opt/ros/humble LD_LIBRARY_PATH=/home/user/vision_ws/install/zed_components/lib:/home/user/autorover_ws/install/zed_components/lib:/home/user/autorover_ws/install/robot_localization/lib:/home/user/autorover_ws/install/mavros_extras/lib:/home/user/autorover_ws/install/mavros/lib:/home/user/autorover_ws/install/mavros_msgs/lib:/home/user/autorover_ws/install/libmavconn/lib:/home/user/vision_ws/install/zed_ipc/lib:/home/user/vision_ws/install/zed_topic_benchmark_component/lib:/home/user/vision_ws/install/zed_topic_benchmark_interfaces/lib:/home/user/vision_ws/install/zed_rgb_convert/lib:/home/user/vision_ws/install/zed_aruco_localization/lib:/home/user/vision_ws/install/rviz_plugin_zed_od/lib:/opt/ros/humble/opt/rviz_ogre_vendor/lib:/opt/ros/humble/lib/aarch64-linux-gnu:/opt/ros/humble/lib /usr/bin/cmake --install /home/user/vision_ws/build/zed_rgb_convert
[6.029s] Level 1:colcon.colcon_core.environment:checking '/home/user/vision_ws/install/zed_rgb_convert' for CMake config files
[6.030s] Level 1:colcon.colcon_core.shell:create_environment_hook('zed_rgb_convert', 'cmake_prefix_path')
[6.031s] INFO:colcon.colcon_core.shell:Creating environment hook '/home/user/vision_ws/install/zed_rgb_convert/share/zed_rgb_convert/hook/cmake_prefix_path.ps1'
[6.033s] INFO:colcon.colcon_core.shell:Creating environment descriptor '/home/user/vision_ws/install/zed_rgb_convert/share/zed_rgb_convert/hook/cmake_prefix_path.dsv'
[6.034s] INFO:colcon.colcon_core.shell:Creating environment hook '/home/user/vision_ws/install/zed_rgb_convert/share/zed_rgb_convert/hook/cmake_prefix_path.sh'
[6.036s] Level 1:colcon.colcon_core.environment:checking '/home/user/vision_ws/install/zed_rgb_convert/lib'
[6.036s] Level 1:colcon.colcon_core.shell:create_environment_hook('zed_rgb_convert', 'ld_library_path_lib')
[6.037s] INFO:colcon.colcon_core.shell:Creating environment hook '/home/user/vision_ws/install/zed_rgb_convert/share/zed_rgb_convert/hook/ld_library_path_lib.ps1'
[6.038s] INFO:colcon.colcon_core.shell:Creating environment descriptor '/home/user/vision_ws/install/zed_rgb_convert/share/zed_rgb_convert/hook/ld_library_path_lib.dsv'
[6.039s] INFO:colcon.colcon_core.shell:Creating environment hook '/home/user/vision_ws/install/zed_rgb_convert/share/zed_rgb_convert/hook/ld_library_path_lib.sh'
[6.040s] Level 1:colcon.colcon_core.environment:checking '/home/user/vision_ws/install/zed_rgb_convert/bin'
[6.040s] Level 1:colcon.colcon_core.environment:checking '/home/user/vision_ws/install/zed_rgb_convert/lib/pkgconfig/zed_rgb_convert.pc'
[6.041s] Level 1:colcon.colcon_core.environment:checking '/home/user/vision_ws/install/zed_rgb_convert/lib/python3.10/site-packages'
[6.041s] Level 1:colcon.colcon_core.environment:checking '/home/user/vision_ws/install/zed_rgb_convert/bin'
[6.042s] INFO:colcon.colcon_core.shell:Creating package script '/home/user/vision_ws/install/zed_rgb_convert/share/zed_rgb_convert/package.ps1'
[6.043s] INFO:colcon.colcon_core.shell:Creating package descriptor '/home/user/vision_ws/install/zed_rgb_convert/share/zed_rgb_convert/package.dsv'
[6.044s] INFO:colcon.colcon_core.shell:Creating package script '/home/user/vision_ws/install/zed_rgb_convert/share/zed_rgb_convert/package.sh'
[6.045s] INFO:colcon.colcon_core.shell:Creating package script '/home/user/vision_ws/install/zed_rgb_convert/share/zed_rgb_convert/package.bash'
[6.046s] INFO:colcon.colcon_core.shell:Creating package script '/home/user/vision_ws/install/zed_rgb_convert/share/zed_rgb_convert/package.zsh'
[6.047s] Level 1:colcon.colcon_core.environment:create_file_with_runtime_dependencies(/home/user/vision_ws/install/zed_rgb_convert/share/colcon-core/packages/zed_rgb_convert)
[6.048s] Level 1:colcon.colcon_core.environment:create_environment_scripts_only(zed_rgb_convert)
[6.049s] Level 1:colcon.colcon_core.environment:checking '/home/user/vision_ws/install/zed_rgb_convert' for CMake module files
[6.050s] Level 1:colcon.colcon_core.environment:checking '/home/user/vision_ws/install/zed_rgb_convert' for CMake config files
[6.050s] Level 1:colcon.colcon_core.shell:create_environment_hook('zed_rgb_convert', 'cmake_prefix_path')
[6.051s] INFO:colcon.colcon_core.shell:Creating environment hook '/home/user/vision_ws/install/zed_rgb_convert/share/zed_rgb_convert/hook/cmake_prefix_path.ps1'
[6.052s] INFO:colcon.colcon_core.shell:Creating environment descriptor '/home/user/vision_ws/install/zed_rgb_convert/share/zed_rgb_convert/hook/cmake_prefix_path.dsv'
[6.053s] INFO:colcon.colcon_core.shell:Creating environment hook '/home/user/vision_ws/install/zed_rgb_convert/share/zed_rgb_convert/hook/cmake_prefix_path.sh'
[6.054s] Level 1:colcon.colcon_core.environment:checking '/home/user/vision_ws/install/zed_rgb_convert/lib'
[6.055s] Level 1:colcon.colcon_core.shell:create_environment_hook('zed_rgb_convert', 'ld_library_path_lib')
[6.055s] INFO:colcon.colcon_core.shell:Creating environment hook '/home/user/vision_ws/install/zed_rgb_convert/share/zed_rgb_convert/hook/ld_library_path_lib.ps1'
[6.056s] INFO:colcon.colcon_core.shell:Creating environment descriptor '/home/user/vision_ws/install/zed_rgb_convert/share/zed_rgb_convert/hook/ld_library_path_lib.dsv'
[6.057s] INFO:colcon.colcon_core.shell:Creating environment hook '/home/user/vision_ws/install/zed_rgb_convert/share/zed_rgb_convert/hook/ld_library_path_lib.sh'
[6.058s] Level 1:colcon.colcon_core.environment:checking '/home/user/vision_ws/install/zed_rgb_convert/bin'
[6.058s] Level 1:colcon.colcon_core.environment:checking '/home/user/vision_ws/install/zed_rgb_convert/lib/pkgconfig/zed_rgb_convert.pc'
[6.059s] Level 1:colcon.colcon_core.environment:checking '/home/user/vision_ws/install/zed_rgb_convert/lib/python3.10/site-packages'
[6.059s] Level 1:colcon.colcon_core.environment:checking '/home/user/vision_ws/install/zed_rgb_convert/bin'
[6.060s] INFO:colcon.colcon_core.shell:Creating package script '/home/user/vision_ws/install/zed_rgb_convert/share/zed_rgb_convert/package.ps1'
[6.061s] INFO:colcon.colcon_core.shell:Creating package descriptor '/home/user/vision_ws/install/zed_rgb_convert/share/zed_rgb_convert/package.dsv'
[6.062s] INFO:colcon.colcon_core.shell:Creating package script '/home/user/vision_ws/install/zed_rgb_convert/share/zed_rgb_convert/package.sh'
[6.063s] INFO:colcon.colcon_core.shell:Creating package script '/home/user/vision_ws/install/zed_rgb_convert/share/zed_rgb_convert/package.bash'
[6.064s] INFO:colcon.colcon_core.shell:Creating package script '/home/user/vision_ws/install/zed_rgb_convert/share/zed_rgb_convert/package.zsh'
[6.065s] Level 1:colcon.colcon_core.environment:create_file_with_runtime_dependencies(/home/user/vision_ws/install/zed_rgb_convert/share/colcon-core/packages/zed_rgb_convert)
[6.070s] DEBUG:colcon.colcon_core.event_handler.log_command:Invoked command in '/home/user/vision_ws/build/zed_display_rviz2' returned '0': CMAKE_PREFIX_PATH=/home/user/vision_ws/install/zed_wrapper:/home/user/vision_ws/install/zed_components:/home/user/autorover_ws/install/zed_ros2:/home/user/autorover_ws/install/zed_wrapper:/home/user/autorover_ws/install/zed_components:/home/user/autorover_ws/install/robot_localization:/home/user/autorover_ws/install/mavros_extras:/home/user/autorover_ws/install/mavros:/home/user/autorover_ws/install/mavros_msgs:/home/user/autorover_ws/install/libmavconn:/home/user/vision_ws/install/zed_ros2:/home/user/vision_ws/install/zed_robot_integration:/home/user/vision_ws/install/zed_ipc:/home/user/vision_ws/install/zed_multi_camera:/home/user/vision_ws/install/zed_display_rviz2:/home/user/vision_ws/install/zed_depth_to_laserscan:/home/user/vision_ws/install/zed_tutorial_video:/home/user/vision_ws/install/zed_tutorial_pos_tracking:/home/user/vision_ws/install/zed_tutorial_depth:/home/user/vision_ws/install/zed_topic_benchmark:/home/user/vision_ws/install/zed_topic_benchmark_component:/home/user/vision_ws/install/zed_topic_benchmark_interfaces:/home/user/vision_ws/install/zed_rgb_convert:/home/user/vision_ws/install/zed_aruco_localization:/home/user/vision_ws/install/rviz_plugin_zed_od:/home/user/autorover_ws/install/teleop_twist_keyboard:/home/user/autorover_ws/install/autorover_bringup:/opt/ros/humble LD_LIBRARY_PATH=/home/user/vision_ws/install/zed_components/lib:/home/user/autorover_ws/install/zed_components/lib:/home/user/autorover_ws/install/robot_localization/lib:/home/user/autorover_ws/install/mavros_extras/lib:/home/user/autorover_ws/install/mavros/lib:/home/user/autorover_ws/install/mavros_msgs/lib:/home/user/autorover_ws/install/libmavconn/lib:/home/user/vision_ws/install/zed_ipc/lib:/home/user/vision_ws/install/zed_topic_benchmark_component/lib:/home/user/vision_ws/install/zed_topic_benchmark_interfaces/lib:/home/user/vision_ws/install/zed_rgb_convert/lib:/home/user/vision_ws/install/zed_aruco_localization/lib:/home/user/vision_ws/install/rviz_plugin_zed_od/lib:/opt/ros/humble/opt/rviz_ogre_vendor/lib:/opt/ros/humble/lib/aarch64-linux-gnu:/opt/ros/humble/lib /usr/bin/cmake /home/user/vision_ws/src/zed-ros2-examples/zed_display_rviz2 -DCMAKE_BUILD_TYPE=Release -DAMENT_CMAKE_SYMLINK_INSTALL=1 -DCMAKE_INSTALL_PREFIX=/home/user/vision_ws/install/zed_display_rviz2
[6.073s] DEBUG:colcon.colcon_core.event_handler.log_command:Invoking command in '/home/user/vision_ws/build/zed_display_rviz2': CMAKE_PREFIX_PATH=/home/user/vision_ws/install/zed_wrapper:/home/user/vision_ws/install/zed_components:/home/user/autorover_ws/install/zed_ros2:/home/user/autorover_ws/install/zed_wrapper:/home/user/autorover_ws/install/zed_components:/home/user/autorover_ws/install/robot_localization:/home/user/autorover_ws/install/mavros_extras:/home/user/autorover_ws/install/mavros:/home/user/autorover_ws/install/mavros_msgs:/home/user/autorover_ws/install/libmavconn:/home/user/vision_ws/install/zed_ros2:/home/user/vision_ws/install/zed_robot_integration:/home/user/vision_ws/install/zed_ipc:/home/user/vision_ws/install/zed_multi_camera:/home/user/vision_ws/install/zed_display_rviz2:/home/user/vision_ws/install/zed_depth_to_laserscan:/home/user/vision_ws/install/zed_tutorial_video:/home/user/vision_ws/install/zed_tutorial_pos_tracking:/home/user/vision_ws/install/zed_tutorial_depth:/home/user/vision_ws/install/zed_topic_benchmark:/home/user/vision_ws/install/zed_topic_benchmark_component:/home/user/vision_ws/install/zed_topic_benchmark_interfaces:/home/user/vision_ws/install/zed_rgb_convert:/home/user/vision_ws/install/zed_aruco_localization:/home/user/vision_ws/install/rviz_plugin_zed_od:/home/user/autorover_ws/install/teleop_twist_keyboard:/home/user/autorover_ws/install/autorover_bringup:/opt/ros/humble LD_LIBRARY_PATH=/home/user/vision_ws/install/zed_components/lib:/home/user/autorover_ws/install/zed_components/lib:/home/user/autorover_ws/install/robot_localization/lib:/home/user/autorover_ws/install/mavros_extras/lib:/home/user/autorover_ws/install/mavros/lib:/home/user/autorover_ws/install/mavros_msgs/lib:/home/user/autorover_ws/install/libmavconn/lib:/home/user/vision_ws/install/zed_ipc/lib:/home/user/vision_ws/install/zed_topic_benchmark_component/lib:/home/user/vision_ws/install/zed_topic_benchmark_interfaces/lib:/home/user/vision_ws/install/zed_rgb_convert/lib:/home/user/vision_ws/install/zed_aruco_localization/lib:/home/user/vision_ws/install/rviz_plugin_zed_od/lib:/opt/ros/humble/opt/rviz_ogre_vendor/lib:/opt/ros/humble/lib/aarch64-linux-gnu:/opt/ros/humble/lib /usr/bin/cmake --build /home/user/vision_ws/build/zed_display_rviz2 -- -j8 -l8
[6.074s] DEBUG:colcon.colcon_core.event_handler.log_command:Invoked command in '/home/user/vision_ws/build/zed_ros2' returned '0': CMAKE_PREFIX_PATH=/home/user/vision_ws/install/zed_wrapper:/home/user/vision_ws/install/zed_components:/home/user/autorover_ws/install/zed_ros2:/home/user/autorover_ws/install/zed_wrapper:/home/user/autorover_ws/install/zed_components:/home/user/autorover_ws/install/robot_localization:/home/user/autorover_ws/install/mavros_extras:/home/user/autorover_ws/install/mavros:/home/user/autorover_ws/install/mavros_msgs:/home/user/autorover_ws/install/libmavconn:/home/user/vision_ws/install/zed_ros2:/home/user/vision_ws/install/zed_robot_integration:/home/user/vision_ws/install/zed_ipc:/home/user/vision_ws/install/zed_multi_camera:/home/user/vision_ws/install/zed_display_rviz2:/home/user/vision_ws/install/zed_depth_to_laserscan:/home/user/vision_ws/install/zed_tutorial_video:/home/user/vision_ws/install/zed_tutorial_pos_tracking:/home/user/vision_ws/install/zed_tutorial_depth:/home/user/vision_ws/install/zed_topic_benchmark:/home/user/vision_ws/install/zed_topic_benchmark_component:/home/user/vision_ws/install/zed_topic_benchmark_interfaces:/home/user/vision_ws/install/zed_rgb_convert:/home/user/vision_ws/install/zed_aruco_localization:/home/user/vision_ws/install/rviz_plugin_zed_od:/home/user/autorover_ws/install/teleop_twist_keyboard:/home/user/autorover_ws/install/autorover_bringup:/opt/ros/humble LD_LIBRARY_PATH=/home/user/vision_ws/install/zed_components/lib:/home/user/autorover_ws/install/zed_components/lib:/home/user/autorover_ws/install/robot_localization/lib:/home/user/autorover_ws/install/mavros_extras/lib:/home/user/autorover_ws/install/mavros/lib:/home/user/autorover_ws/install/mavros_msgs/lib:/home/user/autorover_ws/install/libmavconn/lib:/home/user/vision_ws/install/zed_ipc/lib:/home/user/vision_ws/install/zed_topic_benchmark_component/lib:/home/user/vision_ws/install/zed_topic_benchmark_interfaces/lib:/home/user/vision_ws/install/zed_rgb_convert/lib:/home/user/vision_ws/install/zed_aruco_localization/lib:/home/user/vision_ws/install/rviz_plugin_zed_od/lib:/opt/ros/humble/opt/rviz_ogre_vendor/lib:/opt/ros/humble/lib/aarch64-linux-gnu:/opt/ros/humble/lib /usr/bin/cmake /home/user/vision_ws/src/zed-ros2-wrapper/zed_ros2 -DCMAKE_BUILD_TYPE=Release -DAMENT_CMAKE_SYMLINK_INSTALL=1 -DCMAKE_INSTALL_PREFIX=/home/user/vision_ws/install/zed_ros2
[6.075s] DEBUG:colcon.colcon_core.event_handler.log_command:Invoking command in '/home/user/vision_ws/build/zed_ros2': CMAKE_PREFIX_PATH=/home/user/vision_ws/install/zed_wrapper:/home/user/vision_ws/install/zed_components:/home/user/autorover_ws/install/zed_ros2:/home/user/autorover_ws/install/zed_wrapper:/home/user/autorover_ws/install/zed_components:/home/user/autorover_ws/install/robot_localization:/home/user/autorover_ws/install/mavros_extras:/home/user/autorover_ws/install/mavros:/home/user/autorover_ws/install/mavros_msgs:/home/user/autorover_ws/install/libmavconn:/home/user/vision_ws/install/zed_ros2:/home/user/vision_ws/install/zed_robot_integration:/home/user/vision_ws/install/zed_ipc:/home/user/vision_ws/install/zed_multi_camera:/home/user/vision_ws/install/zed_display_rviz2:/home/user/vision_ws/install/zed_depth_to_laserscan:/home/user/vision_ws/install/zed_tutorial_video:/home/user/vision_ws/install/zed_tutorial_pos_tracking:/home/user/vision_ws/install/zed_tutorial_depth:/home/user/vision_ws/install/zed_topic_benchmark:/home/user/vision_ws/install/zed_topic_benchmark_component:/home/user/vision_ws/install/zed_topic_benchmark_interfaces:/home/user/vision_ws/install/zed_rgb_convert:/home/user/vision_ws/install/zed_aruco_localization:/home/user/vision_ws/install/rviz_plugin_zed_od:/home/user/autorover_ws/install/teleop_twist_keyboard:/home/user/autorover_ws/install/autorover_bringup:/opt/ros/humble LD_LIBRARY_PATH=/home/user/vision_ws/install/zed_components/lib:/home/user/autorover_ws/install/zed_components/lib:/home/user/autorover_ws/install/robot_localization/lib:/home/user/autorover_ws/install/mavros_extras/lib:/home/user/autorover_ws/install/mavros/lib:/home/user/autorover_ws/install/mavros_msgs/lib:/home/user/autorover_ws/install/libmavconn/lib:/home/user/vision_ws/install/zed_ipc/lib:/home/user/vision_ws/install/zed_topic_benchmark_component/lib:/home/user/vision_ws/install/zed_topic_benchmark_interfaces/lib:/home/user/vision_ws/install/zed_rgb_convert/lib:/home/user/vision_ws/install/zed_aruco_localization/lib:/home/user/vision_ws/install/rviz_plugin_zed_od/lib:/opt/ros/humble/opt/rviz_ogre_vendor/lib:/opt/ros/humble/lib/aarch64-linux-gnu:/opt/ros/humble/lib /usr/bin/cmake --build /home/user/vision_ws/build/zed_ros2 -- -j8 -l8
[6.102s] DEBUG:colcon.colcon_core.event_handler.log_command:Invoked command in '/home/user/vision_ws/build/zed_multi_camera' returned '0': CMAKE_PREFIX_PATH=/home/user/vision_ws/install/zed_wrapper:/home/user/vision_ws/install/zed_components:/home/user/autorover_ws/install/zed_ros2:/home/user/autorover_ws/install/zed_wrapper:/home/user/autorover_ws/install/zed_components:/home/user/autorover_ws/install/robot_localization:/home/user/autorover_ws/install/mavros_extras:/home/user/autorover_ws/install/mavros:/home/user/autorover_ws/install/mavros_msgs:/home/user/autorover_ws/install/libmavconn:/home/user/vision_ws/install/zed_ros2:/home/user/vision_ws/install/zed_robot_integration:/home/user/vision_ws/install/zed_ipc:/home/user/vision_ws/install/zed_multi_camera:/home/user/vision_ws/install/zed_display_rviz2:/home/user/vision_ws/install/zed_depth_to_laserscan:/home/user/vision_ws/install/zed_tutorial_video:/home/user/vision_ws/install/zed_tutorial_pos_tracking:/home/user/vision_ws/install/zed_tutorial_depth:/home/user/vision_ws/install/zed_topic_benchmark:/home/user/vision_ws/install/zed_topic_benchmark_component:/home/user/vision_ws/install/zed_topic_benchmark_interfaces:/home/user/vision_ws/install/zed_rgb_convert:/home/user/vision_ws/install/zed_aruco_localization:/home/user/vision_ws/install/rviz_plugin_zed_od:/home/user/autorover_ws/install/teleop_twist_keyboard:/home/user/autorover_ws/install/autorover_bringup:/opt/ros/humble LD_LIBRARY_PATH=/home/user/vision_ws/install/zed_components/lib:/home/user/autorover_ws/install/zed_components/lib:/home/user/autorover_ws/install/robot_localization/lib:/home/user/autorover_ws/install/mavros_extras/lib:/home/user/autorover_ws/install/mavros/lib:/home/user/autorover_ws/install/mavros_msgs/lib:/home/user/autorover_ws/install/libmavconn/lib:/home/user/vision_ws/install/zed_ipc/lib:/home/user/vision_ws/install/zed_topic_benchmark_component/lib:/home/user/vision_ws/install/zed_topic_benchmark_interfaces/lib:/home/user/vision_ws/install/zed_rgb_convert/lib:/home/user/vision_ws/install/zed_aruco_localization/lib:/home/user/vision_ws/install/rviz_plugin_zed_od/lib:/opt/ros/humble/opt/rviz_ogre_vendor/lib:/opt/ros/humble/lib/aarch64-linux-gnu:/opt/ros/humble/lib /usr/bin/cmake --build /home/user/vision_ws/build/zed_multi_camera -- -j8 -l8
[6.107s] DEBUG:colcon.colcon_core.event_handler.log_command:Invoking command in '/home/user/vision_ws/build/zed_multi_camera': CMAKE_PREFIX_PATH=/home/user/vision_ws/install/zed_wrapper:/home/user/vision_ws/install/zed_components:/home/user/autorover_ws/install/zed_ros2:/home/user/autorover_ws/install/zed_wrapper:/home/user/autorover_ws/install/zed_components:/home/user/autorover_ws/install/robot_localization:/home/user/autorover_ws/install/mavros_extras:/home/user/autorover_ws/install/mavros:/home/user/autorover_ws/install/mavros_msgs:/home/user/autorover_ws/install/libmavconn:/home/user/vision_ws/install/zed_ros2:/home/user/vision_ws/install/zed_robot_integration:/home/user/vision_ws/install/zed_ipc:/home/user/vision_ws/install/zed_multi_camera:/home/user/vision_ws/install/zed_display_rviz2:/home/user/vision_ws/install/zed_depth_to_laserscan:/home/user/vision_ws/install/zed_tutorial_video:/home/user/vision_ws/install/zed_tutorial_pos_tracking:/home/user/vision_ws/install/zed_tutorial_depth:/home/user/vision_ws/install/zed_topic_benchmark:/home/user/vision_ws/install/zed_topic_benchmark_component:/home/user/vision_ws/install/zed_topic_benchmark_interfaces:/home/user/vision_ws/install/zed_rgb_convert:/home/user/vision_ws/install/zed_aruco_localization:/home/user/vision_ws/install/rviz_plugin_zed_od:/home/user/autorover_ws/install/teleop_twist_keyboard:/home/user/autorover_ws/install/autorover_bringup:/opt/ros/humble LD_LIBRARY_PATH=/home/user/vision_ws/install/zed_components/lib:/home/user/autorover_ws/install/zed_components/lib:/home/user/autorover_ws/install/robot_localization/lib:/home/user/autorover_ws/install/mavros_extras/lib:/home/user/autorover_ws/install/mavros/lib:/home/user/autorover_ws/install/mavros_msgs/lib:/home/user/autorover_ws/install/libmavconn/lib:/home/user/vision_ws/install/zed_ipc/lib:/home/user/vision_ws/install/zed_topic_benchmark_component/lib:/home/user/vision_ws/install/zed_topic_benchmark_interfaces/lib:/home/user/vision_ws/install/zed_rgb_convert/lib:/home/user/vision_ws/install/zed_aruco_localization/lib:/home/user/vision_ws/install/rviz_plugin_zed_od/lib:/opt/ros/humble/opt/rviz_ogre_vendor/lib:/opt/ros/humble/lib/aarch64-linux-gnu:/opt/ros/humble/lib /usr/bin/cmake --install /home/user/vision_ws/build/zed_multi_camera
[6.109s] DEBUG:colcon.colcon_core.event_handler.log_command:Invoked command in '/home/user/vision_ws/build/zed_topic_benchmark_component' returned '0': CMAKE_PREFIX_PATH=/home/user/vision_ws/install/zed_topic_benchmark_interfaces:/home/user/autorover_ws/install/zed_ros2:/home/user/autorover_ws/install/zed_wrapper:/home/user/autorover_ws/install/zed_components:/home/user/autorover_ws/install/robot_localization:/home/user/autorover_ws/install/mavros_extras:/home/user/autorover_ws/install/mavros:/home/user/autorover_ws/install/mavros_msgs:/home/user/autorover_ws/install/libmavconn:/home/user/vision_ws/install/zed_ros2:/home/user/vision_ws/install/zed_robot_integration:/home/user/vision_ws/install/zed_ipc:/home/user/vision_ws/install/zed_multi_camera:/home/user/vision_ws/install/zed_display_rviz2:/home/user/vision_ws/install/zed_depth_to_laserscan:/home/user/vision_ws/install/zed_wrapper:/home/user/vision_ws/install/zed_tutorial_video:/home/user/vision_ws/install/zed_tutorial_pos_tracking:/home/user/vision_ws/install/zed_tutorial_depth:/home/user/vision_ws/install/zed_topic_benchmark:/home/user/vision_ws/install/zed_topic_benchmark_component:/home/user/vision_ws/install/zed_rgb_convert:/home/user/vision_ws/install/zed_aruco_localization:/home/user/vision_ws/install/zed_components:/home/user/vision_ws/install/rviz_plugin_zed_od:/home/user/autorover_ws/install/teleop_twist_keyboard:/home/user/autorover_ws/install/autorover_bringup:/opt/ros/humble LD_LIBRARY_PATH=/home/user/vision_ws/install/zed_topic_benchmark_interfaces/lib:/home/user/autorover_ws/install/zed_components/lib:/home/user/autorover_ws/install/robot_localization/lib:/home/user/autorover_ws/install/mavros_extras/lib:/home/user/autorover_ws/install/mavros/lib:/home/user/autorover_ws/install/mavros_msgs/lib:/home/user/autorover_ws/install/libmavconn/lib:/home/user/vision_ws/install/zed_ipc/lib:/home/user/vision_ws/install/zed_topic_benchmark_component/lib:/home/user/vision_ws/install/zed_rgb_convert/lib:/home/user/vision_ws/install/zed_aruco_localization/lib:/home/user/vision_ws/install/zed_components/lib:/home/user/vision_ws/install/rviz_plugin_zed_od/lib:/opt/ros/humble/opt/rviz_ogre_vendor/lib:/opt/ros/humble/lib/aarch64-linux-gnu:/opt/ros/humble/lib /usr/bin/cmake --build /home/user/vision_ws/build/zed_topic_benchmark_component -- -j8 -l8
[6.113s] DEBUG:colcon.colcon_core.event_handler.log_command:Invoking command in '/home/user/vision_ws/build/zed_topic_benchmark_component': CMAKE_PREFIX_PATH=/home/user/vision_ws/install/zed_topic_benchmark_interfaces:/home/user/autorover_ws/install/zed_ros2:/home/user/autorover_ws/install/zed_wrapper:/home/user/autorover_ws/install/zed_components:/home/user/autorover_ws/install/robot_localization:/home/user/autorover_ws/install/mavros_extras:/home/user/autorover_ws/install/mavros:/home/user/autorover_ws/install/mavros_msgs:/home/user/autorover_ws/install/libmavconn:/home/user/vision_ws/install/zed_ros2:/home/user/vision_ws/install/zed_robot_integration:/home/user/vision_ws/install/zed_ipc:/home/user/vision_ws/install/zed_multi_camera:/home/user/vision_ws/install/zed_display_rviz2:/home/user/vision_ws/install/zed_depth_to_laserscan:/home/user/vision_ws/install/zed_wrapper:/home/user/vision_ws/install/zed_tutorial_video:/home/user/vision_ws/install/zed_tutorial_pos_tracking:/home/user/vision_ws/install/zed_tutorial_depth:/home/user/vision_ws/install/zed_topic_benchmark:/home/user/vision_ws/install/zed_topic_benchmark_component:/home/user/vision_ws/install/zed_rgb_convert:/home/user/vision_ws/install/zed_aruco_localization:/home/user/vision_ws/install/zed_components:/home/user/vision_ws/install/rviz_plugin_zed_od:/home/user/autorover_ws/install/teleop_twist_keyboard:/home/user/autorover_ws/install/autorover_bringup:/opt/ros/humble LD_LIBRARY_PATH=/home/user/vision_ws/install/zed_topic_benchmark_interfaces/lib:/home/user/autorover_ws/install/zed_components/lib:/home/user/autorover_ws/install/robot_localization/lib:/home/user/autorover_ws/install/mavros_extras/lib:/home/user/autorover_ws/install/mavros/lib:/home/user/autorover_ws/install/mavros_msgs/lib:/home/user/autorover_ws/install/libmavconn/lib:/home/user/vision_ws/install/zed_ipc/lib:/home/user/vision_ws/install/zed_topic_benchmark_component/lib:/home/user/vision_ws/install/zed_rgb_convert/lib:/home/user/vision_ws/install/zed_aruco_localization/lib:/home/user/vision_ws/install/zed_components/lib:/home/user/vision_ws/install/rviz_plugin_zed_od/lib:/opt/ros/humble/opt/rviz_ogre_vendor/lib:/opt/ros/humble/lib/aarch64-linux-gnu:/opt/ros/humble/lib /usr/bin/cmake --install /home/user/vision_ws/build/zed_topic_benchmark_component
[6.115s] DEBUG:colcon.colcon_core.event_handler.log_command:Invoked command in '/home/user/vision_ws/build/zed_robot_integration' returned '0': CMAKE_PREFIX_PATH=/home/user/vision_ws/install/zed_wrapper:/home/user/vision_ws/install/zed_components:/home/user/autorover_ws/install/zed_ros2:/home/user/autorover_ws/install/zed_wrapper:/home/user/autorover_ws/install/zed_components:/home/user/autorover_ws/install/robot_localization:/home/user/autorover_ws/install/mavros_extras:/home/user/autorover_ws/install/mavros:/home/user/autorover_ws/install/mavros_msgs:/home/user/autorover_ws/install/libmavconn:/home/user/vision_ws/install/zed_ros2:/home/user/vision_ws/install/zed_robot_integration:/home/user/vision_ws/install/zed_ipc:/home/user/vision_ws/install/zed_multi_camera:/home/user/vision_ws/install/zed_display_rviz2:/home/user/vision_ws/install/zed_depth_to_laserscan:/home/user/vision_ws/install/zed_tutorial_video:/home/user/vision_ws/install/zed_tutorial_pos_tracking:/home/user/vision_ws/install/zed_tutorial_depth:/home/user/vision_ws/install/zed_topic_benchmark:/home/user/vision_ws/install/zed_topic_benchmark_component:/home/user/vision_ws/install/zed_topic_benchmark_interfaces:/home/user/vision_ws/install/zed_rgb_convert:/home/user/vision_ws/install/zed_aruco_localization:/home/user/vision_ws/install/rviz_plugin_zed_od:/home/user/autorover_ws/install/teleop_twist_keyboard:/home/user/autorover_ws/install/autorover_bringup:/opt/ros/humble LD_LIBRARY_PATH=/home/user/vision_ws/install/zed_components/lib:/home/user/autorover_ws/install/zed_components/lib:/home/user/autorover_ws/install/robot_localization/lib:/home/user/autorover_ws/install/mavros_extras/lib:/home/user/autorover_ws/install/mavros/lib:/home/user/autorover_ws/install/mavros_msgs/lib:/home/user/autorover_ws/install/libmavconn/lib:/home/user/vision_ws/install/zed_ipc/lib:/home/user/vision_ws/install/zed_topic_benchmark_component/lib:/home/user/vision_ws/install/zed_topic_benchmark_interfaces/lib:/home/user/vision_ws/install/zed_rgb_convert/lib:/home/user/vision_ws/install/zed_aruco_localization/lib:/home/user/vision_ws/install/rviz_plugin_zed_od/lib:/opt/ros/humble/opt/rviz_ogre_vendor/lib:/opt/ros/humble/lib/aarch64-linux-gnu:/opt/ros/humble/lib /usr/bin/cmake --build /home/user/vision_ws/build/zed_robot_integration -- -j8 -l8
[6.118s] DEBUG:colcon.colcon_core.event_handler.log_command:Invoking command in '/home/user/vision_ws/build/zed_robot_integration': CMAKE_PREFIX_PATH=/home/user/vision_ws/install/zed_wrapper:/home/user/vision_ws/install/zed_components:/home/user/autorover_ws/install/zed_ros2:/home/user/autorover_ws/install/zed_wrapper:/home/user/autorover_ws/install/zed_components:/home/user/autorover_ws/install/robot_localization:/home/user/autorover_ws/install/mavros_extras:/home/user/autorover_ws/install/mavros:/home/user/autorover_ws/install/mavros_msgs:/home/user/autorover_ws/install/libmavconn:/home/user/vision_ws/install/zed_ros2:/home/user/vision_ws/install/zed_robot_integration:/home/user/vision_ws/install/zed_ipc:/home/user/vision_ws/install/zed_multi_camera:/home/user/vision_ws/install/zed_display_rviz2:/home/user/vision_ws/install/zed_depth_to_laserscan:/home/user/vision_ws/install/zed_tutorial_video:/home/user/vision_ws/install/zed_tutorial_pos_tracking:/home/user/vision_ws/install/zed_tutorial_depth:/home/user/vision_ws/install/zed_topic_benchmark:/home/user/vision_ws/install/zed_topic_benchmark_component:/home/user/vision_ws/install/zed_topic_benchmark_interfaces:/home/user/vision_ws/install/zed_rgb_convert:/home/user/vision_ws/install/zed_aruco_localization:/home/user/vision_ws/install/rviz_plugin_zed_od:/home/user/autorover_ws/install/teleop_twist_keyboard:/home/user/autorover_ws/install/autorover_bringup:/opt/ros/humble LD_LIBRARY_PATH=/home/user/vision_ws/install/zed_components/lib:/home/user/autorover_ws/install/zed_components/lib:/home/user/autorover_ws/install/robot_localization/lib:/home/user/autorover_ws/install/mavros_extras/lib:/home/user/autorover_ws/install/mavros/lib:/home/user/autorover_ws/install/mavros_msgs/lib:/home/user/autorover_ws/install/libmavconn/lib:/home/user/vision_ws/install/zed_ipc/lib:/home/user/vision_ws/install/zed_topic_benchmark_component/lib:/home/user/vision_ws/install/zed_topic_benchmark_interfaces/lib:/home/user/vision_ws/install/zed_rgb_convert/lib:/home/user/vision_ws/install/zed_aruco_localization/lib:/home/user/vision_ws/install/rviz_plugin_zed_od/lib:/opt/ros/humble/opt/rviz_ogre_vendor/lib:/opt/ros/humble/lib/aarch64-linux-gnu:/opt/ros/humble/lib /usr/bin/cmake --install /home/user/vision_ws/build/zed_robot_integration
[6.153s] DEBUG:colcon.colcon_core.event_handler.log_command:Invoked command in '/home/user/vision_ws/build/zed_display_rviz2' returned '0': CMAKE_PREFIX_PATH=/home/user/vision_ws/install/zed_wrapper:/home/user/vision_ws/install/zed_components:/home/user/autorover_ws/install/zed_ros2:/home/user/autorover_ws/install/zed_wrapper:/home/user/autorover_ws/install/zed_components:/home/user/autorover_ws/install/robot_localization:/home/user/autorover_ws/install/mavros_extras:/home/user/autorover_ws/install/mavros:/home/user/autorover_ws/install/mavros_msgs:/home/user/autorover_ws/install/libmavconn:/home/user/vision_ws/install/zed_ros2:/home/user/vision_ws/install/zed_robot_integration:/home/user/vision_ws/install/zed_ipc:/home/user/vision_ws/install/zed_multi_camera:/home/user/vision_ws/install/zed_display_rviz2:/home/user/vision_ws/install/zed_depth_to_laserscan:/home/user/vision_ws/install/zed_tutorial_video:/home/user/vision_ws/install/zed_tutorial_pos_tracking:/home/user/vision_ws/install/zed_tutorial_depth:/home/user/vision_ws/install/zed_topic_benchmark:/home/user/vision_ws/install/zed_topic_benchmark_component:/home/user/vision_ws/install/zed_topic_benchmark_interfaces:/home/user/vision_ws/install/zed_rgb_convert:/home/user/vision_ws/install/zed_aruco_localization:/home/user/vision_ws/install/rviz_plugin_zed_od:/home/user/autorover_ws/install/teleop_twist_keyboard:/home/user/autorover_ws/install/autorover_bringup:/opt/ros/humble LD_LIBRARY_PATH=/home/user/vision_ws/install/zed_components/lib:/home/user/autorover_ws/install/zed_components/lib:/home/user/autorover_ws/install/robot_localization/lib:/home/user/autorover_ws/install/mavros_extras/lib:/home/user/autorover_ws/install/mavros/lib:/home/user/autorover_ws/install/mavros_msgs/lib:/home/user/autorover_ws/install/libmavconn/lib:/home/user/vision_ws/install/zed_ipc/lib:/home/user/vision_ws/install/zed_topic_benchmark_component/lib:/home/user/vision_ws/install/zed_topic_benchmark_interfaces/lib:/home/user/vision_ws/install/zed_rgb_convert/lib:/home/user/vision_ws/install/zed_aruco_localization/lib:/home/user/vision_ws/install/rviz_plugin_zed_od/lib:/opt/ros/humble/opt/rviz_ogre_vendor/lib:/opt/ros/humble/lib/aarch64-linux-gnu:/opt/ros/humble/lib /usr/bin/cmake --build /home/user/vision_ws/build/zed_display_rviz2 -- -j8 -l8
[6.157s] DEBUG:colcon.colcon_core.event_handler.log_command:Invoking command in '/home/user/vision_ws/build/zed_display_rviz2': CMAKE_PREFIX_PATH=/home/user/vision_ws/install/zed_wrapper:/home/user/vision_ws/install/zed_components:/home/user/autorover_ws/install/zed_ros2:/home/user/autorover_ws/install/zed_wrapper:/home/user/autorover_ws/install/zed_components:/home/user/autorover_ws/install/robot_localization:/home/user/autorover_ws/install/mavros_extras:/home/user/autorover_ws/install/mavros:/home/user/autorover_ws/install/mavros_msgs:/home/user/autorover_ws/install/libmavconn:/home/user/vision_ws/install/zed_ros2:/home/user/vision_ws/install/zed_robot_integration:/home/user/vision_ws/install/zed_ipc:/home/user/vision_ws/install/zed_multi_camera:/home/user/vision_ws/install/zed_display_rviz2:/home/user/vision_ws/install/zed_depth_to_laserscan:/home/user/vision_ws/install/zed_tutorial_video:/home/user/vision_ws/install/zed_tutorial_pos_tracking:/home/user/vision_ws/install/zed_tutorial_depth:/home/user/vision_ws/install/zed_topic_benchmark:/home/user/vision_ws/install/zed_topic_benchmark_component:/home/user/vision_ws/install/zed_topic_benchmark_interfaces:/home/user/vision_ws/install/zed_rgb_convert:/home/user/vision_ws/install/zed_aruco_localization:/home/user/vision_ws/install/rviz_plugin_zed_od:/home/user/autorover_ws/install/teleop_twist_keyboard:/home/user/autorover_ws/install/autorover_bringup:/opt/ros/humble LD_LIBRARY_PATH=/home/user/vision_ws/install/zed_components/lib:/home/user/autorover_ws/install/zed_components/lib:/home/user/autorover_ws/install/robot_localization/lib:/home/user/autorover_ws/install/mavros_extras/lib:/home/user/autorover_ws/install/mavros/lib:/home/user/autorover_ws/install/mavros_msgs/lib:/home/user/autorover_ws/install/libmavconn/lib:/home/user/vision_ws/install/zed_ipc/lib:/home/user/vision_ws/install/zed_topic_benchmark_component/lib:/home/user/vision_ws/install/zed_topic_benchmark_interfaces/lib:/home/user/vision_ws/install/zed_rgb_convert/lib:/home/user/vision_ws/install/zed_aruco_localization/lib:/home/user/vision_ws/install/rviz_plugin_zed_od/lib:/opt/ros/humble/opt/rviz_ogre_vendor/lib:/opt/ros/humble/lib/aarch64-linux-gnu:/opt/ros/humble/lib /usr/bin/cmake --install /home/user/vision_ws/build/zed_display_rviz2
[6.160s] Level 1:colcon.colcon_core.environment:create_environment_scripts_only(zed_multi_camera)
[6.161s] Level 1:colcon.colcon_core.environment:checking '/home/user/vision_ws/install/zed_multi_camera' for CMake module files
[6.163s] DEBUG:colcon.colcon_core.event_handler.log_command:Invoked command in '/home/user/vision_ws/build/zed_multi_camera' returned '0': CMAKE_PREFIX_PATH=/home/user/vision_ws/install/zed_wrapper:/home/user/vision_ws/install/zed_components:/home/user/autorover_ws/install/zed_ros2:/home/user/autorover_ws/install/zed_wrapper:/home/user/autorover_ws/install/zed_components:/home/user/autorover_ws/install/robot_localization:/home/user/autorover_ws/install/mavros_extras:/home/user/autorover_ws/install/mavros:/home/user/autorover_ws/install/mavros_msgs:/home/user/autorover_ws/install/libmavconn:/home/user/vision_ws/install/zed_ros2:/home/user/vision_ws/install/zed_robot_integration:/home/user/vision_ws/install/zed_ipc:/home/user/vision_ws/install/zed_multi_camera:/home/user/vision_ws/install/zed_display_rviz2:/home/user/vision_ws/install/zed_depth_to_laserscan:/home/user/vision_ws/install/zed_tutorial_video:/home/user/vision_ws/install/zed_tutorial_pos_tracking:/home/user/vision_ws/install/zed_tutorial_depth:/home/user/vision_ws/install/zed_topic_benchmark:/home/user/vision_ws/install/zed_topic_benchmark_component:/home/user/vision_ws/install/zed_topic_benchmark_interfaces:/home/user/vision_ws/install/zed_rgb_convert:/home/user/vision_ws/install/zed_aruco_localization:/home/user/vision_ws/install/rviz_plugin_zed_od:/home/user/autorover_ws/install/teleop_twist_keyboard:/home/user/autorover_ws/install/autorover_bringup:/opt/ros/humble LD_LIBRARY_PATH=/home/user/vision_ws/install/zed_components/lib:/home/user/autorover_ws/install/zed_components/lib:/home/user/autorover_ws/install/robot_localization/lib:/home/user/autorover_ws/install/mavros_extras/lib:/home/user/autorover_ws/install/mavros/lib:/home/user/autorover_ws/install/mavros_msgs/lib:/home/user/autorover_ws/install/libmavconn/lib:/home/user/vision_ws/install/zed_ipc/lib:/home/user/vision_ws/install/zed_topic_benchmark_component/lib:/home/user/vision_ws/install/zed_topic_benchmark_interfaces/lib:/home/user/vision_ws/install/zed_rgb_convert/lib:/home/user/vision_ws/install/zed_aruco_localization/lib:/home/user/vision_ws/install/rviz_plugin_zed_od/lib:/opt/ros/humble/opt/rviz_ogre_vendor/lib:/opt/ros/humble/lib/aarch64-linux-gnu:/opt/ros/humble/lib /usr/bin/cmake --install /home/user/vision_ws/build/zed_multi_camera
[6.164s] Level 1:colcon.colcon_core.environment:checking '/home/user/vision_ws/install/zed_multi_camera' for CMake config files
[6.165s] Level 1:colcon.colcon_core.shell:create_environment_hook('zed_multi_camera', 'cmake_prefix_path')
[6.166s] INFO:colcon.colcon_core.shell:Creating environment hook '/home/user/vision_ws/install/zed_multi_camera/share/zed_multi_camera/hook/cmake_prefix_path.ps1'
[6.167s] INFO:colcon.colcon_core.shell:Creating environment descriptor '/home/user/vision_ws/install/zed_multi_camera/share/zed_multi_camera/hook/cmake_prefix_path.dsv'
[6.168s] INFO:colcon.colcon_core.shell:Creating environment hook '/home/user/vision_ws/install/zed_multi_camera/share/zed_multi_camera/hook/cmake_prefix_path.sh'
[6.169s] Level 1:colcon.colcon_core.environment:checking '/home/user/vision_ws/install/zed_multi_camera/bin'
[6.169s] Level 1:colcon.colcon_core.environment:checking '/home/user/vision_ws/install/zed_multi_camera/lib/pkgconfig/zed_multi_camera.pc'
[6.170s] Level 1:colcon.colcon_core.environment:checking '/home/user/vision_ws/install/zed_multi_camera/lib/python3.10/site-packages'
[6.170s] Level 1:colcon.colcon_core.environment:checking '/home/user/vision_ws/install/zed_multi_camera/bin'
[6.171s] INFO:colcon.colcon_core.shell:Creating package script '/home/user/vision_ws/install/zed_multi_camera/share/zed_multi_camera/package.ps1'
[6.172s] INFO:colcon.colcon_core.shell:Creating package descriptor '/home/user/vision_ws/install/zed_multi_camera/share/zed_multi_camera/package.dsv'
[6.173s] INFO:colcon.colcon_core.shell:Creating package script '/home/user/vision_ws/install/zed_multi_camera/share/zed_multi_camera/package.sh'
[6.174s] INFO:colcon.colcon_core.shell:Creating package script '/home/user/vision_ws/install/zed_multi_camera/share/zed_multi_camera/package.bash'
[6.176s] INFO:colcon.colcon_core.shell:Creating package script '/home/user/vision_ws/install/zed_multi_camera/share/zed_multi_camera/package.zsh'
[6.177s] Level 1:colcon.colcon_core.environment:create_file_with_runtime_dependencies(/home/user/vision_ws/install/zed_multi_camera/share/colcon-core/packages/zed_multi_camera)
[6.179s] Level 1:colcon.colcon_core.environment:create_environment_scripts_only(zed_multi_camera)
[6.180s] Level 1:colcon.colcon_core.environment:checking '/home/user/vision_ws/install/zed_multi_camera' for CMake module files
[6.182s] Level 1:colcon.colcon_core.environment:checking '/home/user/vision_ws/install/zed_multi_camera' for CMake config files
[6.182s] Level 1:colcon.colcon_core.shell:create_environment_hook('zed_multi_camera', 'cmake_prefix_path')
[6.182s] INFO:colcon.colcon_core.shell:Creating environment hook '/home/user/vision_ws/install/zed_multi_camera/share/zed_multi_camera/hook/cmake_prefix_path.ps1'
[6.183s] INFO:colcon.colcon_core.shell:Creating environment descriptor '/home/user/vision_ws/install/zed_multi_camera/share/zed_multi_camera/hook/cmake_prefix_path.dsv'
[6.184s] INFO:colcon.colcon_core.shell:Creating environment hook '/home/user/vision_ws/install/zed_multi_camera/share/zed_multi_camera/hook/cmake_prefix_path.sh'
[6.185s] Level 1:colcon.colcon_core.environment:checking '/home/user/vision_ws/install/zed_multi_camera/bin'
[6.185s] Level 1:colcon.colcon_core.environment:checking '/home/user/vision_ws/install/zed_multi_camera/lib/pkgconfig/zed_multi_camera.pc'
[6.186s] Level 1:colcon.colcon_core.environment:checking '/home/user/vision_ws/install/zed_multi_camera/lib/python3.10/site-packages'
[6.186s] Level 1:colcon.colcon_core.environment:checking '/home/user/vision_ws/install/zed_multi_camera/bin'
[6.187s] INFO:colcon.colcon_core.shell:Creating package script '/home/user/vision_ws/install/zed_multi_camera/share/zed_multi_camera/package.ps1'
[6.188s] INFO:colcon.colcon_core.shell:Creating package descriptor '/home/user/vision_ws/install/zed_multi_camera/share/zed_multi_camera/package.dsv'
[6.189s] INFO:colcon.colcon_core.shell:Creating package script '/home/user/vision_ws/install/zed_multi_camera/share/zed_multi_camera/package.sh'
[6.190s] INFO:colcon.colcon_core.shell:Creating package script '/home/user/vision_ws/install/zed_multi_camera/share/zed_multi_camera/package.bash'
[6.190s] INFO:colcon.colcon_core.shell:Creating package script '/home/user/vision_ws/install/zed_multi_camera/share/zed_multi_camera/package.zsh'
[6.191s] Level 1:colcon.colcon_core.environment:create_file_with_runtime_dependencies(/home/user/vision_ws/install/zed_multi_camera/share/colcon-core/packages/zed_multi_camera)
[6.193s] INFO:colcon.colcon_ros.task.ament_cmake.build:Building ROS package in '/home/user/vision_ws/src/zed-ros2-examples/tutorials/zed_ipc' with build type 'ament_cmake'
[6.193s] INFO:colcon.colcon_cmake.task.cmake.build:Building CMake package in '/home/user/vision_ws/src/zed-ros2-examples/tutorials/zed_ipc'
[6.193s] INFO:colcon.colcon_core.shell:Skip shell extension 'powershell' for command environment: Not usable outside of PowerShell
[6.194s] DEBUG:colcon.colcon_core.shell:Skip shell extension 'dsv' for command environment
[6.210s] DEBUG:colcon.colcon_core.event_handler.log_command:Invoked command in '/home/user/vision_ws/build/zed_ros2' returned '0': CMAKE_PREFIX_PATH=/home/user/vision_ws/install/zed_wrapper:/home/user/vision_ws/install/zed_components:/home/user/autorover_ws/install/zed_ros2:/home/user/autorover_ws/install/zed_wrapper:/home/user/autorover_ws/install/zed_components:/home/user/autorover_ws/install/robot_localization:/home/user/autorover_ws/install/mavros_extras:/home/user/autorover_ws/install/mavros:/home/user/autorover_ws/install/mavros_msgs:/home/user/autorover_ws/install/libmavconn:/home/user/vision_ws/install/zed_ros2:/home/user/vision_ws/install/zed_robot_integration:/home/user/vision_ws/install/zed_ipc:/home/user/vision_ws/install/zed_multi_camera:/home/user/vision_ws/install/zed_display_rviz2:/home/user/vision_ws/install/zed_depth_to_laserscan:/home/user/vision_ws/install/zed_tutorial_video:/home/user/vision_ws/install/zed_tutorial_pos_tracking:/home/user/vision_ws/install/zed_tutorial_depth:/home/user/vision_ws/install/zed_topic_benchmark:/home/user/vision_ws/install/zed_topic_benchmark_component:/home/user/vision_ws/install/zed_topic_benchmark_interfaces:/home/user/vision_ws/install/zed_rgb_convert:/home/user/vision_ws/install/zed_aruco_localization:/home/user/vision_ws/install/rviz_plugin_zed_od:/home/user/autorover_ws/install/teleop_twist_keyboard:/home/user/autorover_ws/install/autorover_bringup:/opt/ros/humble LD_LIBRARY_PATH=/home/user/vision_ws/install/zed_components/lib:/home/user/autorover_ws/install/zed_components/lib:/home/user/autorover_ws/install/robot_localization/lib:/home/user/autorover_ws/install/mavros_extras/lib:/home/user/autorover_ws/install/mavros/lib:/home/user/autorover_ws/install/mavros_msgs/lib:/home/user/autorover_ws/install/libmavconn/lib:/home/user/vision_ws/install/zed_ipc/lib:/home/user/vision_ws/install/zed_topic_benchmark_component/lib:/home/user/vision_ws/install/zed_topic_benchmark_interfaces/lib:/home/user/vision_ws/install/zed_rgb_convert/lib:/home/user/vision_ws/install/zed_aruco_localization/lib:/home/user/vision_ws/install/rviz_plugin_zed_od/lib:/opt/ros/humble/opt/rviz_ogre_vendor/lib:/opt/ros/humble/lib/aarch64-linux-gnu:/opt/ros/humble/lib /usr/bin/cmake --build /home/user/vision_ws/build/zed_ros2 -- -j8 -l8
[6.214s] DEBUG:colcon.colcon_core.event_handler.log_command:Invoking command in '/home/user/vision_ws/build/zed_ros2': CMAKE_PREFIX_PATH=/home/user/vision_ws/install/zed_wrapper:/home/user/vision_ws/install/zed_components:/home/user/autorover_ws/install/zed_ros2:/home/user/autorover_ws/install/zed_wrapper:/home/user/autorover_ws/install/zed_components:/home/user/autorover_ws/install/robot_localization:/home/user/autorover_ws/install/mavros_extras:/home/user/autorover_ws/install/mavros:/home/user/autorover_ws/install/mavros_msgs:/home/user/autorover_ws/install/libmavconn:/home/user/vision_ws/install/zed_ros2:/home/user/vision_ws/install/zed_robot_integration:/home/user/vision_ws/install/zed_ipc:/home/user/vision_ws/install/zed_multi_camera:/home/user/vision_ws/install/zed_display_rviz2:/home/user/vision_ws/install/zed_depth_to_laserscan:/home/user/vision_ws/install/zed_tutorial_video:/home/user/vision_ws/install/zed_tutorial_pos_tracking:/home/user/vision_ws/install/zed_tutorial_depth:/home/user/vision_ws/install/zed_topic_benchmark:/home/user/vision_ws/install/zed_topic_benchmark_component:/home/user/vision_ws/install/zed_topic_benchmark_interfaces:/home/user/vision_ws/install/zed_rgb_convert:/home/user/vision_ws/install/zed_aruco_localization:/home/user/vision_ws/install/rviz_plugin_zed_od:/home/user/autorover_ws/install/teleop_twist_keyboard:/home/user/autorover_ws/install/autorover_bringup:/opt/ros/humble LD_LIBRARY_PATH=/home/user/vision_ws/install/zed_components/lib:/home/user/autorover_ws/install/zed_components/lib:/home/user/autorover_ws/install/robot_localization/lib:/home/user/autorover_ws/install/mavros_extras/lib:/home/user/autorover_ws/install/mavros/lib:/home/user/autorover_ws/install/mavros_msgs/lib:/home/user/autorover_ws/install/libmavconn/lib:/home/user/vision_ws/install/zed_ipc/lib:/home/user/vision_ws/install/zed_topic_benchmark_component/lib:/home/user/vision_ws/install/zed_topic_benchmark_interfaces/lib:/home/user/vision_ws/install/zed_rgb_convert/lib:/home/user/vision_ws/install/zed_aruco_localization/lib:/home/user/vision_ws/install/rviz_plugin_zed_od/lib:/opt/ros/humble/opt/rviz_ogre_vendor/lib:/opt/ros/humble/lib/aarch64-linux-gnu:/opt/ros/humble/lib /usr/bin/cmake --install /home/user/vision_ws/build/zed_ros2
[6.216s] Level 1:colcon.colcon_core.environment:create_environment_scripts_only(zed_topic_benchmark_component)
[6.217s] Level 1:colcon.colcon_core.environment:checking '/home/user/vision_ws/install/zed_topic_benchmark_component' for CMake module files
[6.218s] DEBUG:colcon.colcon_core.event_handler.log_command:Invoked command in '/home/user/vision_ws/build/zed_topic_benchmark_component' returned '0': CMAKE_PREFIX_PATH=/home/user/vision_ws/install/zed_topic_benchmark_interfaces:/home/user/autorover_ws/install/zed_ros2:/home/user/autorover_ws/install/zed_wrapper:/home/user/autorover_ws/install/zed_components:/home/user/autorover_ws/install/robot_localization:/home/user/autorover_ws/install/mavros_extras:/home/user/autorover_ws/install/mavros:/home/user/autorover_ws/install/mavros_msgs:/home/user/autorover_ws/install/libmavconn:/home/user/vision_ws/install/zed_ros2:/home/user/vision_ws/install/zed_robot_integration:/home/user/vision_ws/install/zed_ipc:/home/user/vision_ws/install/zed_multi_camera:/home/user/vision_ws/install/zed_display_rviz2:/home/user/vision_ws/install/zed_depth_to_laserscan:/home/user/vision_ws/install/zed_wrapper:/home/user/vision_ws/install/zed_tutorial_video:/home/user/vision_ws/install/zed_tutorial_pos_tracking:/home/user/vision_ws/install/zed_tutorial_depth:/home/user/vision_ws/install/zed_topic_benchmark:/home/user/vision_ws/install/zed_topic_benchmark_component:/home/user/vision_ws/install/zed_rgb_convert:/home/user/vision_ws/install/zed_aruco_localization:/home/user/vision_ws/install/zed_components:/home/user/vision_ws/install/rviz_plugin_zed_od:/home/user/autorover_ws/install/teleop_twist_keyboard:/home/user/autorover_ws/install/autorover_bringup:/opt/ros/humble LD_LIBRARY_PATH=/home/user/vision_ws/install/zed_topic_benchmark_interfaces/lib:/home/user/autorover_ws/install/zed_components/lib:/home/user/autorover_ws/install/robot_localization/lib:/home/user/autorover_ws/install/mavros_extras/lib:/home/user/autorover_ws/install/mavros/lib:/home/user/autorover_ws/install/mavros_msgs/lib:/home/user/autorover_ws/install/libmavconn/lib:/home/user/vision_ws/install/zed_ipc/lib:/home/user/vision_ws/install/zed_topic_benchmark_component/lib:/home/user/vision_ws/install/zed_rgb_convert/lib:/home/user/vision_ws/install/zed_aruco_localization/lib:/home/user/vision_ws/install/zed_components/lib:/home/user/vision_ws/install/rviz_plugin_zed_od/lib:/opt/ros/humble/opt/rviz_ogre_vendor/lib:/opt/ros/humble/lib/aarch64-linux-gnu:/opt/ros/humble/lib /usr/bin/cmake --install /home/user/vision_ws/build/zed_topic_benchmark_component
[6.219s] Level 1:colcon.colcon_core.environment:checking '/home/user/vision_ws/install/zed_topic_benchmark_component' for CMake config files
[6.220s] Level 1:colcon.colcon_core.shell:create_environment_hook('zed_topic_benchmark_component', 'cmake_prefix_path')
[6.221s] INFO:colcon.colcon_core.shell:Creating environment hook '/home/user/vision_ws/install/zed_topic_benchmark_component/share/zed_topic_benchmark_component/hook/cmake_prefix_path.ps1'
[6.223s] INFO:colcon.colcon_core.shell:Creating environment descriptor '/home/user/vision_ws/install/zed_topic_benchmark_component/share/zed_topic_benchmark_component/hook/cmake_prefix_path.dsv'
[6.224s] INFO:colcon.colcon_core.shell:Creating environment hook '/home/user/vision_ws/install/zed_topic_benchmark_component/share/zed_topic_benchmark_component/hook/cmake_prefix_path.sh'
[6.226s] Level 1:colcon.colcon_core.environment:checking '/home/user/vision_ws/install/zed_topic_benchmark_component/lib'
[6.226s] Level 1:colcon.colcon_core.shell:create_environment_hook('zed_topic_benchmark_component', 'ld_library_path_lib')
[6.227s] INFO:colcon.colcon_core.shell:Creating environment hook '/home/user/vision_ws/install/zed_topic_benchmark_component/share/zed_topic_benchmark_component/hook/ld_library_path_lib.ps1'
[6.228s] INFO:colcon.colcon_core.shell:Creating environment descriptor '/home/user/vision_ws/install/zed_topic_benchmark_component/share/zed_topic_benchmark_component/hook/ld_library_path_lib.dsv'
[6.230s] INFO:colcon.colcon_core.shell:Creating environment hook '/home/user/vision_ws/install/zed_topic_benchmark_component/share/zed_topic_benchmark_component/hook/ld_library_path_lib.sh'
[6.232s] Level 1:colcon.colcon_core.environment:checking '/home/user/vision_ws/install/zed_topic_benchmark_component/bin'
[6.232s] Level 1:colcon.colcon_core.environment:checking '/home/user/vision_ws/install/zed_topic_benchmark_component/lib/pkgconfig/zed_topic_benchmark_component.pc'
[6.232s] Level 1:colcon.colcon_core.environment:checking '/home/user/vision_ws/install/zed_topic_benchmark_component/lib/python3.10/site-packages'
[6.233s] Level 1:colcon.colcon_core.environment:checking '/home/user/vision_ws/install/zed_topic_benchmark_component/bin'
[6.234s] INFO:colcon.colcon_core.shell:Creating package script '/home/user/vision_ws/install/zed_topic_benchmark_component/share/zed_topic_benchmark_component/package.ps1'
[6.236s] INFO:colcon.colcon_core.shell:Creating package descriptor '/home/user/vision_ws/install/zed_topic_benchmark_component/share/zed_topic_benchmark_component/package.dsv'
[6.237s] INFO:colcon.colcon_core.shell:Creating package script '/home/user/vision_ws/install/zed_topic_benchmark_component/share/zed_topic_benchmark_component/package.sh'
[6.238s] INFO:colcon.colcon_core.shell:Creating package script '/home/user/vision_ws/install/zed_topic_benchmark_component/share/zed_topic_benchmark_component/package.bash'
[6.239s] INFO:colcon.colcon_core.shell:Creating package script '/home/user/vision_ws/install/zed_topic_benchmark_component/share/zed_topic_benchmark_component/package.zsh'
[6.240s] Level 1:colcon.colcon_core.environment:create_file_with_runtime_dependencies(/home/user/vision_ws/install/zed_topic_benchmark_component/share/colcon-core/packages/zed_topic_benchmark_component)
[6.241s] Level 1:colcon.colcon_core.environment:create_environment_scripts_only(zed_topic_benchmark_component)
[6.242s] Level 1:colcon.colcon_core.environment:checking '/home/user/vision_ws/install/zed_topic_benchmark_component' for CMake module files
[6.243s] Level 1:colcon.colcon_core.environment:checking '/home/user/vision_ws/install/zed_topic_benchmark_component' for CMake config files
[6.244s] Level 1:colcon.colcon_core.shell:create_environment_hook('zed_topic_benchmark_component', 'cmake_prefix_path')
[6.244s] INFO:colcon.colcon_core.shell:Creating environment hook '/home/user/vision_ws/install/zed_topic_benchmark_component/share/zed_topic_benchmark_component/hook/cmake_prefix_path.ps1'
[6.245s] INFO:colcon.colcon_core.shell:Creating environment descriptor '/home/user/vision_ws/install/zed_topic_benchmark_component/share/zed_topic_benchmark_component/hook/cmake_prefix_path.dsv'
[6.246s] INFO:colcon.colcon_core.shell:Creating environment hook '/home/user/vision_ws/install/zed_topic_benchmark_component/share/zed_topic_benchmark_component/hook/cmake_prefix_path.sh'
[6.248s] Level 1:colcon.colcon_core.environment:checking '/home/user/vision_ws/install/zed_topic_benchmark_component/lib'
[6.248s] Level 1:colcon.colcon_core.shell:create_environment_hook('zed_topic_benchmark_component', 'ld_library_path_lib')
[6.248s] INFO:colcon.colcon_core.shell:Creating environment hook '/home/user/vision_ws/install/zed_topic_benchmark_component/share/zed_topic_benchmark_component/hook/ld_library_path_lib.ps1'
[6.249s] INFO:colcon.colcon_core.shell:Creating environment descriptor '/home/user/vision_ws/install/zed_topic_benchmark_component/share/zed_topic_benchmark_component/hook/ld_library_path_lib.dsv'
[6.250s] INFO:colcon.colcon_core.shell:Creating environment hook '/home/user/vision_ws/install/zed_topic_benchmark_component/share/zed_topic_benchmark_component/hook/ld_library_path_lib.sh'
[6.251s] Level 1:colcon.colcon_core.environment:checking '/home/user/vision_ws/install/zed_topic_benchmark_component/bin'
[6.251s] Level 1:colcon.colcon_core.environment:checking '/home/user/vision_ws/install/zed_topic_benchmark_component/lib/pkgconfig/zed_topic_benchmark_component.pc'
[6.251s] Level 1:colcon.colcon_core.environment:checking '/home/user/vision_ws/install/zed_topic_benchmark_component/lib/python3.10/site-packages'
[6.252s] Level 1:colcon.colcon_core.environment:checking '/home/user/vision_ws/install/zed_topic_benchmark_component/bin'
[6.252s] INFO:colcon.colcon_core.shell:Creating package script '/home/user/vision_ws/install/zed_topic_benchmark_component/share/zed_topic_benchmark_component/package.ps1'
[6.254s] INFO:colcon.colcon_core.shell:Creating package descriptor '/home/user/vision_ws/install/zed_topic_benchmark_component/share/zed_topic_benchmark_component/package.dsv'
[6.255s] INFO:colcon.colcon_core.shell:Creating package script '/home/user/vision_ws/install/zed_topic_benchmark_component/share/zed_topic_benchmark_component/package.sh'
[6.256s] INFO:colcon.colcon_core.shell:Creating package script '/home/user/vision_ws/install/zed_topic_benchmark_component/share/zed_topic_benchmark_component/package.bash'
[6.257s] INFO:colcon.colcon_core.shell:Creating package script '/home/user/vision_ws/install/zed_topic_benchmark_component/share/zed_topic_benchmark_component/package.zsh'
[6.258s] Level 1:colcon.colcon_core.environment:create_file_with_runtime_dependencies(/home/user/vision_ws/install/zed_topic_benchmark_component/share/colcon-core/packages/zed_topic_benchmark_component)
[6.258s] Level 1:colcon.colcon_core.environment:create_environment_scripts_only(zed_robot_integration)
[6.259s] Level 1:colcon.colcon_core.environment:checking '/home/user/vision_ws/install/zed_robot_integration' for CMake module files
[6.261s] DEBUG:colcon.colcon_core.event_handler.log_command:Invoked command in '/home/user/vision_ws/build/zed_robot_integration' returned '0': CMAKE_PREFIX_PATH=/home/user/vision_ws/install/zed_wrapper:/home/user/vision_ws/install/zed_components:/home/user/autorover_ws/install/zed_ros2:/home/user/autorover_ws/install/zed_wrapper:/home/user/autorover_ws/install/zed_components:/home/user/autorover_ws/install/robot_localization:/home/user/autorover_ws/install/mavros_extras:/home/user/autorover_ws/install/mavros:/home/user/autorover_ws/install/mavros_msgs:/home/user/autorover_ws/install/libmavconn:/home/user/vision_ws/install/zed_ros2:/home/user/vision_ws/install/zed_robot_integration:/home/user/vision_ws/install/zed_ipc:/home/user/vision_ws/install/zed_multi_camera:/home/user/vision_ws/install/zed_display_rviz2:/home/user/vision_ws/install/zed_depth_to_laserscan:/home/user/vision_ws/install/zed_tutorial_video:/home/user/vision_ws/install/zed_tutorial_pos_tracking:/home/user/vision_ws/install/zed_tutorial_depth:/home/user/vision_ws/install/zed_topic_benchmark:/home/user/vision_ws/install/zed_topic_benchmark_component:/home/user/vision_ws/install/zed_topic_benchmark_interfaces:/home/user/vision_ws/install/zed_rgb_convert:/home/user/vision_ws/install/zed_aruco_localization:/home/user/vision_ws/install/rviz_plugin_zed_od:/home/user/autorover_ws/install/teleop_twist_keyboard:/home/user/autorover_ws/install/autorover_bringup:/opt/ros/humble LD_LIBRARY_PATH=/home/user/vision_ws/install/zed_components/lib:/home/user/autorover_ws/install/zed_components/lib:/home/user/autorover_ws/install/robot_localization/lib:/home/user/autorover_ws/install/mavros_extras/lib:/home/user/autorover_ws/install/mavros/lib:/home/user/autorover_ws/install/mavros_msgs/lib:/home/user/autorover_ws/install/libmavconn/lib:/home/user/vision_ws/install/zed_ipc/lib:/home/user/vision_ws/install/zed_topic_benchmark_component/lib:/home/user/vision_ws/install/zed_topic_benchmark_interfaces/lib:/home/user/vision_ws/install/zed_rgb_convert/lib:/home/user/vision_ws/install/zed_aruco_localization/lib:/home/user/vision_ws/install/rviz_plugin_zed_od/lib:/opt/ros/humble/opt/rviz_ogre_vendor/lib:/opt/ros/humble/lib/aarch64-linux-gnu:/opt/ros/humble/lib /usr/bin/cmake --install /home/user/vision_ws/build/zed_robot_integration
[6.261s] Level 1:colcon.colcon_core.environment:checking '/home/user/vision_ws/install/zed_robot_integration' for CMake config files
[6.262s] Level 1:colcon.colcon_core.shell:create_environment_hook('zed_robot_integration', 'cmake_prefix_path')
[6.262s] INFO:colcon.colcon_core.shell:Creating environment hook '/home/user/vision_ws/install/zed_robot_integration/share/zed_robot_integration/hook/cmake_prefix_path.ps1'
[6.263s] INFO:colcon.colcon_core.shell:Creating environment descriptor '/home/user/vision_ws/install/zed_robot_integration/share/zed_robot_integration/hook/cmake_prefix_path.dsv'
[6.264s] INFO:colcon.colcon_core.shell:Creating environment hook '/home/user/vision_ws/install/zed_robot_integration/share/zed_robot_integration/hook/cmake_prefix_path.sh'
[6.265s] Level 1:colcon.colcon_core.environment:checking '/home/user/vision_ws/install/zed_robot_integration/bin'
[6.265s] Level 1:colcon.colcon_core.environment:checking '/home/user/vision_ws/install/zed_robot_integration/lib/pkgconfig/zed_robot_integration.pc'
[6.266s] Level 1:colcon.colcon_core.environment:checking '/home/user/vision_ws/install/zed_robot_integration/lib/python3.10/site-packages'
[6.266s] Level 1:colcon.colcon_core.environment:checking '/home/user/vision_ws/install/zed_robot_integration/bin'
[6.267s] INFO:colcon.colcon_core.shell:Creating package script '/home/user/vision_ws/install/zed_robot_integration/share/zed_robot_integration/package.ps1'
[6.267s] INFO:colcon.colcon_core.shell:Creating package descriptor '/home/user/vision_ws/install/zed_robot_integration/share/zed_robot_integration/package.dsv'
[6.268s] INFO:colcon.colcon_core.shell:Creating package script '/home/user/vision_ws/install/zed_robot_integration/share/zed_robot_integration/package.sh'
[6.269s] INFO:colcon.colcon_core.shell:Creating package script '/home/user/vision_ws/install/zed_robot_integration/share/zed_robot_integration/package.bash'
[6.270s] INFO:colcon.colcon_core.shell:Creating package script '/home/user/vision_ws/install/zed_robot_integration/share/zed_robot_integration/package.zsh'
[6.271s] Level 1:colcon.colcon_core.environment:create_file_with_runtime_dependencies(/home/user/vision_ws/install/zed_robot_integration/share/colcon-core/packages/zed_robot_integration)
[6.273s] Level 1:colcon.colcon_core.environment:create_environment_scripts_only(zed_robot_integration)
[6.273s] Level 1:colcon.colcon_core.environment:checking '/home/user/vision_ws/install/zed_robot_integration' for CMake module files
[6.274s] Level 1:colcon.colcon_core.environment:checking '/home/user/vision_ws/install/zed_robot_integration' for CMake config files
[6.275s] Level 1:colcon.colcon_core.shell:create_environment_hook('zed_robot_integration', 'cmake_prefix_path')
[6.275s] INFO:colcon.colcon_core.shell:Creating environment hook '/home/user/vision_ws/install/zed_robot_integration/share/zed_robot_integration/hook/cmake_prefix_path.ps1'
[6.276s] INFO:colcon.colcon_core.shell:Creating environment descriptor '/home/user/vision_ws/install/zed_robot_integration/share/zed_robot_integration/hook/cmake_prefix_path.dsv'
[6.277s] INFO:colcon.colcon_core.shell:Creating environment hook '/home/user/vision_ws/install/zed_robot_integration/share/zed_robot_integration/hook/cmake_prefix_path.sh'
[6.279s] Level 1:colcon.colcon_core.environment:checking '/home/user/vision_ws/install/zed_robot_integration/bin'
[6.279s] Level 1:colcon.colcon_core.environment:checking '/home/user/vision_ws/install/zed_robot_integration/lib/pkgconfig/zed_robot_integration.pc'
[6.280s] Level 1:colcon.colcon_core.environment:checking '/home/user/vision_ws/install/zed_robot_integration/lib/python3.10/site-packages'
[6.281s] Level 1:colcon.colcon_core.environment:checking '/home/user/vision_ws/install/zed_robot_integration/bin'
[6.281s] INFO:colcon.colcon_core.shell:Creating package script '/home/user/vision_ws/install/zed_robot_integration/share/zed_robot_integration/package.ps1'
[6.283s] INFO:colcon.colcon_core.shell:Creating package descriptor '/home/user/vision_ws/install/zed_robot_integration/share/zed_robot_integration/package.dsv'
[6.284s] INFO:colcon.colcon_core.shell:Creating package script '/home/user/vision_ws/install/zed_robot_integration/share/zed_robot_integration/package.sh'
[6.285s] INFO:colcon.colcon_core.shell:Creating package script '/home/user/vision_ws/install/zed_robot_integration/share/zed_robot_integration/package.bash'
[6.286s] INFO:colcon.colcon_core.shell:Creating package script '/home/user/vision_ws/install/zed_robot_integration/share/zed_robot_integration/package.zsh'
[6.287s] Level 1:colcon.colcon_core.environment:create_file_with_runtime_dependencies(/home/user/vision_ws/install/zed_robot_integration/share/colcon-core/packages/zed_robot_integration)
[6.289s] INFO:colcon.colcon_ros.task.ament_cmake.build:Building ROS package in '/home/user/vision_ws/src/zed-ros2-examples/tools/zed_benchmark' with build type 'ament_cmake'
[6.290s] INFO:colcon.colcon_cmake.task.cmake.build:Building CMake package in '/home/user/vision_ws/src/zed-ros2-examples/tools/zed_benchmark'
[6.290s] INFO:colcon.colcon_core.shell:Skip shell extension 'powershell' for command environment: Not usable outside of PowerShell
[6.290s] DEBUG:colcon.colcon_core.shell:Skip shell extension 'dsv' for command environment
[6.302s] Level 1:colcon.colcon_core.environment:create_environment_scripts_only(zed_display_rviz2)
[6.302s] Level 1:colcon.colcon_core.environment:checking '/home/user/vision_ws/install/zed_display_rviz2' for CMake module files
[6.303s] DEBUG:colcon.colcon_core.event_handler.log_command:Invoked command in '/home/user/vision_ws/build/zed_display_rviz2' returned '0': CMAKE_PREFIX_PATH=/home/user/vision_ws/install/zed_wrapper:/home/user/vision_ws/install/zed_components:/home/user/autorover_ws/install/zed_ros2:/home/user/autorover_ws/install/zed_wrapper:/home/user/autorover_ws/install/zed_components:/home/user/autorover_ws/install/robot_localization:/home/user/autorover_ws/install/mavros_extras:/home/user/autorover_ws/install/mavros:/home/user/autorover_ws/install/mavros_msgs:/home/user/autorover_ws/install/libmavconn:/home/user/vision_ws/install/zed_ros2:/home/user/vision_ws/install/zed_robot_integration:/home/user/vision_ws/install/zed_ipc:/home/user/vision_ws/install/zed_multi_camera:/home/user/vision_ws/install/zed_display_rviz2:/home/user/vision_ws/install/zed_depth_to_laserscan:/home/user/vision_ws/install/zed_tutorial_video:/home/user/vision_ws/install/zed_tutorial_pos_tracking:/home/user/vision_ws/install/zed_tutorial_depth:/home/user/vision_ws/install/zed_topic_benchmark:/home/user/vision_ws/install/zed_topic_benchmark_component:/home/user/vision_ws/install/zed_topic_benchmark_interfaces:/home/user/vision_ws/install/zed_rgb_convert:/home/user/vision_ws/install/zed_aruco_localization:/home/user/vision_ws/install/rviz_plugin_zed_od:/home/user/autorover_ws/install/teleop_twist_keyboard:/home/user/autorover_ws/install/autorover_bringup:/opt/ros/humble LD_LIBRARY_PATH=/home/user/vision_ws/install/zed_components/lib:/home/user/autorover_ws/install/zed_components/lib:/home/user/autorover_ws/install/robot_localization/lib:/home/user/autorover_ws/install/mavros_extras/lib:/home/user/autorover_ws/install/mavros/lib:/home/user/autorover_ws/install/mavros_msgs/lib:/home/user/autorover_ws/install/libmavconn/lib:/home/user/vision_ws/install/zed_ipc/lib:/home/user/vision_ws/install/zed_topic_benchmark_component/lib:/home/user/vision_ws/install/zed_topic_benchmark_interfaces/lib:/home/user/vision_ws/install/zed_rgb_convert/lib:/home/user/vision_ws/install/zed_aruco_localization/lib:/home/user/vision_ws/install/rviz_plugin_zed_od/lib:/opt/ros/humble/opt/rviz_ogre_vendor/lib:/opt/ros/humble/lib/aarch64-linux-gnu:/opt/ros/humble/lib /usr/bin/cmake --install /home/user/vision_ws/build/zed_display_rviz2
[6.304s] Level 1:colcon.colcon_core.environment:checking '/home/user/vision_ws/install/zed_display_rviz2' for CMake config files
[6.305s] Level 1:colcon.colcon_core.shell:create_environment_hook('zed_display_rviz2', 'cmake_prefix_path')
[6.305s] INFO:colcon.colcon_core.shell:Creating environment hook '/home/user/vision_ws/install/zed_display_rviz2/share/zed_display_rviz2/hook/cmake_prefix_path.ps1'
[6.306s] INFO:colcon.colcon_core.shell:Creating environment descriptor '/home/user/vision_ws/install/zed_display_rviz2/share/zed_display_rviz2/hook/cmake_prefix_path.dsv'
[6.307s] INFO:colcon.colcon_core.shell:Creating environment hook '/home/user/vision_ws/install/zed_display_rviz2/share/zed_display_rviz2/hook/cmake_prefix_path.sh'
[6.308s] Level 1:colcon.colcon_core.environment:checking '/home/user/vision_ws/install/zed_display_rviz2/bin'
[6.308s] Level 1:colcon.colcon_core.environment:checking '/home/user/vision_ws/install/zed_display_rviz2/lib/pkgconfig/zed_display_rviz2.pc'
[6.309s] Level 1:colcon.colcon_core.environment:checking '/home/user/vision_ws/install/zed_display_rviz2/lib/python3.10/site-packages'
[6.309s] Level 1:colcon.colcon_core.environment:checking '/home/user/vision_ws/install/zed_display_rviz2/bin'
[6.310s] INFO:colcon.colcon_core.shell:Creating package script '/home/user/vision_ws/install/zed_display_rviz2/share/zed_display_rviz2/package.ps1'
[6.311s] INFO:colcon.colcon_core.shell:Creating package descriptor '/home/user/vision_ws/install/zed_display_rviz2/share/zed_display_rviz2/package.dsv'
[6.311s] INFO:colcon.colcon_core.shell:Creating package script '/home/user/vision_ws/install/zed_display_rviz2/share/zed_display_rviz2/package.sh'
[6.312s] INFO:colcon.colcon_core.shell:Creating package script '/home/user/vision_ws/install/zed_display_rviz2/share/zed_display_rviz2/package.bash'
[6.313s] INFO:colcon.colcon_core.shell:Creating package script '/home/user/vision_ws/install/zed_display_rviz2/share/zed_display_rviz2/package.zsh'
[6.314s] Level 1:colcon.colcon_core.environment:create_file_with_runtime_dependencies(/home/user/vision_ws/install/zed_display_rviz2/share/colcon-core/packages/zed_display_rviz2)
[6.315s] Level 1:colcon.colcon_core.environment:create_environment_scripts_only(zed_display_rviz2)
[6.315s] Level 1:colcon.colcon_core.environment:checking '/home/user/vision_ws/install/zed_display_rviz2' for CMake module files
[6.316s] Level 1:colcon.colcon_core.environment:checking '/home/user/vision_ws/install/zed_display_rviz2' for CMake config files
[6.317s] Level 1:colcon.colcon_core.shell:create_environment_hook('zed_display_rviz2', 'cmake_prefix_path')
[6.317s] INFO:colcon.colcon_core.shell:Creating environment hook '/home/user/vision_ws/install/zed_display_rviz2/share/zed_display_rviz2/hook/cmake_prefix_path.ps1'
[6.318s] INFO:colcon.colcon_core.shell:Creating environment descriptor '/home/user/vision_ws/install/zed_display_rviz2/share/zed_display_rviz2/hook/cmake_prefix_path.dsv'
[6.319s] INFO:colcon.colcon_core.shell:Creating environment hook '/home/user/vision_ws/install/zed_display_rviz2/share/zed_display_rviz2/hook/cmake_prefix_path.sh'
[6.320s] Level 1:colcon.colcon_core.environment:checking '/home/user/vision_ws/install/zed_display_rviz2/bin'
[6.320s] Level 1:colcon.colcon_core.environment:checking '/home/user/vision_ws/install/zed_display_rviz2/lib/pkgconfig/zed_display_rviz2.pc'
[6.321s] Level 1:colcon.colcon_core.environment:checking '/home/user/vision_ws/install/zed_display_rviz2/lib/python3.10/site-packages'
[6.321s] Level 1:colcon.colcon_core.environment:checking '/home/user/vision_ws/install/zed_display_rviz2/bin'
[6.322s] INFO:colcon.colcon_core.shell:Creating package script '/home/user/vision_ws/install/zed_display_rviz2/share/zed_display_rviz2/package.ps1'
[6.324s] INFO:colcon.colcon_core.shell:Creating package descriptor '/home/user/vision_ws/install/zed_display_rviz2/share/zed_display_rviz2/package.dsv'
[6.325s] INFO:colcon.colcon_core.shell:Creating package script '/home/user/vision_ws/install/zed_display_rviz2/share/zed_display_rviz2/package.sh'
[6.326s] INFO:colcon.colcon_core.shell:Creating package script '/home/user/vision_ws/install/zed_display_rviz2/share/zed_display_rviz2/package.bash'
[6.327s] INFO:colcon.colcon_core.shell:Creating package script '/home/user/vision_ws/install/zed_display_rviz2/share/zed_display_rviz2/package.zsh'
[6.328s] Level 1:colcon.colcon_core.environment:create_file_with_runtime_dependencies(/home/user/vision_ws/install/zed_display_rviz2/share/colcon-core/packages/zed_display_rviz2)
[6.331s] Level 1:colcon.colcon_core.environment:create_environment_scripts_only(zed_ros2)
[6.332s] Level 1:colcon.colcon_core.environment:checking '/home/user/vision_ws/install/zed_ros2' for CMake module files
[6.333s] DEBUG:colcon.colcon_core.event_handler.log_command:Invoked command in '/home/user/vision_ws/build/zed_ros2' returned '0': CMAKE_PREFIX_PATH=/home/user/vision_ws/install/zed_wrapper:/home/user/vision_ws/install/zed_components:/home/user/autorover_ws/install/zed_ros2:/home/user/autorover_ws/install/zed_wrapper:/home/user/autorover_ws/install/zed_components:/home/user/autorover_ws/install/robot_localization:/home/user/autorover_ws/install/mavros_extras:/home/user/autorover_ws/install/mavros:/home/user/autorover_ws/install/mavros_msgs:/home/user/autorover_ws/install/libmavconn:/home/user/vision_ws/install/zed_ros2:/home/user/vision_ws/install/zed_robot_integration:/home/user/vision_ws/install/zed_ipc:/home/user/vision_ws/install/zed_multi_camera:/home/user/vision_ws/install/zed_display_rviz2:/home/user/vision_ws/install/zed_depth_to_laserscan:/home/user/vision_ws/install/zed_tutorial_video:/home/user/vision_ws/install/zed_tutorial_pos_tracking:/home/user/vision_ws/install/zed_tutorial_depth:/home/user/vision_ws/install/zed_topic_benchmark:/home/user/vision_ws/install/zed_topic_benchmark_component:/home/user/vision_ws/install/zed_topic_benchmark_interfaces:/home/user/vision_ws/install/zed_rgb_convert:/home/user/vision_ws/install/zed_aruco_localization:/home/user/vision_ws/install/rviz_plugin_zed_od:/home/user/autorover_ws/install/teleop_twist_keyboard:/home/user/autorover_ws/install/autorover_bringup:/opt/ros/humble LD_LIBRARY_PATH=/home/user/vision_ws/install/zed_components/lib:/home/user/autorover_ws/install/zed_components/lib:/home/user/autorover_ws/install/robot_localization/lib:/home/user/autorover_ws/install/mavros_extras/lib:/home/user/autorover_ws/install/mavros/lib:/home/user/autorover_ws/install/mavros_msgs/lib:/home/user/autorover_ws/install/libmavconn/lib:/home/user/vision_ws/install/zed_ipc/lib:/home/user/vision_ws/install/zed_topic_benchmark_component/lib:/home/user/vision_ws/install/zed_topic_benchmark_interfaces/lib:/home/user/vision_ws/install/zed_rgb_convert/lib:/home/user/vision_ws/install/zed_aruco_localization/lib:/home/user/vision_ws/install/rviz_plugin_zed_od/lib:/opt/ros/humble/opt/rviz_ogre_vendor/lib:/opt/ros/humble/lib/aarch64-linux-gnu:/opt/ros/humble/lib /usr/bin/cmake --install /home/user/vision_ws/build/zed_ros2
[6.333s] Level 1:colcon.colcon_core.environment:checking '/home/user/vision_ws/install/zed_ros2' for CMake config files
[6.334s] Level 1:colcon.colcon_core.shell:create_environment_hook('zed_ros2', 'cmake_prefix_path')
[6.334s] INFO:colcon.colcon_core.shell:Creating environment hook '/home/user/vision_ws/install/zed_ros2/share/zed_ros2/hook/cmake_prefix_path.ps1'
[6.335s] INFO:colcon.colcon_core.shell:Creating environment descriptor '/home/user/vision_ws/install/zed_ros2/share/zed_ros2/hook/cmake_prefix_path.dsv'
[6.336s] INFO:colcon.colcon_core.shell:Creating environment hook '/home/user/vision_ws/install/zed_ros2/share/zed_ros2/hook/cmake_prefix_path.sh'
[6.337s] Level 1:colcon.colcon_core.environment:checking '/home/user/vision_ws/install/zed_ros2/bin'
[6.337s] Level 1:colcon.colcon_core.environment:checking '/home/user/vision_ws/install/zed_ros2/lib/pkgconfig/zed_ros2.pc'
[6.338s] Level 1:colcon.colcon_core.environment:checking '/home/user/vision_ws/install/zed_ros2/lib/python3.10/site-packages'
[6.338s] Level 1:colcon.colcon_core.environment:checking '/home/user/vision_ws/install/zed_ros2/bin'
[6.339s] INFO:colcon.colcon_core.shell:Creating package script '/home/user/vision_ws/install/zed_ros2/share/zed_ros2/package.ps1'
[6.340s] INFO:colcon.colcon_core.shell:Creating package descriptor '/home/user/vision_ws/install/zed_ros2/share/zed_ros2/package.dsv'
[6.341s] INFO:colcon.colcon_core.shell:Creating package script '/home/user/vision_ws/install/zed_ros2/share/zed_ros2/package.sh'
[6.342s] INFO:colcon.colcon_core.shell:Creating package script '/home/user/vision_ws/install/zed_ros2/share/zed_ros2/package.bash'
[6.342s] INFO:colcon.colcon_core.shell:Creating package script '/home/user/vision_ws/install/zed_ros2/share/zed_ros2/package.zsh'
[6.343s] Level 1:colcon.colcon_core.environment:create_file_with_runtime_dependencies(/home/user/vision_ws/install/zed_ros2/share/colcon-core/packages/zed_ros2)
[6.344s] Level 1:colcon.colcon_core.environment:create_environment_scripts_only(zed_ros2)
[6.345s] Level 1:colcon.colcon_core.environment:checking '/home/user/vision_ws/install/zed_ros2' for CMake module files
[6.346s] Level 1:colcon.colcon_core.environment:checking '/home/user/vision_ws/install/zed_ros2' for CMake config files
[6.346s] Level 1:colcon.colcon_core.shell:create_environment_hook('zed_ros2', 'cmake_prefix_path')
[6.347s] INFO:colcon.colcon_core.shell:Creating environment hook '/home/user/vision_ws/install/zed_ros2/share/zed_ros2/hook/cmake_prefix_path.ps1'
[6.347s] INFO:colcon.colcon_core.shell:Creating environment descriptor '/home/user/vision_ws/install/zed_ros2/share/zed_ros2/hook/cmake_prefix_path.dsv'
[6.348s] INFO:colcon.colcon_core.shell:Creating environment hook '/home/user/vision_ws/install/zed_ros2/share/zed_ros2/hook/cmake_prefix_path.sh'
[6.349s] Level 1:colcon.colcon_core.environment:checking '/home/user/vision_ws/install/zed_ros2/bin'
[6.349s] Level 1:colcon.colcon_core.environment:checking '/home/user/vision_ws/install/zed_ros2/lib/pkgconfig/zed_ros2.pc'
[6.350s] Level 1:colcon.colcon_core.environment:checking '/home/user/vision_ws/install/zed_ros2/lib/python3.10/site-packages'
[6.350s] Level 1:colcon.colcon_core.environment:checking '/home/user/vision_ws/install/zed_ros2/bin'
[6.351s] INFO:colcon.colcon_core.shell:Creating package script '/home/user/vision_ws/install/zed_ros2/share/zed_ros2/package.ps1'
[6.352s] INFO:colcon.colcon_core.shell:Creating package descriptor '/home/user/vision_ws/install/zed_ros2/share/zed_ros2/package.dsv'
[6.353s] INFO:colcon.colcon_core.shell:Creating package script '/home/user/vision_ws/install/zed_ros2/share/zed_ros2/package.sh'
[6.354s] INFO:colcon.colcon_core.shell:Creating package script '/home/user/vision_ws/install/zed_ros2/share/zed_ros2/package.bash'
[6.355s] INFO:colcon.colcon_core.shell:Creating package script '/home/user/vision_ws/install/zed_ros2/share/zed_ros2/package.zsh'
[6.356s] Level 1:colcon.colcon_core.environment:create_file_with_runtime_dependencies(/home/user/vision_ws/install/zed_ros2/share/colcon-core/packages/zed_ros2)
[6.365s] DEBUG:colcon.colcon_core.event_handler.log_command:Invoking command in '/home/user/vision_ws/build/zed_ipc': CMAKE_PREFIX_PATH=/home/user/vision_ws/install/zed_multi_camera:/home/user/vision_ws/install/zed_wrapper:/home/user/vision_ws/install/zed_components:/home/user/autorover_ws/install/zed_ros2:/home/user/autorover_ws/install/zed_wrapper:/home/user/autorover_ws/install/zed_components:/home/user/autorover_ws/install/robot_localization:/home/user/autorover_ws/install/mavros_extras:/home/user/autorover_ws/install/mavros:/home/user/autorover_ws/install/mavros_msgs:/home/user/autorover_ws/install/libmavconn:/home/user/vision_ws/install/zed_ros2:/home/user/vision_ws/install/zed_robot_integration:/home/user/vision_ws/install/zed_ipc:/home/user/vision_ws/install/zed_display_rviz2:/home/user/vision_ws/install/zed_depth_to_laserscan:/home/user/vision_ws/install/zed_tutorial_video:/home/user/vision_ws/install/zed_tutorial_pos_tracking:/home/user/vision_ws/install/zed_tutorial_depth:/home/user/vision_ws/install/zed_topic_benchmark:/home/user/vision_ws/install/zed_topic_benchmark_component:/home/user/vision_ws/install/zed_topic_benchmark_interfaces:/home/user/vision_ws/install/zed_rgb_convert:/home/user/vision_ws/install/zed_aruco_localization:/home/user/vision_ws/install/rviz_plugin_zed_od:/home/user/autorover_ws/install/teleop_twist_keyboard:/home/user/autorover_ws/install/autorover_bringup:/opt/ros/humble LD_LIBRARY_PATH=/home/user/vision_ws/install/zed_components/lib:/home/user/autorover_ws/install/zed_components/lib:/home/user/autorover_ws/install/robot_localization/lib:/home/user/autorover_ws/install/mavros_extras/lib:/home/user/autorover_ws/install/mavros/lib:/home/user/autorover_ws/install/mavros_msgs/lib:/home/user/autorover_ws/install/libmavconn/lib:/home/user/vision_ws/install/zed_ipc/lib:/home/user/vision_ws/install/zed_topic_benchmark_component/lib:/home/user/vision_ws/install/zed_topic_benchmark_interfaces/lib:/home/user/vision_ws/install/zed_rgb_convert/lib:/home/user/vision_ws/install/zed_aruco_localization/lib:/home/user/vision_ws/install/rviz_plugin_zed_od/lib:/opt/ros/humble/opt/rviz_ogre_vendor/lib:/opt/ros/humble/lib/aarch64-linux-gnu:/opt/ros/humble/lib /usr/bin/cmake /home/user/vision_ws/src/zed-ros2-examples/tutorials/zed_ipc -DCMAKE_BUILD_TYPE=Release -DAMENT_CMAKE_SYMLINK_INSTALL=1 -DCMAKE_INSTALL_PREFIX=/home/user/vision_ws/install/zed_ipc
[6.369s] DEBUG:colcon.colcon_core.event_handler.log_command:Invoking command in '/home/user/vision_ws/build/zed_topic_benchmark': CMAKE_PREFIX_PATH=/home/user/vision_ws/install/zed_topic_benchmark_component:/home/user/vision_ws/install/zed_topic_benchmark_interfaces:/home/user/autorover_ws/install/zed_ros2:/home/user/autorover_ws/install/zed_wrapper:/home/user/autorover_ws/install/zed_components:/home/user/autorover_ws/install/robot_localization:/home/user/autorover_ws/install/mavros_extras:/home/user/autorover_ws/install/mavros:/home/user/autorover_ws/install/mavros_msgs:/home/user/autorover_ws/install/libmavconn:/home/user/vision_ws/install/zed_ros2:/home/user/vision_ws/install/zed_robot_integration:/home/user/vision_ws/install/zed_ipc:/home/user/vision_ws/install/zed_multi_camera:/home/user/vision_ws/install/zed_display_rviz2:/home/user/vision_ws/install/zed_depth_to_laserscan:/home/user/vision_ws/install/zed_wrapper:/home/user/vision_ws/install/zed_tutorial_video:/home/user/vision_ws/install/zed_tutorial_pos_tracking:/home/user/vision_ws/install/zed_tutorial_depth:/home/user/vision_ws/install/zed_topic_benchmark:/home/user/vision_ws/install/zed_rgb_convert:/home/user/vision_ws/install/zed_aruco_localization:/home/user/vision_ws/install/zed_components:/home/user/vision_ws/install/rviz_plugin_zed_od:/home/user/autorover_ws/install/teleop_twist_keyboard:/home/user/autorover_ws/install/autorover_bringup:/opt/ros/humble LD_LIBRARY_PATH=/home/user/vision_ws/install/zed_topic_benchmark_component/lib:/home/user/vision_ws/install/zed_topic_benchmark_interfaces/lib:/home/user/autorover_ws/install/zed_components/lib:/home/user/autorover_ws/install/robot_localization/lib:/home/user/autorover_ws/install/mavros_extras/lib:/home/user/autorover_ws/install/mavros/lib:/home/user/autorover_ws/install/mavros_msgs/lib:/home/user/autorover_ws/install/libmavconn/lib:/home/user/vision_ws/install/zed_ipc/lib:/home/user/vision_ws/install/zed_rgb_convert/lib:/home/user/vision_ws/install/zed_aruco_localization/lib:/home/user/vision_ws/install/zed_components/lib:/home/user/vision_ws/install/rviz_plugin_zed_od/lib:/opt/ros/humble/opt/rviz_ogre_vendor/lib:/opt/ros/humble/lib/aarch64-linux-gnu:/opt/ros/humble/lib /usr/bin/cmake /home/user/vision_ws/src/zed-ros2-examples/tools/zed_benchmark -DCMAKE_BUILD_TYPE=Release -DAMENT_CMAKE_SYMLINK_INSTALL=1 -DCMAKE_INSTALL_PREFIX=/home/user/vision_ws/install/zed_topic_benchmark
[7.146s] DEBUG:colcon.colcon_core.event_handler.log_command:Invoked command in '/home/user/vision_ws/build/zed_depth_to_laserscan' returned '0': CMAKE_PREFIX_PATH=/home/user/vision_ws/install/zed_wrapper:/home/user/vision_ws/install/zed_components:/home/user/autorover_ws/install/zed_ros2:/home/user/autorover_ws/install/zed_wrapper:/home/user/autorover_ws/install/zed_components:/home/user/autorover_ws/install/robot_localization:/home/user/autorover_ws/install/mavros_extras:/home/user/autorover_ws/install/mavros:/home/user/autorover_ws/install/mavros_msgs:/home/user/autorover_ws/install/libmavconn:/home/user/vision_ws/install/zed_ros2:/home/user/vision_ws/install/zed_robot_integration:/home/user/vision_ws/install/zed_ipc:/home/user/vision_ws/install/zed_multi_camera:/home/user/vision_ws/install/zed_display_rviz2:/home/user/vision_ws/install/zed_depth_to_laserscan:/home/user/vision_ws/install/zed_tutorial_video:/home/user/vision_ws/install/zed_tutorial_pos_tracking:/home/user/vision_ws/install/zed_tutorial_depth:/home/user/vision_ws/install/zed_topic_benchmark:/home/user/vision_ws/install/zed_topic_benchmark_component:/home/user/vision_ws/install/zed_topic_benchmark_interfaces:/home/user/vision_ws/install/zed_rgb_convert:/home/user/vision_ws/install/zed_aruco_localization:/home/user/vision_ws/install/rviz_plugin_zed_od:/home/user/autorover_ws/install/teleop_twist_keyboard:/home/user/autorover_ws/install/autorover_bringup:/opt/ros/humble LD_LIBRARY_PATH=/home/user/vision_ws/install/zed_components/lib:/home/user/autorover_ws/install/zed_components/lib:/home/user/autorover_ws/install/robot_localization/lib:/home/user/autorover_ws/install/mavros_extras/lib:/home/user/autorover_ws/install/mavros/lib:/home/user/autorover_ws/install/mavros_msgs/lib:/home/user/autorover_ws/install/libmavconn/lib:/home/user/vision_ws/install/zed_ipc/lib:/home/user/vision_ws/install/zed_topic_benchmark_component/lib:/home/user/vision_ws/install/zed_topic_benchmark_interfaces/lib:/home/user/vision_ws/install/zed_rgb_convert/lib:/home/user/vision_ws/install/zed_aruco_localization/lib:/home/user/vision_ws/install/rviz_plugin_zed_od/lib:/opt/ros/humble/opt/rviz_ogre_vendor/lib:/opt/ros/humble/lib/aarch64-linux-gnu:/opt/ros/humble/lib /usr/bin/cmake /home/user/vision_ws/src/zed-ros2-examples/examples/zed_depth_to_laserscan -DCMAKE_BUILD_TYPE=Release -DAMENT_CMAKE_SYMLINK_INSTALL=1 -DCMAKE_INSTALL_PREFIX=/home/user/vision_ws/install/zed_depth_to_laserscan
[7.148s] DEBUG:colcon.colcon_core.event_handler.log_command:Invoking command in '/home/user/vision_ws/build/zed_depth_to_laserscan': CMAKE_PREFIX_PATH=/home/user/vision_ws/install/zed_wrapper:/home/user/vision_ws/install/zed_components:/home/user/autorover_ws/install/zed_ros2:/home/user/autorover_ws/install/zed_wrapper:/home/user/autorover_ws/install/zed_components:/home/user/autorover_ws/install/robot_localization:/home/user/autorover_ws/install/mavros_extras:/home/user/autorover_ws/install/mavros:/home/user/autorover_ws/install/mavros_msgs:/home/user/autorover_ws/install/libmavconn:/home/user/vision_ws/install/zed_ros2:/home/user/vision_ws/install/zed_robot_integration:/home/user/vision_ws/install/zed_ipc:/home/user/vision_ws/install/zed_multi_camera:/home/user/vision_ws/install/zed_display_rviz2:/home/user/vision_ws/install/zed_depth_to_laserscan:/home/user/vision_ws/install/zed_tutorial_video:/home/user/vision_ws/install/zed_tutorial_pos_tracking:/home/user/vision_ws/install/zed_tutorial_depth:/home/user/vision_ws/install/zed_topic_benchmark:/home/user/vision_ws/install/zed_topic_benchmark_component:/home/user/vision_ws/install/zed_topic_benchmark_interfaces:/home/user/vision_ws/install/zed_rgb_convert:/home/user/vision_ws/install/zed_aruco_localization:/home/user/vision_ws/install/rviz_plugin_zed_od:/home/user/autorover_ws/install/teleop_twist_keyboard:/home/user/autorover_ws/install/autorover_bringup:/opt/ros/humble LD_LIBRARY_PATH=/home/user/vision_ws/install/zed_components/lib:/home/user/autorover_ws/install/zed_components/lib:/home/user/autorover_ws/install/robot_localization/lib:/home/user/autorover_ws/install/mavros_extras/lib:/home/user/autorover_ws/install/mavros/lib:/home/user/autorover_ws/install/mavros_msgs/lib:/home/user/autorover_ws/install/libmavconn/lib:/home/user/vision_ws/install/zed_ipc/lib:/home/user/vision_ws/install/zed_topic_benchmark_component/lib:/home/user/vision_ws/install/zed_topic_benchmark_interfaces/lib:/home/user/vision_ws/install/zed_rgb_convert/lib:/home/user/vision_ws/install/zed_aruco_localization/lib:/home/user/vision_ws/install/rviz_plugin_zed_od/lib:/opt/ros/humble/opt/rviz_ogre_vendor/lib:/opt/ros/humble/lib/aarch64-linux-gnu:/opt/ros/humble/lib /usr/bin/cmake --build /home/user/vision_ws/build/zed_depth_to_laserscan -- -j8 -l8
[7.240s] DEBUG:colcon.colcon_core.event_handler.log_command:Invoked command in '/home/user/vision_ws/build/zed_depth_to_laserscan' returned '0': CMAKE_PREFIX_PATH=/home/user/vision_ws/install/zed_wrapper:/home/user/vision_ws/install/zed_components:/home/user/autorover_ws/install/zed_ros2:/home/user/autorover_ws/install/zed_wrapper:/home/user/autorover_ws/install/zed_components:/home/user/autorover_ws/install/robot_localization:/home/user/autorover_ws/install/mavros_extras:/home/user/autorover_ws/install/mavros:/home/user/autorover_ws/install/mavros_msgs:/home/user/autorover_ws/install/libmavconn:/home/user/vision_ws/install/zed_ros2:/home/user/vision_ws/install/zed_robot_integration:/home/user/vision_ws/install/zed_ipc:/home/user/vision_ws/install/zed_multi_camera:/home/user/vision_ws/install/zed_display_rviz2:/home/user/vision_ws/install/zed_depth_to_laserscan:/home/user/vision_ws/install/zed_tutorial_video:/home/user/vision_ws/install/zed_tutorial_pos_tracking:/home/user/vision_ws/install/zed_tutorial_depth:/home/user/vision_ws/install/zed_topic_benchmark:/home/user/vision_ws/install/zed_topic_benchmark_component:/home/user/vision_ws/install/zed_topic_benchmark_interfaces:/home/user/vision_ws/install/zed_rgb_convert:/home/user/vision_ws/install/zed_aruco_localization:/home/user/vision_ws/install/rviz_plugin_zed_od:/home/user/autorover_ws/install/teleop_twist_keyboard:/home/user/autorover_ws/install/autorover_bringup:/opt/ros/humble LD_LIBRARY_PATH=/home/user/vision_ws/install/zed_components/lib:/home/user/autorover_ws/install/zed_components/lib:/home/user/autorover_ws/install/robot_localization/lib:/home/user/autorover_ws/install/mavros_extras/lib:/home/user/autorover_ws/install/mavros/lib:/home/user/autorover_ws/install/mavros_msgs/lib:/home/user/autorover_ws/install/libmavconn/lib:/home/user/vision_ws/install/zed_ipc/lib:/home/user/vision_ws/install/zed_topic_benchmark_component/lib:/home/user/vision_ws/install/zed_topic_benchmark_interfaces/lib:/home/user/vision_ws/install/zed_rgb_convert/lib:/home/user/vision_ws/install/zed_aruco_localization/lib:/home/user/vision_ws/install/rviz_plugin_zed_od/lib:/opt/ros/humble/opt/rviz_ogre_vendor/lib:/opt/ros/humble/lib/aarch64-linux-gnu:/opt/ros/humble/lib /usr/bin/cmake --build /home/user/vision_ws/build/zed_depth_to_laserscan -- -j8 -l8
[7.243s] DEBUG:colcon.colcon_core.event_handler.log_command:Invoking command in '/home/user/vision_ws/build/zed_depth_to_laserscan': CMAKE_PREFIX_PATH=/home/user/vision_ws/install/zed_wrapper:/home/user/vision_ws/install/zed_components:/home/user/autorover_ws/install/zed_ros2:/home/user/autorover_ws/install/zed_wrapper:/home/user/autorover_ws/install/zed_components:/home/user/autorover_ws/install/robot_localization:/home/user/autorover_ws/install/mavros_extras:/home/user/autorover_ws/install/mavros:/home/user/autorover_ws/install/mavros_msgs:/home/user/autorover_ws/install/libmavconn:/home/user/vision_ws/install/zed_ros2:/home/user/vision_ws/install/zed_robot_integration:/home/user/vision_ws/install/zed_ipc:/home/user/vision_ws/install/zed_multi_camera:/home/user/vision_ws/install/zed_display_rviz2:/home/user/vision_ws/install/zed_depth_to_laserscan:/home/user/vision_ws/install/zed_tutorial_video:/home/user/vision_ws/install/zed_tutorial_pos_tracking:/home/user/vision_ws/install/zed_tutorial_depth:/home/user/vision_ws/install/zed_topic_benchmark:/home/user/vision_ws/install/zed_topic_benchmark_component:/home/user/vision_ws/install/zed_topic_benchmark_interfaces:/home/user/vision_ws/install/zed_rgb_convert:/home/user/vision_ws/install/zed_aruco_localization:/home/user/vision_ws/install/rviz_plugin_zed_od:/home/user/autorover_ws/install/teleop_twist_keyboard:/home/user/autorover_ws/install/autorover_bringup:/opt/ros/humble LD_LIBRARY_PATH=/home/user/vision_ws/install/zed_components/lib:/home/user/autorover_ws/install/zed_components/lib:/home/user/autorover_ws/install/robot_localization/lib:/home/user/autorover_ws/install/mavros_extras/lib:/home/user/autorover_ws/install/mavros/lib:/home/user/autorover_ws/install/mavros_msgs/lib:/home/user/autorover_ws/install/libmavconn/lib:/home/user/vision_ws/install/zed_ipc/lib:/home/user/vision_ws/install/zed_topic_benchmark_component/lib:/home/user/vision_ws/install/zed_topic_benchmark_interfaces/lib:/home/user/vision_ws/install/zed_rgb_convert/lib:/home/user/vision_ws/install/zed_aruco_localization/lib:/home/user/vision_ws/install/rviz_plugin_zed_od/lib:/opt/ros/humble/opt/rviz_ogre_vendor/lib:/opt/ros/humble/lib/aarch64-linux-gnu:/opt/ros/humble/lib /usr/bin/cmake --install /home/user/vision_ws/build/zed_depth_to_laserscan
[7.287s] Level 1:colcon.colcon_core.environment:create_environment_scripts_only(zed_depth_to_laserscan)
[7.288s] Level 1:colcon.colcon_core.environment:checking '/home/user/vision_ws/install/zed_depth_to_laserscan' for CMake module files
[7.289s] DEBUG:colcon.colcon_core.event_handler.log_command:Invoked command in '/home/user/vision_ws/build/zed_depth_to_laserscan' returned '0': CMAKE_PREFIX_PATH=/home/user/vision_ws/install/zed_wrapper:/home/user/vision_ws/install/zed_components:/home/user/autorover_ws/install/zed_ros2:/home/user/autorover_ws/install/zed_wrapper:/home/user/autorover_ws/install/zed_components:/home/user/autorover_ws/install/robot_localization:/home/user/autorover_ws/install/mavros_extras:/home/user/autorover_ws/install/mavros:/home/user/autorover_ws/install/mavros_msgs:/home/user/autorover_ws/install/libmavconn:/home/user/vision_ws/install/zed_ros2:/home/user/vision_ws/install/zed_robot_integration:/home/user/vision_ws/install/zed_ipc:/home/user/vision_ws/install/zed_multi_camera:/home/user/vision_ws/install/zed_display_rviz2:/home/user/vision_ws/install/zed_depth_to_laserscan:/home/user/vision_ws/install/zed_tutorial_video:/home/user/vision_ws/install/zed_tutorial_pos_tracking:/home/user/vision_ws/install/zed_tutorial_depth:/home/user/vision_ws/install/zed_topic_benchmark:/home/user/vision_ws/install/zed_topic_benchmark_component:/home/user/vision_ws/install/zed_topic_benchmark_interfaces:/home/user/vision_ws/install/zed_rgb_convert:/home/user/vision_ws/install/zed_aruco_localization:/home/user/vision_ws/install/rviz_plugin_zed_od:/home/user/autorover_ws/install/teleop_twist_keyboard:/home/user/autorover_ws/install/autorover_bringup:/opt/ros/humble LD_LIBRARY_PATH=/home/user/vision_ws/install/zed_components/lib:/home/user/autorover_ws/install/zed_components/lib:/home/user/autorover_ws/install/robot_localization/lib:/home/user/autorover_ws/install/mavros_extras/lib:/home/user/autorover_ws/install/mavros/lib:/home/user/autorover_ws/install/mavros_msgs/lib:/home/user/autorover_ws/install/libmavconn/lib:/home/user/vision_ws/install/zed_ipc/lib:/home/user/vision_ws/install/zed_topic_benchmark_component/lib:/home/user/vision_ws/install/zed_topic_benchmark_interfaces/lib:/home/user/vision_ws/install/zed_rgb_convert/lib:/home/user/vision_ws/install/zed_aruco_localization/lib:/home/user/vision_ws/install/rviz_plugin_zed_od/lib:/opt/ros/humble/opt/rviz_ogre_vendor/lib:/opt/ros/humble/lib/aarch64-linux-gnu:/opt/ros/humble/lib /usr/bin/cmake --install /home/user/vision_ws/build/zed_depth_to_laserscan
[7.290s] Level 1:colcon.colcon_core.environment:checking '/home/user/vision_ws/install/zed_depth_to_laserscan' for CMake config files
[7.290s] Level 1:colcon.colcon_core.shell:create_environment_hook('zed_depth_to_laserscan', 'cmake_prefix_path')
[7.291s] INFO:colcon.colcon_core.shell:Creating environment hook '/home/user/vision_ws/install/zed_depth_to_laserscan/share/zed_depth_to_laserscan/hook/cmake_prefix_path.ps1'
[7.292s] INFO:colcon.colcon_core.shell:Creating environment descriptor '/home/user/vision_ws/install/zed_depth_to_laserscan/share/zed_depth_to_laserscan/hook/cmake_prefix_path.dsv'
[7.293s] INFO:colcon.colcon_core.shell:Creating environment hook '/home/user/vision_ws/install/zed_depth_to_laserscan/share/zed_depth_to_laserscan/hook/cmake_prefix_path.sh'
[7.294s] Level 1:colcon.colcon_core.environment:checking '/home/user/vision_ws/install/zed_depth_to_laserscan/bin'
[7.294s] Level 1:colcon.colcon_core.environment:checking '/home/user/vision_ws/install/zed_depth_to_laserscan/lib/pkgconfig/zed_depth_to_laserscan.pc'
[7.294s] Level 1:colcon.colcon_core.environment:checking '/home/user/vision_ws/install/zed_depth_to_laserscan/lib/python3.10/site-packages'
[7.295s] Level 1:colcon.colcon_core.environment:checking '/home/user/vision_ws/install/zed_depth_to_laserscan/bin'
[7.295s] INFO:colcon.colcon_core.shell:Creating package script '/home/user/vision_ws/install/zed_depth_to_laserscan/share/zed_depth_to_laserscan/package.ps1'
[7.297s] INFO:colcon.colcon_core.shell:Creating package descriptor '/home/user/vision_ws/install/zed_depth_to_laserscan/share/zed_depth_to_laserscan/package.dsv'
[7.297s] INFO:colcon.colcon_core.shell:Creating package script '/home/user/vision_ws/install/zed_depth_to_laserscan/share/zed_depth_to_laserscan/package.sh'
[7.298s] INFO:colcon.colcon_core.shell:Creating package script '/home/user/vision_ws/install/zed_depth_to_laserscan/share/zed_depth_to_laserscan/package.bash'
[7.299s] INFO:colcon.colcon_core.shell:Creating package script '/home/user/vision_ws/install/zed_depth_to_laserscan/share/zed_depth_to_laserscan/package.zsh'
[7.300s] Level 1:colcon.colcon_core.environment:create_file_with_runtime_dependencies(/home/user/vision_ws/install/zed_depth_to_laserscan/share/colcon-core/packages/zed_depth_to_laserscan)
[7.301s] Level 1:colcon.colcon_core.environment:create_environment_scripts_only(zed_depth_to_laserscan)
[7.302s] Level 1:colcon.colcon_core.environment:checking '/home/user/vision_ws/install/zed_depth_to_laserscan' for CMake module files
[7.303s] Level 1:colcon.colcon_core.environment:checking '/home/user/vision_ws/install/zed_depth_to_laserscan' for CMake config files
[7.303s] Level 1:colcon.colcon_core.shell:create_environment_hook('zed_depth_to_laserscan', 'cmake_prefix_path')
[7.304s] INFO:colcon.colcon_core.shell:Creating environment hook '/home/user/vision_ws/install/zed_depth_to_laserscan/share/zed_depth_to_laserscan/hook/cmake_prefix_path.ps1'
[7.329s] INFO:colcon.colcon_core.shell:Creating environment descriptor '/home/user/vision_ws/install/zed_depth_to_laserscan/share/zed_depth_to_laserscan/hook/cmake_prefix_path.dsv'
[7.330s] INFO:colcon.colcon_core.shell:Creating environment hook '/home/user/vision_ws/install/zed_depth_to_laserscan/share/zed_depth_to_laserscan/hook/cmake_prefix_path.sh'
[7.331s] Level 1:colcon.colcon_core.environment:checking '/home/user/vision_ws/install/zed_depth_to_laserscan/bin'
[7.332s] Level 1:colcon.colcon_core.environment:checking '/home/user/vision_ws/install/zed_depth_to_laserscan/lib/pkgconfig/zed_depth_to_laserscan.pc'
[7.332s] Level 1:colcon.colcon_core.environment:checking '/home/user/vision_ws/install/zed_depth_to_laserscan/lib/python3.10/site-packages'
[7.332s] Level 1:colcon.colcon_core.environment:checking '/home/user/vision_ws/install/zed_depth_to_laserscan/bin'
[7.333s] INFO:colcon.colcon_core.shell:Creating package script '/home/user/vision_ws/install/zed_depth_to_laserscan/share/zed_depth_to_laserscan/package.ps1'
[7.334s] INFO:colcon.colcon_core.shell:Creating package descriptor '/home/user/vision_ws/install/zed_depth_to_laserscan/share/zed_depth_to_laserscan/package.dsv'
[7.335s] INFO:colcon.colcon_core.shell:Creating package script '/home/user/vision_ws/install/zed_depth_to_laserscan/share/zed_depth_to_laserscan/package.sh'
[7.336s] INFO:colcon.colcon_core.shell:Creating package script '/home/user/vision_ws/install/zed_depth_to_laserscan/share/zed_depth_to_laserscan/package.bash'
[7.337s] INFO:colcon.colcon_core.shell:Creating package script '/home/user/vision_ws/install/zed_depth_to_laserscan/share/zed_depth_to_laserscan/package.zsh'
[7.337s] Level 1:colcon.colcon_core.environment:create_file_with_runtime_dependencies(/home/user/vision_ws/install/zed_depth_to_laserscan/share/colcon-core/packages/zed_depth_to_laserscan)
[7.518s] DEBUG:colcon.colcon_core.event_handler.log_command:Invoked command in '/home/user/vision_ws/build/zed_ipc' returned '0': CMAKE_PREFIX_PATH=/home/user/vision_ws/install/zed_multi_camera:/home/user/vision_ws/install/zed_wrapper:/home/user/vision_ws/install/zed_components:/home/user/autorover_ws/install/zed_ros2:/home/user/autorover_ws/install/zed_wrapper:/home/user/autorover_ws/install/zed_components:/home/user/autorover_ws/install/robot_localization:/home/user/autorover_ws/install/mavros_extras:/home/user/autorover_ws/install/mavros:/home/user/autorover_ws/install/mavros_msgs:/home/user/autorover_ws/install/libmavconn:/home/user/vision_ws/install/zed_ros2:/home/user/vision_ws/install/zed_robot_integration:/home/user/vision_ws/install/zed_ipc:/home/user/vision_ws/install/zed_display_rviz2:/home/user/vision_ws/install/zed_depth_to_laserscan:/home/user/vision_ws/install/zed_tutorial_video:/home/user/vision_ws/install/zed_tutorial_pos_tracking:/home/user/vision_ws/install/zed_tutorial_depth:/home/user/vision_ws/install/zed_topic_benchmark:/home/user/vision_ws/install/zed_topic_benchmark_component:/home/user/vision_ws/install/zed_topic_benchmark_interfaces:/home/user/vision_ws/install/zed_rgb_convert:/home/user/vision_ws/install/zed_aruco_localization:/home/user/vision_ws/install/rviz_plugin_zed_od:/home/user/autorover_ws/install/teleop_twist_keyboard:/home/user/autorover_ws/install/autorover_bringup:/opt/ros/humble LD_LIBRARY_PATH=/home/user/vision_ws/install/zed_components/lib:/home/user/autorover_ws/install/zed_components/lib:/home/user/autorover_ws/install/robot_localization/lib:/home/user/autorover_ws/install/mavros_extras/lib:/home/user/autorover_ws/install/mavros/lib:/home/user/autorover_ws/install/mavros_msgs/lib:/home/user/autorover_ws/install/libmavconn/lib:/home/user/vision_ws/install/zed_ipc/lib:/home/user/vision_ws/install/zed_topic_benchmark_component/lib:/home/user/vision_ws/install/zed_topic_benchmark_interfaces/lib:/home/user/vision_ws/install/zed_rgb_convert/lib:/home/user/vision_ws/install/zed_aruco_localization/lib:/home/user/vision_ws/install/rviz_plugin_zed_od/lib:/opt/ros/humble/opt/rviz_ogre_vendor/lib:/opt/ros/humble/lib/aarch64-linux-gnu:/opt/ros/humble/lib /usr/bin/cmake /home/user/vision_ws/src/zed-ros2-examples/tutorials/zed_ipc -DCMAKE_BUILD_TYPE=Release -DAMENT_CMAKE_SYMLINK_INSTALL=1 -DCMAKE_INSTALL_PREFIX=/home/user/vision_ws/install/zed_ipc
[7.521s] DEBUG:colcon.colcon_core.event_handler.log_command:Invoking command in '/home/user/vision_ws/build/zed_ipc': CMAKE_PREFIX_PATH=/home/user/vision_ws/install/zed_multi_camera:/home/user/vision_ws/install/zed_wrapper:/home/user/vision_ws/install/zed_components:/home/user/autorover_ws/install/zed_ros2:/home/user/autorover_ws/install/zed_wrapper:/home/user/autorover_ws/install/zed_components:/home/user/autorover_ws/install/robot_localization:/home/user/autorover_ws/install/mavros_extras:/home/user/autorover_ws/install/mavros:/home/user/autorover_ws/install/mavros_msgs:/home/user/autorover_ws/install/libmavconn:/home/user/vision_ws/install/zed_ros2:/home/user/vision_ws/install/zed_robot_integration:/home/user/vision_ws/install/zed_ipc:/home/user/vision_ws/install/zed_display_rviz2:/home/user/vision_ws/install/zed_depth_to_laserscan:/home/user/vision_ws/install/zed_tutorial_video:/home/user/vision_ws/install/zed_tutorial_pos_tracking:/home/user/vision_ws/install/zed_tutorial_depth:/home/user/vision_ws/install/zed_topic_benchmark:/home/user/vision_ws/install/zed_topic_benchmark_component:/home/user/vision_ws/install/zed_topic_benchmark_interfaces:/home/user/vision_ws/install/zed_rgb_convert:/home/user/vision_ws/install/zed_aruco_localization:/home/user/vision_ws/install/rviz_plugin_zed_od:/home/user/autorover_ws/install/teleop_twist_keyboard:/home/user/autorover_ws/install/autorover_bringup:/opt/ros/humble LD_LIBRARY_PATH=/home/user/vision_ws/install/zed_components/lib:/home/user/autorover_ws/install/zed_components/lib:/home/user/autorover_ws/install/robot_localization/lib:/home/user/autorover_ws/install/mavros_extras/lib:/home/user/autorover_ws/install/mavros/lib:/home/user/autorover_ws/install/mavros_msgs/lib:/home/user/autorover_ws/install/libmavconn/lib:/home/user/vision_ws/install/zed_ipc/lib:/home/user/vision_ws/install/zed_topic_benchmark_component/lib:/home/user/vision_ws/install/zed_topic_benchmark_interfaces/lib:/home/user/vision_ws/install/zed_rgb_convert/lib:/home/user/vision_ws/install/zed_aruco_localization/lib:/home/user/vision_ws/install/rviz_plugin_zed_od/lib:/opt/ros/humble/opt/rviz_ogre_vendor/lib:/opt/ros/humble/lib/aarch64-linux-gnu:/opt/ros/humble/lib /usr/bin/cmake --build /home/user/vision_ws/build/zed_ipc -- -j8 -l8
[7.562s] DEBUG:colcon.colcon_core.event_handler.log_command:Invoked command in '/home/user/vision_ws/build/zed_topic_benchmark' returned '0': CMAKE_PREFIX_PATH=/home/user/vision_ws/install/zed_topic_benchmark_component:/home/user/vision_ws/install/zed_topic_benchmark_interfaces:/home/user/autorover_ws/install/zed_ros2:/home/user/autorover_ws/install/zed_wrapper:/home/user/autorover_ws/install/zed_components:/home/user/autorover_ws/install/robot_localization:/home/user/autorover_ws/install/mavros_extras:/home/user/autorover_ws/install/mavros:/home/user/autorover_ws/install/mavros_msgs:/home/user/autorover_ws/install/libmavconn:/home/user/vision_ws/install/zed_ros2:/home/user/vision_ws/install/zed_robot_integration:/home/user/vision_ws/install/zed_ipc:/home/user/vision_ws/install/zed_multi_camera:/home/user/vision_ws/install/zed_display_rviz2:/home/user/vision_ws/install/zed_depth_to_laserscan:/home/user/vision_ws/install/zed_wrapper:/home/user/vision_ws/install/zed_tutorial_video:/home/user/vision_ws/install/zed_tutorial_pos_tracking:/home/user/vision_ws/install/zed_tutorial_depth:/home/user/vision_ws/install/zed_topic_benchmark:/home/user/vision_ws/install/zed_rgb_convert:/home/user/vision_ws/install/zed_aruco_localization:/home/user/vision_ws/install/zed_components:/home/user/vision_ws/install/rviz_plugin_zed_od:/home/user/autorover_ws/install/teleop_twist_keyboard:/home/user/autorover_ws/install/autorover_bringup:/opt/ros/humble LD_LIBRARY_PATH=/home/user/vision_ws/install/zed_topic_benchmark_component/lib:/home/user/vision_ws/install/zed_topic_benchmark_interfaces/lib:/home/user/autorover_ws/install/zed_components/lib:/home/user/autorover_ws/install/robot_localization/lib:/home/user/autorover_ws/install/mavros_extras/lib:/home/user/autorover_ws/install/mavros/lib:/home/user/autorover_ws/install/mavros_msgs/lib:/home/user/autorover_ws/install/libmavconn/lib:/home/user/vision_ws/install/zed_ipc/lib:/home/user/vision_ws/install/zed_rgb_convert/lib:/home/user/vision_ws/install/zed_aruco_localization/lib:/home/user/vision_ws/install/zed_components/lib:/home/user/vision_ws/install/rviz_plugin_zed_od/lib:/opt/ros/humble/opt/rviz_ogre_vendor/lib:/opt/ros/humble/lib/aarch64-linux-gnu:/opt/ros/humble/lib /usr/bin/cmake /home/user/vision_ws/src/zed-ros2-examples/tools/zed_benchmark -DCMAKE_BUILD_TYPE=Release -DAMENT_CMAKE_SYMLINK_INSTALL=1 -DCMAKE_INSTALL_PREFIX=/home/user/vision_ws/install/zed_topic_benchmark
[7.566s] DEBUG:colcon.colcon_core.event_handler.log_command:Invoking command in '/home/user/vision_ws/build/zed_topic_benchmark': CMAKE_PREFIX_PATH=/home/user/vision_ws/install/zed_topic_benchmark_component:/home/user/vision_ws/install/zed_topic_benchmark_interfaces:/home/user/autorover_ws/install/zed_ros2:/home/user/autorover_ws/install/zed_wrapper:/home/user/autorover_ws/install/zed_components:/home/user/autorover_ws/install/robot_localization:/home/user/autorover_ws/install/mavros_extras:/home/user/autorover_ws/install/mavros:/home/user/autorover_ws/install/mavros_msgs:/home/user/autorover_ws/install/libmavconn:/home/user/vision_ws/install/zed_ros2:/home/user/vision_ws/install/zed_robot_integration:/home/user/vision_ws/install/zed_ipc:/home/user/vision_ws/install/zed_multi_camera:/home/user/vision_ws/install/zed_display_rviz2:/home/user/vision_ws/install/zed_depth_to_laserscan:/home/user/vision_ws/install/zed_wrapper:/home/user/vision_ws/install/zed_tutorial_video:/home/user/vision_ws/install/zed_tutorial_pos_tracking:/home/user/vision_ws/install/zed_tutorial_depth:/home/user/vision_ws/install/zed_topic_benchmark:/home/user/vision_ws/install/zed_rgb_convert:/home/user/vision_ws/install/zed_aruco_localization:/home/user/vision_ws/install/zed_components:/home/user/vision_ws/install/rviz_plugin_zed_od:/home/user/autorover_ws/install/teleop_twist_keyboard:/home/user/autorover_ws/install/autorover_bringup:/opt/ros/humble LD_LIBRARY_PATH=/home/user/vision_ws/install/zed_topic_benchmark_component/lib:/home/user/vision_ws/install/zed_topic_benchmark_interfaces/lib:/home/user/autorover_ws/install/zed_components/lib:/home/user/autorover_ws/install/robot_localization/lib:/home/user/autorover_ws/install/mavros_extras/lib:/home/user/autorover_ws/install/mavros/lib:/home/user/autorover_ws/install/mavros_msgs/lib:/home/user/autorover_ws/install/libmavconn/lib:/home/user/vision_ws/install/zed_ipc/lib:/home/user/vision_ws/install/zed_rgb_convert/lib:/home/user/vision_ws/install/zed_aruco_localization/lib:/home/user/vision_ws/install/zed_components/lib:/home/user/vision_ws/install/rviz_plugin_zed_od/lib:/opt/ros/humble/opt/rviz_ogre_vendor/lib:/opt/ros/humble/lib/aarch64-linux-gnu:/opt/ros/humble/lib /usr/bin/cmake --build /home/user/vision_ws/build/zed_topic_benchmark -- -j8 -l8
[7.670s] DEBUG:colcon.colcon_core.event_handler.log_command:Invoked command in '/home/user/vision_ws/build/zed_ipc' returned '0': CMAKE_PREFIX_PATH=/home/user/vision_ws/install/zed_multi_camera:/home/user/vision_ws/install/zed_wrapper:/home/user/vision_ws/install/zed_components:/home/user/autorover_ws/install/zed_ros2:/home/user/autorover_ws/install/zed_wrapper:/home/user/autorover_ws/install/zed_components:/home/user/autorover_ws/install/robot_localization:/home/user/autorover_ws/install/mavros_extras:/home/user/autorover_ws/install/mavros:/home/user/autorover_ws/install/mavros_msgs:/home/user/autorover_ws/install/libmavconn:/home/user/vision_ws/install/zed_ros2:/home/user/vision_ws/install/zed_robot_integration:/home/user/vision_ws/install/zed_ipc:/home/user/vision_ws/install/zed_display_rviz2:/home/user/vision_ws/install/zed_depth_to_laserscan:/home/user/vision_ws/install/zed_tutorial_video:/home/user/vision_ws/install/zed_tutorial_pos_tracking:/home/user/vision_ws/install/zed_tutorial_depth:/home/user/vision_ws/install/zed_topic_benchmark:/home/user/vision_ws/install/zed_topic_benchmark_component:/home/user/vision_ws/install/zed_topic_benchmark_interfaces:/home/user/vision_ws/install/zed_rgb_convert:/home/user/vision_ws/install/zed_aruco_localization:/home/user/vision_ws/install/rviz_plugin_zed_od:/home/user/autorover_ws/install/teleop_twist_keyboard:/home/user/autorover_ws/install/autorover_bringup:/opt/ros/humble LD_LIBRARY_PATH=/home/user/vision_ws/install/zed_components/lib:/home/user/autorover_ws/install/zed_components/lib:/home/user/autorover_ws/install/robot_localization/lib:/home/user/autorover_ws/install/mavros_extras/lib:/home/user/autorover_ws/install/mavros/lib:/home/user/autorover_ws/install/mavros_msgs/lib:/home/user/autorover_ws/install/libmavconn/lib:/home/user/vision_ws/install/zed_ipc/lib:/home/user/vision_ws/install/zed_topic_benchmark_component/lib:/home/user/vision_ws/install/zed_topic_benchmark_interfaces/lib:/home/user/vision_ws/install/zed_rgb_convert/lib:/home/user/vision_ws/install/zed_aruco_localization/lib:/home/user/vision_ws/install/rviz_plugin_zed_od/lib:/opt/ros/humble/opt/rviz_ogre_vendor/lib:/opt/ros/humble/lib/aarch64-linux-gnu:/opt/ros/humble/lib /usr/bin/cmake --build /home/user/vision_ws/build/zed_ipc -- -j8 -l8
[7.674s] DEBUG:colcon.colcon_core.event_handler.log_command:Invoking command in '/home/user/vision_ws/build/zed_ipc': CMAKE_PREFIX_PATH=/home/user/vision_ws/install/zed_multi_camera:/home/user/vision_ws/install/zed_wrapper:/home/user/vision_ws/install/zed_components:/home/user/autorover_ws/install/zed_ros2:/home/user/autorover_ws/install/zed_wrapper:/home/user/autorover_ws/install/zed_components:/home/user/autorover_ws/install/robot_localization:/home/user/autorover_ws/install/mavros_extras:/home/user/autorover_ws/install/mavros:/home/user/autorover_ws/install/mavros_msgs:/home/user/autorover_ws/install/libmavconn:/home/user/vision_ws/install/zed_ros2:/home/user/vision_ws/install/zed_robot_integration:/home/user/vision_ws/install/zed_ipc:/home/user/vision_ws/install/zed_display_rviz2:/home/user/vision_ws/install/zed_depth_to_laserscan:/home/user/vision_ws/install/zed_tutorial_video:/home/user/vision_ws/install/zed_tutorial_pos_tracking:/home/user/vision_ws/install/zed_tutorial_depth:/home/user/vision_ws/install/zed_topic_benchmark:/home/user/vision_ws/install/zed_topic_benchmark_component:/home/user/vision_ws/install/zed_topic_benchmark_interfaces:/home/user/vision_ws/install/zed_rgb_convert:/home/user/vision_ws/install/zed_aruco_localization:/home/user/vision_ws/install/rviz_plugin_zed_od:/home/user/autorover_ws/install/teleop_twist_keyboard:/home/user/autorover_ws/install/autorover_bringup:/opt/ros/humble LD_LIBRARY_PATH=/home/user/vision_ws/install/zed_components/lib:/home/user/autorover_ws/install/zed_components/lib:/home/user/autorover_ws/install/robot_localization/lib:/home/user/autorover_ws/install/mavros_extras/lib:/home/user/autorover_ws/install/mavros/lib:/home/user/autorover_ws/install/mavros_msgs/lib:/home/user/autorover_ws/install/libmavconn/lib:/home/user/vision_ws/install/zed_ipc/lib:/home/user/vision_ws/install/zed_topic_benchmark_component/lib:/home/user/vision_ws/install/zed_topic_benchmark_interfaces/lib:/home/user/vision_ws/install/zed_rgb_convert/lib:/home/user/vision_ws/install/zed_aruco_localization/lib:/home/user/vision_ws/install/rviz_plugin_zed_od/lib:/opt/ros/humble/opt/rviz_ogre_vendor/lib:/opt/ros/humble/lib/aarch64-linux-gnu:/opt/ros/humble/lib /usr/bin/cmake --install /home/user/vision_ws/build/zed_ipc
[7.725s] DEBUG:colcon.colcon_core.event_handler.log_command:Invoked command in '/home/user/vision_ws/build/zed_topic_benchmark' returned '0': CMAKE_PREFIX_PATH=/home/user/vision_ws/install/zed_topic_benchmark_component:/home/user/vision_ws/install/zed_topic_benchmark_interfaces:/home/user/autorover_ws/install/zed_ros2:/home/user/autorover_ws/install/zed_wrapper:/home/user/autorover_ws/install/zed_components:/home/user/autorover_ws/install/robot_localization:/home/user/autorover_ws/install/mavros_extras:/home/user/autorover_ws/install/mavros:/home/user/autorover_ws/install/mavros_msgs:/home/user/autorover_ws/install/libmavconn:/home/user/vision_ws/install/zed_ros2:/home/user/vision_ws/install/zed_robot_integration:/home/user/vision_ws/install/zed_ipc:/home/user/vision_ws/install/zed_multi_camera:/home/user/vision_ws/install/zed_display_rviz2:/home/user/vision_ws/install/zed_depth_to_laserscan:/home/user/vision_ws/install/zed_wrapper:/home/user/vision_ws/install/zed_tutorial_video:/home/user/vision_ws/install/zed_tutorial_pos_tracking:/home/user/vision_ws/install/zed_tutorial_depth:/home/user/vision_ws/install/zed_topic_benchmark:/home/user/vision_ws/install/zed_rgb_convert:/home/user/vision_ws/install/zed_aruco_localization:/home/user/vision_ws/install/zed_components:/home/user/vision_ws/install/rviz_plugin_zed_od:/home/user/autorover_ws/install/teleop_twist_keyboard:/home/user/autorover_ws/install/autorover_bringup:/opt/ros/humble LD_LIBRARY_PATH=/home/user/vision_ws/install/zed_topic_benchmark_component/lib:/home/user/vision_ws/install/zed_topic_benchmark_interfaces/lib:/home/user/autorover_ws/install/zed_components/lib:/home/user/autorover_ws/install/robot_localization/lib:/home/user/autorover_ws/install/mavros_extras/lib:/home/user/autorover_ws/install/mavros/lib:/home/user/autorover_ws/install/mavros_msgs/lib:/home/user/autorover_ws/install/libmavconn/lib:/home/user/vision_ws/install/zed_ipc/lib:/home/user/vision_ws/install/zed_rgb_convert/lib:/home/user/vision_ws/install/zed_aruco_localization/lib:/home/user/vision_ws/install/zed_components/lib:/home/user/vision_ws/install/rviz_plugin_zed_od/lib:/opt/ros/humble/opt/rviz_ogre_vendor/lib:/opt/ros/humble/lib/aarch64-linux-gnu:/opt/ros/humble/lib /usr/bin/cmake --build /home/user/vision_ws/build/zed_topic_benchmark -- -j8 -l8
[7.727s] DEBUG:colcon.colcon_core.event_handler.log_command:Invoking command in '/home/user/vision_ws/build/zed_topic_benchmark': CMAKE_PREFIX_PATH=/home/user/vision_ws/install/zed_topic_benchmark_component:/home/user/vision_ws/install/zed_topic_benchmark_interfaces:/home/user/autorover_ws/install/zed_ros2:/home/user/autorover_ws/install/zed_wrapper:/home/user/autorover_ws/install/zed_components:/home/user/autorover_ws/install/robot_localization:/home/user/autorover_ws/install/mavros_extras:/home/user/autorover_ws/install/mavros:/home/user/autorover_ws/install/mavros_msgs:/home/user/autorover_ws/install/libmavconn:/home/user/vision_ws/install/zed_ros2:/home/user/vision_ws/install/zed_robot_integration:/home/user/vision_ws/install/zed_ipc:/home/user/vision_ws/install/zed_multi_camera:/home/user/vision_ws/install/zed_display_rviz2:/home/user/vision_ws/install/zed_depth_to_laserscan:/home/user/vision_ws/install/zed_wrapper:/home/user/vision_ws/install/zed_tutorial_video:/home/user/vision_ws/install/zed_tutorial_pos_tracking:/home/user/vision_ws/install/zed_tutorial_depth:/home/user/vision_ws/install/zed_topic_benchmark:/home/user/vision_ws/install/zed_rgb_convert:/home/user/vision_ws/install/zed_aruco_localization:/home/user/vision_ws/install/zed_components:/home/user/vision_ws/install/rviz_plugin_zed_od:/home/user/autorover_ws/install/teleop_twist_keyboard:/home/user/autorover_ws/install/autorover_bringup:/opt/ros/humble LD_LIBRARY_PATH=/home/user/vision_ws/install/zed_topic_benchmark_component/lib:/home/user/vision_ws/install/zed_topic_benchmark_interfaces/lib:/home/user/autorover_ws/install/zed_components/lib:/home/user/autorover_ws/install/robot_localization/lib:/home/user/autorover_ws/install/mavros_extras/lib:/home/user/autorover_ws/install/mavros/lib:/home/user/autorover_ws/install/mavros_msgs/lib:/home/user/autorover_ws/install/libmavconn/lib:/home/user/vision_ws/install/zed_ipc/lib:/home/user/vision_ws/install/zed_rgb_convert/lib:/home/user/vision_ws/install/zed_aruco_localization/lib:/home/user/vision_ws/install/zed_components/lib:/home/user/vision_ws/install/rviz_plugin_zed_od/lib:/opt/ros/humble/opt/rviz_ogre_vendor/lib:/opt/ros/humble/lib/aarch64-linux-gnu:/opt/ros/humble/lib /usr/bin/cmake --install /home/user/vision_ws/build/zed_topic_benchmark
[7.727s] Level 1:colcon.colcon_core.environment:create_environment_scripts_only(zed_ipc)
[7.729s] Level 1:colcon.colcon_core.environment:checking '/home/user/vision_ws/install/zed_ipc' for CMake module files
[7.730s] DEBUG:colcon.colcon_core.event_handler.log_command:Invoked command in '/home/user/vision_ws/build/zed_ipc' returned '0': CMAKE_PREFIX_PATH=/home/user/vision_ws/install/zed_multi_camera:/home/user/vision_ws/install/zed_wrapper:/home/user/vision_ws/install/zed_components:/home/user/autorover_ws/install/zed_ros2:/home/user/autorover_ws/install/zed_wrapper:/home/user/autorover_ws/install/zed_components:/home/user/autorover_ws/install/robot_localization:/home/user/autorover_ws/install/mavros_extras:/home/user/autorover_ws/install/mavros:/home/user/autorover_ws/install/mavros_msgs:/home/user/autorover_ws/install/libmavconn:/home/user/vision_ws/install/zed_ros2:/home/user/vision_ws/install/zed_robot_integration:/home/user/vision_ws/install/zed_ipc:/home/user/vision_ws/install/zed_display_rviz2:/home/user/vision_ws/install/zed_depth_to_laserscan:/home/user/vision_ws/install/zed_tutorial_video:/home/user/vision_ws/install/zed_tutorial_pos_tracking:/home/user/vision_ws/install/zed_tutorial_depth:/home/user/vision_ws/install/zed_topic_benchmark:/home/user/vision_ws/install/zed_topic_benchmark_component:/home/user/vision_ws/install/zed_topic_benchmark_interfaces:/home/user/vision_ws/install/zed_rgb_convert:/home/user/vision_ws/install/zed_aruco_localization:/home/user/vision_ws/install/rviz_plugin_zed_od:/home/user/autorover_ws/install/teleop_twist_keyboard:/home/user/autorover_ws/install/autorover_bringup:/opt/ros/humble LD_LIBRARY_PATH=/home/user/vision_ws/install/zed_components/lib:/home/user/autorover_ws/install/zed_components/lib:/home/user/autorover_ws/install/robot_localization/lib:/home/user/autorover_ws/install/mavros_extras/lib:/home/user/autorover_ws/install/mavros/lib:/home/user/autorover_ws/install/mavros_msgs/lib:/home/user/autorover_ws/install/libmavconn/lib:/home/user/vision_ws/install/zed_ipc/lib:/home/user/vision_ws/install/zed_topic_benchmark_component/lib:/home/user/vision_ws/install/zed_topic_benchmark_interfaces/lib:/home/user/vision_ws/install/zed_rgb_convert/lib:/home/user/vision_ws/install/zed_aruco_localization/lib:/home/user/vision_ws/install/rviz_plugin_zed_od/lib:/opt/ros/humble/opt/rviz_ogre_vendor/lib:/opt/ros/humble/lib/aarch64-linux-gnu:/opt/ros/humble/lib /usr/bin/cmake --install /home/user/vision_ws/build/zed_ipc
[7.731s] Level 1:colcon.colcon_core.environment:checking '/home/user/vision_ws/install/zed_ipc' for CMake config files
[7.732s] Level 1:colcon.colcon_core.shell:create_environment_hook('zed_ipc', 'cmake_prefix_path')
[7.733s] INFO:colcon.colcon_core.shell:Creating environment hook '/home/user/vision_ws/install/zed_ipc/share/zed_ipc/hook/cmake_prefix_path.ps1'
[7.735s] INFO:colcon.colcon_core.shell:Creating environment descriptor '/home/user/vision_ws/install/zed_ipc/share/zed_ipc/hook/cmake_prefix_path.dsv'
[7.736s] INFO:colcon.colcon_core.shell:Creating environment hook '/home/user/vision_ws/install/zed_ipc/share/zed_ipc/hook/cmake_prefix_path.sh'
[7.738s] Level 1:colcon.colcon_core.environment:checking '/home/user/vision_ws/install/zed_ipc/lib'
[7.738s] Level 1:colcon.colcon_core.shell:create_environment_hook('zed_ipc', 'ld_library_path_lib')
[7.739s] INFO:colcon.colcon_core.shell:Creating environment hook '/home/user/vision_ws/install/zed_ipc/share/zed_ipc/hook/ld_library_path_lib.ps1'
[7.742s] INFO:colcon.colcon_core.shell:Creating environment descriptor '/home/user/vision_ws/install/zed_ipc/share/zed_ipc/hook/ld_library_path_lib.dsv'
[7.745s] INFO:colcon.colcon_core.shell:Creating environment hook '/home/user/vision_ws/install/zed_ipc/share/zed_ipc/hook/ld_library_path_lib.sh'
[7.747s] Level 1:colcon.colcon_core.environment:checking '/home/user/vision_ws/install/zed_ipc/bin'
[7.747s] Level 1:colcon.colcon_core.environment:checking '/home/user/vision_ws/install/zed_ipc/lib/pkgconfig/zed_ipc.pc'
[7.747s] Level 1:colcon.colcon_core.environment:checking '/home/user/vision_ws/install/zed_ipc/lib/python3.10/site-packages'
[7.748s] Level 1:colcon.colcon_core.environment:checking '/home/user/vision_ws/install/zed_ipc/bin'
[7.749s] INFO:colcon.colcon_core.shell:Creating package script '/home/user/vision_ws/install/zed_ipc/share/zed_ipc/package.ps1'
[7.750s] INFO:colcon.colcon_core.shell:Creating package descriptor '/home/user/vision_ws/install/zed_ipc/share/zed_ipc/package.dsv'
[7.751s] INFO:colcon.colcon_core.shell:Creating package script '/home/user/vision_ws/install/zed_ipc/share/zed_ipc/package.sh'
[7.752s] INFO:colcon.colcon_core.shell:Creating package script '/home/user/vision_ws/install/zed_ipc/share/zed_ipc/package.bash'
[7.753s] INFO:colcon.colcon_core.shell:Creating package script '/home/user/vision_ws/install/zed_ipc/share/zed_ipc/package.zsh'
[7.754s] Level 1:colcon.colcon_core.environment:create_file_with_runtime_dependencies(/home/user/vision_ws/install/zed_ipc/share/colcon-core/packages/zed_ipc)
[7.755s] Level 1:colcon.colcon_core.environment:create_environment_scripts_only(zed_ipc)
[7.755s] Level 1:colcon.colcon_core.environment:checking '/home/user/vision_ws/install/zed_ipc' for CMake module files
[7.756s] Level 1:colcon.colcon_core.environment:checking '/home/user/vision_ws/install/zed_ipc' for CMake config files
[7.757s] Level 1:colcon.colcon_core.shell:create_environment_hook('zed_ipc', 'cmake_prefix_path')
[7.758s] INFO:colcon.colcon_core.shell:Creating environment hook '/home/user/vision_ws/install/zed_ipc/share/zed_ipc/hook/cmake_prefix_path.ps1'
[7.759s] INFO:colcon.colcon_core.shell:Creating environment descriptor '/home/user/vision_ws/install/zed_ipc/share/zed_ipc/hook/cmake_prefix_path.dsv'
[7.759s] INFO:colcon.colcon_core.shell:Creating environment hook '/home/user/vision_ws/install/zed_ipc/share/zed_ipc/hook/cmake_prefix_path.sh'
[7.760s] Level 1:colcon.colcon_core.environment:checking '/home/user/vision_ws/install/zed_ipc/lib'
[7.761s] Level 1:colcon.colcon_core.shell:create_environment_hook('zed_ipc', 'ld_library_path_lib')
[7.761s] INFO:colcon.colcon_core.shell:Creating environment hook '/home/user/vision_ws/install/zed_ipc/share/zed_ipc/hook/ld_library_path_lib.ps1'
[7.762s] INFO:colcon.colcon_core.shell:Creating environment descriptor '/home/user/vision_ws/install/zed_ipc/share/zed_ipc/hook/ld_library_path_lib.dsv'
[7.763s] INFO:colcon.colcon_core.shell:Creating environment hook '/home/user/vision_ws/install/zed_ipc/share/zed_ipc/hook/ld_library_path_lib.sh'
[7.763s] Level 1:colcon.colcon_core.environment:checking '/home/user/vision_ws/install/zed_ipc/bin'
[7.764s] Level 1:colcon.colcon_core.environment:checking '/home/user/vision_ws/install/zed_ipc/lib/pkgconfig/zed_ipc.pc'
[7.764s] Level 1:colcon.colcon_core.environment:checking '/home/user/vision_ws/install/zed_ipc/lib/python3.10/site-packages'
[7.764s] Level 1:colcon.colcon_core.environment:checking '/home/user/vision_ws/install/zed_ipc/bin'
[7.765s] INFO:colcon.colcon_core.shell:Creating package script '/home/user/vision_ws/install/zed_ipc/share/zed_ipc/package.ps1'
[7.767s] INFO:colcon.colcon_core.shell:Creating package descriptor '/home/user/vision_ws/install/zed_ipc/share/zed_ipc/package.dsv'
[7.770s] INFO:colcon.colcon_core.shell:Creating package script '/home/user/vision_ws/install/zed_ipc/share/zed_ipc/package.sh'
[7.772s] INFO:colcon.colcon_core.shell:Creating package script '/home/user/vision_ws/install/zed_ipc/share/zed_ipc/package.bash'
[7.773s] INFO:colcon.colcon_core.shell:Creating package script '/home/user/vision_ws/install/zed_ipc/share/zed_ipc/package.zsh'
[7.775s] Level 1:colcon.colcon_core.environment:create_file_with_runtime_dependencies(/home/user/vision_ws/install/zed_ipc/share/colcon-core/packages/zed_ipc)
[7.778s] Level 1:colcon.colcon_core.environment:create_environment_scripts_only(zed_topic_benchmark)
[7.778s] Level 1:colcon.colcon_core.environment:checking '/home/user/vision_ws/install/zed_topic_benchmark' for CMake module files
[7.780s] DEBUG:colcon.colcon_core.event_handler.log_command:Invoked command in '/home/user/vision_ws/build/zed_topic_benchmark' returned '0': CMAKE_PREFIX_PATH=/home/user/vision_ws/install/zed_topic_benchmark_component:/home/user/vision_ws/install/zed_topic_benchmark_interfaces:/home/user/autorover_ws/install/zed_ros2:/home/user/autorover_ws/install/zed_wrapper:/home/user/autorover_ws/install/zed_components:/home/user/autorover_ws/install/robot_localization:/home/user/autorover_ws/install/mavros_extras:/home/user/autorover_ws/install/mavros:/home/user/autorover_ws/install/mavros_msgs:/home/user/autorover_ws/install/libmavconn:/home/user/vision_ws/install/zed_ros2:/home/user/vision_ws/install/zed_robot_integration:/home/user/vision_ws/install/zed_ipc:/home/user/vision_ws/install/zed_multi_camera:/home/user/vision_ws/install/zed_display_rviz2:/home/user/vision_ws/install/zed_depth_to_laserscan:/home/user/vision_ws/install/zed_wrapper:/home/user/vision_ws/install/zed_tutorial_video:/home/user/vision_ws/install/zed_tutorial_pos_tracking:/home/user/vision_ws/install/zed_tutorial_depth:/home/user/vision_ws/install/zed_topic_benchmark:/home/user/vision_ws/install/zed_rgb_convert:/home/user/vision_ws/install/zed_aruco_localization:/home/user/vision_ws/install/zed_components:/home/user/vision_ws/install/rviz_plugin_zed_od:/home/user/autorover_ws/install/teleop_twist_keyboard:/home/user/autorover_ws/install/autorover_bringup:/opt/ros/humble LD_LIBRARY_PATH=/home/user/vision_ws/install/zed_topic_benchmark_component/lib:/home/user/vision_ws/install/zed_topic_benchmark_interfaces/lib:/home/user/autorover_ws/install/zed_components/lib:/home/user/autorover_ws/install/robot_localization/lib:/home/user/autorover_ws/install/mavros_extras/lib:/home/user/autorover_ws/install/mavros/lib:/home/user/autorover_ws/install/mavros_msgs/lib:/home/user/autorover_ws/install/libmavconn/lib:/home/user/vision_ws/install/zed_ipc/lib:/home/user/vision_ws/install/zed_rgb_convert/lib:/home/user/vision_ws/install/zed_aruco_localization/lib:/home/user/vision_ws/install/zed_components/lib:/home/user/vision_ws/install/rviz_plugin_zed_od/lib:/opt/ros/humble/opt/rviz_ogre_vendor/lib:/opt/ros/humble/lib/aarch64-linux-gnu:/opt/ros/humble/lib /usr/bin/cmake --install /home/user/vision_ws/build/zed_topic_benchmark
[7.782s] Level 1:colcon.colcon_core.environment:checking '/home/user/vision_ws/install/zed_topic_benchmark' for CMake config files
[7.782s] Level 1:colcon.colcon_core.shell:create_environment_hook('zed_topic_benchmark', 'cmake_prefix_path')
[7.783s] INFO:colcon.colcon_core.shell:Creating environment hook '/home/user/vision_ws/install/zed_topic_benchmark/share/zed_topic_benchmark/hook/cmake_prefix_path.ps1'
[7.784s] INFO:colcon.colcon_core.shell:Creating environment descriptor '/home/user/vision_ws/install/zed_topic_benchmark/share/zed_topic_benchmark/hook/cmake_prefix_path.dsv'
[7.785s] INFO:colcon.colcon_core.shell:Creating environment hook '/home/user/vision_ws/install/zed_topic_benchmark/share/zed_topic_benchmark/hook/cmake_prefix_path.sh'
[7.787s] Level 1:colcon.colcon_core.environment:checking '/home/user/vision_ws/install/zed_topic_benchmark/lib'
[7.788s] Level 1:colcon.colcon_core.environment:checking '/home/user/vision_ws/install/zed_topic_benchmark/bin'
[7.788s] Level 1:colcon.colcon_core.environment:checking '/home/user/vision_ws/install/zed_topic_benchmark/lib/pkgconfig/zed_topic_benchmark.pc'
[7.788s] Level 1:colcon.colcon_core.environment:checking '/home/user/vision_ws/install/zed_topic_benchmark/lib/python3.10/site-packages'
[7.789s] Level 1:colcon.colcon_core.environment:checking '/home/user/vision_ws/install/zed_topic_benchmark/bin'
[7.790s] INFO:colcon.colcon_core.shell:Creating package script '/home/user/vision_ws/install/zed_topic_benchmark/share/zed_topic_benchmark/package.ps1'
[7.791s] INFO:colcon.colcon_core.shell:Creating package descriptor '/home/user/vision_ws/install/zed_topic_benchmark/share/zed_topic_benchmark/package.dsv'
[7.792s] INFO:colcon.colcon_core.shell:Creating package script '/home/user/vision_ws/install/zed_topic_benchmark/share/zed_topic_benchmark/package.sh'
[7.794s] INFO:colcon.colcon_core.shell:Creating package script '/home/user/vision_ws/install/zed_topic_benchmark/share/zed_topic_benchmark/package.bash'
[7.795s] INFO:colcon.colcon_core.shell:Creating package script '/home/user/vision_ws/install/zed_topic_benchmark/share/zed_topic_benchmark/package.zsh'
[7.796s] Level 1:colcon.colcon_core.environment:create_file_with_runtime_dependencies(/home/user/vision_ws/install/zed_topic_benchmark/share/colcon-core/packages/zed_topic_benchmark)
[7.797s] Level 1:colcon.colcon_core.environment:create_environment_scripts_only(zed_topic_benchmark)
[7.798s] Level 1:colcon.colcon_core.environment:checking '/home/user/vision_ws/install/zed_topic_benchmark' for CMake module files
[7.799s] Level 1:colcon.colcon_core.environment:checking '/home/user/vision_ws/install/zed_topic_benchmark' for CMake config files
[7.800s] Level 1:colcon.colcon_core.shell:create_environment_hook('zed_topic_benchmark', 'cmake_prefix_path')
[7.800s] INFO:colcon.colcon_core.shell:Creating environment hook '/home/user/vision_ws/install/zed_topic_benchmark/share/zed_topic_benchmark/hook/cmake_prefix_path.ps1'
[7.801s] INFO:colcon.colcon_core.shell:Creating environment descriptor '/home/user/vision_ws/install/zed_topic_benchmark/share/zed_topic_benchmark/hook/cmake_prefix_path.dsv'
[7.802s] INFO:colcon.colcon_core.shell:Creating environment hook '/home/user/vision_ws/install/zed_topic_benchmark/share/zed_topic_benchmark/hook/cmake_prefix_path.sh'
[7.804s] Level 1:colcon.colcon_core.environment:checking '/home/user/vision_ws/install/zed_topic_benchmark/lib'
[7.804s] Level 1:colcon.colcon_core.environment:checking '/home/user/vision_ws/install/zed_topic_benchmark/bin'
[7.804s] Level 1:colcon.colcon_core.environment:checking '/home/user/vision_ws/install/zed_topic_benchmark/lib/pkgconfig/zed_topic_benchmark.pc'
[7.805s] Level 1:colcon.colcon_core.environment:checking '/home/user/vision_ws/install/zed_topic_benchmark/lib/python3.10/site-packages'
[7.805s] Level 1:colcon.colcon_core.environment:checking '/home/user/vision_ws/install/zed_topic_benchmark/bin'
[7.806s] INFO:colcon.colcon_core.shell:Creating package script '/home/user/vision_ws/install/zed_topic_benchmark/share/zed_topic_benchmark/package.ps1'
[7.807s] INFO:colcon.colcon_core.shell:Creating package descriptor '/home/user/vision_ws/install/zed_topic_benchmark/share/zed_topic_benchmark/package.dsv'
[7.808s] INFO:colcon.colcon_core.shell:Creating package script '/home/user/vision_ws/install/zed_topic_benchmark/share/zed_topic_benchmark/package.sh'
[7.809s] INFO:colcon.colcon_core.shell:Creating package script '/home/user/vision_ws/install/zed_topic_benchmark/share/zed_topic_benchmark/package.bash'
[7.810s] INFO:colcon.colcon_core.shell:Creating package script '/home/user/vision_ws/install/zed_topic_benchmark/share/zed_topic_benchmark/package.zsh'
[7.811s] Level 1:colcon.colcon_core.environment:create_file_with_runtime_dependencies(/home/user/vision_ws/install/zed_topic_benchmark/share/colcon-core/packages/zed_topic_benchmark)
[7.812s] DEBUG:colcon.colcon_parallel_executor.executor.parallel:closing loop
[7.813s] DEBUG:colcon.colcon_parallel_executor.executor.parallel:loop closed
[7.813s] DEBUG:colcon.colcon_parallel_executor.executor.parallel:run_until_complete finished with '0'
[7.813s] DEBUG:colcon.colcon_core.event_reactor:joining thread
[7.834s] INFO:colcon.colcon_core.plugin_system:Skipping extension 'colcon_notification.desktop_notification.terminal_notifier': Not used on non-Darwin systems
[7.835s] INFO:colcon.colcon_core.plugin_system:Skipping extension 'colcon_notification.desktop_notification.win32': Not used on non-Windows systems
[7.835s] INFO:colcon.colcon_notification.desktop_notification:Sending desktop notification using 'notify2'
[7.877s] DEBUG:colcon.colcon_core.event_reactor:joined thread
[7.878s] INFO:colcon.colcon_core.shell:Creating prefix script '/home/user/vision_ws/install/local_setup.ps1'
[7.881s] INFO:colcon.colcon_core.shell:Creating prefix util module '/home/user/vision_ws/install/_local_setup_util_ps1.py'
[7.884s] INFO:colcon.colcon_core.shell:Creating prefix chain script '/home/user/vision_ws/install/setup.ps1'
[7.889s] INFO:colcon.colcon_core.shell:Creating prefix script '/home/user/vision_ws/install/local_setup.sh'
[7.891s] INFO:colcon.colcon_core.shell:Creating prefix util module '/home/user/vision_ws/install/_local_setup_util_sh.py'
[7.892s] INFO:colcon.colcon_core.shell:Creating prefix chain script '/home/user/vision_ws/install/setup.sh'
[7.897s] INFO:colcon.colcon_core.shell:Creating prefix script '/home/user/vision_ws/install/local_setup.bash'
[7.898s] INFO:colcon.colcon_core.shell:Creating prefix chain script '/home/user/vision_ws/install/setup.bash'
[7.903s] INFO:colcon.colcon_core.shell:Creating prefix script '/home/user/vision_ws/install/local_setup.zsh'
[7.904s] INFO:colcon.colcon_core.shell:Creating prefix chain script '/home/user/vision_ws/install/setup.zsh'
