[0.228s] DEBUG:colcon:Command line arguments: ['/usr/bin/colcon', 'build', '--symlink-install', '--cmake-args=-DCMAKE_BUILD_TYPE=Release', '--parallel-workers', '8']
[0.229s] DEBUG:colcon:Parsed command line arguments: Namespace(log_base=None, log_level=None, verb_name='build', build_base='build', install_base='install', merge_install=False, symlink_install=True, test_result_base=None, continue_on_error=False, executor='parallel', parallel_workers=8, event_handlers=None, ignore_user_meta=False, metas=['./colcon.meta'], base_paths=['.'], packages_ignore=None, packages_ignore_regex=None, paths=None, packages_up_to=None, packages_up_to_regex=None, packages_above=None, packages_above_and_dependencies=None, packages_above_depth=None, packages_select_by_dep=None, packages_skip_by_dep=None, packages_skip_up_to=None, packages_select_build_failed=False, packages_skip_build_finished=False, packages_select_test_failures=False, packages_skip_test_passed=False, packages_select=None, packages_skip=None, packages_select_regex=None, packages_skip_regex=None, packages_start=None, packages_end=None, allow_overriding=[], cmake_args=['-DCMAKE_BUILD_TYPE=Release'], cmake_target=None, cmake_target_skip_unavailable=False, cmake_clean_cache=False, cmake_clean_first=False, cmake_force_configure=False, ament_cmake_args=None, catkin_cmake_args=None, catkin_skip_building_tests=False, verb_parser=<colcon_defaults.argument_parser.defaults.DefaultArgumentsDecorator object at 0xffffb28a1c30>, verb_extension=<colcon_core.verb.build.BuildVerb object at 0xffffb2a670a0>, main=<bound method BuildVerb.main of <colcon_core.verb.build.BuildVerb object at 0xffffb2a670a0>>)
[0.596s] Level 1:colcon.colcon_core.package_discovery:discover_packages(colcon_meta) check parameters
[0.596s] Level 1:colcon.colcon_core.package_discovery:discover_packages(recursive) check parameters
[0.596s] Level 1:colcon.colcon_core.package_discovery:discover_packages(ignore) check parameters
[0.596s] Level 1:colcon.colcon_core.package_discovery:discover_packages(path) check parameters
[0.596s] Level 1:colcon.colcon_core.package_discovery:discover_packages(colcon_meta) discover
[0.597s] Level 1:colcon.colcon_core.package_discovery:discover_packages(recursive) discover
[0.597s] INFO:colcon.colcon_core.package_discovery:Crawling recursively for packages in '/home/user/vision_ws'
[0.597s] Level 1:colcon.colcon_core.package_identification:_identify(.) by extensions ['ignore', 'ignore_ament_install']
[0.597s] Level 1:colcon.colcon_core.package_identification:_identify(.) by extension 'ignore'
[0.597s] Level 1:colcon.colcon_core.package_identification:_identify(.) by extension 'ignore_ament_install'
[0.597s] Level 1:colcon.colcon_core.package_identification:_identify(.) by extensions ['colcon_pkg']
[0.597s] Level 1:colcon.colcon_core.package_identification:_identify(.) by extension 'colcon_pkg'
[0.598s] Level 1:colcon.colcon_core.package_identification:_identify(.) by extensions ['colcon_meta']
[0.598s] Level 1:colcon.colcon_core.package_identification:_identify(.) by extension 'colcon_meta'
[0.598s] Level 1:colcon.colcon_core.package_identification:_identify(.) by extensions ['ros']
[0.598s] Level 1:colcon.colcon_core.package_identification:_identify(.) by extension 'ros'
[0.620s] Level 1:colcon.colcon_core.package_identification:_identify(.) by extensions ['cmake', 'python']
[0.620s] Level 1:colcon.colcon_core.package_identification:_identify(.) by extension 'cmake'
[0.620s] Level 1:colcon.colcon_core.package_identification:_identify(.) by extension 'python'
[0.620s] Level 1:colcon.colcon_core.package_identification:_identify(.) by extensions ['python_setup_py']
[0.620s] Level 1:colcon.colcon_core.package_identification:_identify(.) by extension 'python_setup_py'
[0.620s] Level 1:colcon.colcon_core.package_identification:_identify(build) by extensions ['ignore', 'ignore_ament_install']
[0.621s] Level 1:colcon.colcon_core.package_identification:_identify(build) by extension 'ignore'
[0.621s] Level 1:colcon.colcon_core.package_identification:_identify(build) ignored
[0.621s] Level 1:colcon.colcon_core.package_identification:_identify(install) by extensions ['ignore', 'ignore_ament_install']
[0.621s] Level 1:colcon.colcon_core.package_identification:_identify(install) by extension 'ignore'
[0.621s] Level 1:colcon.colcon_core.package_identification:_identify(install) ignored
[0.622s] Level 1:colcon.colcon_core.package_identification:_identify(log) by extensions ['ignore', 'ignore_ament_install']
[0.622s] Level 1:colcon.colcon_core.package_identification:_identify(log) by extension 'ignore'
[0.622s] Level 1:colcon.colcon_core.package_identification:_identify(log) ignored
[0.622s] Level 1:colcon.colcon_core.package_identification:_identify(src) by extensions ['ignore', 'ignore_ament_install']
[0.622s] Level 1:colcon.colcon_core.package_identification:_identify(src) by extension 'ignore'
[0.622s] Level 1:colcon.colcon_core.package_identification:_identify(src) by extension 'ignore_ament_install'
[0.622s] Level 1:colcon.colcon_core.package_identification:_identify(src) by extensions ['colcon_pkg']
[0.623s] Level 1:colcon.colcon_core.package_identification:_identify(src) by extension 'colcon_pkg'
[0.623s] Level 1:colcon.colcon_core.package_identification:_identify(src) by extensions ['colcon_meta']
[0.623s] Level 1:colcon.colcon_core.package_identification:_identify(src) by extension 'colcon_meta'
[0.623s] Level 1:colcon.colcon_core.package_identification:_identify(src) by extensions ['ros']
[0.623s] Level 1:colcon.colcon_core.package_identification:_identify(src) by extension 'ros'
[0.623s] Level 1:colcon.colcon_core.package_identification:_identify(src) by extensions ['cmake', 'python']
[0.623s] Level 1:colcon.colcon_core.package_identification:_identify(src) by extension 'cmake'
[0.623s] Level 1:colcon.colcon_core.package_identification:_identify(src) by extension 'python'
[0.623s] Level 1:colcon.colcon_core.package_identification:_identify(src) by extensions ['python_setup_py']
[0.623s] Level 1:colcon.colcon_core.package_identification:_identify(src) by extension 'python_setup_py'
[0.624s] Level 1:colcon.colcon_core.package_identification:_identify(src/zed-ros2-examples) by extensions ['ignore', 'ignore_ament_install']
[0.624s] Level 1:colcon.colcon_core.package_identification:_identify(src/zed-ros2-examples) by extension 'ignore'
[0.624s] Level 1:colcon.colcon_core.package_identification:_identify(src/zed-ros2-examples) by extension 'ignore_ament_install'
[0.624s] Level 1:colcon.colcon_core.package_identification:_identify(src/zed-ros2-examples) by extensions ['colcon_pkg']
[0.624s] Level 1:colcon.colcon_core.package_identification:_identify(src/zed-ros2-examples) by extension 'colcon_pkg'
[0.624s] Level 1:colcon.colcon_core.package_identification:_identify(src/zed-ros2-examples) by extensions ['colcon_meta']
[0.624s] Level 1:colcon.colcon_core.package_identification:_identify(src/zed-ros2-examples) by extension 'colcon_meta'
[0.624s] Level 1:colcon.colcon_core.package_identification:_identify(src/zed-ros2-examples) by extensions ['ros']
[0.624s] Level 1:colcon.colcon_core.package_identification:_identify(src/zed-ros2-examples) by extension 'ros'
[0.625s] Level 1:colcon.colcon_core.package_identification:_identify(src/zed-ros2-examples) by extensions ['cmake', 'python']
[0.625s] Level 1:colcon.colcon_core.package_identification:_identify(src/zed-ros2-examples) by extension 'cmake'
[0.625s] Level 1:colcon.colcon_core.package_identification:_identify(src/zed-ros2-examples) by extension 'python'
[0.625s] Level 1:colcon.colcon_core.package_identification:_identify(src/zed-ros2-examples) by extensions ['python_setup_py']
[0.625s] Level 1:colcon.colcon_core.package_identification:_identify(src/zed-ros2-examples) by extension 'python_setup_py'
[0.625s] Level 1:colcon.colcon_core.package_identification:_identify(src/zed-ros2-examples/examples) by extensions ['ignore', 'ignore_ament_install']
[0.625s] Level 1:colcon.colcon_core.package_identification:_identify(src/zed-ros2-examples/examples) by extension 'ignore'
[0.625s] Level 1:colcon.colcon_core.package_identification:_identify(src/zed-ros2-examples/examples) by extension 'ignore_ament_install'
[0.625s] Level 1:colcon.colcon_core.package_identification:_identify(src/zed-ros2-examples/examples) by extensions ['colcon_pkg']
[0.626s] Level 1:colcon.colcon_core.package_identification:_identify(src/zed-ros2-examples/examples) by extension 'colcon_pkg'
[0.626s] Level 1:colcon.colcon_core.package_identification:_identify(src/zed-ros2-examples/examples) by extensions ['colcon_meta']
[0.626s] Level 1:colcon.colcon_core.package_identification:_identify(src/zed-ros2-examples/examples) by extension 'colcon_meta'
[0.626s] Level 1:colcon.colcon_core.package_identification:_identify(src/zed-ros2-examples/examples) by extensions ['ros']
[0.626s] Level 1:colcon.colcon_core.package_identification:_identify(src/zed-ros2-examples/examples) by extension 'ros'
[0.626s] Level 1:colcon.colcon_core.package_identification:_identify(src/zed-ros2-examples/examples) by extensions ['cmake', 'python']
[0.626s] Level 1:colcon.colcon_core.package_identification:_identify(src/zed-ros2-examples/examples) by extension 'cmake'
[0.626s] Level 1:colcon.colcon_core.package_identification:_identify(src/zed-ros2-examples/examples) by extension 'python'
[0.626s] Level 1:colcon.colcon_core.package_identification:_identify(src/zed-ros2-examples/examples) by extensions ['python_setup_py']
[0.626s] Level 1:colcon.colcon_core.package_identification:_identify(src/zed-ros2-examples/examples) by extension 'python_setup_py'
[0.627s] Level 1:colcon.colcon_core.package_identification:_identify(src/zed-ros2-examples/examples/zed_aruco_localization) by extensions ['ignore', 'ignore_ament_install']
[0.627s] Level 1:colcon.colcon_core.package_identification:_identify(src/zed-ros2-examples/examples/zed_aruco_localization) by extension 'ignore'
[0.627s] Level 1:colcon.colcon_core.package_identification:_identify(src/zed-ros2-examples/examples/zed_aruco_localization) by extension 'ignore_ament_install'
[0.627s] Level 1:colcon.colcon_core.package_identification:_identify(src/zed-ros2-examples/examples/zed_aruco_localization) by extensions ['colcon_pkg']
[0.627s] Level 1:colcon.colcon_core.package_identification:_identify(src/zed-ros2-examples/examples/zed_aruco_localization) by extension 'colcon_pkg'
[0.627s] Level 1:colcon.colcon_core.package_identification:_identify(src/zed-ros2-examples/examples/zed_aruco_localization) by extensions ['colcon_meta']
[0.627s] Level 1:colcon.colcon_core.package_identification:_identify(src/zed-ros2-examples/examples/zed_aruco_localization) by extension 'colcon_meta'
[0.627s] Level 1:colcon.colcon_core.package_identification:_identify(src/zed-ros2-examples/examples/zed_aruco_localization) by extensions ['ros']
[0.627s] Level 1:colcon.colcon_core.package_identification:_identify(src/zed-ros2-examples/examples/zed_aruco_localization) by extension 'ros'
[0.633s] DEBUG:colcon.colcon_core.package_identification:Package 'src/zed-ros2-examples/examples/zed_aruco_localization' with type 'ros.ament_cmake' and name 'zed_aruco_localization'
[0.633s] Level 1:colcon.colcon_core.package_identification:_identify(src/zed-ros2-examples/examples/zed_depth_to_laserscan) by extensions ['ignore', 'ignore_ament_install']
[0.633s] Level 1:colcon.colcon_core.package_identification:_identify(src/zed-ros2-examples/examples/zed_depth_to_laserscan) by extension 'ignore'
[0.633s] Level 1:colcon.colcon_core.package_identification:_identify(src/zed-ros2-examples/examples/zed_depth_to_laserscan) by extension 'ignore_ament_install'
[0.634s] Level 1:colcon.colcon_core.package_identification:_identify(src/zed-ros2-examples/examples/zed_depth_to_laserscan) by extensions ['colcon_pkg']
[0.634s] Level 1:colcon.colcon_core.package_identification:_identify(src/zed-ros2-examples/examples/zed_depth_to_laserscan) by extension 'colcon_pkg'
[0.634s] Level 1:colcon.colcon_core.package_identification:_identify(src/zed-ros2-examples/examples/zed_depth_to_laserscan) by extensions ['colcon_meta']
[0.634s] Level 1:colcon.colcon_core.package_identification:_identify(src/zed-ros2-examples/examples/zed_depth_to_laserscan) by extension 'colcon_meta'
[0.634s] Level 1:colcon.colcon_core.package_identification:_identify(src/zed-ros2-examples/examples/zed_depth_to_laserscan) by extensions ['ros']
[0.634s] Level 1:colcon.colcon_core.package_identification:_identify(src/zed-ros2-examples/examples/zed_depth_to_laserscan) by extension 'ros'
[0.636s] DEBUG:colcon.colcon_core.package_identification:Package 'src/zed-ros2-examples/examples/zed_depth_to_laserscan' with type 'ros.ament_cmake' and name 'zed_depth_to_laserscan'
[0.636s] Level 1:colcon.colcon_core.package_identification:_identify(src/zed-ros2-examples/images) by extensions ['ignore', 'ignore_ament_install']
[0.636s] Level 1:colcon.colcon_core.package_identification:_identify(src/zed-ros2-examples/images) by extension 'ignore'
[0.637s] Level 1:colcon.colcon_core.package_identification:_identify(src/zed-ros2-examples/images) by extension 'ignore_ament_install'
[0.637s] Level 1:colcon.colcon_core.package_identification:_identify(src/zed-ros2-examples/images) by extensions ['colcon_pkg']
[0.637s] Level 1:colcon.colcon_core.package_identification:_identify(src/zed-ros2-examples/images) by extension 'colcon_pkg'
[0.637s] Level 1:colcon.colcon_core.package_identification:_identify(src/zed-ros2-examples/images) by extensions ['colcon_meta']
[0.637s] Level 1:colcon.colcon_core.package_identification:_identify(src/zed-ros2-examples/images) by extension 'colcon_meta'
[0.637s] Level 1:colcon.colcon_core.package_identification:_identify(src/zed-ros2-examples/images) by extensions ['ros']
[0.637s] Level 1:colcon.colcon_core.package_identification:_identify(src/zed-ros2-examples/images) by extension 'ros'
[0.637s] Level 1:colcon.colcon_core.package_identification:_identify(src/zed-ros2-examples/images) by extensions ['cmake', 'python']
[0.637s] Level 1:colcon.colcon_core.package_identification:_identify(src/zed-ros2-examples/images) by extension 'cmake'
[0.638s] Level 1:colcon.colcon_core.package_identification:_identify(src/zed-ros2-examples/images) by extension 'python'
[0.638s] Level 1:colcon.colcon_core.package_identification:_identify(src/zed-ros2-examples/images) by extensions ['python_setup_py']
[0.638s] Level 1:colcon.colcon_core.package_identification:_identify(src/zed-ros2-examples/images) by extension 'python_setup_py'
[0.638s] Level 1:colcon.colcon_core.package_identification:_identify(src/zed-ros2-examples/rviz-plugin-zed-od) by extensions ['ignore', 'ignore_ament_install']
[0.638s] Level 1:colcon.colcon_core.package_identification:_identify(src/zed-ros2-examples/rviz-plugin-zed-od) by extension 'ignore'
[0.638s] Level 1:colcon.colcon_core.package_identification:_identify(src/zed-ros2-examples/rviz-plugin-zed-od) by extension 'ignore_ament_install'
[0.638s] Level 1:colcon.colcon_core.package_identification:_identify(src/zed-ros2-examples/rviz-plugin-zed-od) by extensions ['colcon_pkg']
[0.638s] Level 1:colcon.colcon_core.package_identification:_identify(src/zed-ros2-examples/rviz-plugin-zed-od) by extension 'colcon_pkg'
[0.638s] Level 1:colcon.colcon_core.package_identification:_identify(src/zed-ros2-examples/rviz-plugin-zed-od) by extensions ['colcon_meta']
[0.639s] Level 1:colcon.colcon_core.package_identification:_identify(src/zed-ros2-examples/rviz-plugin-zed-od) by extension 'colcon_meta'
[0.639s] Level 1:colcon.colcon_core.package_identification:_identify(src/zed-ros2-examples/rviz-plugin-zed-od) by extensions ['ros']
[0.639s] Level 1:colcon.colcon_core.package_identification:_identify(src/zed-ros2-examples/rviz-plugin-zed-od) by extension 'ros'
[0.640s] DEBUG:colcon.colcon_core.package_identification:Package 'src/zed-ros2-examples/rviz-plugin-zed-od' with type 'ros.ament_cmake' and name 'rviz_plugin_zed_od'
[0.640s] Level 1:colcon.colcon_core.package_identification:_identify(src/zed-ros2-examples/tools) by extensions ['ignore', 'ignore_ament_install']
[0.641s] Level 1:colcon.colcon_core.package_identification:_identify(src/zed-ros2-examples/tools) by extension 'ignore'
[0.641s] Level 1:colcon.colcon_core.package_identification:_identify(src/zed-ros2-examples/tools) by extension 'ignore_ament_install'
[0.641s] Level 1:colcon.colcon_core.package_identification:_identify(src/zed-ros2-examples/tools) by extensions ['colcon_pkg']
[0.641s] Level 1:colcon.colcon_core.package_identification:_identify(src/zed-ros2-examples/tools) by extension 'colcon_pkg'
[0.641s] Level 1:colcon.colcon_core.package_identification:_identify(src/zed-ros2-examples/tools) by extensions ['colcon_meta']
[0.641s] Level 1:colcon.colcon_core.package_identification:_identify(src/zed-ros2-examples/tools) by extension 'colcon_meta'
[0.641s] Level 1:colcon.colcon_core.package_identification:_identify(src/zed-ros2-examples/tools) by extensions ['ros']
[0.641s] Level 1:colcon.colcon_core.package_identification:_identify(src/zed-ros2-examples/tools) by extension 'ros'
[0.641s] Level 1:colcon.colcon_core.package_identification:_identify(src/zed-ros2-examples/tools) by extensions ['cmake', 'python']
[0.642s] Level 1:colcon.colcon_core.package_identification:_identify(src/zed-ros2-examples/tools) by extension 'cmake'
[0.642s] Level 1:colcon.colcon_core.package_identification:_identify(src/zed-ros2-examples/tools) by extension 'python'
[0.642s] Level 1:colcon.colcon_core.package_identification:_identify(src/zed-ros2-examples/tools) by extensions ['python_setup_py']
[0.642s] Level 1:colcon.colcon_core.package_identification:_identify(src/zed-ros2-examples/tools) by extension 'python_setup_py'
[0.642s] Level 1:colcon.colcon_core.package_identification:_identify(src/zed-ros2-examples/tools/zed_benchmark) by extensions ['ignore', 'ignore_ament_install']
[0.642s] Level 1:colcon.colcon_core.package_identification:_identify(src/zed-ros2-examples/tools/zed_benchmark) by extension 'ignore'
[0.642s] Level 1:colcon.colcon_core.package_identification:_identify(src/zed-ros2-examples/tools/zed_benchmark) by extension 'ignore_ament_install'
[0.642s] Level 1:colcon.colcon_core.package_identification:_identify(src/zed-ros2-examples/tools/zed_benchmark) by extensions ['colcon_pkg']
[0.642s] Level 1:colcon.colcon_core.package_identification:_identify(src/zed-ros2-examples/tools/zed_benchmark) by extension 'colcon_pkg'
[0.643s] Level 1:colcon.colcon_core.package_identification:_identify(src/zed-ros2-examples/tools/zed_benchmark) by extensions ['colcon_meta']
[0.643s] Level 1:colcon.colcon_core.package_identification:_identify(src/zed-ros2-examples/tools/zed_benchmark) by extension 'colcon_meta'
[0.643s] Level 1:colcon.colcon_core.package_identification:_identify(src/zed-ros2-examples/tools/zed_benchmark) by extensions ['ros']
[0.643s] Level 1:colcon.colcon_core.package_identification:_identify(src/zed-ros2-examples/tools/zed_benchmark) by extension 'ros'
[0.644s] DEBUG:colcon.colcon_core.package_identification:Package 'src/zed-ros2-examples/tools/zed_benchmark' with type 'ros.ament_cmake' and name 'zed_topic_benchmark'
[0.644s] Level 1:colcon.colcon_core.package_identification:_identify(src/zed-ros2-examples/tools/zed_benchmark_component) by extensions ['ignore', 'ignore_ament_install']
[0.644s] Level 1:colcon.colcon_core.package_identification:_identify(src/zed-ros2-examples/tools/zed_benchmark_component) by extension 'ignore'
[0.645s] Level 1:colcon.colcon_core.package_identification:_identify(src/zed-ros2-examples/tools/zed_benchmark_component) by extension 'ignore_ament_install'
[0.645s] Level 1:colcon.colcon_core.package_identification:_identify(src/zed-ros2-examples/tools/zed_benchmark_component) by extensions ['colcon_pkg']
[0.645s] Level 1:colcon.colcon_core.package_identification:_identify(src/zed-ros2-examples/tools/zed_benchmark_component) by extension 'colcon_pkg'
[0.645s] Level 1:colcon.colcon_core.package_identification:_identify(src/zed-ros2-examples/tools/zed_benchmark_component) by extensions ['colcon_meta']
[0.645s] Level 1:colcon.colcon_core.package_identification:_identify(src/zed-ros2-examples/tools/zed_benchmark_component) by extension 'colcon_meta'
[0.645s] Level 1:colcon.colcon_core.package_identification:_identify(src/zed-ros2-examples/tools/zed_benchmark_component) by extensions ['ros']
[0.645s] Level 1:colcon.colcon_core.package_identification:_identify(src/zed-ros2-examples/tools/zed_benchmark_component) by extension 'ros'
[0.646s] DEBUG:colcon.colcon_core.package_identification:Package 'src/zed-ros2-examples/tools/zed_benchmark_component' with type 'ros.ament_cmake' and name 'zed_topic_benchmark_component'
[0.646s] Level 1:colcon.colcon_core.package_identification:_identify(src/zed-ros2-examples/tools/zed_benchmark_interfaces) by extensions ['ignore', 'ignore_ament_install']
[0.647s] Level 1:colcon.colcon_core.package_identification:_identify(src/zed-ros2-examples/tools/zed_benchmark_interfaces) by extension 'ignore'
[0.647s] Level 1:colcon.colcon_core.package_identification:_identify(src/zed-ros2-examples/tools/zed_benchmark_interfaces) by extension 'ignore_ament_install'
[0.647s] Level 1:colcon.colcon_core.package_identification:_identify(src/zed-ros2-examples/tools/zed_benchmark_interfaces) by extensions ['colcon_pkg']
[0.647s] Level 1:colcon.colcon_core.package_identification:_identify(src/zed-ros2-examples/tools/zed_benchmark_interfaces) by extension 'colcon_pkg'
[0.647s] Level 1:colcon.colcon_core.package_identification:_identify(src/zed-ros2-examples/tools/zed_benchmark_interfaces) by extensions ['colcon_meta']
[0.647s] Level 1:colcon.colcon_core.package_identification:_identify(src/zed-ros2-examples/tools/zed_benchmark_interfaces) by extension 'colcon_meta'
[0.647s] Level 1:colcon.colcon_core.package_identification:_identify(src/zed-ros2-examples/tools/zed_benchmark_interfaces) by extensions ['ros']
[0.647s] Level 1:colcon.colcon_core.package_identification:_identify(src/zed-ros2-examples/tools/zed_benchmark_interfaces) by extension 'ros'
[0.649s] DEBUG:colcon.colcon_core.package_identification:Package 'src/zed-ros2-examples/tools/zed_benchmark_interfaces' with type 'ros.ament_cmake' and name 'zed_topic_benchmark_interfaces'
[0.649s] Level 1:colcon.colcon_core.package_identification:_identify(src/zed-ros2-examples/tutorials) by extensions ['ignore', 'ignore_ament_install']
[0.649s] Level 1:colcon.colcon_core.package_identification:_identify(src/zed-ros2-examples/tutorials) by extension 'ignore'
[0.649s] Level 1:colcon.colcon_core.package_identification:_identify(src/zed-ros2-examples/tutorials) by extension 'ignore_ament_install'
[0.649s] Level 1:colcon.colcon_core.package_identification:_identify(src/zed-ros2-examples/tutorials) by extensions ['colcon_pkg']
[0.649s] Level 1:colcon.colcon_core.package_identification:_identify(src/zed-ros2-examples/tutorials) by extension 'colcon_pkg'
[0.650s] Level 1:colcon.colcon_core.package_identification:_identify(src/zed-ros2-examples/tutorials) by extensions ['colcon_meta']
[0.650s] Level 1:colcon.colcon_core.package_identification:_identify(src/zed-ros2-examples/tutorials) by extension 'colcon_meta'
[0.650s] Level 1:colcon.colcon_core.package_identification:_identify(src/zed-ros2-examples/tutorials) by extensions ['ros']
[0.650s] Level 1:colcon.colcon_core.package_identification:_identify(src/zed-ros2-examples/tutorials) by extension 'ros'
[0.650s] Level 1:colcon.colcon_core.package_identification:_identify(src/zed-ros2-examples/tutorials) by extensions ['cmake', 'python']
[0.650s] Level 1:colcon.colcon_core.package_identification:_identify(src/zed-ros2-examples/tutorials) by extension 'cmake'
[0.650s] Level 1:colcon.colcon_core.package_identification:_identify(src/zed-ros2-examples/tutorials) by extension 'python'
[0.650s] Level 1:colcon.colcon_core.package_identification:_identify(src/zed-ros2-examples/tutorials) by extensions ['python_setup_py']
[0.650s] Level 1:colcon.colcon_core.package_identification:_identify(src/zed-ros2-examples/tutorials) by extension 'python_setup_py'
[0.650s] Level 1:colcon.colcon_core.package_identification:_identify(src/zed-ros2-examples/tutorials/zed_depth_tutorial) by extensions ['ignore', 'ignore_ament_install']
[0.651s] Level 1:colcon.colcon_core.package_identification:_identify(src/zed-ros2-examples/tutorials/zed_depth_tutorial) by extension 'ignore'
[0.651s] Level 1:colcon.colcon_core.package_identification:_identify(src/zed-ros2-examples/tutorials/zed_depth_tutorial) by extension 'ignore_ament_install'
[0.651s] Level 1:colcon.colcon_core.package_identification:_identify(src/zed-ros2-examples/tutorials/zed_depth_tutorial) by extensions ['colcon_pkg']
[0.651s] Level 1:colcon.colcon_core.package_identification:_identify(src/zed-ros2-examples/tutorials/zed_depth_tutorial) by extension 'colcon_pkg'
[0.651s] Level 1:colcon.colcon_core.package_identification:_identify(src/zed-ros2-examples/tutorials/zed_depth_tutorial) by extensions ['colcon_meta']
[0.651s] Level 1:colcon.colcon_core.package_identification:_identify(src/zed-ros2-examples/tutorials/zed_depth_tutorial) by extension 'colcon_meta'
[0.651s] Level 1:colcon.colcon_core.package_identification:_identify(src/zed-ros2-examples/tutorials/zed_depth_tutorial) by extensions ['ros']
[0.651s] Level 1:colcon.colcon_core.package_identification:_identify(src/zed-ros2-examples/tutorials/zed_depth_tutorial) by extension 'ros'
[0.653s] DEBUG:colcon.colcon_core.package_identification:Package 'src/zed-ros2-examples/tutorials/zed_depth_tutorial' with type 'ros.ament_cmake' and name 'zed_tutorial_depth'
[0.653s] Level 1:colcon.colcon_core.package_identification:_identify(src/zed-ros2-examples/tutorials/zed_ipc) by extensions ['ignore', 'ignore_ament_install']
[0.653s] Level 1:colcon.colcon_core.package_identification:_identify(src/zed-ros2-examples/tutorials/zed_ipc) by extension 'ignore'
[0.653s] Level 1:colcon.colcon_core.package_identification:_identify(src/zed-ros2-examples/tutorials/zed_ipc) by extension 'ignore_ament_install'
[0.653s] Level 1:colcon.colcon_core.package_identification:_identify(src/zed-ros2-examples/tutorials/zed_ipc) by extensions ['colcon_pkg']
[0.653s] Level 1:colcon.colcon_core.package_identification:_identify(src/zed-ros2-examples/tutorials/zed_ipc) by extension 'colcon_pkg'
[0.653s] Level 1:colcon.colcon_core.package_identification:_identify(src/zed-ros2-examples/tutorials/zed_ipc) by extensions ['colcon_meta']
[0.653s] Level 1:colcon.colcon_core.package_identification:_identify(src/zed-ros2-examples/tutorials/zed_ipc) by extension 'colcon_meta'
[0.654s] Level 1:colcon.colcon_core.package_identification:_identify(src/zed-ros2-examples/tutorials/zed_ipc) by extensions ['ros']
[0.654s] Level 1:colcon.colcon_core.package_identification:_identify(src/zed-ros2-examples/tutorials/zed_ipc) by extension 'ros'
[0.655s] DEBUG:colcon.colcon_core.package_identification:Package 'src/zed-ros2-examples/tutorials/zed_ipc' with type 'ros.ament_cmake' and name 'zed_ipc'
[0.656s] Level 1:colcon.colcon_core.package_identification:_identify(src/zed-ros2-examples/tutorials/zed_multi_camera) by extensions ['ignore', 'ignore_ament_install']
[0.656s] Level 1:colcon.colcon_core.package_identification:_identify(src/zed-ros2-examples/tutorials/zed_multi_camera) by extension 'ignore'
[0.656s] Level 1:colcon.colcon_core.package_identification:_identify(src/zed-ros2-examples/tutorials/zed_multi_camera) by extension 'ignore_ament_install'
[0.656s] Level 1:colcon.colcon_core.package_identification:_identify(src/zed-ros2-examples/tutorials/zed_multi_camera) by extensions ['colcon_pkg']
[0.656s] Level 1:colcon.colcon_core.package_identification:_identify(src/zed-ros2-examples/tutorials/zed_multi_camera) by extension 'colcon_pkg'
[0.656s] Level 1:colcon.colcon_core.package_identification:_identify(src/zed-ros2-examples/tutorials/zed_multi_camera) by extensions ['colcon_meta']
[0.656s] Level 1:colcon.colcon_core.package_identification:_identify(src/zed-ros2-examples/tutorials/zed_multi_camera) by extension 'colcon_meta'
[0.656s] Level 1:colcon.colcon_core.package_identification:_identify(src/zed-ros2-examples/tutorials/zed_multi_camera) by extensions ['ros']
[0.656s] Level 1:colcon.colcon_core.package_identification:_identify(src/zed-ros2-examples/tutorials/zed_multi_camera) by extension 'ros'
[0.658s] DEBUG:colcon.colcon_core.package_identification:Package 'src/zed-ros2-examples/tutorials/zed_multi_camera' with type 'ros.ament_cmake' and name 'zed_multi_camera'
[0.658s] Level 1:colcon.colcon_core.package_identification:_identify(src/zed-ros2-examples/tutorials/zed_pose_tutorial) by extensions ['ignore', 'ignore_ament_install']
[0.658s] Level 1:colcon.colcon_core.package_identification:_identify(src/zed-ros2-examples/tutorials/zed_pose_tutorial) by extension 'ignore'
[0.658s] Level 1:colcon.colcon_core.package_identification:_identify(src/zed-ros2-examples/tutorials/zed_pose_tutorial) by extension 'ignore_ament_install'
[0.658s] Level 1:colcon.colcon_core.package_identification:_identify(src/zed-ros2-examples/tutorials/zed_pose_tutorial) by extensions ['colcon_pkg']
[0.658s] Level 1:colcon.colcon_core.package_identification:_identify(src/zed-ros2-examples/tutorials/zed_pose_tutorial) by extension 'colcon_pkg'
[0.658s] Level 1:colcon.colcon_core.package_identification:_identify(src/zed-ros2-examples/tutorials/zed_pose_tutorial) by extensions ['colcon_meta']
[0.658s] Level 1:colcon.colcon_core.package_identification:_identify(src/zed-ros2-examples/tutorials/zed_pose_tutorial) by extension 'colcon_meta'
[0.659s] Level 1:colcon.colcon_core.package_identification:_identify(src/zed-ros2-examples/tutorials/zed_pose_tutorial) by extensions ['ros']
[0.659s] Level 1:colcon.colcon_core.package_identification:_identify(src/zed-ros2-examples/tutorials/zed_pose_tutorial) by extension 'ros'
[0.663s] DEBUG:colcon.colcon_core.package_identification:Package 'src/zed-ros2-examples/tutorials/zed_pose_tutorial' with type 'ros.ament_cmake' and name 'zed_tutorial_pos_tracking'
[0.663s] Level 1:colcon.colcon_core.package_identification:_identify(src/zed-ros2-examples/tutorials/zed_rgb_convert) by extensions ['ignore', 'ignore_ament_install']
[0.663s] Level 1:colcon.colcon_core.package_identification:_identify(src/zed-ros2-examples/tutorials/zed_rgb_convert) by extension 'ignore'
[0.663s] Level 1:colcon.colcon_core.package_identification:_identify(src/zed-ros2-examples/tutorials/zed_rgb_convert) by extension 'ignore_ament_install'
[0.663s] Level 1:colcon.colcon_core.package_identification:_identify(src/zed-ros2-examples/tutorials/zed_rgb_convert) by extensions ['colcon_pkg']
[0.663s] Level 1:colcon.colcon_core.package_identification:_identify(src/zed-ros2-examples/tutorials/zed_rgb_convert) by extension 'colcon_pkg'
[0.664s] Level 1:colcon.colcon_core.package_identification:_identify(src/zed-ros2-examples/tutorials/zed_rgb_convert) by extensions ['colcon_meta']
[0.664s] Level 1:colcon.colcon_core.package_identification:_identify(src/zed-ros2-examples/tutorials/zed_rgb_convert) by extension 'colcon_meta'
[0.664s] Level 1:colcon.colcon_core.package_identification:_identify(src/zed-ros2-examples/tutorials/zed_rgb_convert) by extensions ['ros']
[0.664s] Level 1:colcon.colcon_core.package_identification:_identify(src/zed-ros2-examples/tutorials/zed_rgb_convert) by extension 'ros'
[0.665s] DEBUG:colcon.colcon_core.package_identification:Package 'src/zed-ros2-examples/tutorials/zed_rgb_convert' with type 'ros.ament_cmake' and name 'zed_rgb_convert'
[0.665s] Level 1:colcon.colcon_core.package_identification:_identify(src/zed-ros2-examples/tutorials/zed_robot_integration) by extensions ['ignore', 'ignore_ament_install']
[0.666s] Level 1:colcon.colcon_core.package_identification:_identify(src/zed-ros2-examples/tutorials/zed_robot_integration) by extension 'ignore'
[0.666s] Level 1:colcon.colcon_core.package_identification:_identify(src/zed-ros2-examples/tutorials/zed_robot_integration) by extension 'ignore_ament_install'
[0.666s] Level 1:colcon.colcon_core.package_identification:_identify(src/zed-ros2-examples/tutorials/zed_robot_integration) by extensions ['colcon_pkg']
[0.666s] Level 1:colcon.colcon_core.package_identification:_identify(src/zed-ros2-examples/tutorials/zed_robot_integration) by extension 'colcon_pkg'
[0.666s] Level 1:colcon.colcon_core.package_identification:_identify(src/zed-ros2-examples/tutorials/zed_robot_integration) by extensions ['colcon_meta']
[0.666s] Level 1:colcon.colcon_core.package_identification:_identify(src/zed-ros2-examples/tutorials/zed_robot_integration) by extension 'colcon_meta'
[0.666s] Level 1:colcon.colcon_core.package_identification:_identify(src/zed-ros2-examples/tutorials/zed_robot_integration) by extensions ['ros']
[0.666s] Level 1:colcon.colcon_core.package_identification:_identify(src/zed-ros2-examples/tutorials/zed_robot_integration) by extension 'ros'
[0.667s] DEBUG:colcon.colcon_core.package_identification:Package 'src/zed-ros2-examples/tutorials/zed_robot_integration' with type 'ros.ament_cmake' and name 'zed_robot_integration'
[0.668s] Level 1:colcon.colcon_core.package_identification:_identify(src/zed-ros2-examples/tutorials/zed_video_tutorial) by extensions ['ignore', 'ignore_ament_install']
[0.668s] Level 1:colcon.colcon_core.package_identification:_identify(src/zed-ros2-examples/tutorials/zed_video_tutorial) by extension 'ignore'
[0.668s] Level 1:colcon.colcon_core.package_identification:_identify(src/zed-ros2-examples/tutorials/zed_video_tutorial) by extension 'ignore_ament_install'
[0.668s] Level 1:colcon.colcon_core.package_identification:_identify(src/zed-ros2-examples/tutorials/zed_video_tutorial) by extensions ['colcon_pkg']
[0.668s] Level 1:colcon.colcon_core.package_identification:_identify(src/zed-ros2-examples/tutorials/zed_video_tutorial) by extension 'colcon_pkg'
[0.668s] Level 1:colcon.colcon_core.package_identification:_identify(src/zed-ros2-examples/tutorials/zed_video_tutorial) by extensions ['colcon_meta']
[0.668s] Level 1:colcon.colcon_core.package_identification:_identify(src/zed-ros2-examples/tutorials/zed_video_tutorial) by extension 'colcon_meta'
[0.668s] Level 1:colcon.colcon_core.package_identification:_identify(src/zed-ros2-examples/tutorials/zed_video_tutorial) by extensions ['ros']
[0.668s] Level 1:colcon.colcon_core.package_identification:_identify(src/zed-ros2-examples/tutorials/zed_video_tutorial) by extension 'ros'
[0.670s] DEBUG:colcon.colcon_core.package_identification:Package 'src/zed-ros2-examples/tutorials/zed_video_tutorial' with type 'ros.ament_cmake' and name 'zed_tutorial_video'
[0.670s] Level 1:colcon.colcon_core.package_identification:_identify(src/zed-ros2-examples/zed_display_foxglove) by extensions ['ignore', 'ignore_ament_install']
[0.670s] Level 1:colcon.colcon_core.package_identification:_identify(src/zed-ros2-examples/zed_display_foxglove) by extension 'ignore'
[0.670s] Level 1:colcon.colcon_core.package_identification:_identify(src/zed-ros2-examples/zed_display_foxglove) by extension 'ignore_ament_install'
[0.670s] Level 1:colcon.colcon_core.package_identification:_identify(src/zed-ros2-examples/zed_display_foxglove) by extensions ['colcon_pkg']
[0.670s] Level 1:colcon.colcon_core.package_identification:_identify(src/zed-ros2-examples/zed_display_foxglove) by extension 'colcon_pkg'
[0.670s] Level 1:colcon.colcon_core.package_identification:_identify(src/zed-ros2-examples/zed_display_foxglove) by extensions ['colcon_meta']
[0.671s] Level 1:colcon.colcon_core.package_identification:_identify(src/zed-ros2-examples/zed_display_foxglove) by extension 'colcon_meta'
[0.671s] Level 1:colcon.colcon_core.package_identification:_identify(src/zed-ros2-examples/zed_display_foxglove) by extensions ['ros']
[0.671s] Level 1:colcon.colcon_core.package_identification:_identify(src/zed-ros2-examples/zed_display_foxglove) by extension 'ros'
[0.671s] Level 1:colcon.colcon_core.package_identification:_identify(src/zed-ros2-examples/zed_display_foxglove) by extensions ['cmake', 'python']
[0.671s] Level 1:colcon.colcon_core.package_identification:_identify(src/zed-ros2-examples/zed_display_foxglove) by extension 'cmake'
[0.671s] Level 1:colcon.colcon_core.package_identification:_identify(src/zed-ros2-examples/zed_display_foxglove) by extension 'python'
[0.671s] Level 1:colcon.colcon_core.package_identification:_identify(src/zed-ros2-examples/zed_display_foxglove) by extensions ['python_setup_py']
[0.671s] Level 1:colcon.colcon_core.package_identification:_identify(src/zed-ros2-examples/zed_display_foxglove) by extension 'python_setup_py'
[0.671s] Level 1:colcon.colcon_core.package_identification:_identify(src/zed-ros2-examples/zed_display_foxglove/images) by extensions ['ignore', 'ignore_ament_install']
[0.672s] Level 1:colcon.colcon_core.package_identification:_identify(src/zed-ros2-examples/zed_display_foxglove/images) by extension 'ignore'
[0.672s] Level 1:colcon.colcon_core.package_identification:_identify(src/zed-ros2-examples/zed_display_foxglove/images) by extension 'ignore_ament_install'
[0.672s] Level 1:colcon.colcon_core.package_identification:_identify(src/zed-ros2-examples/zed_display_foxglove/images) by extensions ['colcon_pkg']
[0.672s] Level 1:colcon.colcon_core.package_identification:_identify(src/zed-ros2-examples/zed_display_foxglove/images) by extension 'colcon_pkg'
[0.672s] Level 1:colcon.colcon_core.package_identification:_identify(src/zed-ros2-examples/zed_display_foxglove/images) by extensions ['colcon_meta']
[0.672s] Level 1:colcon.colcon_core.package_identification:_identify(src/zed-ros2-examples/zed_display_foxglove/images) by extension 'colcon_meta'
[0.672s] Level 1:colcon.colcon_core.package_identification:_identify(src/zed-ros2-examples/zed_display_foxglove/images) by extensions ['ros']
[0.672s] Level 1:colcon.colcon_core.package_identification:_identify(src/zed-ros2-examples/zed_display_foxglove/images) by extension 'ros'
[0.672s] Level 1:colcon.colcon_core.package_identification:_identify(src/zed-ros2-examples/zed_display_foxglove/images) by extensions ['cmake', 'python']
[0.672s] Level 1:colcon.colcon_core.package_identification:_identify(src/zed-ros2-examples/zed_display_foxglove/images) by extension 'cmake'
[0.673s] Level 1:colcon.colcon_core.package_identification:_identify(src/zed-ros2-examples/zed_display_foxglove/images) by extension 'python'
[0.673s] Level 1:colcon.colcon_core.package_identification:_identify(src/zed-ros2-examples/zed_display_foxglove/images) by extensions ['python_setup_py']
[0.673s] Level 1:colcon.colcon_core.package_identification:_identify(src/zed-ros2-examples/zed_display_foxglove/images) by extension 'python_setup_py'
[0.673s] Level 1:colcon.colcon_core.package_identification:_identify(src/zed-ros2-examples/zed_display_foxglove/layouts) by extensions ['ignore', 'ignore_ament_install']
[0.673s] Level 1:colcon.colcon_core.package_identification:_identify(src/zed-ros2-examples/zed_display_foxglove/layouts) by extension 'ignore'
[0.673s] Level 1:colcon.colcon_core.package_identification:_identify(src/zed-ros2-examples/zed_display_foxglove/layouts) by extension 'ignore_ament_install'
[0.673s] Level 1:colcon.colcon_core.package_identification:_identify(src/zed-ros2-examples/zed_display_foxglove/layouts) by extensions ['colcon_pkg']
[0.673s] Level 1:colcon.colcon_core.package_identification:_identify(src/zed-ros2-examples/zed_display_foxglove/layouts) by extension 'colcon_pkg'
[0.673s] Level 1:colcon.colcon_core.package_identification:_identify(src/zed-ros2-examples/zed_display_foxglove/layouts) by extensions ['colcon_meta']
[0.674s] Level 1:colcon.colcon_core.package_identification:_identify(src/zed-ros2-examples/zed_display_foxglove/layouts) by extension 'colcon_meta'
[0.674s] Level 1:colcon.colcon_core.package_identification:_identify(src/zed-ros2-examples/zed_display_foxglove/layouts) by extensions ['ros']
[0.674s] Level 1:colcon.colcon_core.package_identification:_identify(src/zed-ros2-examples/zed_display_foxglove/layouts) by extension 'ros'
[0.674s] Level 1:colcon.colcon_core.package_identification:_identify(src/zed-ros2-examples/zed_display_foxglove/layouts) by extensions ['cmake', 'python']
[0.674s] Level 1:colcon.colcon_core.package_identification:_identify(src/zed-ros2-examples/zed_display_foxglove/layouts) by extension 'cmake'
[0.674s] Level 1:colcon.colcon_core.package_identification:_identify(src/zed-ros2-examples/zed_display_foxglove/layouts) by extension 'python'
[0.674s] Level 1:colcon.colcon_core.package_identification:_identify(src/zed-ros2-examples/zed_display_foxglove/layouts) by extensions ['python_setup_py']
[0.674s] Level 1:colcon.colcon_core.package_identification:_identify(src/zed-ros2-examples/zed_display_foxglove/layouts) by extension 'python_setup_py'
[0.674s] Level 1:colcon.colcon_core.package_identification:_identify(src/zed-ros2-examples/zed_display_rviz2) by extensions ['ignore', 'ignore_ament_install']
[0.675s] Level 1:colcon.colcon_core.package_identification:_identify(src/zed-ros2-examples/zed_display_rviz2) by extension 'ignore'
[0.675s] Level 1:colcon.colcon_core.package_identification:_identify(src/zed-ros2-examples/zed_display_rviz2) by extension 'ignore_ament_install'
[0.675s] Level 1:colcon.colcon_core.package_identification:_identify(src/zed-ros2-examples/zed_display_rviz2) by extensions ['colcon_pkg']
[0.675s] Level 1:colcon.colcon_core.package_identification:_identify(src/zed-ros2-examples/zed_display_rviz2) by extension 'colcon_pkg'
[0.675s] Level 1:colcon.colcon_core.package_identification:_identify(src/zed-ros2-examples/zed_display_rviz2) by extensions ['colcon_meta']
[0.675s] Level 1:colcon.colcon_core.package_identification:_identify(src/zed-ros2-examples/zed_display_rviz2) by extension 'colcon_meta'
[0.675s] Level 1:colcon.colcon_core.package_identification:_identify(src/zed-ros2-examples/zed_display_rviz2) by extensions ['ros']
[0.675s] Level 1:colcon.colcon_core.package_identification:_identify(src/zed-ros2-examples/zed_display_rviz2) by extension 'ros'
[0.676s] DEBUG:colcon.colcon_core.package_identification:Package 'src/zed-ros2-examples/zed_display_rviz2' with type 'ros.ament_cmake' and name 'zed_display_rviz2'
[0.677s] Level 1:colcon.colcon_core.package_identification:_identify(src/zed-ros2-wrapper) by extensions ['ignore', 'ignore_ament_install']
[0.677s] Level 1:colcon.colcon_core.package_identification:_identify(src/zed-ros2-wrapper) by extension 'ignore'
[0.677s] Level 1:colcon.colcon_core.package_identification:_identify(src/zed-ros2-wrapper) by extension 'ignore_ament_install'
[0.677s] Level 1:colcon.colcon_core.package_identification:_identify(src/zed-ros2-wrapper) by extensions ['colcon_pkg']
[0.677s] Level 1:colcon.colcon_core.package_identification:_identify(src/zed-ros2-wrapper) by extension 'colcon_pkg'
[0.677s] Level 1:colcon.colcon_core.package_identification:_identify(src/zed-ros2-wrapper) by extensions ['colcon_meta']
[0.677s] Level 1:colcon.colcon_core.package_identification:_identify(src/zed-ros2-wrapper) by extension 'colcon_meta'
[0.677s] Level 1:colcon.colcon_core.package_identification:_identify(src/zed-ros2-wrapper) by extensions ['ros']
[0.677s] Level 1:colcon.colcon_core.package_identification:_identify(src/zed-ros2-wrapper) by extension 'ros'
[0.678s] Level 1:colcon.colcon_core.package_identification:_identify(src/zed-ros2-wrapper) by extensions ['cmake', 'python']
[0.678s] Level 1:colcon.colcon_core.package_identification:_identify(src/zed-ros2-wrapper) by extension 'cmake'
[0.678s] Level 1:colcon.colcon_core.package_identification:_identify(src/zed-ros2-wrapper) by extension 'python'
[0.678s] Level 1:colcon.colcon_core.package_identification:_identify(src/zed-ros2-wrapper) by extensions ['python_setup_py']
[0.678s] Level 1:colcon.colcon_core.package_identification:_identify(src/zed-ros2-wrapper) by extension 'python_setup_py'
[0.678s] Level 1:colcon.colcon_core.package_identification:_identify(src/zed-ros2-wrapper/docker) by extensions ['ignore', 'ignore_ament_install']
[0.678s] Level 1:colcon.colcon_core.package_identification:_identify(src/zed-ros2-wrapper/docker) by extension 'ignore'
[0.678s] Level 1:colcon.colcon_core.package_identification:_identify(src/zed-ros2-wrapper/docker) by extension 'ignore_ament_install'
[0.679s] Level 1:colcon.colcon_core.package_identification:_identify(src/zed-ros2-wrapper/docker) by extensions ['colcon_pkg']
[0.679s] Level 1:colcon.colcon_core.package_identification:_identify(src/zed-ros2-wrapper/docker) by extension 'colcon_pkg'
[0.679s] Level 1:colcon.colcon_core.package_identification:_identify(src/zed-ros2-wrapper/docker) by extensions ['colcon_meta']
[0.679s] Level 1:colcon.colcon_core.package_identification:_identify(src/zed-ros2-wrapper/docker) by extension 'colcon_meta'
[0.679s] Level 1:colcon.colcon_core.package_identification:_identify(src/zed-ros2-wrapper/docker) by extensions ['ros']
[0.679s] Level 1:colcon.colcon_core.package_identification:_identify(src/zed-ros2-wrapper/docker) by extension 'ros'
[0.679s] Level 1:colcon.colcon_core.package_identification:_identify(src/zed-ros2-wrapper/docker) by extensions ['cmake', 'python']
[0.679s] Level 1:colcon.colcon_core.package_identification:_identify(src/zed-ros2-wrapper/docker) by extension 'cmake'
[0.679s] Level 1:colcon.colcon_core.package_identification:_identify(src/zed-ros2-wrapper/docker) by extension 'python'
[0.679s] Level 1:colcon.colcon_core.package_identification:_identify(src/zed-ros2-wrapper/docker) by extensions ['python_setup_py']
[0.679s] Level 1:colcon.colcon_core.package_identification:_identify(src/zed-ros2-wrapper/docker) by extension 'python_setup_py'
[0.680s] Level 1:colcon.colcon_core.package_identification:_identify(src/zed-ros2-wrapper/images) by extensions ['ignore', 'ignore_ament_install']
[0.680s] Level 1:colcon.colcon_core.package_identification:_identify(src/zed-ros2-wrapper/images) by extension 'ignore'
[0.680s] Level 1:colcon.colcon_core.package_identification:_identify(src/zed-ros2-wrapper/images) by extension 'ignore_ament_install'
[0.680s] Level 1:colcon.colcon_core.package_identification:_identify(src/zed-ros2-wrapper/images) by extensions ['colcon_pkg']
[0.680s] Level 1:colcon.colcon_core.package_identification:_identify(src/zed-ros2-wrapper/images) by extension 'colcon_pkg'
[0.680s] Level 1:colcon.colcon_core.package_identification:_identify(src/zed-ros2-wrapper/images) by extensions ['colcon_meta']
[0.680s] Level 1:colcon.colcon_core.package_identification:_identify(src/zed-ros2-wrapper/images) by extension 'colcon_meta'
[0.680s] Level 1:colcon.colcon_core.package_identification:_identify(src/zed-ros2-wrapper/images) by extensions ['ros']
[0.680s] Level 1:colcon.colcon_core.package_identification:_identify(src/zed-ros2-wrapper/images) by extension 'ros'
[0.681s] Level 1:colcon.colcon_core.package_identification:_identify(src/zed-ros2-wrapper/images) by extensions ['cmake', 'python']
[0.681s] Level 1:colcon.colcon_core.package_identification:_identify(src/zed-ros2-wrapper/images) by extension 'cmake'
[0.681s] Level 1:colcon.colcon_core.package_identification:_identify(src/zed-ros2-wrapper/images) by extension 'python'
[0.681s] Level 1:colcon.colcon_core.package_identification:_identify(src/zed-ros2-wrapper/images) by extensions ['python_setup_py']
[0.681s] Level 1:colcon.colcon_core.package_identification:_identify(src/zed-ros2-wrapper/images) by extension 'python_setup_py'
[0.681s] Level 1:colcon.colcon_core.package_identification:_identify(src/zed-ros2-wrapper/zed_components) by extensions ['ignore', 'ignore_ament_install']
[0.681s] Level 1:colcon.colcon_core.package_identification:_identify(src/zed-ros2-wrapper/zed_components) by extension 'ignore'
[0.681s] Level 1:colcon.colcon_core.package_identification:_identify(src/zed-ros2-wrapper/zed_components) by extension 'ignore_ament_install'
[0.682s] Level 1:colcon.colcon_core.package_identification:_identify(src/zed-ros2-wrapper/zed_components) by extensions ['colcon_pkg']
[0.682s] Level 1:colcon.colcon_core.package_identification:_identify(src/zed-ros2-wrapper/zed_components) by extension 'colcon_pkg'
[0.682s] Level 1:colcon.colcon_core.package_identification:_identify(src/zed-ros2-wrapper/zed_components) by extensions ['colcon_meta']
[0.682s] Level 1:colcon.colcon_core.package_identification:_identify(src/zed-ros2-wrapper/zed_components) by extension 'colcon_meta'
[0.682s] Level 1:colcon.colcon_core.package_identification:_identify(src/zed-ros2-wrapper/zed_components) by extensions ['ros']
[0.682s] Level 1:colcon.colcon_core.package_identification:_identify(src/zed-ros2-wrapper/zed_components) by extension 'ros'
[0.710s] DEBUG:colcon.colcon_core.package_identification:Package 'src/zed-ros2-wrapper/zed_components' with type 'ros.ament_cmake' and name 'zed_components'
[0.710s] Level 1:colcon.colcon_core.package_identification:_identify(src/zed-ros2-wrapper/zed_ros2) by extensions ['ignore', 'ignore_ament_install']
[0.711s] Level 1:colcon.colcon_core.package_identification:_identify(src/zed-ros2-wrapper/zed_ros2) by extension 'ignore'
[0.711s] Level 1:colcon.colcon_core.package_identification:_identify(src/zed-ros2-wrapper/zed_ros2) by extension 'ignore_ament_install'
[0.711s] Level 1:colcon.colcon_core.package_identification:_identify(src/zed-ros2-wrapper/zed_ros2) by extensions ['colcon_pkg']
[0.711s] Level 1:colcon.colcon_core.package_identification:_identify(src/zed-ros2-wrapper/zed_ros2) by extension 'colcon_pkg'
[0.711s] Level 1:colcon.colcon_core.package_identification:_identify(src/zed-ros2-wrapper/zed_ros2) by extensions ['colcon_meta']
[0.711s] Level 1:colcon.colcon_core.package_identification:_identify(src/zed-ros2-wrapper/zed_ros2) by extension 'colcon_meta'
[0.711s] Level 1:colcon.colcon_core.package_identification:_identify(src/zed-ros2-wrapper/zed_ros2) by extensions ['ros']
[0.711s] Level 1:colcon.colcon_core.package_identification:_identify(src/zed-ros2-wrapper/zed_ros2) by extension 'ros'
[0.713s] DEBUG:colcon.colcon_core.package_identification:Package 'src/zed-ros2-wrapper/zed_ros2' with type 'ros.ament_cmake' and name 'zed_ros2'
[0.713s] Level 1:colcon.colcon_core.package_identification:_identify(src/zed-ros2-wrapper/zed_wrapper) by extensions ['ignore', 'ignore_ament_install']
[0.713s] Level 1:colcon.colcon_core.package_identification:_identify(src/zed-ros2-wrapper/zed_wrapper) by extension 'ignore'
[0.713s] Level 1:colcon.colcon_core.package_identification:_identify(src/zed-ros2-wrapper/zed_wrapper) by extension 'ignore_ament_install'
[0.713s] Level 1:colcon.colcon_core.package_identification:_identify(src/zed-ros2-wrapper/zed_wrapper) by extensions ['colcon_pkg']
[0.713s] Level 1:colcon.colcon_core.package_identification:_identify(src/zed-ros2-wrapper/zed_wrapper) by extension 'colcon_pkg'
[0.714s] Level 1:colcon.colcon_core.package_identification:_identify(src/zed-ros2-wrapper/zed_wrapper) by extensions ['colcon_meta']
[0.714s] Level 1:colcon.colcon_core.package_identification:_identify(src/zed-ros2-wrapper/zed_wrapper) by extension 'colcon_meta'
[0.714s] Level 1:colcon.colcon_core.package_identification:_identify(src/zed-ros2-wrapper/zed_wrapper) by extensions ['ros']
[0.714s] Level 1:colcon.colcon_core.package_identification:_identify(src/zed-ros2-wrapper/zed_wrapper) by extension 'ros'
[0.716s] DEBUG:colcon.colcon_core.package_identification:Package 'src/zed-ros2-wrapper/zed_wrapper' with type 'ros.ament_cmake' and name 'zed_wrapper'
[0.716s] Level 1:colcon.colcon_core.package_discovery:discover_packages(recursive) using defaults
[0.716s] Level 1:colcon.colcon_core.package_discovery:discover_packages(ignore) discover
[0.716s] Level 1:colcon.colcon_core.package_discovery:discover_packages(ignore) using defaults
[0.716s] Level 1:colcon.colcon_core.package_discovery:discover_packages(path) discover
[0.716s] Level 1:colcon.colcon_core.package_discovery:discover_packages(path) using defaults
[0.768s] Level 1:colcon.colcon_core.package_discovery:discover_packages(prefix_path) check parameters
[0.768s] Level 1:colcon.colcon_core.package_discovery:discover_packages(prefix_path) discover
[0.775s] DEBUG:colcon.colcon_installed_package_information.package_discovery:Found 17 installed packages in /home/user/vision_ws/install
[0.776s] DEBUG:colcon.colcon_installed_package_information.package_discovery:Found 10 installed packages in /home/user/autorover_ws/install
[0.780s] DEBUG:colcon.colcon_installed_package_information.package_discovery:Found 370 installed packages in /opt/ros/humble
[0.785s] Level 1:colcon.colcon_core.package_discovery:discover_packages(prefix_path) using defaults
[0.885s] Level 5:colcon.colcon_core.verb:set package 'rviz_plugin_zed_od' build argument 'cmake_args' from command line to '['-DCMAKE_BUILD_TYPE=Release']'
[0.885s] Level 5:colcon.colcon_core.verb:set package 'rviz_plugin_zed_od' build argument 'cmake_target' from command line to 'None'
[0.885s] Level 5:colcon.colcon_core.verb:set package 'rviz_plugin_zed_od' build argument 'cmake_target_skip_unavailable' from command line to 'False'
[0.885s] Level 5:colcon.colcon_core.verb:set package 'rviz_plugin_zed_od' build argument 'cmake_clean_cache' from command line to 'False'
[0.885s] Level 5:colcon.colcon_core.verb:set package 'rviz_plugin_zed_od' build argument 'cmake_clean_first' from command line to 'False'
[0.885s] Level 5:colcon.colcon_core.verb:set package 'rviz_plugin_zed_od' build argument 'cmake_force_configure' from command line to 'False'
[0.885s] Level 5:colcon.colcon_core.verb:set package 'rviz_plugin_zed_od' build argument 'ament_cmake_args' from command line to 'None'
[0.885s] Level 5:colcon.colcon_core.verb:set package 'rviz_plugin_zed_od' build argument 'catkin_cmake_args' from command line to 'None'
[0.885s] Level 5:colcon.colcon_core.verb:set package 'rviz_plugin_zed_od' build argument 'catkin_skip_building_tests' from command line to 'False'
[0.885s] DEBUG:colcon.colcon_core.verb:Building package 'rviz_plugin_zed_od' with the following arguments: {'ament_cmake_args': None, 'build_base': '/home/user/vision_ws/build/rviz_plugin_zed_od', 'catkin_cmake_args': None, 'catkin_skip_building_tests': False, 'cmake_args': ['-DCMAKE_BUILD_TYPE=Release'], 'cmake_clean_cache': False, 'cmake_clean_first': False, 'cmake_force_configure': False, 'cmake_target': None, 'cmake_target_skip_unavailable': False, 'install_base': '/home/user/vision_ws/install/rviz_plugin_zed_od', 'merge_install': False, 'path': '/home/user/vision_ws/src/zed-ros2-examples/rviz-plugin-zed-od', 'symlink_install': True, 'test_result_base': None}
[0.886s] Level 5:colcon.colcon_core.verb:set package 'zed_components' build argument 'cmake_args' from command line to '['-DCMAKE_BUILD_TYPE=Release']'
[0.886s] Level 5:colcon.colcon_core.verb:set package 'zed_components' build argument 'cmake_target' from command line to 'None'
[0.886s] Level 5:colcon.colcon_core.verb:set package 'zed_components' build argument 'cmake_target_skip_unavailable' from command line to 'False'
[0.886s] Level 5:colcon.colcon_core.verb:set package 'zed_components' build argument 'cmake_clean_cache' from command line to 'False'
[0.886s] Level 5:colcon.colcon_core.verb:set package 'zed_components' build argument 'cmake_clean_first' from command line to 'False'
[0.886s] Level 5:colcon.colcon_core.verb:set package 'zed_components' build argument 'cmake_force_configure' from command line to 'False'
[0.886s] Level 5:colcon.colcon_core.verb:set package 'zed_components' build argument 'ament_cmake_args' from command line to 'None'
[0.886s] Level 5:colcon.colcon_core.verb:set package 'zed_components' build argument 'catkin_cmake_args' from command line to 'None'
[0.886s] Level 5:colcon.colcon_core.verb:set package 'zed_components' build argument 'catkin_skip_building_tests' from command line to 'False'
[0.887s] DEBUG:colcon.colcon_core.verb:Building package 'zed_components' with the following arguments: {'ament_cmake_args': None, 'build_base': '/home/user/vision_ws/build/zed_components', 'catkin_cmake_args': None, 'catkin_skip_building_tests': False, 'cmake_args': ['-DCMAKE_BUILD_TYPE=Release'], 'cmake_clean_cache': False, 'cmake_clean_first': False, 'cmake_force_configure': False, 'cmake_target': None, 'cmake_target_skip_unavailable': False, 'install_base': '/home/user/vision_ws/install/zed_components', 'merge_install': False, 'path': '/home/user/vision_ws/src/zed-ros2-wrapper/zed_components', 'symlink_install': True, 'test_result_base': None}
[0.887s] Level 5:colcon.colcon_core.verb:set package 'zed_topic_benchmark_interfaces' build argument 'cmake_args' from command line to '['-DCMAKE_BUILD_TYPE=Release']'
[0.887s] Level 5:colcon.colcon_core.verb:set package 'zed_topic_benchmark_interfaces' build argument 'cmake_target' from command line to 'None'
[0.887s] Level 5:colcon.colcon_core.verb:set package 'zed_topic_benchmark_interfaces' build argument 'cmake_target_skip_unavailable' from command line to 'False'
[0.887s] Level 5:colcon.colcon_core.verb:set package 'zed_topic_benchmark_interfaces' build argument 'cmake_clean_cache' from command line to 'False'
[0.887s] Level 5:colcon.colcon_core.verb:set package 'zed_topic_benchmark_interfaces' build argument 'cmake_clean_first' from command line to 'False'
[0.887s] Level 5:colcon.colcon_core.verb:set package 'zed_topic_benchmark_interfaces' build argument 'cmake_force_configure' from command line to 'False'
[0.888s] Level 5:colcon.colcon_core.verb:set package 'zed_topic_benchmark_interfaces' build argument 'ament_cmake_args' from command line to 'None'
[0.888s] Level 5:colcon.colcon_core.verb:set package 'zed_topic_benchmark_interfaces' build argument 'catkin_cmake_args' from command line to 'None'
[0.888s] Level 5:colcon.colcon_core.verb:set package 'zed_topic_benchmark_interfaces' build argument 'catkin_skip_building_tests' from command line to 'False'
[0.888s] DEBUG:colcon.colcon_core.verb:Building package 'zed_topic_benchmark_interfaces' with the following arguments: {'ament_cmake_args': None, 'build_base': '/home/user/vision_ws/build/zed_topic_benchmark_interfaces', 'catkin_cmake_args': None, 'catkin_skip_building_tests': False, 'cmake_args': ['-DCMAKE_BUILD_TYPE=Release'], 'cmake_clean_cache': False, 'cmake_clean_first': False, 'cmake_force_configure': False, 'cmake_target': None, 'cmake_target_skip_unavailable': False, 'install_base': '/home/user/vision_ws/install/zed_topic_benchmark_interfaces', 'merge_install': False, 'path': '/home/user/vision_ws/src/zed-ros2-examples/tools/zed_benchmark_interfaces', 'symlink_install': True, 'test_result_base': None}
[0.888s] Level 5:colcon.colcon_core.verb:set package 'zed_tutorial_depth' build argument 'cmake_args' from command line to '['-DCMAKE_BUILD_TYPE=Release']'
[0.889s] Level 5:colcon.colcon_core.verb:set package 'zed_tutorial_depth' build argument 'cmake_target' from command line to 'None'
[0.889s] Level 5:colcon.colcon_core.verb:set package 'zed_tutorial_depth' build argument 'cmake_target_skip_unavailable' from command line to 'False'
[0.889s] Level 5:colcon.colcon_core.verb:set package 'zed_tutorial_depth' build argument 'cmake_clean_cache' from command line to 'False'
[0.889s] Level 5:colcon.colcon_core.verb:set package 'zed_tutorial_depth' build argument 'cmake_clean_first' from command line to 'False'
[0.889s] Level 5:colcon.colcon_core.verb:set package 'zed_tutorial_depth' build argument 'cmake_force_configure' from command line to 'False'
[0.889s] Level 5:colcon.colcon_core.verb:set package 'zed_tutorial_depth' build argument 'ament_cmake_args' from command line to 'None'
[0.889s] Level 5:colcon.colcon_core.verb:set package 'zed_tutorial_depth' build argument 'catkin_cmake_args' from command line to 'None'
[0.889s] Level 5:colcon.colcon_core.verb:set package 'zed_tutorial_depth' build argument 'catkin_skip_building_tests' from command line to 'False'
[0.889s] DEBUG:colcon.colcon_core.verb:Building package 'zed_tutorial_depth' with the following arguments: {'ament_cmake_args': None, 'build_base': '/home/user/vision_ws/build/zed_tutorial_depth', 'catkin_cmake_args': None, 'catkin_skip_building_tests': False, 'cmake_args': ['-DCMAKE_BUILD_TYPE=Release'], 'cmake_clean_cache': False, 'cmake_clean_first': False, 'cmake_force_configure': False, 'cmake_target': None, 'cmake_target_skip_unavailable': False, 'install_base': '/home/user/vision_ws/install/zed_tutorial_depth', 'merge_install': False, 'path': '/home/user/vision_ws/src/zed-ros2-examples/tutorials/zed_depth_tutorial', 'symlink_install': True, 'test_result_base': None}
[0.890s] Level 5:colcon.colcon_core.verb:set package 'zed_tutorial_pos_tracking' build argument 'cmake_args' from command line to '['-DCMAKE_BUILD_TYPE=Release']'
[0.890s] Level 5:colcon.colcon_core.verb:set package 'zed_tutorial_pos_tracking' build argument 'cmake_target' from command line to 'None'
[0.890s] Level 5:colcon.colcon_core.verb:set package 'zed_tutorial_pos_tracking' build argument 'cmake_target_skip_unavailable' from command line to 'False'
[0.890s] Level 5:colcon.colcon_core.verb:set package 'zed_tutorial_pos_tracking' build argument 'cmake_clean_cache' from command line to 'False'
[0.890s] Level 5:colcon.colcon_core.verb:set package 'zed_tutorial_pos_tracking' build argument 'cmake_clean_first' from command line to 'False'
[0.890s] Level 5:colcon.colcon_core.verb:set package 'zed_tutorial_pos_tracking' build argument 'cmake_force_configure' from command line to 'False'
[0.890s] Level 5:colcon.colcon_core.verb:set package 'zed_tutorial_pos_tracking' build argument 'ament_cmake_args' from command line to 'None'
[0.890s] Level 5:colcon.colcon_core.verb:set package 'zed_tutorial_pos_tracking' build argument 'catkin_cmake_args' from command line to 'None'
[0.890s] Level 5:colcon.colcon_core.verb:set package 'zed_tutorial_pos_tracking' build argument 'catkin_skip_building_tests' from command line to 'False'
[0.890s] DEBUG:colcon.colcon_core.verb:Building package 'zed_tutorial_pos_tracking' with the following arguments: {'ament_cmake_args': None, 'build_base': '/home/user/vision_ws/build/zed_tutorial_pos_tracking', 'catkin_cmake_args': None, 'catkin_skip_building_tests': False, 'cmake_args': ['-DCMAKE_BUILD_TYPE=Release'], 'cmake_clean_cache': False, 'cmake_clean_first': False, 'cmake_force_configure': False, 'cmake_target': None, 'cmake_target_skip_unavailable': False, 'install_base': '/home/user/vision_ws/install/zed_tutorial_pos_tracking', 'merge_install': False, 'path': '/home/user/vision_ws/src/zed-ros2-examples/tutorials/zed_pose_tutorial', 'symlink_install': True, 'test_result_base': None}
[0.891s] Level 5:colcon.colcon_core.verb:set package 'zed_tutorial_video' build argument 'cmake_args' from command line to '['-DCMAKE_BUILD_TYPE=Release']'
[0.891s] Level 5:colcon.colcon_core.verb:set package 'zed_tutorial_video' build argument 'cmake_target' from command line to 'None'
[0.891s] Level 5:colcon.colcon_core.verb:set package 'zed_tutorial_video' build argument 'cmake_target_skip_unavailable' from command line to 'False'
[0.891s] Level 5:colcon.colcon_core.verb:set package 'zed_tutorial_video' build argument 'cmake_clean_cache' from command line to 'False'
[0.891s] Level 5:colcon.colcon_core.verb:set package 'zed_tutorial_video' build argument 'cmake_clean_first' from command line to 'False'
[0.891s] Level 5:colcon.colcon_core.verb:set package 'zed_tutorial_video' build argument 'cmake_force_configure' from command line to 'False'
[0.891s] Level 5:colcon.colcon_core.verb:set package 'zed_tutorial_video' build argument 'ament_cmake_args' from command line to 'None'
[0.891s] Level 5:colcon.colcon_core.verb:set package 'zed_tutorial_video' build argument 'catkin_cmake_args' from command line to 'None'
[0.891s] Level 5:colcon.colcon_core.verb:set package 'zed_tutorial_video' build argument 'catkin_skip_building_tests' from command line to 'False'
[0.891s] DEBUG:colcon.colcon_core.verb:Building package 'zed_tutorial_video' with the following arguments: {'ament_cmake_args': None, 'build_base': '/home/user/vision_ws/build/zed_tutorial_video', 'catkin_cmake_args': None, 'catkin_skip_building_tests': False, 'cmake_args': ['-DCMAKE_BUILD_TYPE=Release'], 'cmake_clean_cache': False, 'cmake_clean_first': False, 'cmake_force_configure': False, 'cmake_target': None, 'cmake_target_skip_unavailable': False, 'install_base': '/home/user/vision_ws/install/zed_tutorial_video', 'merge_install': False, 'path': '/home/user/vision_ws/src/zed-ros2-examples/tutorials/zed_video_tutorial', 'symlink_install': True, 'test_result_base': None}
[0.892s] Level 5:colcon.colcon_core.verb:set package 'zed_aruco_localization' build argument 'cmake_args' from command line to '['-DCMAKE_BUILD_TYPE=Release']'
[0.892s] Level 5:colcon.colcon_core.verb:set package 'zed_aruco_localization' build argument 'cmake_target' from command line to 'None'
[0.892s] Level 5:colcon.colcon_core.verb:set package 'zed_aruco_localization' build argument 'cmake_target_skip_unavailable' from command line to 'False'
[0.892s] Level 5:colcon.colcon_core.verb:set package 'zed_aruco_localization' build argument 'cmake_clean_cache' from command line to 'False'
[0.892s] Level 5:colcon.colcon_core.verb:set package 'zed_aruco_localization' build argument 'cmake_clean_first' from command line to 'False'
[0.892s] Level 5:colcon.colcon_core.verb:set package 'zed_aruco_localization' build argument 'cmake_force_configure' from command line to 'False'
[0.892s] Level 5:colcon.colcon_core.verb:set package 'zed_aruco_localization' build argument 'ament_cmake_args' from command line to 'None'
[0.892s] Level 5:colcon.colcon_core.verb:set package 'zed_aruco_localization' build argument 'catkin_cmake_args' from command line to 'None'
[0.892s] Level 5:colcon.colcon_core.verb:set package 'zed_aruco_localization' build argument 'catkin_skip_building_tests' from command line to 'False'
[0.892s] DEBUG:colcon.colcon_core.verb:Building package 'zed_aruco_localization' with the following arguments: {'ament_cmake_args': None, 'build_base': '/home/user/vision_ws/build/zed_aruco_localization', 'catkin_cmake_args': None, 'catkin_skip_building_tests': False, 'cmake_args': ['-DCMAKE_BUILD_TYPE=Release'], 'cmake_clean_cache': False, 'cmake_clean_first': False, 'cmake_force_configure': False, 'cmake_target': None, 'cmake_target_skip_unavailable': False, 'install_base': '/home/user/vision_ws/install/zed_aruco_localization', 'merge_install': False, 'path': '/home/user/vision_ws/src/zed-ros2-examples/examples/zed_aruco_localization', 'symlink_install': True, 'test_result_base': None}
[0.893s] Level 5:colcon.colcon_core.verb:set package 'zed_rgb_convert' build argument 'cmake_args' from command line to '['-DCMAKE_BUILD_TYPE=Release']'
[0.893s] Level 5:colcon.colcon_core.verb:set package 'zed_rgb_convert' build argument 'cmake_target' from command line to 'None'
[0.893s] Level 5:colcon.colcon_core.verb:set package 'zed_rgb_convert' build argument 'cmake_target_skip_unavailable' from command line to 'False'
[0.893s] Level 5:colcon.colcon_core.verb:set package 'zed_rgb_convert' build argument 'cmake_clean_cache' from command line to 'False'
[0.893s] Level 5:colcon.colcon_core.verb:set package 'zed_rgb_convert' build argument 'cmake_clean_first' from command line to 'False'
[0.893s] Level 5:colcon.colcon_core.verb:set package 'zed_rgb_convert' build argument 'cmake_force_configure' from command line to 'False'
[0.893s] Level 5:colcon.colcon_core.verb:set package 'zed_rgb_convert' build argument 'ament_cmake_args' from command line to 'None'
[0.893s] Level 5:colcon.colcon_core.verb:set package 'zed_rgb_convert' build argument 'catkin_cmake_args' from command line to 'None'
[0.893s] Level 5:colcon.colcon_core.verb:set package 'zed_rgb_convert' build argument 'catkin_skip_building_tests' from command line to 'False'
[0.893s] DEBUG:colcon.colcon_core.verb:Building package 'zed_rgb_convert' with the following arguments: {'ament_cmake_args': None, 'build_base': '/home/user/vision_ws/build/zed_rgb_convert', 'catkin_cmake_args': None, 'catkin_skip_building_tests': False, 'cmake_args': ['-DCMAKE_BUILD_TYPE=Release'], 'cmake_clean_cache': False, 'cmake_clean_first': False, 'cmake_force_configure': False, 'cmake_target': None, 'cmake_target_skip_unavailable': False, 'install_base': '/home/user/vision_ws/install/zed_rgb_convert', 'merge_install': False, 'path': '/home/user/vision_ws/src/zed-ros2-examples/tutorials/zed_rgb_convert', 'symlink_install': True, 'test_result_base': None}
[0.894s] Level 5:colcon.colcon_core.verb:set package 'zed_topic_benchmark_component' build argument 'cmake_args' from command line to '['-DCMAKE_BUILD_TYPE=Release']'
[0.894s] Level 5:colcon.colcon_core.verb:set package 'zed_topic_benchmark_component' build argument 'cmake_target' from command line to 'None'
[0.894s] Level 5:colcon.colcon_core.verb:set package 'zed_topic_benchmark_component' build argument 'cmake_target_skip_unavailable' from command line to 'False'
[0.894s] Level 5:colcon.colcon_core.verb:set package 'zed_topic_benchmark_component' build argument 'cmake_clean_cache' from command line to 'False'
[0.894s] Level 5:colcon.colcon_core.verb:set package 'zed_topic_benchmark_component' build argument 'cmake_clean_first' from command line to 'False'
[0.894s] Level 5:colcon.colcon_core.verb:set package 'zed_topic_benchmark_component' build argument 'cmake_force_configure' from command line to 'False'
[0.894s] Level 5:colcon.colcon_core.verb:set package 'zed_topic_benchmark_component' build argument 'ament_cmake_args' from command line to 'None'
[0.894s] Level 5:colcon.colcon_core.verb:set package 'zed_topic_benchmark_component' build argument 'catkin_cmake_args' from command line to 'None'
[0.894s] Level 5:colcon.colcon_core.verb:set package 'zed_topic_benchmark_component' build argument 'catkin_skip_building_tests' from command line to 'False'
[0.895s] DEBUG:colcon.colcon_core.verb:Building package 'zed_topic_benchmark_component' with the following arguments: {'ament_cmake_args': None, 'build_base': '/home/user/vision_ws/build/zed_topic_benchmark_component', 'catkin_cmake_args': None, 'catkin_skip_building_tests': False, 'cmake_args': ['-DCMAKE_BUILD_TYPE=Release'], 'cmake_clean_cache': False, 'cmake_clean_first': False, 'cmake_force_configure': False, 'cmake_target': None, 'cmake_target_skip_unavailable': False, 'install_base': '/home/user/vision_ws/install/zed_topic_benchmark_component', 'merge_install': False, 'path': '/home/user/vision_ws/src/zed-ros2-examples/tools/zed_benchmark_component', 'symlink_install': True, 'test_result_base': None}
[0.895s] Level 5:colcon.colcon_core.verb:set package 'zed_wrapper' build argument 'cmake_args' from command line to '['-DCMAKE_BUILD_TYPE=Release']'
[0.895s] Level 5:colcon.colcon_core.verb:set package 'zed_wrapper' build argument 'cmake_target' from command line to 'None'
[0.895s] Level 5:colcon.colcon_core.verb:set package 'zed_wrapper' build argument 'cmake_target_skip_unavailable' from command line to 'False'
[0.895s] Level 5:colcon.colcon_core.verb:set package 'zed_wrapper' build argument 'cmake_clean_cache' from command line to 'False'
[0.895s] Level 5:colcon.colcon_core.verb:set package 'zed_wrapper' build argument 'cmake_clean_first' from command line to 'False'
[0.895s] Level 5:colcon.colcon_core.verb:set package 'zed_wrapper' build argument 'cmake_force_configure' from command line to 'False'
[0.895s] Level 5:colcon.colcon_core.verb:set package 'zed_wrapper' build argument 'ament_cmake_args' from command line to 'None'
[0.896s] Level 5:colcon.colcon_core.verb:set package 'zed_wrapper' build argument 'catkin_cmake_args' from command line to 'None'
[0.896s] Level 5:colcon.colcon_core.verb:set package 'zed_wrapper' build argument 'catkin_skip_building_tests' from command line to 'False'
[0.896s] DEBUG:colcon.colcon_core.verb:Building package 'zed_wrapper' with the following arguments: {'ament_cmake_args': None, 'build_base': '/home/user/vision_ws/build/zed_wrapper', 'catkin_cmake_args': None, 'catkin_skip_building_tests': False, 'cmake_args': ['-DCMAKE_BUILD_TYPE=Release'], 'cmake_clean_cache': False, 'cmake_clean_first': False, 'cmake_force_configure': False, 'cmake_target': None, 'cmake_target_skip_unavailable': False, 'install_base': '/home/user/vision_ws/install/zed_wrapper', 'merge_install': False, 'path': '/home/user/vision_ws/src/zed-ros2-wrapper/zed_wrapper', 'symlink_install': True, 'test_result_base': None}
[0.896s] Level 5:colcon.colcon_core.verb:set package 'zed_depth_to_laserscan' build argument 'cmake_args' from command line to '['-DCMAKE_BUILD_TYPE=Release']'
[0.896s] Level 5:colcon.colcon_core.verb:set package 'zed_depth_to_laserscan' build argument 'cmake_target' from command line to 'None'
[0.896s] Level 5:colcon.colcon_core.verb:set package 'zed_depth_to_laserscan' build argument 'cmake_target_skip_unavailable' from command line to 'False'
[0.896s] Level 5:colcon.colcon_core.verb:set package 'zed_depth_to_laserscan' build argument 'cmake_clean_cache' from command line to 'False'
[0.896s] Level 5:colcon.colcon_core.verb:set package 'zed_depth_to_laserscan' build argument 'cmake_clean_first' from command line to 'False'
[0.897s] Level 5:colcon.colcon_core.verb:set package 'zed_depth_to_laserscan' build argument 'cmake_force_configure' from command line to 'False'
[0.897s] Level 5:colcon.colcon_core.verb:set package 'zed_depth_to_laserscan' build argument 'ament_cmake_args' from command line to 'None'
[0.897s] Level 5:colcon.colcon_core.verb:set package 'zed_depth_to_laserscan' build argument 'catkin_cmake_args' from command line to 'None'
[0.897s] Level 5:colcon.colcon_core.verb:set package 'zed_depth_to_laserscan' build argument 'catkin_skip_building_tests' from command line to 'False'
[0.897s] DEBUG:colcon.colcon_core.verb:Building package 'zed_depth_to_laserscan' with the following arguments: {'ament_cmake_args': None, 'build_base': '/home/user/vision_ws/build/zed_depth_to_laserscan', 'catkin_cmake_args': None, 'catkin_skip_building_tests': False, 'cmake_args': ['-DCMAKE_BUILD_TYPE=Release'], 'cmake_clean_cache': False, 'cmake_clean_first': False, 'cmake_force_configure': False, 'cmake_target': None, 'cmake_target_skip_unavailable': False, 'install_base': '/home/user/vision_ws/install/zed_depth_to_laserscan', 'merge_install': False, 'path': '/home/user/vision_ws/src/zed-ros2-examples/examples/zed_depth_to_laserscan', 'symlink_install': True, 'test_result_base': None}
[0.897s] Level 5:colcon.colcon_core.verb:set package 'zed_display_rviz2' build argument 'cmake_args' from command line to '['-DCMAKE_BUILD_TYPE=Release']'
[0.897s] Level 5:colcon.colcon_core.verb:set package 'zed_display_rviz2' build argument 'cmake_target' from command line to 'None'
[0.898s] Level 5:colcon.colcon_core.verb:set package 'zed_display_rviz2' build argument 'cmake_target_skip_unavailable' from command line to 'False'
[0.898s] Level 5:colcon.colcon_core.verb:set package 'zed_display_rviz2' build argument 'cmake_clean_cache' from command line to 'False'
[0.898s] Level 5:colcon.colcon_core.verb:set package 'zed_display_rviz2' build argument 'cmake_clean_first' from command line to 'False'
[0.898s] Level 5:colcon.colcon_core.verb:set package 'zed_display_rviz2' build argument 'cmake_force_configure' from command line to 'False'
[0.898s] Level 5:colcon.colcon_core.verb:set package 'zed_display_rviz2' build argument 'ament_cmake_args' from command line to 'None'
[0.898s] Level 5:colcon.colcon_core.verb:set package 'zed_display_rviz2' build argument 'catkin_cmake_args' from command line to 'None'
[0.898s] Level 5:colcon.colcon_core.verb:set package 'zed_display_rviz2' build argument 'catkin_skip_building_tests' from command line to 'False'
[0.898s] DEBUG:colcon.colcon_core.verb:Building package 'zed_display_rviz2' with the following arguments: {'ament_cmake_args': None, 'build_base': '/home/user/vision_ws/build/zed_display_rviz2', 'catkin_cmake_args': None, 'catkin_skip_building_tests': False, 'cmake_args': ['-DCMAKE_BUILD_TYPE=Release'], 'cmake_clean_cache': False, 'cmake_clean_first': False, 'cmake_force_configure': False, 'cmake_target': None, 'cmake_target_skip_unavailable': False, 'install_base': '/home/user/vision_ws/install/zed_display_rviz2', 'merge_install': False, 'path': '/home/user/vision_ws/src/zed-ros2-examples/zed_display_rviz2', 'symlink_install': True, 'test_result_base': None}
[0.898s] Level 5:colcon.colcon_core.verb:set package 'zed_multi_camera' build argument 'cmake_args' from command line to '['-DCMAKE_BUILD_TYPE=Release']'
[0.899s] Level 5:colcon.colcon_core.verb:set package 'zed_multi_camera' build argument 'cmake_target' from command line to 'None'
[0.899s] Level 5:colcon.colcon_core.verb:set package 'zed_multi_camera' build argument 'cmake_target_skip_unavailable' from command line to 'False'
[0.899s] Level 5:colcon.colcon_core.verb:set package 'zed_multi_camera' build argument 'cmake_clean_cache' from command line to 'False'
[0.899s] Level 5:colcon.colcon_core.verb:set package 'zed_multi_camera' build argument 'cmake_clean_first' from command line to 'False'
[0.899s] Level 5:colcon.colcon_core.verb:set package 'zed_multi_camera' build argument 'cmake_force_configure' from command line to 'False'
[0.899s] Level 5:colcon.colcon_core.verb:set package 'zed_multi_camera' build argument 'ament_cmake_args' from command line to 'None'
[0.899s] Level 5:colcon.colcon_core.verb:set package 'zed_multi_camera' build argument 'catkin_cmake_args' from command line to 'None'
[0.899s] Level 5:colcon.colcon_core.verb:set package 'zed_multi_camera' build argument 'catkin_skip_building_tests' from command line to 'False'
[0.899s] DEBUG:colcon.colcon_core.verb:Building package 'zed_multi_camera' with the following arguments: {'ament_cmake_args': None, 'build_base': '/home/user/vision_ws/build/zed_multi_camera', 'catkin_cmake_args': None, 'catkin_skip_building_tests': False, 'cmake_args': ['-DCMAKE_BUILD_TYPE=Release'], 'cmake_clean_cache': False, 'cmake_clean_first': False, 'cmake_force_configure': False, 'cmake_target': None, 'cmake_target_skip_unavailable': False, 'install_base': '/home/user/vision_ws/install/zed_multi_camera', 'merge_install': False, 'path': '/home/user/vision_ws/src/zed-ros2-examples/tutorials/zed_multi_camera', 'symlink_install': True, 'test_result_base': None}
[0.900s] Level 5:colcon.colcon_core.verb:set package 'zed_robot_integration' build argument 'cmake_args' from command line to '['-DCMAKE_BUILD_TYPE=Release']'
[0.900s] Level 5:colcon.colcon_core.verb:set package 'zed_robot_integration' build argument 'cmake_target' from command line to 'None'
[0.900s] Level 5:colcon.colcon_core.verb:set package 'zed_robot_integration' build argument 'cmake_target_skip_unavailable' from command line to 'False'
[0.900s] Level 5:colcon.colcon_core.verb:set package 'zed_robot_integration' build argument 'cmake_clean_cache' from command line to 'False'
[0.900s] Level 5:colcon.colcon_core.verb:set package 'zed_robot_integration' build argument 'cmake_clean_first' from command line to 'False'
[0.900s] Level 5:colcon.colcon_core.verb:set package 'zed_robot_integration' build argument 'cmake_force_configure' from command line to 'False'
[0.900s] Level 5:colcon.colcon_core.verb:set package 'zed_robot_integration' build argument 'ament_cmake_args' from command line to 'None'
[0.900s] Level 5:colcon.colcon_core.verb:set package 'zed_robot_integration' build argument 'catkin_cmake_args' from command line to 'None'
[0.900s] Level 5:colcon.colcon_core.verb:set package 'zed_robot_integration' build argument 'catkin_skip_building_tests' from command line to 'False'
[0.900s] DEBUG:colcon.colcon_core.verb:Building package 'zed_robot_integration' with the following arguments: {'ament_cmake_args': None, 'build_base': '/home/user/vision_ws/build/zed_robot_integration', 'catkin_cmake_args': None, 'catkin_skip_building_tests': False, 'cmake_args': ['-DCMAKE_BUILD_TYPE=Release'], 'cmake_clean_cache': False, 'cmake_clean_first': False, 'cmake_force_configure': False, 'cmake_target': None, 'cmake_target_skip_unavailable': False, 'install_base': '/home/user/vision_ws/install/zed_robot_integration', 'merge_install': False, 'path': '/home/user/vision_ws/src/zed-ros2-examples/tutorials/zed_robot_integration', 'symlink_install': True, 'test_result_base': None}
[0.901s] Level 5:colcon.colcon_core.verb:set package 'zed_ros2' build argument 'cmake_args' from command line to '['-DCMAKE_BUILD_TYPE=Release']'
[0.901s] Level 5:colcon.colcon_core.verb:set package 'zed_ros2' build argument 'cmake_target' from command line to 'None'
[0.901s] Level 5:colcon.colcon_core.verb:set package 'zed_ros2' build argument 'cmake_target_skip_unavailable' from command line to 'False'
[0.901s] Level 5:colcon.colcon_core.verb:set package 'zed_ros2' build argument 'cmake_clean_cache' from command line to 'False'
[0.901s] Level 5:colcon.colcon_core.verb:set package 'zed_ros2' build argument 'cmake_clean_first' from command line to 'False'
[0.901s] Level 5:colcon.colcon_core.verb:set package 'zed_ros2' build argument 'cmake_force_configure' from command line to 'False'
[0.901s] Level 5:colcon.colcon_core.verb:set package 'zed_ros2' build argument 'ament_cmake_args' from command line to 'None'
[0.901s] Level 5:colcon.colcon_core.verb:set package 'zed_ros2' build argument 'catkin_cmake_args' from command line to 'None'
[0.901s] Level 5:colcon.colcon_core.verb:set package 'zed_ros2' build argument 'catkin_skip_building_tests' from command line to 'False'
[0.901s] DEBUG:colcon.colcon_core.verb:Building package 'zed_ros2' with the following arguments: {'ament_cmake_args': None, 'build_base': '/home/user/vision_ws/build/zed_ros2', 'catkin_cmake_args': None, 'catkin_skip_building_tests': False, 'cmake_args': ['-DCMAKE_BUILD_TYPE=Release'], 'cmake_clean_cache': False, 'cmake_clean_first': False, 'cmake_force_configure': False, 'cmake_target': None, 'cmake_target_skip_unavailable': False, 'install_base': '/home/user/vision_ws/install/zed_ros2', 'merge_install': False, 'path': '/home/user/vision_ws/src/zed-ros2-wrapper/zed_ros2', 'symlink_install': True, 'test_result_base': None}
[0.902s] Level 5:colcon.colcon_core.verb:set package 'zed_topic_benchmark' build argument 'cmake_args' from command line to '['-DCMAKE_BUILD_TYPE=Release']'
[0.902s] Level 5:colcon.colcon_core.verb:set package 'zed_topic_benchmark' build argument 'cmake_target' from command line to 'None'
[0.902s] Level 5:colcon.colcon_core.verb:set package 'zed_topic_benchmark' build argument 'cmake_target_skip_unavailable' from command line to 'False'
[0.902s] Level 5:colcon.colcon_core.verb:set package 'zed_topic_benchmark' build argument 'cmake_clean_cache' from command line to 'False'
[0.902s] Level 5:colcon.colcon_core.verb:set package 'zed_topic_benchmark' build argument 'cmake_clean_first' from command line to 'False'
[0.902s] Level 5:colcon.colcon_core.verb:set package 'zed_topic_benchmark' build argument 'cmake_force_configure' from command line to 'False'
[0.902s] Level 5:colcon.colcon_core.verb:set package 'zed_topic_benchmark' build argument 'ament_cmake_args' from command line to 'None'
[0.902s] Level 5:colcon.colcon_core.verb:set package 'zed_topic_benchmark' build argument 'catkin_cmake_args' from command line to 'None'
[0.902s] Level 5:colcon.colcon_core.verb:set package 'zed_topic_benchmark' build argument 'catkin_skip_building_tests' from command line to 'False'
[0.902s] DEBUG:colcon.colcon_core.verb:Building package 'zed_topic_benchmark' with the following arguments: {'ament_cmake_args': None, 'build_base': '/home/user/vision_ws/build/zed_topic_benchmark', 'catkin_cmake_args': None, 'catkin_skip_building_tests': False, 'cmake_args': ['-DCMAKE_BUILD_TYPE=Release'], 'cmake_clean_cache': False, 'cmake_clean_first': False, 'cmake_force_configure': False, 'cmake_target': None, 'cmake_target_skip_unavailable': False, 'install_base': '/home/user/vision_ws/install/zed_topic_benchmark', 'merge_install': False, 'path': '/home/user/vision_ws/src/zed-ros2-examples/tools/zed_benchmark', 'symlink_install': True, 'test_result_base': None}
[0.903s] Level 5:colcon.colcon_core.verb:set package 'zed_ipc' build argument 'cmake_args' from command line to '['-DCMAKE_BUILD_TYPE=Release']'
[0.903s] Level 5:colcon.colcon_core.verb:set package 'zed_ipc' build argument 'cmake_target' from command line to 'None'
[0.903s] Level 5:colcon.colcon_core.verb:set package 'zed_ipc' build argument 'cmake_target_skip_unavailable' from command line to 'False'
[0.903s] Level 5:colcon.colcon_core.verb:set package 'zed_ipc' build argument 'cmake_clean_cache' from command line to 'False'
[0.903s] Level 5:colcon.colcon_core.verb:set package 'zed_ipc' build argument 'cmake_clean_first' from command line to 'False'
[0.903s] Level 5:colcon.colcon_core.verb:set package 'zed_ipc' build argument 'cmake_force_configure' from command line to 'False'
[0.903s] Level 5:colcon.colcon_core.verb:set package 'zed_ipc' build argument 'ament_cmake_args' from command line to 'None'
[0.903s] Level 5:colcon.colcon_core.verb:set package 'zed_ipc' build argument 'catkin_cmake_args' from command line to 'None'
[0.903s] Level 5:colcon.colcon_core.verb:set package 'zed_ipc' build argument 'catkin_skip_building_tests' from command line to 'False'
[0.903s] DEBUG:colcon.colcon_core.verb:Building package 'zed_ipc' with the following arguments: {'ament_cmake_args': None, 'build_base': '/home/user/vision_ws/build/zed_ipc', 'catkin_cmake_args': None, 'catkin_skip_building_tests': False, 'cmake_args': ['-DCMAKE_BUILD_TYPE=Release'], 'cmake_clean_cache': False, 'cmake_clean_first': False, 'cmake_force_configure': False, 'cmake_target': None, 'cmake_target_skip_unavailable': False, 'install_base': '/home/user/vision_ws/install/zed_ipc', 'merge_install': False, 'path': '/home/user/vision_ws/src/zed-ros2-examples/tutorials/zed_ipc', 'symlink_install': True, 'test_result_base': None}
[0.904s] INFO:colcon.colcon_core.executor:Executing jobs using 'parallel' executor
[0.906s] DEBUG:colcon.colcon_parallel_executor.executor.parallel:run_until_complete
[0.907s] INFO:colcon.colcon_ros.task.ament_cmake.build:Building ROS package in '/home/user/vision_ws/src/zed-ros2-wrapper/zed_components' with build type 'ament_cmake'
[0.907s] INFO:colcon.colcon_cmake.task.cmake.build:Building CMake package in '/home/user/vision_ws/src/zed-ros2-wrapper/zed_components'
[0.913s] INFO:colcon.colcon_core.plugin_system:Skipping extension 'colcon_core.shell.bat': Not used on non-Windows systems
[0.913s] INFO:colcon.colcon_core.shell:Skip shell extension 'powershell' for command environment: Not usable outside of PowerShell
[0.913s] DEBUG:colcon.colcon_core.shell:Skip shell extension 'dsv' for command environment
[0.924s] INFO:colcon.colcon_ros.task.ament_cmake.build:Building ROS package in '/home/user/vision_ws/src/zed-ros2-examples/tools/zed_benchmark_interfaces' with build type 'ament_cmake'
[0.925s] INFO:colcon.colcon_cmake.task.cmake.build:Building CMake package in '/home/user/vision_ws/src/zed-ros2-examples/tools/zed_benchmark_interfaces'
[0.925s] INFO:colcon.colcon_core.shell:Skip shell extension 'powershell' for command environment: Not usable outside of PowerShell
[0.925s] DEBUG:colcon.colcon_core.shell:Skip shell extension 'dsv' for command environment
[0.936s] INFO:colcon.colcon_ros.task.ament_cmake.build:Building ROS package in '/home/user/vision_ws/src/zed-ros2-examples/rviz-plugin-zed-od' with build type 'ament_cmake'
[0.936s] INFO:colcon.colcon_cmake.task.cmake.build:Building CMake package in '/home/user/vision_ws/src/zed-ros2-examples/rviz-plugin-zed-od'
[0.936s] INFO:colcon.colcon_core.shell:Skip shell extension 'powershell' for command environment: Not usable outside of PowerShell
[0.937s] DEBUG:colcon.colcon_core.shell:Skip shell extension 'dsv' for command environment
[0.947s] INFO:colcon.colcon_ros.task.ament_cmake.build:Building ROS package in '/home/user/vision_ws/src/zed-ros2-examples/tutorials/zed_depth_tutorial' with build type 'ament_cmake'
[0.947s] INFO:colcon.colcon_cmake.task.cmake.build:Building CMake package in '/home/user/vision_ws/src/zed-ros2-examples/tutorials/zed_depth_tutorial'
[0.947s] INFO:colcon.colcon_core.shell:Skip shell extension 'powershell' for command environment: Not usable outside of PowerShell
[0.948s] DEBUG:colcon.colcon_core.shell:Skip shell extension 'dsv' for command environment
[0.958s] INFO:colcon.colcon_ros.task.ament_cmake.build:Building ROS package in '/home/user/vision_ws/src/zed-ros2-examples/tutorials/zed_pose_tutorial' with build type 'ament_cmake'
[0.958s] INFO:colcon.colcon_cmake.task.cmake.build:Building CMake package in '/home/user/vision_ws/src/zed-ros2-examples/tutorials/zed_pose_tutorial'
[0.958s] INFO:colcon.colcon_core.shell:Skip shell extension 'powershell' for command environment: Not usable outside of PowerShell
[0.959s] DEBUG:colcon.colcon_core.shell:Skip shell extension 'dsv' for command environment
[0.969s] INFO:colcon.colcon_ros.task.ament_cmake.build:Building ROS package in '/home/user/vision_ws/src/zed-ros2-examples/tutorials/zed_video_tutorial' with build type 'ament_cmake'
[0.969s] INFO:colcon.colcon_cmake.task.cmake.build:Building CMake package in '/home/user/vision_ws/src/zed-ros2-examples/tutorials/zed_video_tutorial'
[0.969s] INFO:colcon.colcon_core.shell:Skip shell extension 'powershell' for command environment: Not usable outside of PowerShell
[0.970s] DEBUG:colcon.colcon_core.shell:Skip shell extension 'dsv' for command environment
[0.988s] DEBUG:colcon.colcon_core.event_handler.log_command:Invoking command in '/home/user/vision_ws/build/zed_components': CMAKE_PREFIX_PATH=${CMAKE_PREFIX_PATH}:/home/user/autorover_ws/install/teleop_twist_keyboard:/home/user/autorover_ws/install/autorover_bringup:/opt/ros/humble /usr/bin/cmake --build /home/user/vision_ws/build/zed_components -- -j8 -l8
[0.996s] DEBUG:colcon.colcon_core.event_handler.log_command:Invoking command in '/home/user/vision_ws/build/zed_topic_benchmark_interfaces': CMAKE_PREFIX_PATH=${CMAKE_PREFIX_PATH}:/home/user/autorover_ws/install/teleop_twist_keyboard:/home/user/autorover_ws/install/autorover_bringup:/opt/ros/humble /usr/bin/cmake --build /home/user/vision_ws/build/zed_topic_benchmark_interfaces -- -j8 -l8
[1.001s] DEBUG:colcon.colcon_core.event_handler.log_command:Invoking command in '/home/user/vision_ws/build/rviz_plugin_zed_od': CMAKE_PREFIX_PATH=${CMAKE_PREFIX_PATH}:/home/user/autorover_ws/install/teleop_twist_keyboard:/home/user/autorover_ws/install/autorover_bringup:/opt/ros/humble /usr/bin/cmake --build /home/user/vision_ws/build/rviz_plugin_zed_od -- -j8 -l8
[1.006s] DEBUG:colcon.colcon_core.event_handler.log_command:Invoking command in '/home/user/vision_ws/build/zed_tutorial_depth': CMAKE_PREFIX_PATH=${CMAKE_PREFIX_PATH}:/home/user/autorover_ws/install/teleop_twist_keyboard:/home/user/autorover_ws/install/autorover_bringup:/opt/ros/humble /usr/bin/cmake --build /home/user/vision_ws/build/zed_tutorial_depth -- -j8 -l8
[1.011s] DEBUG:colcon.colcon_core.event_handler.log_command:Invoking command in '/home/user/vision_ws/build/zed_tutorial_pos_tracking': CMAKE_PREFIX_PATH=${CMAKE_PREFIX_PATH}:/home/user/autorover_ws/install/teleop_twist_keyboard:/home/user/autorover_ws/install/autorover_bringup:/opt/ros/humble /usr/bin/cmake --build /home/user/vision_ws/build/zed_tutorial_pos_tracking -- -j8 -l8
[1.023s] DEBUG:colcon.colcon_core.event_handler.log_command:Invoking command in '/home/user/vision_ws/build/zed_tutorial_video': CMAKE_PREFIX_PATH=${CMAKE_PREFIX_PATH}:/home/user/autorover_ws/install/teleop_twist_keyboard:/home/user/autorover_ws/install/autorover_bringup:/opt/ros/humble /usr/bin/cmake --build /home/user/vision_ws/build/zed_tutorial_video -- -j8 -l8
[1.163s] DEBUG:colcon.colcon_core.event_handler.log_command:Invoked command in '/home/user/vision_ws/build/zed_tutorial_depth' returned '0': CMAKE_PREFIX_PATH=${CMAKE_PREFIX_PATH}:/home/user/autorover_ws/install/teleop_twist_keyboard:/home/user/autorover_ws/install/autorover_bringup:/opt/ros/humble /usr/bin/cmake --build /home/user/vision_ws/build/zed_tutorial_depth -- -j8 -l8
[1.190s] DEBUG:colcon.colcon_core.event_handler.log_command:Invoking command in '/home/user/vision_ws/build/zed_tutorial_depth': CMAKE_PREFIX_PATH=${CMAKE_PREFIX_PATH}:/home/user/autorover_ws/install/teleop_twist_keyboard:/home/user/autorover_ws/install/autorover_bringup:/opt/ros/humble /usr/bin/cmake --install /home/user/vision_ws/build/zed_tutorial_depth
[1.195s] DEBUG:colcon.colcon_core.event_handler.log_command:Invoked command in '/home/user/vision_ws/build/zed_tutorial_video' returned '0': CMAKE_PREFIX_PATH=${CMAKE_PREFIX_PATH}:/home/user/autorover_ws/install/teleop_twist_keyboard:/home/user/autorover_ws/install/autorover_bringup:/opt/ros/humble /usr/bin/cmake --build /home/user/vision_ws/build/zed_tutorial_video -- -j8 -l8
[1.200s] DEBUG:colcon.colcon_core.event_handler.log_command:Invoking command in '/home/user/vision_ws/build/zed_tutorial_video': CMAKE_PREFIX_PATH=${CMAKE_PREFIX_PATH}:/home/user/autorover_ws/install/teleop_twist_keyboard:/home/user/autorover_ws/install/autorover_bringup:/opt/ros/humble /usr/bin/cmake --install /home/user/vision_ws/build/zed_tutorial_video
[1.204s] DEBUG:colcon.colcon_core.event_handler.log_command:Invoked command in '/home/user/vision_ws/build/zed_components' returned '0': CMAKE_PREFIX_PATH=${CMAKE_PREFIX_PATH}:/home/user/autorover_ws/install/teleop_twist_keyboard:/home/user/autorover_ws/install/autorover_bringup:/opt/ros/humble /usr/bin/cmake --build /home/user/vision_ws/build/zed_components -- -j8 -l8
[1.205s] DEBUG:colcon.colcon_core.event_handler.log_command:Invoking command in '/home/user/vision_ws/build/zed_components': CMAKE_PREFIX_PATH=${CMAKE_PREFIX_PATH}:/home/user/autorover_ws/install/teleop_twist_keyboard:/home/user/autorover_ws/install/autorover_bringup:/opt/ros/humble /usr/bin/cmake --install /home/user/vision_ws/build/zed_components
[1.210s] DEBUG:colcon.colcon_core.event_handler.log_command:Invoked command in '/home/user/vision_ws/build/zed_tutorial_pos_tracking' returned '0': CMAKE_PREFIX_PATH=${CMAKE_PREFIX_PATH}:/home/user/autorover_ws/install/teleop_twist_keyboard:/home/user/autorover_ws/install/autorover_bringup:/opt/ros/humble /usr/bin/cmake --build /home/user/vision_ws/build/zed_tutorial_pos_tracking -- -j8 -l8
[1.211s] DEBUG:colcon.colcon_core.event_handler.log_command:Invoking command in '/home/user/vision_ws/build/zed_tutorial_pos_tracking': CMAKE_PREFIX_PATH=${CMAKE_PREFIX_PATH}:/home/user/autorover_ws/install/teleop_twist_keyboard:/home/user/autorover_ws/install/autorover_bringup:/opt/ros/humble /usr/bin/cmake --install /home/user/vision_ws/build/zed_tutorial_pos_tracking
[1.247s] Level 1:colcon.colcon_core.environment:create_environment_scripts_only(zed_tutorial_video)
[1.249s] DEBUG:colcon.colcon_core.event_handler.log_command:Invoked command in '/home/user/vision_ws/build/zed_tutorial_video' returned '0': CMAKE_PREFIX_PATH=${CMAKE_PREFIX_PATH}:/home/user/autorover_ws/install/teleop_twist_keyboard:/home/user/autorover_ws/install/autorover_bringup:/opt/ros/humble /usr/bin/cmake --install /home/user/vision_ws/build/zed_tutorial_video
[1.258s] Level 1:colcon.colcon_core.environment:checking '/home/user/vision_ws/install/zed_tutorial_video' for CMake module files
[1.260s] Level 1:colcon.colcon_core.environment:checking '/home/user/vision_ws/install/zed_tutorial_video' for CMake config files
[1.261s] Level 1:colcon.colcon_core.shell:create_environment_hook('zed_tutorial_video', 'cmake_prefix_path')
[1.261s] INFO:colcon.colcon_core.shell:Creating environment hook '/home/user/vision_ws/install/zed_tutorial_video/share/zed_tutorial_video/hook/cmake_prefix_path.ps1'
[1.265s] INFO:colcon.colcon_core.shell:Creating environment descriptor '/home/user/vision_ws/install/zed_tutorial_video/share/zed_tutorial_video/hook/cmake_prefix_path.dsv'
[1.267s] INFO:colcon.colcon_core.shell:Creating environment hook '/home/user/vision_ws/install/zed_tutorial_video/share/zed_tutorial_video/hook/cmake_prefix_path.sh'
[1.269s] Level 1:colcon.colcon_core.environment:checking '/home/user/vision_ws/install/zed_tutorial_video/lib'
[1.269s] Level 1:colcon.colcon_core.environment:checking '/home/user/vision_ws/install/zed_tutorial_video/bin'
[1.270s] Level 1:colcon.colcon_core.environment:checking '/home/user/vision_ws/install/zed_tutorial_video/lib/pkgconfig/zed_tutorial_video.pc'
[1.270s] Level 1:colcon.colcon_core.environment:checking '/home/user/vision_ws/install/zed_tutorial_video/lib/python3.10/site-packages'
[1.270s] Level 1:colcon.colcon_core.environment:checking '/home/user/vision_ws/install/zed_tutorial_video/bin'
[1.271s] INFO:colcon.colcon_core.shell:Creating package script '/home/user/vision_ws/install/zed_tutorial_video/share/zed_tutorial_video/package.ps1'
[1.273s] INFO:colcon.colcon_core.shell:Creating package descriptor '/home/user/vision_ws/install/zed_tutorial_video/share/zed_tutorial_video/package.dsv'
[1.274s] INFO:colcon.colcon_core.shell:Creating package script '/home/user/vision_ws/install/zed_tutorial_video/share/zed_tutorial_video/package.sh'
[1.276s] INFO:colcon.colcon_core.shell:Creating package script '/home/user/vision_ws/install/zed_tutorial_video/share/zed_tutorial_video/package.bash'
[1.277s] INFO:colcon.colcon_core.shell:Creating package script '/home/user/vision_ws/install/zed_tutorial_video/share/zed_tutorial_video/package.zsh'
[1.278s] Level 1:colcon.colcon_core.environment:create_file_with_runtime_dependencies(/home/user/vision_ws/install/zed_tutorial_video/share/colcon-core/packages/zed_tutorial_video)
[1.280s] Level 1:colcon.colcon_core.environment:create_environment_scripts_only(zed_tutorial_video)
[1.280s] Level 1:colcon.colcon_core.environment:checking '/home/user/vision_ws/install/zed_tutorial_video' for CMake module files
[1.282s] Level 1:colcon.colcon_core.environment:checking '/home/user/vision_ws/install/zed_tutorial_video' for CMake config files
[1.282s] Level 1:colcon.colcon_core.shell:create_environment_hook('zed_tutorial_video', 'cmake_prefix_path')
[1.282s] INFO:colcon.colcon_core.shell:Creating environment hook '/home/user/vision_ws/install/zed_tutorial_video/share/zed_tutorial_video/hook/cmake_prefix_path.ps1'
[1.283s] INFO:colcon.colcon_core.shell:Creating environment descriptor '/home/user/vision_ws/install/zed_tutorial_video/share/zed_tutorial_video/hook/cmake_prefix_path.dsv'
[1.284s] INFO:colcon.colcon_core.shell:Creating environment hook '/home/user/vision_ws/install/zed_tutorial_video/share/zed_tutorial_video/hook/cmake_prefix_path.sh'
[1.285s] Level 1:colcon.colcon_core.environment:checking '/home/user/vision_ws/install/zed_tutorial_video/lib'
[1.286s] Level 1:colcon.colcon_core.environment:checking '/home/user/vision_ws/install/zed_tutorial_video/bin'
[1.286s] Level 1:colcon.colcon_core.environment:checking '/home/user/vision_ws/install/zed_tutorial_video/lib/pkgconfig/zed_tutorial_video.pc'
[1.286s] Level 1:colcon.colcon_core.environment:checking '/home/user/vision_ws/install/zed_tutorial_video/lib/python3.10/site-packages'
[1.287s] Level 1:colcon.colcon_core.environment:checking '/home/user/vision_ws/install/zed_tutorial_video/bin'
[1.287s] INFO:colcon.colcon_core.shell:Creating package script '/home/user/vision_ws/install/zed_tutorial_video/share/zed_tutorial_video/package.ps1'
[1.289s] INFO:colcon.colcon_core.shell:Creating package descriptor '/home/user/vision_ws/install/zed_tutorial_video/share/zed_tutorial_video/package.dsv'
[1.290s] INFO:colcon.colcon_core.shell:Creating package script '/home/user/vision_ws/install/zed_tutorial_video/share/zed_tutorial_video/package.sh'
[1.291s] INFO:colcon.colcon_core.shell:Creating package script '/home/user/vision_ws/install/zed_tutorial_video/share/zed_tutorial_video/package.bash'
[1.293s] INFO:colcon.colcon_core.shell:Creating package script '/home/user/vision_ws/install/zed_tutorial_video/share/zed_tutorial_video/package.zsh'
[1.294s] Level 1:colcon.colcon_core.environment:create_file_with_runtime_dependencies(/home/user/vision_ws/install/zed_tutorial_video/share/colcon-core/packages/zed_tutorial_video)
[1.298s] Level 1:colcon.colcon_core.environment:create_environment_scripts_only(zed_components)
[1.299s] Level 1:colcon.colcon_core.environment:checking '/home/user/vision_ws/install/zed_components' for CMake module files
[1.300s] DEBUG:colcon.colcon_core.event_handler.log_command:Invoked command in '/home/user/vision_ws/build/zed_components' returned '0': CMAKE_PREFIX_PATH=${CMAKE_PREFIX_PATH}:/home/user/autorover_ws/install/teleop_twist_keyboard:/home/user/autorover_ws/install/autorover_bringup:/opt/ros/humble /usr/bin/cmake --install /home/user/vision_ws/build/zed_components
[1.301s] Level 1:colcon.colcon_core.environment:checking '/home/user/vision_ws/install/zed_components' for CMake config files
[1.302s] Level 1:colcon.colcon_core.shell:create_environment_hook('zed_components', 'cmake_prefix_path')
[1.302s] INFO:colcon.colcon_core.shell:Creating environment hook '/home/user/vision_ws/install/zed_components/share/zed_components/hook/cmake_prefix_path.ps1'
[1.303s] INFO:colcon.colcon_core.shell:Creating environment descriptor '/home/user/vision_ws/install/zed_components/share/zed_components/hook/cmake_prefix_path.dsv'
[1.305s] INFO:colcon.colcon_core.shell:Creating environment hook '/home/user/vision_ws/install/zed_components/share/zed_components/hook/cmake_prefix_path.sh'
[1.306s] Level 1:colcon.colcon_core.environment:checking '/home/user/vision_ws/install/zed_components/lib'
[1.306s] Level 1:colcon.colcon_core.shell:create_environment_hook('zed_components', 'ld_library_path_lib')
[1.306s] INFO:colcon.colcon_core.shell:Creating environment hook '/home/user/vision_ws/install/zed_components/share/zed_components/hook/ld_library_path_lib.ps1'
[1.307s] INFO:colcon.colcon_core.shell:Creating environment descriptor '/home/user/vision_ws/install/zed_components/share/zed_components/hook/ld_library_path_lib.dsv'
[1.308s] INFO:colcon.colcon_core.shell:Creating environment hook '/home/user/vision_ws/install/zed_components/share/zed_components/hook/ld_library_path_lib.sh'
[1.309s] Level 1:colcon.colcon_core.environment:checking '/home/user/vision_ws/install/zed_components/bin'
[1.309s] Level 1:colcon.colcon_core.environment:checking '/home/user/vision_ws/install/zed_components/lib/pkgconfig/zed_components.pc'
[1.310s] Level 1:colcon.colcon_core.environment:checking '/home/user/vision_ws/install/zed_components/lib/python3.10/site-packages'
[1.310s] Level 1:colcon.colcon_core.environment:checking '/home/user/vision_ws/install/zed_components/bin'
[1.311s] INFO:colcon.colcon_core.shell:Creating package script '/home/user/vision_ws/install/zed_components/share/zed_components/package.ps1'
[1.313s] INFO:colcon.colcon_core.shell:Creating package descriptor '/home/user/vision_ws/install/zed_components/share/zed_components/package.dsv'
[1.314s] INFO:colcon.colcon_core.shell:Creating package script '/home/user/vision_ws/install/zed_components/share/zed_components/package.sh'
[1.315s] INFO:colcon.colcon_core.shell:Creating package script '/home/user/vision_ws/install/zed_components/share/zed_components/package.bash'
[1.316s] INFO:colcon.colcon_core.shell:Creating package script '/home/user/vision_ws/install/zed_components/share/zed_components/package.zsh'
[1.317s] Level 1:colcon.colcon_core.environment:create_file_with_runtime_dependencies(/home/user/vision_ws/install/zed_components/share/colcon-core/packages/zed_components)
[1.318s] Level 1:colcon.colcon_core.environment:create_environment_scripts_only(zed_components)
[1.318s] Level 1:colcon.colcon_core.environment:checking '/home/user/vision_ws/install/zed_components' for CMake module files
[1.319s] Level 1:colcon.colcon_core.environment:checking '/home/user/vision_ws/install/zed_components' for CMake config files
[1.320s] Level 1:colcon.colcon_core.shell:create_environment_hook('zed_components', 'cmake_prefix_path')
[1.321s] INFO:colcon.colcon_core.shell:Creating environment hook '/home/user/vision_ws/install/zed_components/share/zed_components/hook/cmake_prefix_path.ps1'
[1.321s] INFO:colcon.colcon_core.shell:Creating environment descriptor '/home/user/vision_ws/install/zed_components/share/zed_components/hook/cmake_prefix_path.dsv'
[1.322s] INFO:colcon.colcon_core.shell:Creating environment hook '/home/user/vision_ws/install/zed_components/share/zed_components/hook/cmake_prefix_path.sh'
[1.323s] Level 1:colcon.colcon_core.environment:checking '/home/user/vision_ws/install/zed_components/lib'
[1.324s] Level 1:colcon.colcon_core.shell:create_environment_hook('zed_components', 'ld_library_path_lib')
[1.324s] INFO:colcon.colcon_core.shell:Creating environment hook '/home/user/vision_ws/install/zed_components/share/zed_components/hook/ld_library_path_lib.ps1'
[1.325s] INFO:colcon.colcon_core.shell:Creating environment descriptor '/home/user/vision_ws/install/zed_components/share/zed_components/hook/ld_library_path_lib.dsv'
[1.326s] INFO:colcon.colcon_core.shell:Creating environment hook '/home/user/vision_ws/install/zed_components/share/zed_components/hook/ld_library_path_lib.sh'
[1.326s] Level 1:colcon.colcon_core.environment:checking '/home/user/vision_ws/install/zed_components/bin'
[1.327s] Level 1:colcon.colcon_core.environment:checking '/home/user/vision_ws/install/zed_components/lib/pkgconfig/zed_components.pc'
[1.327s] Level 1:colcon.colcon_core.environment:checking '/home/user/vision_ws/install/zed_components/lib/python3.10/site-packages'
[1.327s] Level 1:colcon.colcon_core.environment:checking '/home/user/vision_ws/install/zed_components/bin'
[1.328s] INFO:colcon.colcon_core.shell:Creating package script '/home/user/vision_ws/install/zed_components/share/zed_components/package.ps1'
[1.329s] INFO:colcon.colcon_core.shell:Creating package descriptor '/home/user/vision_ws/install/zed_components/share/zed_components/package.dsv'
[1.331s] INFO:colcon.colcon_core.shell:Creating package script '/home/user/vision_ws/install/zed_components/share/zed_components/package.sh'
[1.331s] INFO:colcon.colcon_core.shell:Creating package script '/home/user/vision_ws/install/zed_components/share/zed_components/package.bash'
[1.332s] INFO:colcon.colcon_core.shell:Creating package script '/home/user/vision_ws/install/zed_components/share/zed_components/package.zsh'
[1.333s] Level 1:colcon.colcon_core.environment:create_file_with_runtime_dependencies(/home/user/vision_ws/install/zed_components/share/colcon-core/packages/zed_components)
[1.334s] Level 1:colcon.colcon_core.environment:create_environment_scripts_only(zed_tutorial_depth)
[1.334s] Level 1:colcon.colcon_core.environment:checking '/home/user/vision_ws/install/zed_tutorial_depth' for CMake module files
[1.336s] DEBUG:colcon.colcon_core.event_handler.log_command:Invoked command in '/home/user/vision_ws/build/zed_tutorial_depth' returned '0': CMAKE_PREFIX_PATH=${CMAKE_PREFIX_PATH}:/home/user/autorover_ws/install/teleop_twist_keyboard:/home/user/autorover_ws/install/autorover_bringup:/opt/ros/humble /usr/bin/cmake --install /home/user/vision_ws/build/zed_tutorial_depth
[1.337s] Level 1:colcon.colcon_core.environment:checking '/home/user/vision_ws/install/zed_tutorial_depth' for CMake config files
[1.337s] Level 1:colcon.colcon_core.shell:create_environment_hook('zed_tutorial_depth', 'cmake_prefix_path')
[1.338s] INFO:colcon.colcon_core.shell:Creating environment hook '/home/user/vision_ws/install/zed_tutorial_depth/share/zed_tutorial_depth/hook/cmake_prefix_path.ps1'
[1.339s] INFO:colcon.colcon_core.shell:Creating environment descriptor '/home/user/vision_ws/install/zed_tutorial_depth/share/zed_tutorial_depth/hook/cmake_prefix_path.dsv'
[1.340s] INFO:colcon.colcon_core.shell:Creating environment hook '/home/user/vision_ws/install/zed_tutorial_depth/share/zed_tutorial_depth/hook/cmake_prefix_path.sh'
[1.341s] Level 1:colcon.colcon_core.environment:checking '/home/user/vision_ws/install/zed_tutorial_depth/lib'
[1.341s] Level 1:colcon.colcon_core.environment:checking '/home/user/vision_ws/install/zed_tutorial_depth/bin'
[1.341s] Level 1:colcon.colcon_core.environment:checking '/home/user/vision_ws/install/zed_tutorial_depth/lib/pkgconfig/zed_tutorial_depth.pc'
[1.342s] Level 1:colcon.colcon_core.environment:checking '/home/user/vision_ws/install/zed_tutorial_depth/lib/python3.10/site-packages'
[1.342s] Level 1:colcon.colcon_core.environment:checking '/home/user/vision_ws/install/zed_tutorial_depth/bin'
[1.343s] INFO:colcon.colcon_core.shell:Creating package script '/home/user/vision_ws/install/zed_tutorial_depth/share/zed_tutorial_depth/package.ps1'
[1.344s] INFO:colcon.colcon_core.shell:Creating package descriptor '/home/user/vision_ws/install/zed_tutorial_depth/share/zed_tutorial_depth/package.dsv'
[1.345s] INFO:colcon.colcon_core.shell:Creating package script '/home/user/vision_ws/install/zed_tutorial_depth/share/zed_tutorial_depth/package.sh'
[1.345s] INFO:colcon.colcon_core.shell:Creating package script '/home/user/vision_ws/install/zed_tutorial_depth/share/zed_tutorial_depth/package.bash'
[1.346s] INFO:colcon.colcon_core.shell:Creating package script '/home/user/vision_ws/install/zed_tutorial_depth/share/zed_tutorial_depth/package.zsh'
[1.347s] Level 1:colcon.colcon_core.environment:create_file_with_runtime_dependencies(/home/user/vision_ws/install/zed_tutorial_depth/share/colcon-core/packages/zed_tutorial_depth)
[1.348s] Level 1:colcon.colcon_core.environment:create_environment_scripts_only(zed_tutorial_depth)
[1.348s] Level 1:colcon.colcon_core.environment:checking '/home/user/vision_ws/install/zed_tutorial_depth' for CMake module files
[1.349s] Level 1:colcon.colcon_core.environment:checking '/home/user/vision_ws/install/zed_tutorial_depth' for CMake config files
[1.350s] Level 1:colcon.colcon_core.shell:create_environment_hook('zed_tutorial_depth', 'cmake_prefix_path')
[1.350s] INFO:colcon.colcon_core.shell:Creating environment hook '/home/user/vision_ws/install/zed_tutorial_depth/share/zed_tutorial_depth/hook/cmake_prefix_path.ps1'
[1.351s] INFO:colcon.colcon_core.shell:Creating environment descriptor '/home/user/vision_ws/install/zed_tutorial_depth/share/zed_tutorial_depth/hook/cmake_prefix_path.dsv'
[1.352s] INFO:colcon.colcon_core.shell:Creating environment hook '/home/user/vision_ws/install/zed_tutorial_depth/share/zed_tutorial_depth/hook/cmake_prefix_path.sh'
[1.353s] Level 1:colcon.colcon_core.environment:checking '/home/user/vision_ws/install/zed_tutorial_depth/lib'
[1.353s] Level 1:colcon.colcon_core.environment:checking '/home/user/vision_ws/install/zed_tutorial_depth/bin'
[1.353s] Level 1:colcon.colcon_core.environment:checking '/home/user/vision_ws/install/zed_tutorial_depth/lib/pkgconfig/zed_tutorial_depth.pc'
[1.353s] Level 1:colcon.colcon_core.environment:checking '/home/user/vision_ws/install/zed_tutorial_depth/lib/python3.10/site-packages'
[1.354s] Level 1:colcon.colcon_core.environment:checking '/home/user/vision_ws/install/zed_tutorial_depth/bin'
[1.354s] INFO:colcon.colcon_core.shell:Creating package script '/home/user/vision_ws/install/zed_tutorial_depth/share/zed_tutorial_depth/package.ps1'
[1.356s] INFO:colcon.colcon_core.shell:Creating package descriptor '/home/user/vision_ws/install/zed_tutorial_depth/share/zed_tutorial_depth/package.dsv'
[1.357s] INFO:colcon.colcon_core.shell:Creating package script '/home/user/vision_ws/install/zed_tutorial_depth/share/zed_tutorial_depth/package.sh'
[1.358s] INFO:colcon.colcon_core.shell:Creating package script '/home/user/vision_ws/install/zed_tutorial_depth/share/zed_tutorial_depth/package.bash'
[1.359s] INFO:colcon.colcon_core.shell:Creating package script '/home/user/vision_ws/install/zed_tutorial_depth/share/zed_tutorial_depth/package.zsh'
[1.360s] Level 1:colcon.colcon_core.environment:create_file_with_runtime_dependencies(/home/user/vision_ws/install/zed_tutorial_depth/share/colcon-core/packages/zed_tutorial_depth)
[1.360s] Level 1:colcon.colcon_core.environment:create_environment_scripts_only(zed_tutorial_pos_tracking)
[1.361s] Level 1:colcon.colcon_core.environment:checking '/home/user/vision_ws/install/zed_tutorial_pos_tracking' for CMake module files
[1.363s] DEBUG:colcon.colcon_core.event_handler.log_command:Invoked command in '/home/user/vision_ws/build/zed_tutorial_pos_tracking' returned '0': CMAKE_PREFIX_PATH=${CMAKE_PREFIX_PATH}:/home/user/autorover_ws/install/teleop_twist_keyboard:/home/user/autorover_ws/install/autorover_bringup:/opt/ros/humble /usr/bin/cmake --install /home/user/vision_ws/build/zed_tutorial_pos_tracking
[1.363s] Level 1:colcon.colcon_core.environment:checking '/home/user/vision_ws/install/zed_tutorial_pos_tracking' for CMake config files
[1.364s] Level 1:colcon.colcon_core.shell:create_environment_hook('zed_tutorial_pos_tracking', 'cmake_prefix_path')
[1.364s] INFO:colcon.colcon_core.shell:Creating environment hook '/home/user/vision_ws/install/zed_tutorial_pos_tracking/share/zed_tutorial_pos_tracking/hook/cmake_prefix_path.ps1'
[1.365s] INFO:colcon.colcon_core.shell:Creating environment descriptor '/home/user/vision_ws/install/zed_tutorial_pos_tracking/share/zed_tutorial_pos_tracking/hook/cmake_prefix_path.dsv'
[1.366s] INFO:colcon.colcon_core.shell:Creating environment hook '/home/user/vision_ws/install/zed_tutorial_pos_tracking/share/zed_tutorial_pos_tracking/hook/cmake_prefix_path.sh'
[1.367s] Level 1:colcon.colcon_core.environment:checking '/home/user/vision_ws/install/zed_tutorial_pos_tracking/lib'
[1.367s] Level 1:colcon.colcon_core.environment:checking '/home/user/vision_ws/install/zed_tutorial_pos_tracking/bin'
[1.367s] Level 1:colcon.colcon_core.environment:checking '/home/user/vision_ws/install/zed_tutorial_pos_tracking/lib/pkgconfig/zed_tutorial_pos_tracking.pc'
[1.368s] Level 1:colcon.colcon_core.environment:checking '/home/user/vision_ws/install/zed_tutorial_pos_tracking/lib/python3.10/site-packages'
[1.368s] Level 1:colcon.colcon_core.environment:checking '/home/user/vision_ws/install/zed_tutorial_pos_tracking/bin'
[1.369s] INFO:colcon.colcon_core.shell:Creating package script '/home/user/vision_ws/install/zed_tutorial_pos_tracking/share/zed_tutorial_pos_tracking/package.ps1'
[1.370s] INFO:colcon.colcon_core.shell:Creating package descriptor '/home/user/vision_ws/install/zed_tutorial_pos_tracking/share/zed_tutorial_pos_tracking/package.dsv'
[1.371s] INFO:colcon.colcon_core.shell:Creating package script '/home/user/vision_ws/install/zed_tutorial_pos_tracking/share/zed_tutorial_pos_tracking/package.sh'
[1.372s] INFO:colcon.colcon_core.shell:Creating package script '/home/user/vision_ws/install/zed_tutorial_pos_tracking/share/zed_tutorial_pos_tracking/package.bash'
[1.373s] INFO:colcon.colcon_core.shell:Creating package script '/home/user/vision_ws/install/zed_tutorial_pos_tracking/share/zed_tutorial_pos_tracking/package.zsh'
[1.373s] Level 1:colcon.colcon_core.environment:create_file_with_runtime_dependencies(/home/user/vision_ws/install/zed_tutorial_pos_tracking/share/colcon-core/packages/zed_tutorial_pos_tracking)
[1.375s] Level 1:colcon.colcon_core.environment:create_environment_scripts_only(zed_tutorial_pos_tracking)
[1.375s] Level 1:colcon.colcon_core.environment:checking '/home/user/vision_ws/install/zed_tutorial_pos_tracking' for CMake module files
[1.376s] Level 1:colcon.colcon_core.environment:checking '/home/user/vision_ws/install/zed_tutorial_pos_tracking' for CMake config files
[1.377s] Level 1:colcon.colcon_core.shell:create_environment_hook('zed_tutorial_pos_tracking', 'cmake_prefix_path')
[1.377s] INFO:colcon.colcon_core.shell:Creating environment hook '/home/user/vision_ws/install/zed_tutorial_pos_tracking/share/zed_tutorial_pos_tracking/hook/cmake_prefix_path.ps1'
[1.378s] INFO:colcon.colcon_core.shell:Creating environment descriptor '/home/user/vision_ws/install/zed_tutorial_pos_tracking/share/zed_tutorial_pos_tracking/hook/cmake_prefix_path.dsv'
[1.379s] INFO:colcon.colcon_core.shell:Creating environment hook '/home/user/vision_ws/install/zed_tutorial_pos_tracking/share/zed_tutorial_pos_tracking/hook/cmake_prefix_path.sh'
[1.381s] Level 1:colcon.colcon_core.environment:checking '/home/user/vision_ws/install/zed_tutorial_pos_tracking/lib'
[1.381s] Level 1:colcon.colcon_core.environment:checking '/home/user/vision_ws/install/zed_tutorial_pos_tracking/bin'
[1.381s] Level 1:colcon.colcon_core.environment:checking '/home/user/vision_ws/install/zed_tutorial_pos_tracking/lib/pkgconfig/zed_tutorial_pos_tracking.pc'
[1.381s] Level 1:colcon.colcon_core.environment:checking '/home/user/vision_ws/install/zed_tutorial_pos_tracking/lib/python3.10/site-packages'
[1.382s] Level 1:colcon.colcon_core.environment:checking '/home/user/vision_ws/install/zed_tutorial_pos_tracking/bin'
[1.382s] INFO:colcon.colcon_core.shell:Creating package script '/home/user/vision_ws/install/zed_tutorial_pos_tracking/share/zed_tutorial_pos_tracking/package.ps1'
[1.384s] INFO:colcon.colcon_core.shell:Creating package descriptor '/home/user/vision_ws/install/zed_tutorial_pos_tracking/share/zed_tutorial_pos_tracking/package.dsv'
[1.385s] INFO:colcon.colcon_core.shell:Creating package script '/home/user/vision_ws/install/zed_tutorial_pos_tracking/share/zed_tutorial_pos_tracking/package.sh'
[1.386s] INFO:colcon.colcon_core.shell:Creating package script '/home/user/vision_ws/install/zed_tutorial_pos_tracking/share/zed_tutorial_pos_tracking/package.bash'
[1.387s] INFO:colcon.colcon_core.shell:Creating package script '/home/user/vision_ws/install/zed_tutorial_pos_tracking/share/zed_tutorial_pos_tracking/package.zsh'
[1.387s] Level 1:colcon.colcon_core.environment:create_file_with_runtime_dependencies(/home/user/vision_ws/install/zed_tutorial_pos_tracking/share/colcon-core/packages/zed_tutorial_pos_tracking)
[1.392s] INFO:colcon.colcon_ros.task.ament_cmake.build:Building ROS package in '/home/user/vision_ws/src/zed-ros2-wrapper/zed_wrapper' with build type 'ament_cmake'
[1.393s] INFO:colcon.colcon_cmake.task.cmake.build:Building CMake package in '/home/user/vision_ws/src/zed-ros2-wrapper/zed_wrapper'
[1.393s] DEBUG:colcon.colcon_core.event_handler.log_command:Invoked command in '/home/user/vision_ws/build/rviz_plugin_zed_od' returned '0': CMAKE_PREFIX_PATH=${CMAKE_PREFIX_PATH}:/home/user/autorover_ws/install/teleop_twist_keyboard:/home/user/autorover_ws/install/autorover_bringup:/opt/ros/humble /usr/bin/cmake --build /home/user/vision_ws/build/rviz_plugin_zed_od -- -j8 -l8
[1.393s] INFO:colcon.colcon_core.shell:Skip shell extension 'powershell' for command environment: Not usable outside of PowerShell
[1.394s] DEBUG:colcon.colcon_core.shell:Skip shell extension 'dsv' for command environment
[1.395s] DEBUG:colcon.colcon_core.event_handler.log_command:Invoking command in '/home/user/vision_ws/build/rviz_plugin_zed_od': CMAKE_PREFIX_PATH=${CMAKE_PREFIX_PATH}:/home/user/autorover_ws/install/teleop_twist_keyboard:/home/user/autorover_ws/install/autorover_bringup:/opt/ros/humble /usr/bin/cmake --install /home/user/vision_ws/build/rviz_plugin_zed_od
[1.407s] INFO:colcon.colcon_ros.task.ament_cmake.build:Building ROS package in '/home/user/vision_ws/src/zed-ros2-examples/examples/zed_aruco_localization' with build type 'ament_cmake'
[1.407s] INFO:colcon.colcon_cmake.task.cmake.build:Building CMake package in '/home/user/vision_ws/src/zed-ros2-examples/examples/zed_aruco_localization'
[1.408s] INFO:colcon.colcon_core.shell:Skip shell extension 'powershell' for command environment: Not usable outside of PowerShell
[1.408s] DEBUG:colcon.colcon_core.shell:Skip shell extension 'dsv' for command environment
[1.420s] INFO:colcon.colcon_ros.task.ament_cmake.build:Building ROS package in '/home/user/vision_ws/src/zed-ros2-examples/tutorials/zed_rgb_convert' with build type 'ament_cmake'
[1.421s] INFO:colcon.colcon_cmake.task.cmake.build:Building CMake package in '/home/user/vision_ws/src/zed-ros2-examples/tutorials/zed_rgb_convert'
[1.421s] INFO:colcon.colcon_core.shell:Skip shell extension 'powershell' for command environment: Not usable outside of PowerShell
[1.421s] DEBUG:colcon.colcon_core.shell:Skip shell extension 'dsv' for command environment
[1.449s] DEBUG:colcon.colcon_core.event_handler.log_command:Invoking command in '/home/user/vision_ws/build/zed_wrapper': CMAKE_PREFIX_PATH=/home/user/vision_ws/install/zed_components:/home/user/autorover_ws/install/zed_ros2:/home/user/autorover_ws/install/zed_wrapper:/home/user/autorover_ws/install/zed_components:/home/user/autorover_ws/install/robot_localization:/home/user/autorover_ws/install/mavros_extras:/home/user/autorover_ws/install/mavros:/home/user/autorover_ws/install/mavros_msgs:/home/user/autorover_ws/install/libmavconn:/home/user/vision_ws/install/zed_ros2:/home/user/vision_ws/install/zed_robot_integration:/home/user/vision_ws/install/zed_ipc:/home/user/vision_ws/install/zed_multi_camera:/home/user/vision_ws/install/zed_display_rviz2:/home/user/vision_ws/install/zed_depth_to_laserscan:/home/user/vision_ws/install/zed_wrapper:/home/user/vision_ws/install/zed_tutorial_video:/home/user/vision_ws/install/zed_tutorial_pos_tracking:/home/user/vision_ws/install/zed_tutorial_depth:/home/user/vision_ws/install/zed_topic_benchmark:/home/user/vision_ws/install/zed_topic_benchmark_component:/home/user/vision_ws/install/zed_topic_benchmark_interfaces:/home/user/vision_ws/install/zed_rgb_convert:/home/user/vision_ws/install/zed_aruco_localization:/home/user/vision_ws/install/rviz_plugin_zed_od:/home/user/autorover_ws/install/teleop_twist_keyboard:/home/user/autorover_ws/install/autorover_bringup:/opt/ros/humble LD_LIBRARY_PATH=/home/user/vision_ws/install/zed_components/lib:/home/user/autorover_ws/install/zed_components/lib:/home/user/autorover_ws/install/robot_localization/lib:/home/user/autorover_ws/install/mavros_extras/lib:/home/user/autorover_ws/install/mavros/lib:/home/user/autorover_ws/install/mavros_msgs/lib:/home/user/autorover_ws/install/libmavconn/lib:/home/user/vision_ws/install/zed_ipc/lib:/home/user/vision_ws/install/zed_topic_benchmark_component/lib:/home/user/vision_ws/install/zed_topic_benchmark_interfaces/lib:/home/user/vision_ws/install/zed_rgb_convert/lib:/home/user/vision_ws/install/zed_aruco_localization/lib:/home/user/vision_ws/install/rviz_plugin_zed_od/lib:/opt/ros/humble/opt/rviz_ogre_vendor/lib:/opt/ros/humble/lib/aarch64-linux-gnu:/opt/ros/humble/lib /usr/bin/cmake --build /home/user/vision_ws/build/zed_wrapper -- -j8 -l8
[1.452s] DEBUG:colcon.colcon_core.event_handler.log_command:Invoking command in '/home/user/vision_ws/build/zed_aruco_localization': CMAKE_PREFIX_PATH=/home/user/vision_ws/install/zed_components:/home/user/autorover_ws/install/zed_ros2:/home/user/autorover_ws/install/zed_wrapper:/home/user/autorover_ws/install/zed_components:/home/user/autorover_ws/install/robot_localization:/home/user/autorover_ws/install/mavros_extras:/home/user/autorover_ws/install/mavros:/home/user/autorover_ws/install/mavros_msgs:/home/user/autorover_ws/install/libmavconn:/home/user/vision_ws/install/zed_ros2:/home/user/vision_ws/install/zed_robot_integration:/home/user/vision_ws/install/zed_ipc:/home/user/vision_ws/install/zed_multi_camera:/home/user/vision_ws/install/zed_display_rviz2:/home/user/vision_ws/install/zed_depth_to_laserscan:/home/user/vision_ws/install/zed_wrapper:/home/user/vision_ws/install/zed_tutorial_video:/home/user/vision_ws/install/zed_tutorial_pos_tracking:/home/user/vision_ws/install/zed_tutorial_depth:/home/user/vision_ws/install/zed_topic_benchmark:/home/user/vision_ws/install/zed_topic_benchmark_component:/home/user/vision_ws/install/zed_topic_benchmark_interfaces:/home/user/vision_ws/install/zed_rgb_convert:/home/user/vision_ws/install/zed_aruco_localization:/home/user/vision_ws/install/rviz_plugin_zed_od:/home/user/autorover_ws/install/teleop_twist_keyboard:/home/user/autorover_ws/install/autorover_bringup:/opt/ros/humble LD_LIBRARY_PATH=/home/user/vision_ws/install/zed_components/lib:/home/user/autorover_ws/install/zed_components/lib:/home/user/autorover_ws/install/robot_localization/lib:/home/user/autorover_ws/install/mavros_extras/lib:/home/user/autorover_ws/install/mavros/lib:/home/user/autorover_ws/install/mavros_msgs/lib:/home/user/autorover_ws/install/libmavconn/lib:/home/user/vision_ws/install/zed_ipc/lib:/home/user/vision_ws/install/zed_topic_benchmark_component/lib:/home/user/vision_ws/install/zed_topic_benchmark_interfaces/lib:/home/user/vision_ws/install/zed_rgb_convert/lib:/home/user/vision_ws/install/zed_aruco_localization/lib:/home/user/vision_ws/install/rviz_plugin_zed_od/lib:/opt/ros/humble/opt/rviz_ogre_vendor/lib:/opt/ros/humble/lib/aarch64-linux-gnu:/opt/ros/humble/lib /usr/bin/cmake --build /home/user/vision_ws/build/zed_aruco_localization -- -j8 -l8
[1.457s] Level 1:colcon.colcon_core.environment:create_environment_scripts_only(rviz_plugin_zed_od)
[1.458s] Level 1:colcon.colcon_core.environment:checking '/home/user/vision_ws/install/rviz_plugin_zed_od' for CMake module files
[1.459s] DEBUG:colcon.colcon_core.event_handler.log_command:Invoking command in '/home/user/vision_ws/build/zed_rgb_convert': CMAKE_PREFIX_PATH=/home/user/vision_ws/install/zed_components:/home/user/autorover_ws/install/zed_ros2:/home/user/autorover_ws/install/zed_wrapper:/home/user/autorover_ws/install/zed_components:/home/user/autorover_ws/install/robot_localization:/home/user/autorover_ws/install/mavros_extras:/home/user/autorover_ws/install/mavros:/home/user/autorover_ws/install/mavros_msgs:/home/user/autorover_ws/install/libmavconn:/home/user/vision_ws/install/zed_ros2:/home/user/vision_ws/install/zed_robot_integration:/home/user/vision_ws/install/zed_ipc:/home/user/vision_ws/install/zed_multi_camera:/home/user/vision_ws/install/zed_display_rviz2:/home/user/vision_ws/install/zed_depth_to_laserscan:/home/user/vision_ws/install/zed_wrapper:/home/user/vision_ws/install/zed_tutorial_video:/home/user/vision_ws/install/zed_tutorial_pos_tracking:/home/user/vision_ws/install/zed_tutorial_depth:/home/user/vision_ws/install/zed_topic_benchmark:/home/user/vision_ws/install/zed_topic_benchmark_component:/home/user/vision_ws/install/zed_topic_benchmark_interfaces:/home/user/vision_ws/install/zed_rgb_convert:/home/user/vision_ws/install/zed_aruco_localization:/home/user/vision_ws/install/rviz_plugin_zed_od:/home/user/autorover_ws/install/teleop_twist_keyboard:/home/user/autorover_ws/install/autorover_bringup:/opt/ros/humble LD_LIBRARY_PATH=/home/user/vision_ws/install/zed_components/lib:/home/user/autorover_ws/install/zed_components/lib:/home/user/autorover_ws/install/robot_localization/lib:/home/user/autorover_ws/install/mavros_extras/lib:/home/user/autorover_ws/install/mavros/lib:/home/user/autorover_ws/install/mavros_msgs/lib:/home/user/autorover_ws/install/libmavconn/lib:/home/user/vision_ws/install/zed_ipc/lib:/home/user/vision_ws/install/zed_topic_benchmark_component/lib:/home/user/vision_ws/install/zed_topic_benchmark_interfaces/lib:/home/user/vision_ws/install/zed_rgb_convert/lib:/home/user/vision_ws/install/zed_aruco_localization/lib:/home/user/vision_ws/install/rviz_plugin_zed_od/lib:/opt/ros/humble/opt/rviz_ogre_vendor/lib:/opt/ros/humble/lib/aarch64-linux-gnu:/opt/ros/humble/lib /usr/bin/cmake --build /home/user/vision_ws/build/zed_rgb_convert -- -j8 -l8
[1.460s] DEBUG:colcon.colcon_core.event_handler.log_command:Invoked command in '/home/user/vision_ws/build/rviz_plugin_zed_od' returned '0': CMAKE_PREFIX_PATH=${CMAKE_PREFIX_PATH}:/home/user/autorover_ws/install/teleop_twist_keyboard:/home/user/autorover_ws/install/autorover_bringup:/opt/ros/humble /usr/bin/cmake --install /home/user/vision_ws/build/rviz_plugin_zed_od
[1.461s] Level 1:colcon.colcon_core.environment:checking '/home/user/vision_ws/install/rviz_plugin_zed_od' for CMake config files
[1.461s] Level 1:colcon.colcon_core.shell:create_environment_hook('rviz_plugin_zed_od', 'cmake_prefix_path')
[1.462s] INFO:colcon.colcon_core.shell:Creating environment hook '/home/user/vision_ws/install/rviz_plugin_zed_od/share/rviz_plugin_zed_od/hook/cmake_prefix_path.ps1'
[1.463s] INFO:colcon.colcon_core.shell:Creating environment descriptor '/home/user/vision_ws/install/rviz_plugin_zed_od/share/rviz_plugin_zed_od/hook/cmake_prefix_path.dsv'
[1.464s] INFO:colcon.colcon_core.shell:Creating environment hook '/home/user/vision_ws/install/rviz_plugin_zed_od/share/rviz_plugin_zed_od/hook/cmake_prefix_path.sh'
[1.465s] Level 1:colcon.colcon_core.environment:checking '/home/user/vision_ws/install/rviz_plugin_zed_od/lib'
[1.465s] Level 1:colcon.colcon_core.shell:create_environment_hook('rviz_plugin_zed_od', 'ld_library_path_lib')
[1.466s] INFO:colcon.colcon_core.shell:Creating environment hook '/home/user/vision_ws/install/rviz_plugin_zed_od/share/rviz_plugin_zed_od/hook/ld_library_path_lib.ps1'
[1.467s] INFO:colcon.colcon_core.shell:Creating environment descriptor '/home/user/vision_ws/install/rviz_plugin_zed_od/share/rviz_plugin_zed_od/hook/ld_library_path_lib.dsv'
[1.467s] INFO:colcon.colcon_core.shell:Creating environment hook '/home/user/vision_ws/install/rviz_plugin_zed_od/share/rviz_plugin_zed_od/hook/ld_library_path_lib.sh'
[1.468s] Level 1:colcon.colcon_core.environment:checking '/home/user/vision_ws/install/rviz_plugin_zed_od/bin'
[1.468s] Level 1:colcon.colcon_core.environment:checking '/home/user/vision_ws/install/rviz_plugin_zed_od/lib/pkgconfig/rviz_plugin_zed_od.pc'
[1.469s] Level 1:colcon.colcon_core.environment:checking '/home/user/vision_ws/install/rviz_plugin_zed_od/lib/python3.10/site-packages'
[1.469s] Level 1:colcon.colcon_core.environment:checking '/home/user/vision_ws/install/rviz_plugin_zed_od/bin'
[1.470s] INFO:colcon.colcon_core.shell:Creating package script '/home/user/vision_ws/install/rviz_plugin_zed_od/share/rviz_plugin_zed_od/package.ps1'
[1.471s] INFO:colcon.colcon_core.shell:Creating package descriptor '/home/user/vision_ws/install/rviz_plugin_zed_od/share/rviz_plugin_zed_od/package.dsv'
[1.472s] INFO:colcon.colcon_core.shell:Creating package script '/home/user/vision_ws/install/rviz_plugin_zed_od/share/rviz_plugin_zed_od/package.sh'
[1.473s] INFO:colcon.colcon_core.shell:Creating package script '/home/user/vision_ws/install/rviz_plugin_zed_od/share/rviz_plugin_zed_od/package.bash'
[1.474s] INFO:colcon.colcon_core.shell:Creating package script '/home/user/vision_ws/install/rviz_plugin_zed_od/share/rviz_plugin_zed_od/package.zsh'
[1.475s] Level 1:colcon.colcon_core.environment:create_file_with_runtime_dependencies(/home/user/vision_ws/install/rviz_plugin_zed_od/share/colcon-core/packages/rviz_plugin_zed_od)
[1.476s] Level 1:colcon.colcon_core.environment:create_environment_scripts_only(rviz_plugin_zed_od)
[1.477s] Level 1:colcon.colcon_core.environment:checking '/home/user/vision_ws/install/rviz_plugin_zed_od' for CMake module files
[1.478s] Level 1:colcon.colcon_core.environment:checking '/home/user/vision_ws/install/rviz_plugin_zed_od' for CMake config files
[1.478s] Level 1:colcon.colcon_core.shell:create_environment_hook('rviz_plugin_zed_od', 'cmake_prefix_path')
[1.479s] INFO:colcon.colcon_core.shell:Creating environment hook '/home/user/vision_ws/install/rviz_plugin_zed_od/share/rviz_plugin_zed_od/hook/cmake_prefix_path.ps1'
[1.480s] INFO:colcon.colcon_core.shell:Creating environment descriptor '/home/user/vision_ws/install/rviz_plugin_zed_od/share/rviz_plugin_zed_od/hook/cmake_prefix_path.dsv'
[1.480s] INFO:colcon.colcon_core.shell:Creating environment hook '/home/user/vision_ws/install/rviz_plugin_zed_od/share/rviz_plugin_zed_od/hook/cmake_prefix_path.sh'
[1.482s] Level 1:colcon.colcon_core.environment:checking '/home/user/vision_ws/install/rviz_plugin_zed_od/lib'
[1.482s] Level 1:colcon.colcon_core.shell:create_environment_hook('rviz_plugin_zed_od', 'ld_library_path_lib')
[1.482s] INFO:colcon.colcon_core.shell:Creating environment hook '/home/user/vision_ws/install/rviz_plugin_zed_od/share/rviz_plugin_zed_od/hook/ld_library_path_lib.ps1'
[1.483s] INFO:colcon.colcon_core.shell:Creating environment descriptor '/home/user/vision_ws/install/rviz_plugin_zed_od/share/rviz_plugin_zed_od/hook/ld_library_path_lib.dsv'
[1.484s] INFO:colcon.colcon_core.shell:Creating environment hook '/home/user/vision_ws/install/rviz_plugin_zed_od/share/rviz_plugin_zed_od/hook/ld_library_path_lib.sh'
[1.485s] Level 1:colcon.colcon_core.environment:checking '/home/user/vision_ws/install/rviz_plugin_zed_od/bin'
[1.485s] Level 1:colcon.colcon_core.environment:checking '/home/user/vision_ws/install/rviz_plugin_zed_od/lib/pkgconfig/rviz_plugin_zed_od.pc'
[1.485s] Level 1:colcon.colcon_core.environment:checking '/home/user/vision_ws/install/rviz_plugin_zed_od/lib/python3.10/site-packages'
[1.486s] Level 1:colcon.colcon_core.environment:checking '/home/user/vision_ws/install/rviz_plugin_zed_od/bin'
[1.486s] INFO:colcon.colcon_core.shell:Creating package script '/home/user/vision_ws/install/rviz_plugin_zed_od/share/rviz_plugin_zed_od/package.ps1'
[1.487s] INFO:colcon.colcon_core.shell:Creating package descriptor '/home/user/vision_ws/install/rviz_plugin_zed_od/share/rviz_plugin_zed_od/package.dsv'
[1.489s] INFO:colcon.colcon_core.shell:Creating package script '/home/user/vision_ws/install/rviz_plugin_zed_od/share/rviz_plugin_zed_od/package.sh'
[1.490s] INFO:colcon.colcon_core.shell:Creating package script '/home/user/vision_ws/install/rviz_plugin_zed_od/share/rviz_plugin_zed_od/package.bash'
[1.490s] INFO:colcon.colcon_core.shell:Creating package script '/home/user/vision_ws/install/rviz_plugin_zed_od/share/rviz_plugin_zed_od/package.zsh'
[1.491s] Level 1:colcon.colcon_core.environment:create_file_with_runtime_dependencies(/home/user/vision_ws/install/rviz_plugin_zed_od/share/colcon-core/packages/rviz_plugin_zed_od)
[1.534s] DEBUG:colcon.colcon_core.event_handler.log_command:Invoked command in '/home/user/vision_ws/build/zed_wrapper' returned '0': CMAKE_PREFIX_PATH=/home/user/vision_ws/install/zed_components:/home/user/autorover_ws/install/zed_ros2:/home/user/autorover_ws/install/zed_wrapper:/home/user/autorover_ws/install/zed_components:/home/user/autorover_ws/install/robot_localization:/home/user/autorover_ws/install/mavros_extras:/home/user/autorover_ws/install/mavros:/home/user/autorover_ws/install/mavros_msgs:/home/user/autorover_ws/install/libmavconn:/home/user/vision_ws/install/zed_ros2:/home/user/vision_ws/install/zed_robot_integration:/home/user/vision_ws/install/zed_ipc:/home/user/vision_ws/install/zed_multi_camera:/home/user/vision_ws/install/zed_display_rviz2:/home/user/vision_ws/install/zed_depth_to_laserscan:/home/user/vision_ws/install/zed_wrapper:/home/user/vision_ws/install/zed_tutorial_video:/home/user/vision_ws/install/zed_tutorial_pos_tracking:/home/user/vision_ws/install/zed_tutorial_depth:/home/user/vision_ws/install/zed_topic_benchmark:/home/user/vision_ws/install/zed_topic_benchmark_component:/home/user/vision_ws/install/zed_topic_benchmark_interfaces:/home/user/vision_ws/install/zed_rgb_convert:/home/user/vision_ws/install/zed_aruco_localization:/home/user/vision_ws/install/rviz_plugin_zed_od:/home/user/autorover_ws/install/teleop_twist_keyboard:/home/user/autorover_ws/install/autorover_bringup:/opt/ros/humble LD_LIBRARY_PATH=/home/user/vision_ws/install/zed_components/lib:/home/user/autorover_ws/install/zed_components/lib:/home/user/autorover_ws/install/robot_localization/lib:/home/user/autorover_ws/install/mavros_extras/lib:/home/user/autorover_ws/install/mavros/lib:/home/user/autorover_ws/install/mavros_msgs/lib:/home/user/autorover_ws/install/libmavconn/lib:/home/user/vision_ws/install/zed_ipc/lib:/home/user/vision_ws/install/zed_topic_benchmark_component/lib:/home/user/vision_ws/install/zed_topic_benchmark_interfaces/lib:/home/user/vision_ws/install/zed_rgb_convert/lib:/home/user/vision_ws/install/zed_aruco_localization/lib:/home/user/vision_ws/install/rviz_plugin_zed_od/lib:/opt/ros/humble/opt/rviz_ogre_vendor/lib:/opt/ros/humble/lib/aarch64-linux-gnu:/opt/ros/humble/lib /usr/bin/cmake --build /home/user/vision_ws/build/zed_wrapper -- -j8 -l8
[1.537s] DEBUG:colcon.colcon_core.event_handler.log_command:Invoking command in '/home/user/vision_ws/build/zed_wrapper': CMAKE_PREFIX_PATH=/home/user/vision_ws/install/zed_components:/home/user/autorover_ws/install/zed_ros2:/home/user/autorover_ws/install/zed_wrapper:/home/user/autorover_ws/install/zed_components:/home/user/autorover_ws/install/robot_localization:/home/user/autorover_ws/install/mavros_extras:/home/user/autorover_ws/install/mavros:/home/user/autorover_ws/install/mavros_msgs:/home/user/autorover_ws/install/libmavconn:/home/user/vision_ws/install/zed_ros2:/home/user/vision_ws/install/zed_robot_integration:/home/user/vision_ws/install/zed_ipc:/home/user/vision_ws/install/zed_multi_camera:/home/user/vision_ws/install/zed_display_rviz2:/home/user/vision_ws/install/zed_depth_to_laserscan:/home/user/vision_ws/install/zed_wrapper:/home/user/vision_ws/install/zed_tutorial_video:/home/user/vision_ws/install/zed_tutorial_pos_tracking:/home/user/vision_ws/install/zed_tutorial_depth:/home/user/vision_ws/install/zed_topic_benchmark:/home/user/vision_ws/install/zed_topic_benchmark_component:/home/user/vision_ws/install/zed_topic_benchmark_interfaces:/home/user/vision_ws/install/zed_rgb_convert:/home/user/vision_ws/install/zed_aruco_localization:/home/user/vision_ws/install/rviz_plugin_zed_od:/home/user/autorover_ws/install/teleop_twist_keyboard:/home/user/autorover_ws/install/autorover_bringup:/opt/ros/humble LD_LIBRARY_PATH=/home/user/vision_ws/install/zed_components/lib:/home/user/autorover_ws/install/zed_components/lib:/home/user/autorover_ws/install/robot_localization/lib:/home/user/autorover_ws/install/mavros_extras/lib:/home/user/autorover_ws/install/mavros/lib:/home/user/autorover_ws/install/mavros_msgs/lib:/home/user/autorover_ws/install/libmavconn/lib:/home/user/vision_ws/install/zed_ipc/lib:/home/user/vision_ws/install/zed_topic_benchmark_component/lib:/home/user/vision_ws/install/zed_topic_benchmark_interfaces/lib:/home/user/vision_ws/install/zed_rgb_convert/lib:/home/user/vision_ws/install/zed_aruco_localization/lib:/home/user/vision_ws/install/rviz_plugin_zed_od/lib:/opt/ros/humble/opt/rviz_ogre_vendor/lib:/opt/ros/humble/lib/aarch64-linux-gnu:/opt/ros/humble/lib /usr/bin/cmake --install /home/user/vision_ws/build/zed_wrapper
[1.586s] Level 1:colcon.colcon_core.environment:create_environment_scripts_only(zed_wrapper)
[1.587s] Level 1:colcon.colcon_core.environment:checking '/home/user/vision_ws/install/zed_wrapper' for CMake module files
[1.588s] DEBUG:colcon.colcon_core.event_handler.log_command:Invoked command in '/home/user/vision_ws/build/zed_wrapper' returned '0': CMAKE_PREFIX_PATH=/home/user/vision_ws/install/zed_components:/home/user/autorover_ws/install/zed_ros2:/home/user/autorover_ws/install/zed_wrapper:/home/user/autorover_ws/install/zed_components:/home/user/autorover_ws/install/robot_localization:/home/user/autorover_ws/install/mavros_extras:/home/user/autorover_ws/install/mavros:/home/user/autorover_ws/install/mavros_msgs:/home/user/autorover_ws/install/libmavconn:/home/user/vision_ws/install/zed_ros2:/home/user/vision_ws/install/zed_robot_integration:/home/user/vision_ws/install/zed_ipc:/home/user/vision_ws/install/zed_multi_camera:/home/user/vision_ws/install/zed_display_rviz2:/home/user/vision_ws/install/zed_depth_to_laserscan:/home/user/vision_ws/install/zed_wrapper:/home/user/vision_ws/install/zed_tutorial_video:/home/user/vision_ws/install/zed_tutorial_pos_tracking:/home/user/vision_ws/install/zed_tutorial_depth:/home/user/vision_ws/install/zed_topic_benchmark:/home/user/vision_ws/install/zed_topic_benchmark_component:/home/user/vision_ws/install/zed_topic_benchmark_interfaces:/home/user/vision_ws/install/zed_rgb_convert:/home/user/vision_ws/install/zed_aruco_localization:/home/user/vision_ws/install/rviz_plugin_zed_od:/home/user/autorover_ws/install/teleop_twist_keyboard:/home/user/autorover_ws/install/autorover_bringup:/opt/ros/humble LD_LIBRARY_PATH=/home/user/vision_ws/install/zed_components/lib:/home/user/autorover_ws/install/zed_components/lib:/home/user/autorover_ws/install/robot_localization/lib:/home/user/autorover_ws/install/mavros_extras/lib:/home/user/autorover_ws/install/mavros/lib:/home/user/autorover_ws/install/mavros_msgs/lib:/home/user/autorover_ws/install/libmavconn/lib:/home/user/vision_ws/install/zed_ipc/lib:/home/user/vision_ws/install/zed_topic_benchmark_component/lib:/home/user/vision_ws/install/zed_topic_benchmark_interfaces/lib:/home/user/vision_ws/install/zed_rgb_convert/lib:/home/user/vision_ws/install/zed_aruco_localization/lib:/home/user/vision_ws/install/rviz_plugin_zed_od/lib:/opt/ros/humble/opt/rviz_ogre_vendor/lib:/opt/ros/humble/lib/aarch64-linux-gnu:/opt/ros/humble/lib /usr/bin/cmake --install /home/user/vision_ws/build/zed_wrapper
[1.589s] Level 1:colcon.colcon_core.environment:checking '/home/user/vision_ws/install/zed_wrapper' for CMake config files
[1.589s] Level 1:colcon.colcon_core.shell:create_environment_hook('zed_wrapper', 'cmake_prefix_path')
[1.590s] INFO:colcon.colcon_core.shell:Creating environment hook '/home/user/vision_ws/install/zed_wrapper/share/zed_wrapper/hook/cmake_prefix_path.ps1'
[1.591s] INFO:colcon.colcon_core.shell:Creating environment descriptor '/home/user/vision_ws/install/zed_wrapper/share/zed_wrapper/hook/cmake_prefix_path.dsv'
[1.592s] INFO:colcon.colcon_core.shell:Creating environment hook '/home/user/vision_ws/install/zed_wrapper/share/zed_wrapper/hook/cmake_prefix_path.sh'
[1.593s] Level 1:colcon.colcon_core.environment:checking '/home/user/vision_ws/install/zed_wrapper/bin'
[1.593s] Level 1:colcon.colcon_core.environment:checking '/home/user/vision_ws/install/zed_wrapper/lib/pkgconfig/zed_wrapper.pc'
[1.594s] Level 1:colcon.colcon_core.environment:checking '/home/user/vision_ws/install/zed_wrapper/lib/python3.10/site-packages'
[1.594s] Level 1:colcon.colcon_core.environment:checking '/home/user/vision_ws/install/zed_wrapper/bin'
[1.595s] INFO:colcon.colcon_core.shell:Creating package script '/home/user/vision_ws/install/zed_wrapper/share/zed_wrapper/package.ps1'
[1.597s] INFO:colcon.colcon_core.shell:Creating package descriptor '/home/user/vision_ws/install/zed_wrapper/share/zed_wrapper/package.dsv'
[1.599s] INFO:colcon.colcon_core.shell:Creating package script '/home/user/vision_ws/install/zed_wrapper/share/zed_wrapper/package.sh'
[1.600s] INFO:colcon.colcon_core.shell:Creating package script '/home/user/vision_ws/install/zed_wrapper/share/zed_wrapper/package.bash'
[1.602s] INFO:colcon.colcon_core.shell:Creating package script '/home/user/vision_ws/install/zed_wrapper/share/zed_wrapper/package.zsh'
[1.603s] Level 1:colcon.colcon_core.environment:create_file_with_runtime_dependencies(/home/user/vision_ws/install/zed_wrapper/share/colcon-core/packages/zed_wrapper)
[1.605s] Level 1:colcon.colcon_core.environment:create_environment_scripts_only(zed_wrapper)
[1.606s] Level 1:colcon.colcon_core.environment:checking '/home/user/vision_ws/install/zed_wrapper' for CMake module files
[1.607s] Level 1:colcon.colcon_core.environment:checking '/home/user/vision_ws/install/zed_wrapper' for CMake config files
[1.608s] Level 1:colcon.colcon_core.shell:create_environment_hook('zed_wrapper', 'cmake_prefix_path')
[1.609s] INFO:colcon.colcon_core.shell:Creating environment hook '/home/user/vision_ws/install/zed_wrapper/share/zed_wrapper/hook/cmake_prefix_path.ps1'
[1.610s] INFO:colcon.colcon_core.shell:Creating environment descriptor '/home/user/vision_ws/install/zed_wrapper/share/zed_wrapper/hook/cmake_prefix_path.dsv'
[1.612s] INFO:colcon.colcon_core.shell:Creating environment hook '/home/user/vision_ws/install/zed_wrapper/share/zed_wrapper/hook/cmake_prefix_path.sh'
[1.614s] Level 1:colcon.colcon_core.environment:checking '/home/user/vision_ws/install/zed_wrapper/bin'
[1.614s] Level 1:colcon.colcon_core.environment:checking '/home/user/vision_ws/install/zed_wrapper/lib/pkgconfig/zed_wrapper.pc'
[1.615s] Level 1:colcon.colcon_core.environment:checking '/home/user/vision_ws/install/zed_wrapper/lib/python3.10/site-packages'
[1.615s] Level 1:colcon.colcon_core.environment:checking '/home/user/vision_ws/install/zed_wrapper/bin'
[1.616s] INFO:colcon.colcon_core.shell:Creating package script '/home/user/vision_ws/install/zed_wrapper/share/zed_wrapper/package.ps1'
[1.618s] INFO:colcon.colcon_core.shell:Creating package descriptor '/home/user/vision_ws/install/zed_wrapper/share/zed_wrapper/package.dsv'
[1.619s] INFO:colcon.colcon_core.shell:Creating package script '/home/user/vision_ws/install/zed_wrapper/share/zed_wrapper/package.sh'
[1.621s] INFO:colcon.colcon_core.shell:Creating package script '/home/user/vision_ws/install/zed_wrapper/share/zed_wrapper/package.bash'
[1.622s] INFO:colcon.colcon_core.shell:Creating package script '/home/user/vision_ws/install/zed_wrapper/share/zed_wrapper/package.zsh'
[1.623s] Level 1:colcon.colcon_core.environment:create_file_with_runtime_dependencies(/home/user/vision_ws/install/zed_wrapper/share/colcon-core/packages/zed_wrapper)
[1.624s] INFO:colcon.colcon_ros.task.ament_cmake.build:Building ROS package in '/home/user/vision_ws/src/zed-ros2-examples/tutorials/zed_multi_camera' with build type 'ament_cmake'
[1.625s] INFO:colcon.colcon_cmake.task.cmake.build:Building CMake package in '/home/user/vision_ws/src/zed-ros2-examples/tutorials/zed_multi_camera'
[1.627s] INFO:colcon.colcon_core.shell:Skip shell extension 'powershell' for command environment: Not usable outside of PowerShell
[1.627s] DEBUG:colcon.colcon_core.shell:Skip shell extension 'dsv' for command environment
[1.644s] INFO:colcon.colcon_ros.task.ament_cmake.build:Building ROS package in '/home/user/vision_ws/src/zed-ros2-examples/examples/zed_depth_to_laserscan' with build type 'ament_cmake'
[1.644s] INFO:colcon.colcon_cmake.task.cmake.build:Building CMake package in '/home/user/vision_ws/src/zed-ros2-examples/examples/zed_depth_to_laserscan'
[1.645s] INFO:colcon.colcon_core.shell:Skip shell extension 'powershell' for command environment: Not usable outside of PowerShell
[1.645s] DEBUG:colcon.colcon_core.shell:Skip shell extension 'dsv' for command environment
[1.658s] INFO:colcon.colcon_ros.task.ament_cmake.build:Building ROS package in '/home/user/vision_ws/src/zed-ros2-examples/zed_display_rviz2' with build type 'ament_cmake'
[1.658s] INFO:colcon.colcon_cmake.task.cmake.build:Building CMake package in '/home/user/vision_ws/src/zed-ros2-examples/zed_display_rviz2'
[1.659s] INFO:colcon.colcon_core.shell:Skip shell extension 'powershell' for command environment: Not usable outside of PowerShell
[1.659s] DEBUG:colcon.colcon_core.shell:Skip shell extension 'dsv' for command environment
[1.673s] INFO:colcon.colcon_ros.task.ament_cmake.build:Building ROS package in '/home/user/vision_ws/src/zed-ros2-examples/tutorials/zed_robot_integration' with build type 'ament_cmake'
[1.673s] INFO:colcon.colcon_cmake.task.cmake.build:Building CMake package in '/home/user/vision_ws/src/zed-ros2-examples/tutorials/zed_robot_integration'
[1.674s] INFO:colcon.colcon_core.shell:Skip shell extension 'powershell' for command environment: Not usable outside of PowerShell
[1.674s] DEBUG:colcon.colcon_core.shell:Skip shell extension 'dsv' for command environment
[1.688s] INFO:colcon.colcon_ros.task.ament_cmake.build:Building ROS package in '/home/user/vision_ws/src/zed-ros2-wrapper/zed_ros2' with build type 'ament_cmake'
[1.688s] INFO:colcon.colcon_cmake.task.cmake.build:Building CMake package in '/home/user/vision_ws/src/zed-ros2-wrapper/zed_ros2'
[1.689s] INFO:colcon.colcon_core.shell:Skip shell extension 'powershell' for command environment: Not usable outside of PowerShell
[1.689s] DEBUG:colcon.colcon_core.shell:Skip shell extension 'dsv' for command environment
[1.704s] DEBUG:colcon.colcon_core.event_handler.log_command:Invoked command in '/home/user/vision_ws/build/zed_aruco_localization' returned '0': CMAKE_PREFIX_PATH=/home/user/vision_ws/install/zed_components:/home/user/autorover_ws/install/zed_ros2:/home/user/autorover_ws/install/zed_wrapper:/home/user/autorover_ws/install/zed_components:/home/user/autorover_ws/install/robot_localization:/home/user/autorover_ws/install/mavros_extras:/home/user/autorover_ws/install/mavros:/home/user/autorover_ws/install/mavros_msgs:/home/user/autorover_ws/install/libmavconn:/home/user/vision_ws/install/zed_ros2:/home/user/vision_ws/install/zed_robot_integration:/home/user/vision_ws/install/zed_ipc:/home/user/vision_ws/install/zed_multi_camera:/home/user/vision_ws/install/zed_display_rviz2:/home/user/vision_ws/install/zed_depth_to_laserscan:/home/user/vision_ws/install/zed_wrapper:/home/user/vision_ws/install/zed_tutorial_video:/home/user/vision_ws/install/zed_tutorial_pos_tracking:/home/user/vision_ws/install/zed_tutorial_depth:/home/user/vision_ws/install/zed_topic_benchmark:/home/user/vision_ws/install/zed_topic_benchmark_component:/home/user/vision_ws/install/zed_topic_benchmark_interfaces:/home/user/vision_ws/install/zed_rgb_convert:/home/user/vision_ws/install/zed_aruco_localization:/home/user/vision_ws/install/rviz_plugin_zed_od:/home/user/autorover_ws/install/teleop_twist_keyboard:/home/user/autorover_ws/install/autorover_bringup:/opt/ros/humble LD_LIBRARY_PATH=/home/user/vision_ws/install/zed_components/lib:/home/user/autorover_ws/install/zed_components/lib:/home/user/autorover_ws/install/robot_localization/lib:/home/user/autorover_ws/install/mavros_extras/lib:/home/user/autorover_ws/install/mavros/lib:/home/user/autorover_ws/install/mavros_msgs/lib:/home/user/autorover_ws/install/libmavconn/lib:/home/user/vision_ws/install/zed_ipc/lib:/home/user/vision_ws/install/zed_topic_benchmark_component/lib:/home/user/vision_ws/install/zed_topic_benchmark_interfaces/lib:/home/user/vision_ws/install/zed_rgb_convert/lib:/home/user/vision_ws/install/zed_aruco_localization/lib:/home/user/vision_ws/install/rviz_plugin_zed_od/lib:/opt/ros/humble/opt/rviz_ogre_vendor/lib:/opt/ros/humble/lib/aarch64-linux-gnu:/opt/ros/humble/lib /usr/bin/cmake --build /home/user/vision_ws/build/zed_aruco_localization -- -j8 -l8
[1.707s] DEBUG:colcon.colcon_core.event_handler.log_command:Invoking command in '/home/user/vision_ws/build/zed_aruco_localization': CMAKE_PREFIX_PATH=/home/user/vision_ws/install/zed_components:/home/user/autorover_ws/install/zed_ros2:/home/user/autorover_ws/install/zed_wrapper:/home/user/autorover_ws/install/zed_components:/home/user/autorover_ws/install/robot_localization:/home/user/autorover_ws/install/mavros_extras:/home/user/autorover_ws/install/mavros:/home/user/autorover_ws/install/mavros_msgs:/home/user/autorover_ws/install/libmavconn:/home/user/vision_ws/install/zed_ros2:/home/user/vision_ws/install/zed_robot_integration:/home/user/vision_ws/install/zed_ipc:/home/user/vision_ws/install/zed_multi_camera:/home/user/vision_ws/install/zed_display_rviz2:/home/user/vision_ws/install/zed_depth_to_laserscan:/home/user/vision_ws/install/zed_wrapper:/home/user/vision_ws/install/zed_tutorial_video:/home/user/vision_ws/install/zed_tutorial_pos_tracking:/home/user/vision_ws/install/zed_tutorial_depth:/home/user/vision_ws/install/zed_topic_benchmark:/home/user/vision_ws/install/zed_topic_benchmark_component:/home/user/vision_ws/install/zed_topic_benchmark_interfaces:/home/user/vision_ws/install/zed_rgb_convert:/home/user/vision_ws/install/zed_aruco_localization:/home/user/vision_ws/install/rviz_plugin_zed_od:/home/user/autorover_ws/install/teleop_twist_keyboard:/home/user/autorover_ws/install/autorover_bringup:/opt/ros/humble LD_LIBRARY_PATH=/home/user/vision_ws/install/zed_components/lib:/home/user/autorover_ws/install/zed_components/lib:/home/user/autorover_ws/install/robot_localization/lib:/home/user/autorover_ws/install/mavros_extras/lib:/home/user/autorover_ws/install/mavros/lib:/home/user/autorover_ws/install/mavros_msgs/lib:/home/user/autorover_ws/install/libmavconn/lib:/home/user/vision_ws/install/zed_ipc/lib:/home/user/vision_ws/install/zed_topic_benchmark_component/lib:/home/user/vision_ws/install/zed_topic_benchmark_interfaces/lib:/home/user/vision_ws/install/zed_rgb_convert/lib:/home/user/vision_ws/install/zed_aruco_localization/lib:/home/user/vision_ws/install/rviz_plugin_zed_od/lib:/opt/ros/humble/opt/rviz_ogre_vendor/lib:/opt/ros/humble/lib/aarch64-linux-gnu:/opt/ros/humble/lib /usr/bin/cmake --install /home/user/vision_ws/build/zed_aruco_localization
[1.710s] DEBUG:colcon.colcon_core.event_handler.log_command:Invoked command in '/home/user/vision_ws/build/zed_rgb_convert' returned '0': CMAKE_PREFIX_PATH=/home/user/vision_ws/install/zed_components:/home/user/autorover_ws/install/zed_ros2:/home/user/autorover_ws/install/zed_wrapper:/home/user/autorover_ws/install/zed_components:/home/user/autorover_ws/install/robot_localization:/home/user/autorover_ws/install/mavros_extras:/home/user/autorover_ws/install/mavros:/home/user/autorover_ws/install/mavros_msgs:/home/user/autorover_ws/install/libmavconn:/home/user/vision_ws/install/zed_ros2:/home/user/vision_ws/install/zed_robot_integration:/home/user/vision_ws/install/zed_ipc:/home/user/vision_ws/install/zed_multi_camera:/home/user/vision_ws/install/zed_display_rviz2:/home/user/vision_ws/install/zed_depth_to_laserscan:/home/user/vision_ws/install/zed_wrapper:/home/user/vision_ws/install/zed_tutorial_video:/home/user/vision_ws/install/zed_tutorial_pos_tracking:/home/user/vision_ws/install/zed_tutorial_depth:/home/user/vision_ws/install/zed_topic_benchmark:/home/user/vision_ws/install/zed_topic_benchmark_component:/home/user/vision_ws/install/zed_topic_benchmark_interfaces:/home/user/vision_ws/install/zed_rgb_convert:/home/user/vision_ws/install/zed_aruco_localization:/home/user/vision_ws/install/rviz_plugin_zed_od:/home/user/autorover_ws/install/teleop_twist_keyboard:/home/user/autorover_ws/install/autorover_bringup:/opt/ros/humble LD_LIBRARY_PATH=/home/user/vision_ws/install/zed_components/lib:/home/user/autorover_ws/install/zed_components/lib:/home/user/autorover_ws/install/robot_localization/lib:/home/user/autorover_ws/install/mavros_extras/lib:/home/user/autorover_ws/install/mavros/lib:/home/user/autorover_ws/install/mavros_msgs/lib:/home/user/autorover_ws/install/libmavconn/lib:/home/user/vision_ws/install/zed_ipc/lib:/home/user/vision_ws/install/zed_topic_benchmark_component/lib:/home/user/vision_ws/install/zed_topic_benchmark_interfaces/lib:/home/user/vision_ws/install/zed_rgb_convert/lib:/home/user/vision_ws/install/zed_aruco_localization/lib:/home/user/vision_ws/install/rviz_plugin_zed_od/lib:/opt/ros/humble/opt/rviz_ogre_vendor/lib:/opt/ros/humble/lib/aarch64-linux-gnu:/opt/ros/humble/lib /usr/bin/cmake --build /home/user/vision_ws/build/zed_rgb_convert -- -j8 -l8
[1.713s] DEBUG:colcon.colcon_core.event_handler.log_command:Invoking command in '/home/user/vision_ws/build/zed_rgb_convert': CMAKE_PREFIX_PATH=/home/user/vision_ws/install/zed_components:/home/user/autorover_ws/install/zed_ros2:/home/user/autorover_ws/install/zed_wrapper:/home/user/autorover_ws/install/zed_components:/home/user/autorover_ws/install/robot_localization:/home/user/autorover_ws/install/mavros_extras:/home/user/autorover_ws/install/mavros:/home/user/autorover_ws/install/mavros_msgs:/home/user/autorover_ws/install/libmavconn:/home/user/vision_ws/install/zed_ros2:/home/user/vision_ws/install/zed_robot_integration:/home/user/vision_ws/install/zed_ipc:/home/user/vision_ws/install/zed_multi_camera:/home/user/vision_ws/install/zed_display_rviz2:/home/user/vision_ws/install/zed_depth_to_laserscan:/home/user/vision_ws/install/zed_wrapper:/home/user/vision_ws/install/zed_tutorial_video:/home/user/vision_ws/install/zed_tutorial_pos_tracking:/home/user/vision_ws/install/zed_tutorial_depth:/home/user/vision_ws/install/zed_topic_benchmark:/home/user/vision_ws/install/zed_topic_benchmark_component:/home/user/vision_ws/install/zed_topic_benchmark_interfaces:/home/user/vision_ws/install/zed_rgb_convert:/home/user/vision_ws/install/zed_aruco_localization:/home/user/vision_ws/install/rviz_plugin_zed_od:/home/user/autorover_ws/install/teleop_twist_keyboard:/home/user/autorover_ws/install/autorover_bringup:/opt/ros/humble LD_LIBRARY_PATH=/home/user/vision_ws/install/zed_components/lib:/home/user/autorover_ws/install/zed_components/lib:/home/user/autorover_ws/install/robot_localization/lib:/home/user/autorover_ws/install/mavros_extras/lib:/home/user/autorover_ws/install/mavros/lib:/home/user/autorover_ws/install/mavros_msgs/lib:/home/user/autorover_ws/install/libmavconn/lib:/home/user/vision_ws/install/zed_ipc/lib:/home/user/vision_ws/install/zed_topic_benchmark_component/lib:/home/user/vision_ws/install/zed_topic_benchmark_interfaces/lib:/home/user/vision_ws/install/zed_rgb_convert/lib:/home/user/vision_ws/install/zed_aruco_localization/lib:/home/user/vision_ws/install/rviz_plugin_zed_od/lib:/opt/ros/humble/opt/rviz_ogre_vendor/lib:/opt/ros/humble/lib/aarch64-linux-gnu:/opt/ros/humble/lib /usr/bin/cmake --install /home/user/vision_ws/build/zed_rgb_convert
[1.720s] DEBUG:colcon.colcon_core.event_handler.log_command:Invoking command in '/home/user/vision_ws/build/zed_multi_camera': CMAKE_PREFIX_PATH=/home/user/vision_ws/install/zed_wrapper:/home/user/vision_ws/install/zed_components:/home/user/autorover_ws/install/zed_ros2:/home/user/autorover_ws/install/zed_wrapper:/home/user/autorover_ws/install/zed_components:/home/user/autorover_ws/install/robot_localization:/home/user/autorover_ws/install/mavros_extras:/home/user/autorover_ws/install/mavros:/home/user/autorover_ws/install/mavros_msgs:/home/user/autorover_ws/install/libmavconn:/home/user/vision_ws/install/zed_ros2:/home/user/vision_ws/install/zed_robot_integration:/home/user/vision_ws/install/zed_ipc:/home/user/vision_ws/install/zed_multi_camera:/home/user/vision_ws/install/zed_display_rviz2:/home/user/vision_ws/install/zed_depth_to_laserscan:/home/user/vision_ws/install/zed_tutorial_video:/home/user/vision_ws/install/zed_tutorial_pos_tracking:/home/user/vision_ws/install/zed_tutorial_depth:/home/user/vision_ws/install/zed_topic_benchmark:/home/user/vision_ws/install/zed_topic_benchmark_component:/home/user/vision_ws/install/zed_topic_benchmark_interfaces:/home/user/vision_ws/install/zed_rgb_convert:/home/user/vision_ws/install/zed_aruco_localization:/home/user/vision_ws/install/rviz_plugin_zed_od:/home/user/autorover_ws/install/teleop_twist_keyboard:/home/user/autorover_ws/install/autorover_bringup:/opt/ros/humble LD_LIBRARY_PATH=/home/user/vision_ws/install/zed_components/lib:/home/user/autorover_ws/install/zed_components/lib:/home/user/autorover_ws/install/robot_localization/lib:/home/user/autorover_ws/install/mavros_extras/lib:/home/user/autorover_ws/install/mavros/lib:/home/user/autorover_ws/install/mavros_msgs/lib:/home/user/autorover_ws/install/libmavconn/lib:/home/user/vision_ws/install/zed_ipc/lib:/home/user/vision_ws/install/zed_topic_benchmark_component/lib:/home/user/vision_ws/install/zed_topic_benchmark_interfaces/lib:/home/user/vision_ws/install/zed_rgb_convert/lib:/home/user/vision_ws/install/zed_aruco_localization/lib:/home/user/vision_ws/install/rviz_plugin_zed_od/lib:/opt/ros/humble/opt/rviz_ogre_vendor/lib:/opt/ros/humble/lib/aarch64-linux-gnu:/opt/ros/humble/lib /usr/bin/cmake --build /home/user/vision_ws/build/zed_multi_camera -- -j8 -l8
[1.725s] DEBUG:colcon.colcon_core.event_handler.log_command:Invoking command in '/home/user/vision_ws/build/zed_depth_to_laserscan': CMAKE_PREFIX_PATH=/home/user/vision_ws/install/zed_wrapper:/home/user/vision_ws/install/zed_components:/home/user/autorover_ws/install/zed_ros2:/home/user/autorover_ws/install/zed_wrapper:/home/user/autorover_ws/install/zed_components:/home/user/autorover_ws/install/robot_localization:/home/user/autorover_ws/install/mavros_extras:/home/user/autorover_ws/install/mavros:/home/user/autorover_ws/install/mavros_msgs:/home/user/autorover_ws/install/libmavconn:/home/user/vision_ws/install/zed_ros2:/home/user/vision_ws/install/zed_robot_integration:/home/user/vision_ws/install/zed_ipc:/home/user/vision_ws/install/zed_multi_camera:/home/user/vision_ws/install/zed_display_rviz2:/home/user/vision_ws/install/zed_depth_to_laserscan:/home/user/vision_ws/install/zed_tutorial_video:/home/user/vision_ws/install/zed_tutorial_pos_tracking:/home/user/vision_ws/install/zed_tutorial_depth:/home/user/vision_ws/install/zed_topic_benchmark:/home/user/vision_ws/install/zed_topic_benchmark_component:/home/user/vision_ws/install/zed_topic_benchmark_interfaces:/home/user/vision_ws/install/zed_rgb_convert:/home/user/vision_ws/install/zed_aruco_localization:/home/user/vision_ws/install/rviz_plugin_zed_od:/home/user/autorover_ws/install/teleop_twist_keyboard:/home/user/autorover_ws/install/autorover_bringup:/opt/ros/humble LD_LIBRARY_PATH=/home/user/vision_ws/install/zed_components/lib:/home/user/autorover_ws/install/zed_components/lib:/home/user/autorover_ws/install/robot_localization/lib:/home/user/autorover_ws/install/mavros_extras/lib:/home/user/autorover_ws/install/mavros/lib:/home/user/autorover_ws/install/mavros_msgs/lib:/home/user/autorover_ws/install/libmavconn/lib:/home/user/vision_ws/install/zed_ipc/lib:/home/user/vision_ws/install/zed_topic_benchmark_component/lib:/home/user/vision_ws/install/zed_topic_benchmark_interfaces/lib:/home/user/vision_ws/install/zed_rgb_convert/lib:/home/user/vision_ws/install/zed_aruco_localization/lib:/home/user/vision_ws/install/rviz_plugin_zed_od/lib:/opt/ros/humble/opt/rviz_ogre_vendor/lib:/opt/ros/humble/lib/aarch64-linux-gnu:/opt/ros/humble/lib /usr/bin/cmake --build /home/user/vision_ws/build/zed_depth_to_laserscan -- -j8 -l8
[1.734s] DEBUG:colcon.colcon_core.event_handler.log_command:Invoking command in '/home/user/vision_ws/build/zed_display_rviz2': CMAKE_PREFIX_PATH=/home/user/vision_ws/install/zed_wrapper:/home/user/vision_ws/install/zed_components:/home/user/autorover_ws/install/zed_ros2:/home/user/autorover_ws/install/zed_wrapper:/home/user/autorover_ws/install/zed_components:/home/user/autorover_ws/install/robot_localization:/home/user/autorover_ws/install/mavros_extras:/home/user/autorover_ws/install/mavros:/home/user/autorover_ws/install/mavros_msgs:/home/user/autorover_ws/install/libmavconn:/home/user/vision_ws/install/zed_ros2:/home/user/vision_ws/install/zed_robot_integration:/home/user/vision_ws/install/zed_ipc:/home/user/vision_ws/install/zed_multi_camera:/home/user/vision_ws/install/zed_display_rviz2:/home/user/vision_ws/install/zed_depth_to_laserscan:/home/user/vision_ws/install/zed_tutorial_video:/home/user/vision_ws/install/zed_tutorial_pos_tracking:/home/user/vision_ws/install/zed_tutorial_depth:/home/user/vision_ws/install/zed_topic_benchmark:/home/user/vision_ws/install/zed_topic_benchmark_component:/home/user/vision_ws/install/zed_topic_benchmark_interfaces:/home/user/vision_ws/install/zed_rgb_convert:/home/user/vision_ws/install/zed_aruco_localization:/home/user/vision_ws/install/rviz_plugin_zed_od:/home/user/autorover_ws/install/teleop_twist_keyboard:/home/user/autorover_ws/install/autorover_bringup:/opt/ros/humble LD_LIBRARY_PATH=/home/user/vision_ws/install/zed_components/lib:/home/user/autorover_ws/install/zed_components/lib:/home/user/autorover_ws/install/robot_localization/lib:/home/user/autorover_ws/install/mavros_extras/lib:/home/user/autorover_ws/install/mavros/lib:/home/user/autorover_ws/install/mavros_msgs/lib:/home/user/autorover_ws/install/libmavconn/lib:/home/user/vision_ws/install/zed_ipc/lib:/home/user/vision_ws/install/zed_topic_benchmark_component/lib:/home/user/vision_ws/install/zed_topic_benchmark_interfaces/lib:/home/user/vision_ws/install/zed_rgb_convert/lib:/home/user/vision_ws/install/zed_aruco_localization/lib:/home/user/vision_ws/install/rviz_plugin_zed_od/lib:/opt/ros/humble/opt/rviz_ogre_vendor/lib:/opt/ros/humble/lib/aarch64-linux-gnu:/opt/ros/humble/lib /usr/bin/cmake --build /home/user/vision_ws/build/zed_display_rviz2 -- -j8 -l8
[1.746s] DEBUG:colcon.colcon_core.event_handler.log_command:Invoking command in '/home/user/vision_ws/build/zed_robot_integration': CMAKE_PREFIX_PATH=/home/user/vision_ws/install/zed_wrapper:/home/user/vision_ws/install/zed_components:/home/user/autorover_ws/install/zed_ros2:/home/user/autorover_ws/install/zed_wrapper:/home/user/autorover_ws/install/zed_components:/home/user/autorover_ws/install/robot_localization:/home/user/autorover_ws/install/mavros_extras:/home/user/autorover_ws/install/mavros:/home/user/autorover_ws/install/mavros_msgs:/home/user/autorover_ws/install/libmavconn:/home/user/vision_ws/install/zed_ros2:/home/user/vision_ws/install/zed_robot_integration:/home/user/vision_ws/install/zed_ipc:/home/user/vision_ws/install/zed_multi_camera:/home/user/vision_ws/install/zed_display_rviz2:/home/user/vision_ws/install/zed_depth_to_laserscan:/home/user/vision_ws/install/zed_tutorial_video:/home/user/vision_ws/install/zed_tutorial_pos_tracking:/home/user/vision_ws/install/zed_tutorial_depth:/home/user/vision_ws/install/zed_topic_benchmark:/home/user/vision_ws/install/zed_topic_benchmark_component:/home/user/vision_ws/install/zed_topic_benchmark_interfaces:/home/user/vision_ws/install/zed_rgb_convert:/home/user/vision_ws/install/zed_aruco_localization:/home/user/vision_ws/install/rviz_plugin_zed_od:/home/user/autorover_ws/install/teleop_twist_keyboard:/home/user/autorover_ws/install/autorover_bringup:/opt/ros/humble LD_LIBRARY_PATH=/home/user/vision_ws/install/zed_components/lib:/home/user/autorover_ws/install/zed_components/lib:/home/user/autorover_ws/install/robot_localization/lib:/home/user/autorover_ws/install/mavros_extras/lib:/home/user/autorover_ws/install/mavros/lib:/home/user/autorover_ws/install/mavros_msgs/lib:/home/user/autorover_ws/install/libmavconn/lib:/home/user/vision_ws/install/zed_ipc/lib:/home/user/vision_ws/install/zed_topic_benchmark_component/lib:/home/user/vision_ws/install/zed_topic_benchmark_interfaces/lib:/home/user/vision_ws/install/zed_rgb_convert/lib:/home/user/vision_ws/install/zed_aruco_localization/lib:/home/user/vision_ws/install/rviz_plugin_zed_od/lib:/opt/ros/humble/opt/rviz_ogre_vendor/lib:/opt/ros/humble/lib/aarch64-linux-gnu:/opt/ros/humble/lib /usr/bin/cmake --build /home/user/vision_ws/build/zed_robot_integration -- -j8 -l8
[1.760s] DEBUG:colcon.colcon_core.event_handler.log_command:Invoking command in '/home/user/vision_ws/build/zed_ros2': CMAKE_PREFIX_PATH=/home/user/vision_ws/install/zed_wrapper:/home/user/vision_ws/install/zed_components:/home/user/autorover_ws/install/zed_ros2:/home/user/autorover_ws/install/zed_wrapper:/home/user/autorover_ws/install/zed_components:/home/user/autorover_ws/install/robot_localization:/home/user/autorover_ws/install/mavros_extras:/home/user/autorover_ws/install/mavros:/home/user/autorover_ws/install/mavros_msgs:/home/user/autorover_ws/install/libmavconn:/home/user/vision_ws/install/zed_ros2:/home/user/vision_ws/install/zed_robot_integration:/home/user/vision_ws/install/zed_ipc:/home/user/vision_ws/install/zed_multi_camera:/home/user/vision_ws/install/zed_display_rviz2:/home/user/vision_ws/install/zed_depth_to_laserscan:/home/user/vision_ws/install/zed_tutorial_video:/home/user/vision_ws/install/zed_tutorial_pos_tracking:/home/user/vision_ws/install/zed_tutorial_depth:/home/user/vision_ws/install/zed_topic_benchmark:/home/user/vision_ws/install/zed_topic_benchmark_component:/home/user/vision_ws/install/zed_topic_benchmark_interfaces:/home/user/vision_ws/install/zed_rgb_convert:/home/user/vision_ws/install/zed_aruco_localization:/home/user/vision_ws/install/rviz_plugin_zed_od:/home/user/autorover_ws/install/teleop_twist_keyboard:/home/user/autorover_ws/install/autorover_bringup:/opt/ros/humble LD_LIBRARY_PATH=/home/user/vision_ws/install/zed_components/lib:/home/user/autorover_ws/install/zed_components/lib:/home/user/autorover_ws/install/robot_localization/lib:/home/user/autorover_ws/install/mavros_extras/lib:/home/user/autorover_ws/install/mavros/lib:/home/user/autorover_ws/install/mavros_msgs/lib:/home/user/autorover_ws/install/libmavconn/lib:/home/user/vision_ws/install/zed_ipc/lib:/home/user/vision_ws/install/zed_topic_benchmark_component/lib:/home/user/vision_ws/install/zed_topic_benchmark_interfaces/lib:/home/user/vision_ws/install/zed_rgb_convert/lib:/home/user/vision_ws/install/zed_aruco_localization/lib:/home/user/vision_ws/install/rviz_plugin_zed_od/lib:/opt/ros/humble/opt/rviz_ogre_vendor/lib:/opt/ros/humble/lib/aarch64-linux-gnu:/opt/ros/humble/lib /usr/bin/cmake --build /home/user/vision_ws/build/zed_ros2 -- -j8 -l8
[1.765s] Level 1:colcon.colcon_core.environment:create_environment_scripts_only(zed_aruco_localization)
[1.766s] Level 1:colcon.colcon_core.environment:checking '/home/user/vision_ws/install/zed_aruco_localization' for CMake module files
[1.767s] DEBUG:colcon.colcon_core.event_handler.log_command:Invoked command in '/home/user/vision_ws/build/zed_aruco_localization' returned '0': CMAKE_PREFIX_PATH=/home/user/vision_ws/install/zed_components:/home/user/autorover_ws/install/zed_ros2:/home/user/autorover_ws/install/zed_wrapper:/home/user/autorover_ws/install/zed_components:/home/user/autorover_ws/install/robot_localization:/home/user/autorover_ws/install/mavros_extras:/home/user/autorover_ws/install/mavros:/home/user/autorover_ws/install/mavros_msgs:/home/user/autorover_ws/install/libmavconn:/home/user/vision_ws/install/zed_ros2:/home/user/vision_ws/install/zed_robot_integration:/home/user/vision_ws/install/zed_ipc:/home/user/vision_ws/install/zed_multi_camera:/home/user/vision_ws/install/zed_display_rviz2:/home/user/vision_ws/install/zed_depth_to_laserscan:/home/user/vision_ws/install/zed_wrapper:/home/user/vision_ws/install/zed_tutorial_video:/home/user/vision_ws/install/zed_tutorial_pos_tracking:/home/user/vision_ws/install/zed_tutorial_depth:/home/user/vision_ws/install/zed_topic_benchmark:/home/user/vision_ws/install/zed_topic_benchmark_component:/home/user/vision_ws/install/zed_topic_benchmark_interfaces:/home/user/vision_ws/install/zed_rgb_convert:/home/user/vision_ws/install/zed_aruco_localization:/home/user/vision_ws/install/rviz_plugin_zed_od:/home/user/autorover_ws/install/teleop_twist_keyboard:/home/user/autorover_ws/install/autorover_bringup:/opt/ros/humble LD_LIBRARY_PATH=/home/user/vision_ws/install/zed_components/lib:/home/user/autorover_ws/install/zed_components/lib:/home/user/autorover_ws/install/robot_localization/lib:/home/user/autorover_ws/install/mavros_extras/lib:/home/user/autorover_ws/install/mavros/lib:/home/user/autorover_ws/install/mavros_msgs/lib:/home/user/autorover_ws/install/libmavconn/lib:/home/user/vision_ws/install/zed_ipc/lib:/home/user/vision_ws/install/zed_topic_benchmark_component/lib:/home/user/vision_ws/install/zed_topic_benchmark_interfaces/lib:/home/user/vision_ws/install/zed_rgb_convert/lib:/home/user/vision_ws/install/zed_aruco_localization/lib:/home/user/vision_ws/install/rviz_plugin_zed_od/lib:/opt/ros/humble/opt/rviz_ogre_vendor/lib:/opt/ros/humble/lib/aarch64-linux-gnu:/opt/ros/humble/lib /usr/bin/cmake --install /home/user/vision_ws/build/zed_aruco_localization
[1.768s] Level 1:colcon.colcon_core.environment:checking '/home/user/vision_ws/install/zed_aruco_localization' for CMake config files
[1.769s] Level 1:colcon.colcon_core.shell:create_environment_hook('zed_aruco_localization', 'cmake_prefix_path')
[1.769s] INFO:colcon.colcon_core.shell:Creating environment hook '/home/user/vision_ws/install/zed_aruco_localization/share/zed_aruco_localization/hook/cmake_prefix_path.ps1'
[1.771s] INFO:colcon.colcon_core.shell:Creating environment descriptor '/home/user/vision_ws/install/zed_aruco_localization/share/zed_aruco_localization/hook/cmake_prefix_path.dsv'
[1.772s] INFO:colcon.colcon_core.shell:Creating environment hook '/home/user/vision_ws/install/zed_aruco_localization/share/zed_aruco_localization/hook/cmake_prefix_path.sh'
[1.774s] Level 1:colcon.colcon_core.environment:checking '/home/user/vision_ws/install/zed_aruco_localization/lib'
[1.774s] Level 1:colcon.colcon_core.shell:create_environment_hook('zed_aruco_localization', 'ld_library_path_lib')
[1.775s] INFO:colcon.colcon_core.shell:Creating environment hook '/home/user/vision_ws/install/zed_aruco_localization/share/zed_aruco_localization/hook/ld_library_path_lib.ps1'
[1.776s] INFO:colcon.colcon_core.shell:Creating environment descriptor '/home/user/vision_ws/install/zed_aruco_localization/share/zed_aruco_localization/hook/ld_library_path_lib.dsv'
[1.777s] INFO:colcon.colcon_core.shell:Creating environment hook '/home/user/vision_ws/install/zed_aruco_localization/share/zed_aruco_localization/hook/ld_library_path_lib.sh'
[1.778s] Level 1:colcon.colcon_core.environment:checking '/home/user/vision_ws/install/zed_aruco_localization/bin'
[1.778s] Level 1:colcon.colcon_core.environment:checking '/home/user/vision_ws/install/zed_aruco_localization/lib/pkgconfig/zed_aruco_localization.pc'
[1.779s] Level 1:colcon.colcon_core.environment:checking '/home/user/vision_ws/install/zed_aruco_localization/lib/python3.10/site-packages'
[1.779s] Level 1:colcon.colcon_core.environment:checking '/home/user/vision_ws/install/zed_aruco_localization/bin'
[1.780s] INFO:colcon.colcon_core.shell:Creating package script '/home/user/vision_ws/install/zed_aruco_localization/share/zed_aruco_localization/package.ps1'
[1.781s] INFO:colcon.colcon_core.shell:Creating package descriptor '/home/user/vision_ws/install/zed_aruco_localization/share/zed_aruco_localization/package.dsv'
[1.782s] INFO:colcon.colcon_core.shell:Creating package script '/home/user/vision_ws/install/zed_aruco_localization/share/zed_aruco_localization/package.sh'
[1.784s] INFO:colcon.colcon_core.shell:Creating package script '/home/user/vision_ws/install/zed_aruco_localization/share/zed_aruco_localization/package.bash'
[1.785s] INFO:colcon.colcon_core.shell:Creating package script '/home/user/vision_ws/install/zed_aruco_localization/share/zed_aruco_localization/package.zsh'
[1.786s] Level 1:colcon.colcon_core.environment:create_file_with_runtime_dependencies(/home/user/vision_ws/install/zed_aruco_localization/share/colcon-core/packages/zed_aruco_localization)
[1.787s] Level 1:colcon.colcon_core.environment:create_environment_scripts_only(zed_aruco_localization)
[1.788s] Level 1:colcon.colcon_core.environment:checking '/home/user/vision_ws/install/zed_aruco_localization' for CMake module files
[1.789s] Level 1:colcon.colcon_core.environment:checking '/home/user/vision_ws/install/zed_aruco_localization' for CMake config files
[1.790s] Level 1:colcon.colcon_core.shell:create_environment_hook('zed_aruco_localization', 'cmake_prefix_path')
[1.790s] INFO:colcon.colcon_core.shell:Creating environment hook '/home/user/vision_ws/install/zed_aruco_localization/share/zed_aruco_localization/hook/cmake_prefix_path.ps1'
[1.791s] INFO:colcon.colcon_core.shell:Creating environment descriptor '/home/user/vision_ws/install/zed_aruco_localization/share/zed_aruco_localization/hook/cmake_prefix_path.dsv'
[1.792s] INFO:colcon.colcon_core.shell:Creating environment hook '/home/user/vision_ws/install/zed_aruco_localization/share/zed_aruco_localization/hook/cmake_prefix_path.sh'
[1.794s] Level 1:colcon.colcon_core.environment:checking '/home/user/vision_ws/install/zed_aruco_localization/lib'
[1.794s] Level 1:colcon.colcon_core.shell:create_environment_hook('zed_aruco_localization', 'ld_library_path_lib')
[1.794s] INFO:colcon.colcon_core.shell:Creating environment hook '/home/user/vision_ws/install/zed_aruco_localization/share/zed_aruco_localization/hook/ld_library_path_lib.ps1'
[1.795s] INFO:colcon.colcon_core.shell:Creating environment descriptor '/home/user/vision_ws/install/zed_aruco_localization/share/zed_aruco_localization/hook/ld_library_path_lib.dsv'
[1.796s] INFO:colcon.colcon_core.shell:Creating environment hook '/home/user/vision_ws/install/zed_aruco_localization/share/zed_aruco_localization/hook/ld_library_path_lib.sh'
[1.797s] Level 1:colcon.colcon_core.environment:checking '/home/user/vision_ws/install/zed_aruco_localization/bin'
[1.797s] Level 1:colcon.colcon_core.environment:checking '/home/user/vision_ws/install/zed_aruco_localization/lib/pkgconfig/zed_aruco_localization.pc'
[1.798s] Level 1:colcon.colcon_core.environment:checking '/home/user/vision_ws/install/zed_aruco_localization/lib/python3.10/site-packages'
[1.798s] Level 1:colcon.colcon_core.environment:checking '/home/user/vision_ws/install/zed_aruco_localization/bin'
[1.799s] INFO:colcon.colcon_core.shell:Creating package script '/home/user/vision_ws/install/zed_aruco_localization/share/zed_aruco_localization/package.ps1'
[1.800s] INFO:colcon.colcon_core.shell:Creating package descriptor '/home/user/vision_ws/install/zed_aruco_localization/share/zed_aruco_localization/package.dsv'
[1.802s] INFO:colcon.colcon_core.shell:Creating package script '/home/user/vision_ws/install/zed_aruco_localization/share/zed_aruco_localization/package.sh'
[1.803s] INFO:colcon.colcon_core.shell:Creating package script '/home/user/vision_ws/install/zed_aruco_localization/share/zed_aruco_localization/package.bash'
[1.804s] INFO:colcon.colcon_core.shell:Creating package script '/home/user/vision_ws/install/zed_aruco_localization/share/zed_aruco_localization/package.zsh'
[1.805s] Level 1:colcon.colcon_core.environment:create_file_with_runtime_dependencies(/home/user/vision_ws/install/zed_aruco_localization/share/colcon-core/packages/zed_aruco_localization)
[1.806s] Level 1:colcon.colcon_core.environment:create_environment_scripts_only(zed_rgb_convert)
[1.807s] Level 1:colcon.colcon_core.environment:checking '/home/user/vision_ws/install/zed_rgb_convert' for CMake module files
[1.809s] Level 1:colcon.colcon_core.environment:checking '/home/user/vision_ws/install/zed_rgb_convert' for CMake config files
[1.810s] DEBUG:colcon.colcon_core.event_handler.log_command:Invoked command in '/home/user/vision_ws/build/zed_rgb_convert' returned '0': CMAKE_PREFIX_PATH=/home/user/vision_ws/install/zed_components:/home/user/autorover_ws/install/zed_ros2:/home/user/autorover_ws/install/zed_wrapper:/home/user/autorover_ws/install/zed_components:/home/user/autorover_ws/install/robot_localization:/home/user/autorover_ws/install/mavros_extras:/home/user/autorover_ws/install/mavros:/home/user/autorover_ws/install/mavros_msgs:/home/user/autorover_ws/install/libmavconn:/home/user/vision_ws/install/zed_ros2:/home/user/vision_ws/install/zed_robot_integration:/home/user/vision_ws/install/zed_ipc:/home/user/vision_ws/install/zed_multi_camera:/home/user/vision_ws/install/zed_display_rviz2:/home/user/vision_ws/install/zed_depth_to_laserscan:/home/user/vision_ws/install/zed_wrapper:/home/user/vision_ws/install/zed_tutorial_video:/home/user/vision_ws/install/zed_tutorial_pos_tracking:/home/user/vision_ws/install/zed_tutorial_depth:/home/user/vision_ws/install/zed_topic_benchmark:/home/user/vision_ws/install/zed_topic_benchmark_component:/home/user/vision_ws/install/zed_topic_benchmark_interfaces:/home/user/vision_ws/install/zed_rgb_convert:/home/user/vision_ws/install/zed_aruco_localization:/home/user/vision_ws/install/rviz_plugin_zed_od:/home/user/autorover_ws/install/teleop_twist_keyboard:/home/user/autorover_ws/install/autorover_bringup:/opt/ros/humble LD_LIBRARY_PATH=/home/user/vision_ws/install/zed_components/lib:/home/user/autorover_ws/install/zed_components/lib:/home/user/autorover_ws/install/robot_localization/lib:/home/user/autorover_ws/install/mavros_extras/lib:/home/user/autorover_ws/install/mavros/lib:/home/user/autorover_ws/install/mavros_msgs/lib:/home/user/autorover_ws/install/libmavconn/lib:/home/user/vision_ws/install/zed_ipc/lib:/home/user/vision_ws/install/zed_topic_benchmark_component/lib:/home/user/vision_ws/install/zed_topic_benchmark_interfaces/lib:/home/user/vision_ws/install/zed_rgb_convert/lib:/home/user/vision_ws/install/zed_aruco_localization/lib:/home/user/vision_ws/install/rviz_plugin_zed_od/lib:/opt/ros/humble/opt/rviz_ogre_vendor/lib:/opt/ros/humble/lib/aarch64-linux-gnu:/opt/ros/humble/lib /usr/bin/cmake --install /home/user/vision_ws/build/zed_rgb_convert
[1.810s] Level 1:colcon.colcon_core.shell:create_environment_hook('zed_rgb_convert', 'cmake_prefix_path')
[1.811s] INFO:colcon.colcon_core.shell:Creating environment hook '/home/user/vision_ws/install/zed_rgb_convert/share/zed_rgb_convert/hook/cmake_prefix_path.ps1'
[1.812s] INFO:colcon.colcon_core.shell:Creating environment descriptor '/home/user/vision_ws/install/zed_rgb_convert/share/zed_rgb_convert/hook/cmake_prefix_path.dsv'
[1.814s] INFO:colcon.colcon_core.shell:Creating environment hook '/home/user/vision_ws/install/zed_rgb_convert/share/zed_rgb_convert/hook/cmake_prefix_path.sh'
[1.815s] Level 1:colcon.colcon_core.environment:checking '/home/user/vision_ws/install/zed_rgb_convert/lib'
[1.815s] Level 1:colcon.colcon_core.shell:create_environment_hook('zed_rgb_convert', 'ld_library_path_lib')
[1.816s] INFO:colcon.colcon_core.shell:Creating environment hook '/home/user/vision_ws/install/zed_rgb_convert/share/zed_rgb_convert/hook/ld_library_path_lib.ps1'
[1.817s] INFO:colcon.colcon_core.shell:Creating environment descriptor '/home/user/vision_ws/install/zed_rgb_convert/share/zed_rgb_convert/hook/ld_library_path_lib.dsv'
[1.818s] INFO:colcon.colcon_core.shell:Creating environment hook '/home/user/vision_ws/install/zed_rgb_convert/share/zed_rgb_convert/hook/ld_library_path_lib.sh'
[1.819s] Level 1:colcon.colcon_core.environment:checking '/home/user/vision_ws/install/zed_rgb_convert/bin'
[1.819s] Level 1:colcon.colcon_core.environment:checking '/home/user/vision_ws/install/zed_rgb_convert/lib/pkgconfig/zed_rgb_convert.pc'
[1.820s] Level 1:colcon.colcon_core.environment:checking '/home/user/vision_ws/install/zed_rgb_convert/lib/python3.10/site-packages'
[1.820s] Level 1:colcon.colcon_core.environment:checking '/home/user/vision_ws/install/zed_rgb_convert/bin'
[1.821s] INFO:colcon.colcon_core.shell:Creating package script '/home/user/vision_ws/install/zed_rgb_convert/share/zed_rgb_convert/package.ps1'
[1.822s] INFO:colcon.colcon_core.shell:Creating package descriptor '/home/user/vision_ws/install/zed_rgb_convert/share/zed_rgb_convert/package.dsv'
[1.823s] INFO:colcon.colcon_core.shell:Creating package script '/home/user/vision_ws/install/zed_rgb_convert/share/zed_rgb_convert/package.sh'
[1.824s] INFO:colcon.colcon_core.shell:Creating package script '/home/user/vision_ws/install/zed_rgb_convert/share/zed_rgb_convert/package.bash'
[1.825s] INFO:colcon.colcon_core.shell:Creating package script '/home/user/vision_ws/install/zed_rgb_convert/share/zed_rgb_convert/package.zsh'
[1.826s] Level 1:colcon.colcon_core.environment:create_file_with_runtime_dependencies(/home/user/vision_ws/install/zed_rgb_convert/share/colcon-core/packages/zed_rgb_convert)
[1.827s] Level 1:colcon.colcon_core.environment:create_environment_scripts_only(zed_rgb_convert)
[1.828s] Level 1:colcon.colcon_core.environment:checking '/home/user/vision_ws/install/zed_rgb_convert' for CMake module files
[1.829s] Level 1:colcon.colcon_core.environment:checking '/home/user/vision_ws/install/zed_rgb_convert' for CMake config files
[1.830s] Level 1:colcon.colcon_core.shell:create_environment_hook('zed_rgb_convert', 'cmake_prefix_path')
[1.830s] INFO:colcon.colcon_core.shell:Creating environment hook '/home/user/vision_ws/install/zed_rgb_convert/share/zed_rgb_convert/hook/cmake_prefix_path.ps1'
[1.831s] INFO:colcon.colcon_core.shell:Creating environment descriptor '/home/user/vision_ws/install/zed_rgb_convert/share/zed_rgb_convert/hook/cmake_prefix_path.dsv'
[1.832s] INFO:colcon.colcon_core.shell:Creating environment hook '/home/user/vision_ws/install/zed_rgb_convert/share/zed_rgb_convert/hook/cmake_prefix_path.sh'
[1.833s] Level 1:colcon.colcon_core.environment:checking '/home/user/vision_ws/install/zed_rgb_convert/lib'
[1.833s] Level 1:colcon.colcon_core.shell:create_environment_hook('zed_rgb_convert', 'ld_library_path_lib')
[1.834s] INFO:colcon.colcon_core.shell:Creating environment hook '/home/user/vision_ws/install/zed_rgb_convert/share/zed_rgb_convert/hook/ld_library_path_lib.ps1'
[1.834s] INFO:colcon.colcon_core.shell:Creating environment descriptor '/home/user/vision_ws/install/zed_rgb_convert/share/zed_rgb_convert/hook/ld_library_path_lib.dsv'
[1.835s] INFO:colcon.colcon_core.shell:Creating environment hook '/home/user/vision_ws/install/zed_rgb_convert/share/zed_rgb_convert/hook/ld_library_path_lib.sh'
[1.836s] Level 1:colcon.colcon_core.environment:checking '/home/user/vision_ws/install/zed_rgb_convert/bin'
[1.836s] Level 1:colcon.colcon_core.environment:checking '/home/user/vision_ws/install/zed_rgb_convert/lib/pkgconfig/zed_rgb_convert.pc'
[1.836s] Level 1:colcon.colcon_core.environment:checking '/home/user/vision_ws/install/zed_rgb_convert/lib/python3.10/site-packages'
[1.837s] Level 1:colcon.colcon_core.environment:checking '/home/user/vision_ws/install/zed_rgb_convert/bin'
[1.837s] INFO:colcon.colcon_core.shell:Creating package script '/home/user/vision_ws/install/zed_rgb_convert/share/zed_rgb_convert/package.ps1'
[1.839s] INFO:colcon.colcon_core.shell:Creating package descriptor '/home/user/vision_ws/install/zed_rgb_convert/share/zed_rgb_convert/package.dsv'
[1.840s] INFO:colcon.colcon_core.shell:Creating package script '/home/user/vision_ws/install/zed_rgb_convert/share/zed_rgb_convert/package.sh'
[1.841s] INFO:colcon.colcon_core.shell:Creating package script '/home/user/vision_ws/install/zed_rgb_convert/share/zed_rgb_convert/package.bash'
[1.842s] INFO:colcon.colcon_core.shell:Creating package script '/home/user/vision_ws/install/zed_rgb_convert/share/zed_rgb_convert/package.zsh'
[1.843s] Level 1:colcon.colcon_core.environment:create_file_with_runtime_dependencies(/home/user/vision_ws/install/zed_rgb_convert/share/colcon-core/packages/zed_rgb_convert)
[1.848s] DEBUG:colcon.colcon_core.event_handler.log_command:Invoked command in '/home/user/vision_ws/build/zed_multi_camera' returned '0': CMAKE_PREFIX_PATH=/home/user/vision_ws/install/zed_wrapper:/home/user/vision_ws/install/zed_components:/home/user/autorover_ws/install/zed_ros2:/home/user/autorover_ws/install/zed_wrapper:/home/user/autorover_ws/install/zed_components:/home/user/autorover_ws/install/robot_localization:/home/user/autorover_ws/install/mavros_extras:/home/user/autorover_ws/install/mavros:/home/user/autorover_ws/install/mavros_msgs:/home/user/autorover_ws/install/libmavconn:/home/user/vision_ws/install/zed_ros2:/home/user/vision_ws/install/zed_robot_integration:/home/user/vision_ws/install/zed_ipc:/home/user/vision_ws/install/zed_multi_camera:/home/user/vision_ws/install/zed_display_rviz2:/home/user/vision_ws/install/zed_depth_to_laserscan:/home/user/vision_ws/install/zed_tutorial_video:/home/user/vision_ws/install/zed_tutorial_pos_tracking:/home/user/vision_ws/install/zed_tutorial_depth:/home/user/vision_ws/install/zed_topic_benchmark:/home/user/vision_ws/install/zed_topic_benchmark_component:/home/user/vision_ws/install/zed_topic_benchmark_interfaces:/home/user/vision_ws/install/zed_rgb_convert:/home/user/vision_ws/install/zed_aruco_localization:/home/user/vision_ws/install/rviz_plugin_zed_od:/home/user/autorover_ws/install/teleop_twist_keyboard:/home/user/autorover_ws/install/autorover_bringup:/opt/ros/humble LD_LIBRARY_PATH=/home/user/vision_ws/install/zed_components/lib:/home/user/autorover_ws/install/zed_components/lib:/home/user/autorover_ws/install/robot_localization/lib:/home/user/autorover_ws/install/mavros_extras/lib:/home/user/autorover_ws/install/mavros/lib:/home/user/autorover_ws/install/mavros_msgs/lib:/home/user/autorover_ws/install/libmavconn/lib:/home/user/vision_ws/install/zed_ipc/lib:/home/user/vision_ws/install/zed_topic_benchmark_component/lib:/home/user/vision_ws/install/zed_topic_benchmark_interfaces/lib:/home/user/vision_ws/install/zed_rgb_convert/lib:/home/user/vision_ws/install/zed_aruco_localization/lib:/home/user/vision_ws/install/rviz_plugin_zed_od/lib:/opt/ros/humble/opt/rviz_ogre_vendor/lib:/opt/ros/humble/lib/aarch64-linux-gnu:/opt/ros/humble/lib /usr/bin/cmake --build /home/user/vision_ws/build/zed_multi_camera -- -j8 -l8
[1.851s] DEBUG:colcon.colcon_core.event_handler.log_command:Invoking command in '/home/user/vision_ws/build/zed_multi_camera': CMAKE_PREFIX_PATH=/home/user/vision_ws/install/zed_wrapper:/home/user/vision_ws/install/zed_components:/home/user/autorover_ws/install/zed_ros2:/home/user/autorover_ws/install/zed_wrapper:/home/user/autorover_ws/install/zed_components:/home/user/autorover_ws/install/robot_localization:/home/user/autorover_ws/install/mavros_extras:/home/user/autorover_ws/install/mavros:/home/user/autorover_ws/install/mavros_msgs:/home/user/autorover_ws/install/libmavconn:/home/user/vision_ws/install/zed_ros2:/home/user/vision_ws/install/zed_robot_integration:/home/user/vision_ws/install/zed_ipc:/home/user/vision_ws/install/zed_multi_camera:/home/user/vision_ws/install/zed_display_rviz2:/home/user/vision_ws/install/zed_depth_to_laserscan:/home/user/vision_ws/install/zed_tutorial_video:/home/user/vision_ws/install/zed_tutorial_pos_tracking:/home/user/vision_ws/install/zed_tutorial_depth:/home/user/vision_ws/install/zed_topic_benchmark:/home/user/vision_ws/install/zed_topic_benchmark_component:/home/user/vision_ws/install/zed_topic_benchmark_interfaces:/home/user/vision_ws/install/zed_rgb_convert:/home/user/vision_ws/install/zed_aruco_localization:/home/user/vision_ws/install/rviz_plugin_zed_od:/home/user/autorover_ws/install/teleop_twist_keyboard:/home/user/autorover_ws/install/autorover_bringup:/opt/ros/humble LD_LIBRARY_PATH=/home/user/vision_ws/install/zed_components/lib:/home/user/autorover_ws/install/zed_components/lib:/home/user/autorover_ws/install/robot_localization/lib:/home/user/autorover_ws/install/mavros_extras/lib:/home/user/autorover_ws/install/mavros/lib:/home/user/autorover_ws/install/mavros_msgs/lib:/home/user/autorover_ws/install/libmavconn/lib:/home/user/vision_ws/install/zed_ipc/lib:/home/user/vision_ws/install/zed_topic_benchmark_component/lib:/home/user/vision_ws/install/zed_topic_benchmark_interfaces/lib:/home/user/vision_ws/install/zed_rgb_convert/lib:/home/user/vision_ws/install/zed_aruco_localization/lib:/home/user/vision_ws/install/rviz_plugin_zed_od/lib:/opt/ros/humble/opt/rviz_ogre_vendor/lib:/opt/ros/humble/lib/aarch64-linux-gnu:/opt/ros/humble/lib /usr/bin/cmake --install /home/user/vision_ws/build/zed_multi_camera
[1.852s] DEBUG:colcon.colcon_core.event_handler.log_command:Invoked command in '/home/user/vision_ws/build/zed_display_rviz2' returned '0': CMAKE_PREFIX_PATH=/home/user/vision_ws/install/zed_wrapper:/home/user/vision_ws/install/zed_components:/home/user/autorover_ws/install/zed_ros2:/home/user/autorover_ws/install/zed_wrapper:/home/user/autorover_ws/install/zed_components:/home/user/autorover_ws/install/robot_localization:/home/user/autorover_ws/install/mavros_extras:/home/user/autorover_ws/install/mavros:/home/user/autorover_ws/install/mavros_msgs:/home/user/autorover_ws/install/libmavconn:/home/user/vision_ws/install/zed_ros2:/home/user/vision_ws/install/zed_robot_integration:/home/user/vision_ws/install/zed_ipc:/home/user/vision_ws/install/zed_multi_camera:/home/user/vision_ws/install/zed_display_rviz2:/home/user/vision_ws/install/zed_depth_to_laserscan:/home/user/vision_ws/install/zed_tutorial_video:/home/user/vision_ws/install/zed_tutorial_pos_tracking:/home/user/vision_ws/install/zed_tutorial_depth:/home/user/vision_ws/install/zed_topic_benchmark:/home/user/vision_ws/install/zed_topic_benchmark_component:/home/user/vision_ws/install/zed_topic_benchmark_interfaces:/home/user/vision_ws/install/zed_rgb_convert:/home/user/vision_ws/install/zed_aruco_localization:/home/user/vision_ws/install/rviz_plugin_zed_od:/home/user/autorover_ws/install/teleop_twist_keyboard:/home/user/autorover_ws/install/autorover_bringup:/opt/ros/humble LD_LIBRARY_PATH=/home/user/vision_ws/install/zed_components/lib:/home/user/autorover_ws/install/zed_components/lib:/home/user/autorover_ws/install/robot_localization/lib:/home/user/autorover_ws/install/mavros_extras/lib:/home/user/autorover_ws/install/mavros/lib:/home/user/autorover_ws/install/mavros_msgs/lib:/home/user/autorover_ws/install/libmavconn/lib:/home/user/vision_ws/install/zed_ipc/lib:/home/user/vision_ws/install/zed_topic_benchmark_component/lib:/home/user/vision_ws/install/zed_topic_benchmark_interfaces/lib:/home/user/vision_ws/install/zed_rgb_convert/lib:/home/user/vision_ws/install/zed_aruco_localization/lib:/home/user/vision_ws/install/rviz_plugin_zed_od/lib:/opt/ros/humble/opt/rviz_ogre_vendor/lib:/opt/ros/humble/lib/aarch64-linux-gnu:/opt/ros/humble/lib /usr/bin/cmake --build /home/user/vision_ws/build/zed_display_rviz2 -- -j8 -l8
[1.855s] DEBUG:colcon.colcon_core.event_handler.log_command:Invoking command in '/home/user/vision_ws/build/zed_display_rviz2': CMAKE_PREFIX_PATH=/home/user/vision_ws/install/zed_wrapper:/home/user/vision_ws/install/zed_components:/home/user/autorover_ws/install/zed_ros2:/home/user/autorover_ws/install/zed_wrapper:/home/user/autorover_ws/install/zed_components:/home/user/autorover_ws/install/robot_localization:/home/user/autorover_ws/install/mavros_extras:/home/user/autorover_ws/install/mavros:/home/user/autorover_ws/install/mavros_msgs:/home/user/autorover_ws/install/libmavconn:/home/user/vision_ws/install/zed_ros2:/home/user/vision_ws/install/zed_robot_integration:/home/user/vision_ws/install/zed_ipc:/home/user/vision_ws/install/zed_multi_camera:/home/user/vision_ws/install/zed_display_rviz2:/home/user/vision_ws/install/zed_depth_to_laserscan:/home/user/vision_ws/install/zed_tutorial_video:/home/user/vision_ws/install/zed_tutorial_pos_tracking:/home/user/vision_ws/install/zed_tutorial_depth:/home/user/vision_ws/install/zed_topic_benchmark:/home/user/vision_ws/install/zed_topic_benchmark_component:/home/user/vision_ws/install/zed_topic_benchmark_interfaces:/home/user/vision_ws/install/zed_rgb_convert:/home/user/vision_ws/install/zed_aruco_localization:/home/user/vision_ws/install/rviz_plugin_zed_od:/home/user/autorover_ws/install/teleop_twist_keyboard:/home/user/autorover_ws/install/autorover_bringup:/opt/ros/humble LD_LIBRARY_PATH=/home/user/vision_ws/install/zed_components/lib:/home/user/autorover_ws/install/zed_components/lib:/home/user/autorover_ws/install/robot_localization/lib:/home/user/autorover_ws/install/mavros_extras/lib:/home/user/autorover_ws/install/mavros/lib:/home/user/autorover_ws/install/mavros_msgs/lib:/home/user/autorover_ws/install/libmavconn/lib:/home/user/vision_ws/install/zed_ipc/lib:/home/user/vision_ws/install/zed_topic_benchmark_component/lib:/home/user/vision_ws/install/zed_topic_benchmark_interfaces/lib:/home/user/vision_ws/install/zed_rgb_convert/lib:/home/user/vision_ws/install/zed_aruco_localization/lib:/home/user/vision_ws/install/rviz_plugin_zed_od/lib:/opt/ros/humble/opt/rviz_ogre_vendor/lib:/opt/ros/humble/lib/aarch64-linux-gnu:/opt/ros/humble/lib /usr/bin/cmake --install /home/user/vision_ws/build/zed_display_rviz2
[1.856s] DEBUG:colcon.colcon_core.event_handler.log_command:Invoked command in '/home/user/vision_ws/build/zed_robot_integration' returned '0': CMAKE_PREFIX_PATH=/home/user/vision_ws/install/zed_wrapper:/home/user/vision_ws/install/zed_components:/home/user/autorover_ws/install/zed_ros2:/home/user/autorover_ws/install/zed_wrapper:/home/user/autorover_ws/install/zed_components:/home/user/autorover_ws/install/robot_localization:/home/user/autorover_ws/install/mavros_extras:/home/user/autorover_ws/install/mavros:/home/user/autorover_ws/install/mavros_msgs:/home/user/autorover_ws/install/libmavconn:/home/user/vision_ws/install/zed_ros2:/home/user/vision_ws/install/zed_robot_integration:/home/user/vision_ws/install/zed_ipc:/home/user/vision_ws/install/zed_multi_camera:/home/user/vision_ws/install/zed_display_rviz2:/home/user/vision_ws/install/zed_depth_to_laserscan:/home/user/vision_ws/install/zed_tutorial_video:/home/user/vision_ws/install/zed_tutorial_pos_tracking:/home/user/vision_ws/install/zed_tutorial_depth:/home/user/vision_ws/install/zed_topic_benchmark:/home/user/vision_ws/install/zed_topic_benchmark_component:/home/user/vision_ws/install/zed_topic_benchmark_interfaces:/home/user/vision_ws/install/zed_rgb_convert:/home/user/vision_ws/install/zed_aruco_localization:/home/user/vision_ws/install/rviz_plugin_zed_od:/home/user/autorover_ws/install/teleop_twist_keyboard:/home/user/autorover_ws/install/autorover_bringup:/opt/ros/humble LD_LIBRARY_PATH=/home/user/vision_ws/install/zed_components/lib:/home/user/autorover_ws/install/zed_components/lib:/home/user/autorover_ws/install/robot_localization/lib:/home/user/autorover_ws/install/mavros_extras/lib:/home/user/autorover_ws/install/mavros/lib:/home/user/autorover_ws/install/mavros_msgs/lib:/home/user/autorover_ws/install/libmavconn/lib:/home/user/vision_ws/install/zed_ipc/lib:/home/user/vision_ws/install/zed_topic_benchmark_component/lib:/home/user/vision_ws/install/zed_topic_benchmark_interfaces/lib:/home/user/vision_ws/install/zed_rgb_convert/lib:/home/user/vision_ws/install/zed_aruco_localization/lib:/home/user/vision_ws/install/rviz_plugin_zed_od/lib:/opt/ros/humble/opt/rviz_ogre_vendor/lib:/opt/ros/humble/lib/aarch64-linux-gnu:/opt/ros/humble/lib /usr/bin/cmake --build /home/user/vision_ws/build/zed_robot_integration -- -j8 -l8
[1.858s] DEBUG:colcon.colcon_core.event_handler.log_command:Invoking command in '/home/user/vision_ws/build/zed_robot_integration': CMAKE_PREFIX_PATH=/home/user/vision_ws/install/zed_wrapper:/home/user/vision_ws/install/zed_components:/home/user/autorover_ws/install/zed_ros2:/home/user/autorover_ws/install/zed_wrapper:/home/user/autorover_ws/install/zed_components:/home/user/autorover_ws/install/robot_localization:/home/user/autorover_ws/install/mavros_extras:/home/user/autorover_ws/install/mavros:/home/user/autorover_ws/install/mavros_msgs:/home/user/autorover_ws/install/libmavconn:/home/user/vision_ws/install/zed_ros2:/home/user/vision_ws/install/zed_robot_integration:/home/user/vision_ws/install/zed_ipc:/home/user/vision_ws/install/zed_multi_camera:/home/user/vision_ws/install/zed_display_rviz2:/home/user/vision_ws/install/zed_depth_to_laserscan:/home/user/vision_ws/install/zed_tutorial_video:/home/user/vision_ws/install/zed_tutorial_pos_tracking:/home/user/vision_ws/install/zed_tutorial_depth:/home/user/vision_ws/install/zed_topic_benchmark:/home/user/vision_ws/install/zed_topic_benchmark_component:/home/user/vision_ws/install/zed_topic_benchmark_interfaces:/home/user/vision_ws/install/zed_rgb_convert:/home/user/vision_ws/install/zed_aruco_localization:/home/user/vision_ws/install/rviz_plugin_zed_od:/home/user/autorover_ws/install/teleop_twist_keyboard:/home/user/autorover_ws/install/autorover_bringup:/opt/ros/humble LD_LIBRARY_PATH=/home/user/vision_ws/install/zed_components/lib:/home/user/autorover_ws/install/zed_components/lib:/home/user/autorover_ws/install/robot_localization/lib:/home/user/autorover_ws/install/mavros_extras/lib:/home/user/autorover_ws/install/mavros/lib:/home/user/autorover_ws/install/mavros_msgs/lib:/home/user/autorover_ws/install/libmavconn/lib:/home/user/vision_ws/install/zed_ipc/lib:/home/user/vision_ws/install/zed_topic_benchmark_component/lib:/home/user/vision_ws/install/zed_topic_benchmark_interfaces/lib:/home/user/vision_ws/install/zed_rgb_convert/lib:/home/user/vision_ws/install/zed_aruco_localization/lib:/home/user/vision_ws/install/rviz_plugin_zed_od/lib:/opt/ros/humble/opt/rviz_ogre_vendor/lib:/opt/ros/humble/lib/aarch64-linux-gnu:/opt/ros/humble/lib /usr/bin/cmake --install /home/user/vision_ws/build/zed_robot_integration
[1.859s] DEBUG:colcon.colcon_core.event_handler.log_command:Invoked command in '/home/user/vision_ws/build/zed_depth_to_laserscan' returned '0': CMAKE_PREFIX_PATH=/home/user/vision_ws/install/zed_wrapper:/home/user/vision_ws/install/zed_components:/home/user/autorover_ws/install/zed_ros2:/home/user/autorover_ws/install/zed_wrapper:/home/user/autorover_ws/install/zed_components:/home/user/autorover_ws/install/robot_localization:/home/user/autorover_ws/install/mavros_extras:/home/user/autorover_ws/install/mavros:/home/user/autorover_ws/install/mavros_msgs:/home/user/autorover_ws/install/libmavconn:/home/user/vision_ws/install/zed_ros2:/home/user/vision_ws/install/zed_robot_integration:/home/user/vision_ws/install/zed_ipc:/home/user/vision_ws/install/zed_multi_camera:/home/user/vision_ws/install/zed_display_rviz2:/home/user/vision_ws/install/zed_depth_to_laserscan:/home/user/vision_ws/install/zed_tutorial_video:/home/user/vision_ws/install/zed_tutorial_pos_tracking:/home/user/vision_ws/install/zed_tutorial_depth:/home/user/vision_ws/install/zed_topic_benchmark:/home/user/vision_ws/install/zed_topic_benchmark_component:/home/user/vision_ws/install/zed_topic_benchmark_interfaces:/home/user/vision_ws/install/zed_rgb_convert:/home/user/vision_ws/install/zed_aruco_localization:/home/user/vision_ws/install/rviz_plugin_zed_od:/home/user/autorover_ws/install/teleop_twist_keyboard:/home/user/autorover_ws/install/autorover_bringup:/opt/ros/humble LD_LIBRARY_PATH=/home/user/vision_ws/install/zed_components/lib:/home/user/autorover_ws/install/zed_components/lib:/home/user/autorover_ws/install/robot_localization/lib:/home/user/autorover_ws/install/mavros_extras/lib:/home/user/autorover_ws/install/mavros/lib:/home/user/autorover_ws/install/mavros_msgs/lib:/home/user/autorover_ws/install/libmavconn/lib:/home/user/vision_ws/install/zed_ipc/lib:/home/user/vision_ws/install/zed_topic_benchmark_component/lib:/home/user/vision_ws/install/zed_topic_benchmark_interfaces/lib:/home/user/vision_ws/install/zed_rgb_convert/lib:/home/user/vision_ws/install/zed_aruco_localization/lib:/home/user/vision_ws/install/rviz_plugin_zed_od/lib:/opt/ros/humble/opt/rviz_ogre_vendor/lib:/opt/ros/humble/lib/aarch64-linux-gnu:/opt/ros/humble/lib /usr/bin/cmake --build /home/user/vision_ws/build/zed_depth_to_laserscan -- -j8 -l8
[1.861s] DEBUG:colcon.colcon_core.event_handler.log_command:Invoking command in '/home/user/vision_ws/build/zed_depth_to_laserscan': CMAKE_PREFIX_PATH=/home/user/vision_ws/install/zed_wrapper:/home/user/vision_ws/install/zed_components:/home/user/autorover_ws/install/zed_ros2:/home/user/autorover_ws/install/zed_wrapper:/home/user/autorover_ws/install/zed_components:/home/user/autorover_ws/install/robot_localization:/home/user/autorover_ws/install/mavros_extras:/home/user/autorover_ws/install/mavros:/home/user/autorover_ws/install/mavros_msgs:/home/user/autorover_ws/install/libmavconn:/home/user/vision_ws/install/zed_ros2:/home/user/vision_ws/install/zed_robot_integration:/home/user/vision_ws/install/zed_ipc:/home/user/vision_ws/install/zed_multi_camera:/home/user/vision_ws/install/zed_display_rviz2:/home/user/vision_ws/install/zed_depth_to_laserscan:/home/user/vision_ws/install/zed_tutorial_video:/home/user/vision_ws/install/zed_tutorial_pos_tracking:/home/user/vision_ws/install/zed_tutorial_depth:/home/user/vision_ws/install/zed_topic_benchmark:/home/user/vision_ws/install/zed_topic_benchmark_component:/home/user/vision_ws/install/zed_topic_benchmark_interfaces:/home/user/vision_ws/install/zed_rgb_convert:/home/user/vision_ws/install/zed_aruco_localization:/home/user/vision_ws/install/rviz_plugin_zed_od:/home/user/autorover_ws/install/teleop_twist_keyboard:/home/user/autorover_ws/install/autorover_bringup:/opt/ros/humble LD_LIBRARY_PATH=/home/user/vision_ws/install/zed_components/lib:/home/user/autorover_ws/install/zed_components/lib:/home/user/autorover_ws/install/robot_localization/lib:/home/user/autorover_ws/install/mavros_extras/lib:/home/user/autorover_ws/install/mavros/lib:/home/user/autorover_ws/install/mavros_msgs/lib:/home/user/autorover_ws/install/libmavconn/lib:/home/user/vision_ws/install/zed_ipc/lib:/home/user/vision_ws/install/zed_topic_benchmark_component/lib:/home/user/vision_ws/install/zed_topic_benchmark_interfaces/lib:/home/user/vision_ws/install/zed_rgb_convert/lib:/home/user/vision_ws/install/zed_aruco_localization/lib:/home/user/vision_ws/install/rviz_plugin_zed_od/lib:/opt/ros/humble/opt/rviz_ogre_vendor/lib:/opt/ros/humble/lib/aarch64-linux-gnu:/opt/ros/humble/lib /usr/bin/cmake --install /home/user/vision_ws/build/zed_depth_to_laserscan
[1.863s] DEBUG:colcon.colcon_core.event_handler.log_command:Invoked command in '/home/user/vision_ws/build/zed_ros2' returned '0': CMAKE_PREFIX_PATH=/home/user/vision_ws/install/zed_wrapper:/home/user/vision_ws/install/zed_components:/home/user/autorover_ws/install/zed_ros2:/home/user/autorover_ws/install/zed_wrapper:/home/user/autorover_ws/install/zed_components:/home/user/autorover_ws/install/robot_localization:/home/user/autorover_ws/install/mavros_extras:/home/user/autorover_ws/install/mavros:/home/user/autorover_ws/install/mavros_msgs:/home/user/autorover_ws/install/libmavconn:/home/user/vision_ws/install/zed_ros2:/home/user/vision_ws/install/zed_robot_integration:/home/user/vision_ws/install/zed_ipc:/home/user/vision_ws/install/zed_multi_camera:/home/user/vision_ws/install/zed_display_rviz2:/home/user/vision_ws/install/zed_depth_to_laserscan:/home/user/vision_ws/install/zed_tutorial_video:/home/user/vision_ws/install/zed_tutorial_pos_tracking:/home/user/vision_ws/install/zed_tutorial_depth:/home/user/vision_ws/install/zed_topic_benchmark:/home/user/vision_ws/install/zed_topic_benchmark_component:/home/user/vision_ws/install/zed_topic_benchmark_interfaces:/home/user/vision_ws/install/zed_rgb_convert:/home/user/vision_ws/install/zed_aruco_localization:/home/user/vision_ws/install/rviz_plugin_zed_od:/home/user/autorover_ws/install/teleop_twist_keyboard:/home/user/autorover_ws/install/autorover_bringup:/opt/ros/humble LD_LIBRARY_PATH=/home/user/vision_ws/install/zed_components/lib:/home/user/autorover_ws/install/zed_components/lib:/home/user/autorover_ws/install/robot_localization/lib:/home/user/autorover_ws/install/mavros_extras/lib:/home/user/autorover_ws/install/mavros/lib:/home/user/autorover_ws/install/mavros_msgs/lib:/home/user/autorover_ws/install/libmavconn/lib:/home/user/vision_ws/install/zed_ipc/lib:/home/user/vision_ws/install/zed_topic_benchmark_component/lib:/home/user/vision_ws/install/zed_topic_benchmark_interfaces/lib:/home/user/vision_ws/install/zed_rgb_convert/lib:/home/user/vision_ws/install/zed_aruco_localization/lib:/home/user/vision_ws/install/rviz_plugin_zed_od/lib:/opt/ros/humble/opt/rviz_ogre_vendor/lib:/opt/ros/humble/lib/aarch64-linux-gnu:/opt/ros/humble/lib /usr/bin/cmake --build /home/user/vision_ws/build/zed_ros2 -- -j8 -l8
[1.865s] DEBUG:colcon.colcon_core.event_handler.log_command:Invoking command in '/home/user/vision_ws/build/zed_ros2': CMAKE_PREFIX_PATH=/home/user/vision_ws/install/zed_wrapper:/home/user/vision_ws/install/zed_components:/home/user/autorover_ws/install/zed_ros2:/home/user/autorover_ws/install/zed_wrapper:/home/user/autorover_ws/install/zed_components:/home/user/autorover_ws/install/robot_localization:/home/user/autorover_ws/install/mavros_extras:/home/user/autorover_ws/install/mavros:/home/user/autorover_ws/install/mavros_msgs:/home/user/autorover_ws/install/libmavconn:/home/user/vision_ws/install/zed_ros2:/home/user/vision_ws/install/zed_robot_integration:/home/user/vision_ws/install/zed_ipc:/home/user/vision_ws/install/zed_multi_camera:/home/user/vision_ws/install/zed_display_rviz2:/home/user/vision_ws/install/zed_depth_to_laserscan:/home/user/vision_ws/install/zed_tutorial_video:/home/user/vision_ws/install/zed_tutorial_pos_tracking:/home/user/vision_ws/install/zed_tutorial_depth:/home/user/vision_ws/install/zed_topic_benchmark:/home/user/vision_ws/install/zed_topic_benchmark_component:/home/user/vision_ws/install/zed_topic_benchmark_interfaces:/home/user/vision_ws/install/zed_rgb_convert:/home/user/vision_ws/install/zed_aruco_localization:/home/user/vision_ws/install/rviz_plugin_zed_od:/home/user/autorover_ws/install/teleop_twist_keyboard:/home/user/autorover_ws/install/autorover_bringup:/opt/ros/humble LD_LIBRARY_PATH=/home/user/vision_ws/install/zed_components/lib:/home/user/autorover_ws/install/zed_components/lib:/home/user/autorover_ws/install/robot_localization/lib:/home/user/autorover_ws/install/mavros_extras/lib:/home/user/autorover_ws/install/mavros/lib:/home/user/autorover_ws/install/mavros_msgs/lib:/home/user/autorover_ws/install/libmavconn/lib:/home/user/vision_ws/install/zed_ipc/lib:/home/user/vision_ws/install/zed_topic_benchmark_component/lib:/home/user/vision_ws/install/zed_topic_benchmark_interfaces/lib:/home/user/vision_ws/install/zed_rgb_convert/lib:/home/user/vision_ws/install/zed_aruco_localization/lib:/home/user/vision_ws/install/rviz_plugin_zed_od/lib:/opt/ros/humble/opt/rviz_ogre_vendor/lib:/opt/ros/humble/lib/aarch64-linux-gnu:/opt/ros/humble/lib /usr/bin/cmake --install /home/user/vision_ws/build/zed_ros2
[1.885s] DEBUG:colcon.colcon_core.event_handler.log_command:Invoked command in '/home/user/vision_ws/build/zed_topic_benchmark_interfaces' returned '0': CMAKE_PREFIX_PATH=${CMAKE_PREFIX_PATH}:/home/user/autorover_ws/install/teleop_twist_keyboard:/home/user/autorover_ws/install/autorover_bringup:/opt/ros/humble /usr/bin/cmake --build /home/user/vision_ws/build/zed_topic_benchmark_interfaces -- -j8 -l8
[1.889s] DEBUG:colcon.colcon_core.event_handler.log_command:Invoking command in '/home/user/vision_ws/build/zed_topic_benchmark_interfaces': CMAKE_PREFIX_PATH=${CMAKE_PREFIX_PATH}:/home/user/autorover_ws/install/teleop_twist_keyboard:/home/user/autorover_ws/install/autorover_bringup:/opt/ros/humble /usr/bin/cmake --install /home/user/vision_ws/build/zed_topic_benchmark_interfaces
[1.899s] Level 1:colcon.colcon_core.environment:create_environment_scripts_only(zed_display_rviz2)
[1.900s] DEBUG:colcon.colcon_core.event_handler.log_command:Invoked command in '/home/user/vision_ws/build/zed_display_rviz2' returned '0': CMAKE_PREFIX_PATH=/home/user/vision_ws/install/zed_wrapper:/home/user/vision_ws/install/zed_components:/home/user/autorover_ws/install/zed_ros2:/home/user/autorover_ws/install/zed_wrapper:/home/user/autorover_ws/install/zed_components:/home/user/autorover_ws/install/robot_localization:/home/user/autorover_ws/install/mavros_extras:/home/user/autorover_ws/install/mavros:/home/user/autorover_ws/install/mavros_msgs:/home/user/autorover_ws/install/libmavconn:/home/user/vision_ws/install/zed_ros2:/home/user/vision_ws/install/zed_robot_integration:/home/user/vision_ws/install/zed_ipc:/home/user/vision_ws/install/zed_multi_camera:/home/user/vision_ws/install/zed_display_rviz2:/home/user/vision_ws/install/zed_depth_to_laserscan:/home/user/vision_ws/install/zed_tutorial_video:/home/user/vision_ws/install/zed_tutorial_pos_tracking:/home/user/vision_ws/install/zed_tutorial_depth:/home/user/vision_ws/install/zed_topic_benchmark:/home/user/vision_ws/install/zed_topic_benchmark_component:/home/user/vision_ws/install/zed_topic_benchmark_interfaces:/home/user/vision_ws/install/zed_rgb_convert:/home/user/vision_ws/install/zed_aruco_localization:/home/user/vision_ws/install/rviz_plugin_zed_od:/home/user/autorover_ws/install/teleop_twist_keyboard:/home/user/autorover_ws/install/autorover_bringup:/opt/ros/humble LD_LIBRARY_PATH=/home/user/vision_ws/install/zed_components/lib:/home/user/autorover_ws/install/zed_components/lib:/home/user/autorover_ws/install/robot_localization/lib:/home/user/autorover_ws/install/mavros_extras/lib:/home/user/autorover_ws/install/mavros/lib:/home/user/autorover_ws/install/mavros_msgs/lib:/home/user/autorover_ws/install/libmavconn/lib:/home/user/vision_ws/install/zed_ipc/lib:/home/user/vision_ws/install/zed_topic_benchmark_component/lib:/home/user/vision_ws/install/zed_topic_benchmark_interfaces/lib:/home/user/vision_ws/install/zed_rgb_convert/lib:/home/user/vision_ws/install/zed_aruco_localization/lib:/home/user/vision_ws/install/rviz_plugin_zed_od/lib:/opt/ros/humble/opt/rviz_ogre_vendor/lib:/opt/ros/humble/lib/aarch64-linux-gnu:/opt/ros/humble/lib /usr/bin/cmake --install /home/user/vision_ws/build/zed_display_rviz2
[1.900s] Level 1:colcon.colcon_core.environment:checking '/home/user/vision_ws/install/zed_display_rviz2' for CMake module files
[1.904s] Level 1:colcon.colcon_core.environment:checking '/home/user/vision_ws/install/zed_display_rviz2' for CMake config files
[1.908s] Level 1:colcon.colcon_core.shell:create_environment_hook('zed_display_rviz2', 'cmake_prefix_path')
[1.909s] INFO:colcon.colcon_core.shell:Creating environment hook '/home/user/vision_ws/install/zed_display_rviz2/share/zed_display_rviz2/hook/cmake_prefix_path.ps1'
[1.912s] INFO:colcon.colcon_core.shell:Creating environment descriptor '/home/user/vision_ws/install/zed_display_rviz2/share/zed_display_rviz2/hook/cmake_prefix_path.dsv'
[1.914s] INFO:colcon.colcon_core.shell:Creating environment hook '/home/user/vision_ws/install/zed_display_rviz2/share/zed_display_rviz2/hook/cmake_prefix_path.sh'
[1.917s] Level 1:colcon.colcon_core.environment:checking '/home/user/vision_ws/install/zed_display_rviz2/bin'
[1.917s] Level 1:colcon.colcon_core.environment:checking '/home/user/vision_ws/install/zed_display_rviz2/lib/pkgconfig/zed_display_rviz2.pc'
[1.918s] Level 1:colcon.colcon_core.environment:checking '/home/user/vision_ws/install/zed_display_rviz2/lib/python3.10/site-packages'
[1.919s] Level 1:colcon.colcon_core.environment:checking '/home/user/vision_ws/install/zed_display_rviz2/bin'
[1.920s] INFO:colcon.colcon_core.shell:Creating package script '/home/user/vision_ws/install/zed_display_rviz2/share/zed_display_rviz2/package.ps1'
[1.922s] INFO:colcon.colcon_core.shell:Creating package descriptor '/home/user/vision_ws/install/zed_display_rviz2/share/zed_display_rviz2/package.dsv'
[1.924s] INFO:colcon.colcon_core.shell:Creating package script '/home/user/vision_ws/install/zed_display_rviz2/share/zed_display_rviz2/package.sh'
[1.925s] INFO:colcon.colcon_core.shell:Creating package script '/home/user/vision_ws/install/zed_display_rviz2/share/zed_display_rviz2/package.bash'
[1.927s] INFO:colcon.colcon_core.shell:Creating package script '/home/user/vision_ws/install/zed_display_rviz2/share/zed_display_rviz2/package.zsh'
[1.928s] Level 1:colcon.colcon_core.environment:create_file_with_runtime_dependencies(/home/user/vision_ws/install/zed_display_rviz2/share/colcon-core/packages/zed_display_rviz2)
[1.931s] Level 1:colcon.colcon_core.environment:create_environment_scripts_only(zed_display_rviz2)
[1.931s] Level 1:colcon.colcon_core.environment:checking '/home/user/vision_ws/install/zed_display_rviz2' for CMake module files
[1.933s] Level 1:colcon.colcon_core.environment:checking '/home/user/vision_ws/install/zed_display_rviz2' for CMake config files
[1.934s] Level 1:colcon.colcon_core.shell:create_environment_hook('zed_display_rviz2', 'cmake_prefix_path')
[1.934s] INFO:colcon.colcon_core.shell:Creating environment hook '/home/user/vision_ws/install/zed_display_rviz2/share/zed_display_rviz2/hook/cmake_prefix_path.ps1'
[1.935s] INFO:colcon.colcon_core.shell:Creating environment descriptor '/home/user/vision_ws/install/zed_display_rviz2/share/zed_display_rviz2/hook/cmake_prefix_path.dsv'
[1.936s] INFO:colcon.colcon_core.shell:Creating environment hook '/home/user/vision_ws/install/zed_display_rviz2/share/zed_display_rviz2/hook/cmake_prefix_path.sh'
[1.937s] Level 1:colcon.colcon_core.environment:checking '/home/user/vision_ws/install/zed_display_rviz2/bin'
[1.938s] Level 1:colcon.colcon_core.environment:checking '/home/user/vision_ws/install/zed_display_rviz2/lib/pkgconfig/zed_display_rviz2.pc'
[1.938s] Level 1:colcon.colcon_core.environment:checking '/home/user/vision_ws/install/zed_display_rviz2/lib/python3.10/site-packages'
[1.939s] Level 1:colcon.colcon_core.environment:checking '/home/user/vision_ws/install/zed_display_rviz2/bin'
[1.939s] INFO:colcon.colcon_core.shell:Creating package script '/home/user/vision_ws/install/zed_display_rviz2/share/zed_display_rviz2/package.ps1'
[1.940s] INFO:colcon.colcon_core.shell:Creating package descriptor '/home/user/vision_ws/install/zed_display_rviz2/share/zed_display_rviz2/package.dsv'
[1.941s] INFO:colcon.colcon_core.shell:Creating package script '/home/user/vision_ws/install/zed_display_rviz2/share/zed_display_rviz2/package.sh'
[1.942s] INFO:colcon.colcon_core.shell:Creating package script '/home/user/vision_ws/install/zed_display_rviz2/share/zed_display_rviz2/package.bash'
[1.944s] INFO:colcon.colcon_core.shell:Creating package script '/home/user/vision_ws/install/zed_display_rviz2/share/zed_display_rviz2/package.zsh'
[1.946s] Level 1:colcon.colcon_core.environment:create_file_with_runtime_dependencies(/home/user/vision_ws/install/zed_display_rviz2/share/colcon-core/packages/zed_display_rviz2)
[1.951s] Level 1:colcon.colcon_core.environment:create_environment_scripts_only(zed_multi_camera)
[1.952s] Level 1:colcon.colcon_core.environment:checking '/home/user/vision_ws/install/zed_multi_camera' for CMake module files
[1.954s] Level 1:colcon.colcon_core.environment:checking '/home/user/vision_ws/install/zed_multi_camera' for CMake config files
[1.955s] DEBUG:colcon.colcon_core.event_handler.log_command:Invoked command in '/home/user/vision_ws/build/zed_multi_camera' returned '0': CMAKE_PREFIX_PATH=/home/user/vision_ws/install/zed_wrapper:/home/user/vision_ws/install/zed_components:/home/user/autorover_ws/install/zed_ros2:/home/user/autorover_ws/install/zed_wrapper:/home/user/autorover_ws/install/zed_components:/home/user/autorover_ws/install/robot_localization:/home/user/autorover_ws/install/mavros_extras:/home/user/autorover_ws/install/mavros:/home/user/autorover_ws/install/mavros_msgs:/home/user/autorover_ws/install/libmavconn:/home/user/vision_ws/install/zed_ros2:/home/user/vision_ws/install/zed_robot_integration:/home/user/vision_ws/install/zed_ipc:/home/user/vision_ws/install/zed_multi_camera:/home/user/vision_ws/install/zed_display_rviz2:/home/user/vision_ws/install/zed_depth_to_laserscan:/home/user/vision_ws/install/zed_tutorial_video:/home/user/vision_ws/install/zed_tutorial_pos_tracking:/home/user/vision_ws/install/zed_tutorial_depth:/home/user/vision_ws/install/zed_topic_benchmark:/home/user/vision_ws/install/zed_topic_benchmark_component:/home/user/vision_ws/install/zed_topic_benchmark_interfaces:/home/user/vision_ws/install/zed_rgb_convert:/home/user/vision_ws/install/zed_aruco_localization:/home/user/vision_ws/install/rviz_plugin_zed_od:/home/user/autorover_ws/install/teleop_twist_keyboard:/home/user/autorover_ws/install/autorover_bringup:/opt/ros/humble LD_LIBRARY_PATH=/home/user/vision_ws/install/zed_components/lib:/home/user/autorover_ws/install/zed_components/lib:/home/user/autorover_ws/install/robot_localization/lib:/home/user/autorover_ws/install/mavros_extras/lib:/home/user/autorover_ws/install/mavros/lib:/home/user/autorover_ws/install/mavros_msgs/lib:/home/user/autorover_ws/install/libmavconn/lib:/home/user/vision_ws/install/zed_ipc/lib:/home/user/vision_ws/install/zed_topic_benchmark_component/lib:/home/user/vision_ws/install/zed_topic_benchmark_interfaces/lib:/home/user/vision_ws/install/zed_rgb_convert/lib:/home/user/vision_ws/install/zed_aruco_localization/lib:/home/user/vision_ws/install/rviz_plugin_zed_od/lib:/opt/ros/humble/opt/rviz_ogre_vendor/lib:/opt/ros/humble/lib/aarch64-linux-gnu:/opt/ros/humble/lib /usr/bin/cmake --install /home/user/vision_ws/build/zed_multi_camera
[1.956s] Level 1:colcon.colcon_core.shell:create_environment_hook('zed_multi_camera', 'cmake_prefix_path')
[1.956s] INFO:colcon.colcon_core.shell:Creating environment hook '/home/user/vision_ws/install/zed_multi_camera/share/zed_multi_camera/hook/cmake_prefix_path.ps1'
[1.958s] INFO:colcon.colcon_core.shell:Creating environment descriptor '/home/user/vision_ws/install/zed_multi_camera/share/zed_multi_camera/hook/cmake_prefix_path.dsv'
[1.959s] INFO:colcon.colcon_core.shell:Creating environment hook '/home/user/vision_ws/install/zed_multi_camera/share/zed_multi_camera/hook/cmake_prefix_path.sh'
[1.960s] Level 1:colcon.colcon_core.environment:checking '/home/user/vision_ws/install/zed_multi_camera/bin'
[1.960s] Level 1:colcon.colcon_core.environment:checking '/home/user/vision_ws/install/zed_multi_camera/lib/pkgconfig/zed_multi_camera.pc'
[1.961s] Level 1:colcon.colcon_core.environment:checking '/home/user/vision_ws/install/zed_multi_camera/lib/python3.10/site-packages'
[1.961s] Level 1:colcon.colcon_core.environment:checking '/home/user/vision_ws/install/zed_multi_camera/bin'
[1.962s] INFO:colcon.colcon_core.shell:Creating package script '/home/user/vision_ws/install/zed_multi_camera/share/zed_multi_camera/package.ps1'
[1.963s] INFO:colcon.colcon_core.shell:Creating package descriptor '/home/user/vision_ws/install/zed_multi_camera/share/zed_multi_camera/package.dsv'
[1.964s] INFO:colcon.colcon_core.shell:Creating package script '/home/user/vision_ws/install/zed_multi_camera/share/zed_multi_camera/package.sh'
[1.965s] INFO:colcon.colcon_core.shell:Creating package script '/home/user/vision_ws/install/zed_multi_camera/share/zed_multi_camera/package.bash'
[1.966s] INFO:colcon.colcon_core.shell:Creating package script '/home/user/vision_ws/install/zed_multi_camera/share/zed_multi_camera/package.zsh'
[1.966s] Level 1:colcon.colcon_core.environment:create_file_with_runtime_dependencies(/home/user/vision_ws/install/zed_multi_camera/share/colcon-core/packages/zed_multi_camera)
[1.968s] Level 1:colcon.colcon_core.environment:create_environment_scripts_only(zed_multi_camera)
[1.968s] Level 1:colcon.colcon_core.environment:checking '/home/user/vision_ws/install/zed_multi_camera' for CMake module files
[1.969s] Level 1:colcon.colcon_core.environment:checking '/home/user/vision_ws/install/zed_multi_camera' for CMake config files
[1.970s] Level 1:colcon.colcon_core.shell:create_environment_hook('zed_multi_camera', 'cmake_prefix_path')
[1.970s] INFO:colcon.colcon_core.shell:Creating environment hook '/home/user/vision_ws/install/zed_multi_camera/share/zed_multi_camera/hook/cmake_prefix_path.ps1'
[1.971s] INFO:colcon.colcon_core.shell:Creating environment descriptor '/home/user/vision_ws/install/zed_multi_camera/share/zed_multi_camera/hook/cmake_prefix_path.dsv'
[1.972s] INFO:colcon.colcon_core.shell:Creating environment hook '/home/user/vision_ws/install/zed_multi_camera/share/zed_multi_camera/hook/cmake_prefix_path.sh'
[1.973s] Level 1:colcon.colcon_core.environment:checking '/home/user/vision_ws/install/zed_multi_camera/bin'
[1.973s] Level 1:colcon.colcon_core.environment:checking '/home/user/vision_ws/install/zed_multi_camera/lib/pkgconfig/zed_multi_camera.pc'
[1.974s] Level 1:colcon.colcon_core.environment:checking '/home/user/vision_ws/install/zed_multi_camera/lib/python3.10/site-packages'
[1.974s] Level 1:colcon.colcon_core.environment:checking '/home/user/vision_ws/install/zed_multi_camera/bin'
[1.975s] INFO:colcon.colcon_core.shell:Creating package script '/home/user/vision_ws/install/zed_multi_camera/share/zed_multi_camera/package.ps1'
[1.976s] INFO:colcon.colcon_core.shell:Creating package descriptor '/home/user/vision_ws/install/zed_multi_camera/share/zed_multi_camera/package.dsv'
[1.977s] INFO:colcon.colcon_core.shell:Creating package script '/home/user/vision_ws/install/zed_multi_camera/share/zed_multi_camera/package.sh'
[1.977s] INFO:colcon.colcon_core.shell:Creating package script '/home/user/vision_ws/install/zed_multi_camera/share/zed_multi_camera/package.bash'
[1.978s] INFO:colcon.colcon_core.shell:Creating package script '/home/user/vision_ws/install/zed_multi_camera/share/zed_multi_camera/package.zsh'
[1.979s] Level 1:colcon.colcon_core.environment:create_file_with_runtime_dependencies(/home/user/vision_ws/install/zed_multi_camera/share/colcon-core/packages/zed_multi_camera)
[1.980s] Level 1:colcon.colcon_core.environment:create_environment_scripts_only(zed_robot_integration)
[1.980s] Level 1:colcon.colcon_core.environment:checking '/home/user/vision_ws/install/zed_robot_integration' for CMake module files
[1.982s] DEBUG:colcon.colcon_core.event_handler.log_command:Invoked command in '/home/user/vision_ws/build/zed_robot_integration' returned '0': CMAKE_PREFIX_PATH=/home/user/vision_ws/install/zed_wrapper:/home/user/vision_ws/install/zed_components:/home/user/autorover_ws/install/zed_ros2:/home/user/autorover_ws/install/zed_wrapper:/home/user/autorover_ws/install/zed_components:/home/user/autorover_ws/install/robot_localization:/home/user/autorover_ws/install/mavros_extras:/home/user/autorover_ws/install/mavros:/home/user/autorover_ws/install/mavros_msgs:/home/user/autorover_ws/install/libmavconn:/home/user/vision_ws/install/zed_ros2:/home/user/vision_ws/install/zed_robot_integration:/home/user/vision_ws/install/zed_ipc:/home/user/vision_ws/install/zed_multi_camera:/home/user/vision_ws/install/zed_display_rviz2:/home/user/vision_ws/install/zed_depth_to_laserscan:/home/user/vision_ws/install/zed_tutorial_video:/home/user/vision_ws/install/zed_tutorial_pos_tracking:/home/user/vision_ws/install/zed_tutorial_depth:/home/user/vision_ws/install/zed_topic_benchmark:/home/user/vision_ws/install/zed_topic_benchmark_component:/home/user/vision_ws/install/zed_topic_benchmark_interfaces:/home/user/vision_ws/install/zed_rgb_convert:/home/user/vision_ws/install/zed_aruco_localization:/home/user/vision_ws/install/rviz_plugin_zed_od:/home/user/autorover_ws/install/teleop_twist_keyboard:/home/user/autorover_ws/install/autorover_bringup:/opt/ros/humble LD_LIBRARY_PATH=/home/user/vision_ws/install/zed_components/lib:/home/user/autorover_ws/install/zed_components/lib:/home/user/autorover_ws/install/robot_localization/lib:/home/user/autorover_ws/install/mavros_extras/lib:/home/user/autorover_ws/install/mavros/lib:/home/user/autorover_ws/install/mavros_msgs/lib:/home/user/autorover_ws/install/libmavconn/lib:/home/user/vision_ws/install/zed_ipc/lib:/home/user/vision_ws/install/zed_topic_benchmark_component/lib:/home/user/vision_ws/install/zed_topic_benchmark_interfaces/lib:/home/user/vision_ws/install/zed_rgb_convert/lib:/home/user/vision_ws/install/zed_aruco_localization/lib:/home/user/vision_ws/install/rviz_plugin_zed_od/lib:/opt/ros/humble/opt/rviz_ogre_vendor/lib:/opt/ros/humble/lib/aarch64-linux-gnu:/opt/ros/humble/lib /usr/bin/cmake --install /home/user/vision_ws/build/zed_robot_integration
[1.982s] Level 1:colcon.colcon_core.environment:checking '/home/user/vision_ws/install/zed_robot_integration' for CMake config files
[1.983s] Level 1:colcon.colcon_core.shell:create_environment_hook('zed_robot_integration', 'cmake_prefix_path')
[1.983s] INFO:colcon.colcon_core.shell:Creating environment hook '/home/user/vision_ws/install/zed_robot_integration/share/zed_robot_integration/hook/cmake_prefix_path.ps1'
[1.984s] INFO:colcon.colcon_core.shell:Creating environment descriptor '/home/user/vision_ws/install/zed_robot_integration/share/zed_robot_integration/hook/cmake_prefix_path.dsv'
[1.985s] INFO:colcon.colcon_core.shell:Creating environment hook '/home/user/vision_ws/install/zed_robot_integration/share/zed_robot_integration/hook/cmake_prefix_path.sh'
[1.986s] Level 1:colcon.colcon_core.environment:checking '/home/user/vision_ws/install/zed_robot_integration/bin'
[1.986s] Level 1:colcon.colcon_core.environment:checking '/home/user/vision_ws/install/zed_robot_integration/lib/pkgconfig/zed_robot_integration.pc'
[1.987s] Level 1:colcon.colcon_core.environment:checking '/home/user/vision_ws/install/zed_robot_integration/lib/python3.10/site-packages'
[1.987s] Level 1:colcon.colcon_core.environment:checking '/home/user/vision_ws/install/zed_robot_integration/bin'
[1.988s] INFO:colcon.colcon_core.shell:Creating package script '/home/user/vision_ws/install/zed_robot_integration/share/zed_robot_integration/package.ps1'
[1.989s] INFO:colcon.colcon_core.shell:Creating package descriptor '/home/user/vision_ws/install/zed_robot_integration/share/zed_robot_integration/package.dsv'
[1.990s] INFO:colcon.colcon_core.shell:Creating package script '/home/user/vision_ws/install/zed_robot_integration/share/zed_robot_integration/package.sh'
[1.991s] INFO:colcon.colcon_core.shell:Creating package script '/home/user/vision_ws/install/zed_robot_integration/share/zed_robot_integration/package.bash'
[1.991s] INFO:colcon.colcon_core.shell:Creating package script '/home/user/vision_ws/install/zed_robot_integration/share/zed_robot_integration/package.zsh'
[1.992s] Level 1:colcon.colcon_core.environment:create_file_with_runtime_dependencies(/home/user/vision_ws/install/zed_robot_integration/share/colcon-core/packages/zed_robot_integration)
[1.993s] Level 1:colcon.colcon_core.environment:create_environment_scripts_only(zed_robot_integration)
[1.994s] Level 1:colcon.colcon_core.environment:checking '/home/user/vision_ws/install/zed_robot_integration' for CMake module files
[1.995s] Level 1:colcon.colcon_core.environment:checking '/home/user/vision_ws/install/zed_robot_integration' for CMake config files
[1.995s] Level 1:colcon.colcon_core.shell:create_environment_hook('zed_robot_integration', 'cmake_prefix_path')
[1.996s] INFO:colcon.colcon_core.shell:Creating environment hook '/home/user/vision_ws/install/zed_robot_integration/share/zed_robot_integration/hook/cmake_prefix_path.ps1'
[1.997s] INFO:colcon.colcon_core.shell:Creating environment descriptor '/home/user/vision_ws/install/zed_robot_integration/share/zed_robot_integration/hook/cmake_prefix_path.dsv'
[1.997s] INFO:colcon.colcon_core.shell:Creating environment hook '/home/user/vision_ws/install/zed_robot_integration/share/zed_robot_integration/hook/cmake_prefix_path.sh'
[1.998s] Level 1:colcon.colcon_core.environment:checking '/home/user/vision_ws/install/zed_robot_integration/bin'
[1.998s] Level 1:colcon.colcon_core.environment:checking '/home/user/vision_ws/install/zed_robot_integration/lib/pkgconfig/zed_robot_integration.pc'
[1.999s] Level 1:colcon.colcon_core.environment:checking '/home/user/vision_ws/install/zed_robot_integration/lib/python3.10/site-packages'
[1.999s] Level 1:colcon.colcon_core.environment:checking '/home/user/vision_ws/install/zed_robot_integration/bin'
[2.000s] INFO:colcon.colcon_core.shell:Creating package script '/home/user/vision_ws/install/zed_robot_integration/share/zed_robot_integration/package.ps1'
[2.001s] INFO:colcon.colcon_core.shell:Creating package descriptor '/home/user/vision_ws/install/zed_robot_integration/share/zed_robot_integration/package.dsv'
[2.002s] INFO:colcon.colcon_core.shell:Creating package script '/home/user/vision_ws/install/zed_robot_integration/share/zed_robot_integration/package.sh'
[2.002s] INFO:colcon.colcon_core.shell:Creating package script '/home/user/vision_ws/install/zed_robot_integration/share/zed_robot_integration/package.bash'
[2.003s] INFO:colcon.colcon_core.shell:Creating package script '/home/user/vision_ws/install/zed_robot_integration/share/zed_robot_integration/package.zsh'
[2.004s] Level 1:colcon.colcon_core.environment:create_file_with_runtime_dependencies(/home/user/vision_ws/install/zed_robot_integration/share/colcon-core/packages/zed_robot_integration)
[2.004s] Level 1:colcon.colcon_core.environment:create_environment_scripts_only(zed_depth_to_laserscan)
[2.005s] Level 1:colcon.colcon_core.environment:checking '/home/user/vision_ws/install/zed_depth_to_laserscan' for CMake module files
[2.007s] DEBUG:colcon.colcon_core.event_handler.log_command:Invoked command in '/home/user/vision_ws/build/zed_depth_to_laserscan' returned '0': CMAKE_PREFIX_PATH=/home/user/vision_ws/install/zed_wrapper:/home/user/vision_ws/install/zed_components:/home/user/autorover_ws/install/zed_ros2:/home/user/autorover_ws/install/zed_wrapper:/home/user/autorover_ws/install/zed_components:/home/user/autorover_ws/install/robot_localization:/home/user/autorover_ws/install/mavros_extras:/home/user/autorover_ws/install/mavros:/home/user/autorover_ws/install/mavros_msgs:/home/user/autorover_ws/install/libmavconn:/home/user/vision_ws/install/zed_ros2:/home/user/vision_ws/install/zed_robot_integration:/home/user/vision_ws/install/zed_ipc:/home/user/vision_ws/install/zed_multi_camera:/home/user/vision_ws/install/zed_display_rviz2:/home/user/vision_ws/install/zed_depth_to_laserscan:/home/user/vision_ws/install/zed_tutorial_video:/home/user/vision_ws/install/zed_tutorial_pos_tracking:/home/user/vision_ws/install/zed_tutorial_depth:/home/user/vision_ws/install/zed_topic_benchmark:/home/user/vision_ws/install/zed_topic_benchmark_component:/home/user/vision_ws/install/zed_topic_benchmark_interfaces:/home/user/vision_ws/install/zed_rgb_convert:/home/user/vision_ws/install/zed_aruco_localization:/home/user/vision_ws/install/rviz_plugin_zed_od:/home/user/autorover_ws/install/teleop_twist_keyboard:/home/user/autorover_ws/install/autorover_bringup:/opt/ros/humble LD_LIBRARY_PATH=/home/user/vision_ws/install/zed_components/lib:/home/user/autorover_ws/install/zed_components/lib:/home/user/autorover_ws/install/robot_localization/lib:/home/user/autorover_ws/install/mavros_extras/lib:/home/user/autorover_ws/install/mavros/lib:/home/user/autorover_ws/install/mavros_msgs/lib:/home/user/autorover_ws/install/libmavconn/lib:/home/user/vision_ws/install/zed_ipc/lib:/home/user/vision_ws/install/zed_topic_benchmark_component/lib:/home/user/vision_ws/install/zed_topic_benchmark_interfaces/lib:/home/user/vision_ws/install/zed_rgb_convert/lib:/home/user/vision_ws/install/zed_aruco_localization/lib:/home/user/vision_ws/install/rviz_plugin_zed_od/lib:/opt/ros/humble/opt/rviz_ogre_vendor/lib:/opt/ros/humble/lib/aarch64-linux-gnu:/opt/ros/humble/lib /usr/bin/cmake --install /home/user/vision_ws/build/zed_depth_to_laserscan
[2.007s] Level 1:colcon.colcon_core.environment:checking '/home/user/vision_ws/install/zed_depth_to_laserscan' for CMake config files
[2.008s] Level 1:colcon.colcon_core.shell:create_environment_hook('zed_depth_to_laserscan', 'cmake_prefix_path')
[2.008s] INFO:colcon.colcon_core.shell:Creating environment hook '/home/user/vision_ws/install/zed_depth_to_laserscan/share/zed_depth_to_laserscan/hook/cmake_prefix_path.ps1'
[2.009s] INFO:colcon.colcon_core.shell:Creating environment descriptor '/home/user/vision_ws/install/zed_depth_to_laserscan/share/zed_depth_to_laserscan/hook/cmake_prefix_path.dsv'
[2.010s] INFO:colcon.colcon_core.shell:Creating environment hook '/home/user/vision_ws/install/zed_depth_to_laserscan/share/zed_depth_to_laserscan/hook/cmake_prefix_path.sh'
[2.011s] Level 1:colcon.colcon_core.environment:checking '/home/user/vision_ws/install/zed_depth_to_laserscan/bin'
[2.011s] Level 1:colcon.colcon_core.environment:checking '/home/user/vision_ws/install/zed_depth_to_laserscan/lib/pkgconfig/zed_depth_to_laserscan.pc'
[2.011s] Level 1:colcon.colcon_core.environment:checking '/home/user/vision_ws/install/zed_depth_to_laserscan/lib/python3.10/site-packages'
[2.012s] Level 1:colcon.colcon_core.environment:checking '/home/user/vision_ws/install/zed_depth_to_laserscan/bin'
[2.012s] INFO:colcon.colcon_core.shell:Creating package script '/home/user/vision_ws/install/zed_depth_to_laserscan/share/zed_depth_to_laserscan/package.ps1'
[2.013s] INFO:colcon.colcon_core.shell:Creating package descriptor '/home/user/vision_ws/install/zed_depth_to_laserscan/share/zed_depth_to_laserscan/package.dsv'
[2.014s] INFO:colcon.colcon_core.shell:Creating package script '/home/user/vision_ws/install/zed_depth_to_laserscan/share/zed_depth_to_laserscan/package.sh'
[2.016s] INFO:colcon.colcon_core.shell:Creating package script '/home/user/vision_ws/install/zed_depth_to_laserscan/share/zed_depth_to_laserscan/package.bash'
[2.016s] INFO:colcon.colcon_core.shell:Creating package script '/home/user/vision_ws/install/zed_depth_to_laserscan/share/zed_depth_to_laserscan/package.zsh'
[2.017s] Level 1:colcon.colcon_core.environment:create_file_with_runtime_dependencies(/home/user/vision_ws/install/zed_depth_to_laserscan/share/colcon-core/packages/zed_depth_to_laserscan)
[2.018s] Level 1:colcon.colcon_core.environment:create_environment_scripts_only(zed_depth_to_laserscan)
[2.019s] Level 1:colcon.colcon_core.environment:checking '/home/user/vision_ws/install/zed_depth_to_laserscan' for CMake module files
[2.020s] Level 1:colcon.colcon_core.environment:checking '/home/user/vision_ws/install/zed_depth_to_laserscan' for CMake config files
[2.020s] Level 1:colcon.colcon_core.shell:create_environment_hook('zed_depth_to_laserscan', 'cmake_prefix_path')
[2.020s] INFO:colcon.colcon_core.shell:Creating environment hook '/home/user/vision_ws/install/zed_depth_to_laserscan/share/zed_depth_to_laserscan/hook/cmake_prefix_path.ps1'
[2.021s] INFO:colcon.colcon_core.shell:Creating environment descriptor '/home/user/vision_ws/install/zed_depth_to_laserscan/share/zed_depth_to_laserscan/hook/cmake_prefix_path.dsv'
[2.023s] INFO:colcon.colcon_core.shell:Creating environment hook '/home/user/vision_ws/install/zed_depth_to_laserscan/share/zed_depth_to_laserscan/hook/cmake_prefix_path.sh'
[2.024s] Level 1:colcon.colcon_core.environment:checking '/home/user/vision_ws/install/zed_depth_to_laserscan/bin'
[2.024s] Level 1:colcon.colcon_core.environment:checking '/home/user/vision_ws/install/zed_depth_to_laserscan/lib/pkgconfig/zed_depth_to_laserscan.pc'
[2.024s] Level 1:colcon.colcon_core.environment:checking '/home/user/vision_ws/install/zed_depth_to_laserscan/lib/python3.10/site-packages'
[2.025s] Level 1:colcon.colcon_core.environment:checking '/home/user/vision_ws/install/zed_depth_to_laserscan/bin'
[2.025s] INFO:colcon.colcon_core.shell:Creating package script '/home/user/vision_ws/install/zed_depth_to_laserscan/share/zed_depth_to_laserscan/package.ps1'
[2.026s] INFO:colcon.colcon_core.shell:Creating package descriptor '/home/user/vision_ws/install/zed_depth_to_laserscan/share/zed_depth_to_laserscan/package.dsv'
[2.027s] INFO:colcon.colcon_core.shell:Creating package script '/home/user/vision_ws/install/zed_depth_to_laserscan/share/zed_depth_to_laserscan/package.sh'
[2.028s] INFO:colcon.colcon_core.shell:Creating package script '/home/user/vision_ws/install/zed_depth_to_laserscan/share/zed_depth_to_laserscan/package.bash'
[2.029s] INFO:colcon.colcon_core.shell:Creating package script '/home/user/vision_ws/install/zed_depth_to_laserscan/share/zed_depth_to_laserscan/package.zsh'
[2.029s] Level 1:colcon.colcon_core.environment:create_file_with_runtime_dependencies(/home/user/vision_ws/install/zed_depth_to_laserscan/share/colcon-core/packages/zed_depth_to_laserscan)
[2.031s] INFO:colcon.colcon_ros.task.ament_cmake.build:Building ROS package in '/home/user/vision_ws/src/zed-ros2-examples/tutorials/zed_ipc' with build type 'ament_cmake'
[2.031s] INFO:colcon.colcon_cmake.task.cmake.build:Building CMake package in '/home/user/vision_ws/src/zed-ros2-examples/tutorials/zed_ipc'
[2.031s] INFO:colcon.colcon_core.shell:Skip shell extension 'powershell' for command environment: Not usable outside of PowerShell
[2.031s] DEBUG:colcon.colcon_core.shell:Skip shell extension 'dsv' for command environment
[2.047s] Level 1:colcon.colcon_core.environment:create_environment_scripts_only(zed_ros2)
[2.048s] Level 1:colcon.colcon_core.environment:checking '/home/user/vision_ws/install/zed_ros2' for CMake module files
[2.049s] DEBUG:colcon.colcon_core.event_handler.log_command:Invoked command in '/home/user/vision_ws/build/zed_ros2' returned '0': CMAKE_PREFIX_PATH=/home/user/vision_ws/install/zed_wrapper:/home/user/vision_ws/install/zed_components:/home/user/autorover_ws/install/zed_ros2:/home/user/autorover_ws/install/zed_wrapper:/home/user/autorover_ws/install/zed_components:/home/user/autorover_ws/install/robot_localization:/home/user/autorover_ws/install/mavros_extras:/home/user/autorover_ws/install/mavros:/home/user/autorover_ws/install/mavros_msgs:/home/user/autorover_ws/install/libmavconn:/home/user/vision_ws/install/zed_ros2:/home/user/vision_ws/install/zed_robot_integration:/home/user/vision_ws/install/zed_ipc:/home/user/vision_ws/install/zed_multi_camera:/home/user/vision_ws/install/zed_display_rviz2:/home/user/vision_ws/install/zed_depth_to_laserscan:/home/user/vision_ws/install/zed_tutorial_video:/home/user/vision_ws/install/zed_tutorial_pos_tracking:/home/user/vision_ws/install/zed_tutorial_depth:/home/user/vision_ws/install/zed_topic_benchmark:/home/user/vision_ws/install/zed_topic_benchmark_component:/home/user/vision_ws/install/zed_topic_benchmark_interfaces:/home/user/vision_ws/install/zed_rgb_convert:/home/user/vision_ws/install/zed_aruco_localization:/home/user/vision_ws/install/rviz_plugin_zed_od:/home/user/autorover_ws/install/teleop_twist_keyboard:/home/user/autorover_ws/install/autorover_bringup:/opt/ros/humble LD_LIBRARY_PATH=/home/user/vision_ws/install/zed_components/lib:/home/user/autorover_ws/install/zed_components/lib:/home/user/autorover_ws/install/robot_localization/lib:/home/user/autorover_ws/install/mavros_extras/lib:/home/user/autorover_ws/install/mavros/lib:/home/user/autorover_ws/install/mavros_msgs/lib:/home/user/autorover_ws/install/libmavconn/lib:/home/user/vision_ws/install/zed_ipc/lib:/home/user/vision_ws/install/zed_topic_benchmark_component/lib:/home/user/vision_ws/install/zed_topic_benchmark_interfaces/lib:/home/user/vision_ws/install/zed_rgb_convert/lib:/home/user/vision_ws/install/zed_aruco_localization/lib:/home/user/vision_ws/install/rviz_plugin_zed_od/lib:/opt/ros/humble/opt/rviz_ogre_vendor/lib:/opt/ros/humble/lib/aarch64-linux-gnu:/opt/ros/humble/lib /usr/bin/cmake --install /home/user/vision_ws/build/zed_ros2
[2.049s] Level 1:colcon.colcon_core.environment:checking '/home/user/vision_ws/install/zed_ros2' for CMake config files
[2.050s] Level 1:colcon.colcon_core.shell:create_environment_hook('zed_ros2', 'cmake_prefix_path')
[2.050s] INFO:colcon.colcon_core.shell:Creating environment hook '/home/user/vision_ws/install/zed_ros2/share/zed_ros2/hook/cmake_prefix_path.ps1'
[2.051s] INFO:colcon.colcon_core.shell:Creating environment descriptor '/home/user/vision_ws/install/zed_ros2/share/zed_ros2/hook/cmake_prefix_path.dsv'
[2.052s] INFO:colcon.colcon_core.shell:Creating environment hook '/home/user/vision_ws/install/zed_ros2/share/zed_ros2/hook/cmake_prefix_path.sh'
[2.053s] Level 1:colcon.colcon_core.environment:checking '/home/user/vision_ws/install/zed_ros2/bin'
[2.053s] Level 1:colcon.colcon_core.environment:checking '/home/user/vision_ws/install/zed_ros2/lib/pkgconfig/zed_ros2.pc'
[2.053s] Level 1:colcon.colcon_core.environment:checking '/home/user/vision_ws/install/zed_ros2/lib/python3.10/site-packages'
[2.054s] Level 1:colcon.colcon_core.environment:checking '/home/user/vision_ws/install/zed_ros2/bin'
[2.054s] INFO:colcon.colcon_core.shell:Creating package script '/home/user/vision_ws/install/zed_ros2/share/zed_ros2/package.ps1'
[2.055s] INFO:colcon.colcon_core.shell:Creating package descriptor '/home/user/vision_ws/install/zed_ros2/share/zed_ros2/package.dsv'
[2.056s] INFO:colcon.colcon_core.shell:Creating package script '/home/user/vision_ws/install/zed_ros2/share/zed_ros2/package.sh'
[2.057s] INFO:colcon.colcon_core.shell:Creating package script '/home/user/vision_ws/install/zed_ros2/share/zed_ros2/package.bash'
[2.058s] INFO:colcon.colcon_core.shell:Creating package script '/home/user/vision_ws/install/zed_ros2/share/zed_ros2/package.zsh'
[2.058s] Level 1:colcon.colcon_core.environment:create_file_with_runtime_dependencies(/home/user/vision_ws/install/zed_ros2/share/colcon-core/packages/zed_ros2)
[2.060s] Level 1:colcon.colcon_core.environment:create_environment_scripts_only(zed_ros2)
[2.060s] Level 1:colcon.colcon_core.environment:checking '/home/user/vision_ws/install/zed_ros2' for CMake module files
[2.061s] Level 1:colcon.colcon_core.environment:checking '/home/user/vision_ws/install/zed_ros2' for CMake config files
[2.061s] Level 1:colcon.colcon_core.shell:create_environment_hook('zed_ros2', 'cmake_prefix_path')
[2.062s] INFO:colcon.colcon_core.shell:Creating environment hook '/home/user/vision_ws/install/zed_ros2/share/zed_ros2/hook/cmake_prefix_path.ps1'
[2.062s] INFO:colcon.colcon_core.shell:Creating environment descriptor '/home/user/vision_ws/install/zed_ros2/share/zed_ros2/hook/cmake_prefix_path.dsv'
[2.063s] INFO:colcon.colcon_core.shell:Creating environment hook '/home/user/vision_ws/install/zed_ros2/share/zed_ros2/hook/cmake_prefix_path.sh'
[2.064s] Level 1:colcon.colcon_core.environment:checking '/home/user/vision_ws/install/zed_ros2/bin'
[2.064s] Level 1:colcon.colcon_core.environment:checking '/home/user/vision_ws/install/zed_ros2/lib/pkgconfig/zed_ros2.pc'
[2.065s] Level 1:colcon.colcon_core.environment:checking '/home/user/vision_ws/install/zed_ros2/lib/python3.10/site-packages'
[2.065s] Level 1:colcon.colcon_core.environment:checking '/home/user/vision_ws/install/zed_ros2/bin'
[2.066s] INFO:colcon.colcon_core.shell:Creating package script '/home/user/vision_ws/install/zed_ros2/share/zed_ros2/package.ps1'
[2.066s] INFO:colcon.colcon_core.shell:Creating package descriptor '/home/user/vision_ws/install/zed_ros2/share/zed_ros2/package.dsv'
[2.067s] INFO:colcon.colcon_core.shell:Creating package script '/home/user/vision_ws/install/zed_ros2/share/zed_ros2/package.sh'
[2.068s] INFO:colcon.colcon_core.shell:Creating package script '/home/user/vision_ws/install/zed_ros2/share/zed_ros2/package.bash'
[2.069s] INFO:colcon.colcon_core.shell:Creating package script '/home/user/vision_ws/install/zed_ros2/share/zed_ros2/package.zsh'
[2.070s] Level 1:colcon.colcon_core.environment:create_file_with_runtime_dependencies(/home/user/vision_ws/install/zed_ros2/share/colcon-core/packages/zed_ros2)
[2.073s] Level 1:colcon.colcon_core.environment:create_environment_scripts_only(zed_topic_benchmark_interfaces)
[2.073s] Level 1:colcon.colcon_core.environment:checking '/home/user/vision_ws/install/zed_topic_benchmark_interfaces' for CMake module files
[2.074s] DEBUG:colcon.colcon_core.event_handler.log_command:Invoked command in '/home/user/vision_ws/build/zed_topic_benchmark_interfaces' returned '0': CMAKE_PREFIX_PATH=${CMAKE_PREFIX_PATH}:/home/user/autorover_ws/install/teleop_twist_keyboard:/home/user/autorover_ws/install/autorover_bringup:/opt/ros/humble /usr/bin/cmake --install /home/user/vision_ws/build/zed_topic_benchmark_interfaces
[2.075s] Level 1:colcon.colcon_core.environment:checking '/home/user/vision_ws/install/zed_topic_benchmark_interfaces' for CMake config files
[2.077s] Level 1:colcon.colcon_core.shell:create_environment_hook('zed_topic_benchmark_interfaces', 'cmake_prefix_path')
[2.077s] INFO:colcon.colcon_core.shell:Creating environment hook '/home/user/vision_ws/install/zed_topic_benchmark_interfaces/share/zed_topic_benchmark_interfaces/hook/cmake_prefix_path.ps1'
[2.078s] INFO:colcon.colcon_core.shell:Creating environment descriptor '/home/user/vision_ws/install/zed_topic_benchmark_interfaces/share/zed_topic_benchmark_interfaces/hook/cmake_prefix_path.dsv'
[2.079s] INFO:colcon.colcon_core.shell:Creating environment hook '/home/user/vision_ws/install/zed_topic_benchmark_interfaces/share/zed_topic_benchmark_interfaces/hook/cmake_prefix_path.sh'
[2.080s] Level 1:colcon.colcon_core.environment:checking '/home/user/vision_ws/install/zed_topic_benchmark_interfaces/lib'
[2.080s] Level 1:colcon.colcon_core.shell:create_environment_hook('zed_topic_benchmark_interfaces', 'ld_library_path_lib')
[2.080s] INFO:colcon.colcon_core.shell:Creating environment hook '/home/user/vision_ws/install/zed_topic_benchmark_interfaces/share/zed_topic_benchmark_interfaces/hook/ld_library_path_lib.ps1'
[2.081s] INFO:colcon.colcon_core.shell:Creating environment descriptor '/home/user/vision_ws/install/zed_topic_benchmark_interfaces/share/zed_topic_benchmark_interfaces/hook/ld_library_path_lib.dsv'
[2.082s] INFO:colcon.colcon_core.shell:Creating environment hook '/home/user/vision_ws/install/zed_topic_benchmark_interfaces/share/zed_topic_benchmark_interfaces/hook/ld_library_path_lib.sh'
[2.082s] Level 1:colcon.colcon_core.environment:checking '/home/user/vision_ws/install/zed_topic_benchmark_interfaces/bin'
[2.083s] Level 1:colcon.colcon_core.environment:checking '/home/user/vision_ws/install/zed_topic_benchmark_interfaces/lib/pkgconfig/zed_topic_benchmark_interfaces.pc'
[2.083s] Level 1:colcon.colcon_core.environment:checking '/home/user/vision_ws/install/zed_topic_benchmark_interfaces/lib/python3.10/site-packages'
[2.083s] Level 1:colcon.colcon_core.environment:checking '/home/user/vision_ws/install/zed_topic_benchmark_interfaces/bin'
[2.084s] INFO:colcon.colcon_core.shell:Creating package script '/home/user/vision_ws/install/zed_topic_benchmark_interfaces/share/zed_topic_benchmark_interfaces/package.ps1'
[2.085s] INFO:colcon.colcon_core.shell:Creating package descriptor '/home/user/vision_ws/install/zed_topic_benchmark_interfaces/share/zed_topic_benchmark_interfaces/package.dsv'
[2.086s] INFO:colcon.colcon_core.shell:Creating package script '/home/user/vision_ws/install/zed_topic_benchmark_interfaces/share/zed_topic_benchmark_interfaces/package.sh'
[2.087s] INFO:colcon.colcon_core.shell:Creating package script '/home/user/vision_ws/install/zed_topic_benchmark_interfaces/share/zed_topic_benchmark_interfaces/package.bash'
[2.088s] INFO:colcon.colcon_core.shell:Creating package script '/home/user/vision_ws/install/zed_topic_benchmark_interfaces/share/zed_topic_benchmark_interfaces/package.zsh'
[2.088s] Level 1:colcon.colcon_core.environment:create_file_with_runtime_dependencies(/home/user/vision_ws/install/zed_topic_benchmark_interfaces/share/colcon-core/packages/zed_topic_benchmark_interfaces)
[2.089s] Level 1:colcon.colcon_core.environment:create_environment_scripts_only(zed_topic_benchmark_interfaces)
[2.090s] Level 1:colcon.colcon_core.environment:checking '/home/user/vision_ws/install/zed_topic_benchmark_interfaces' for CMake module files
[2.091s] Level 1:colcon.colcon_core.environment:checking '/home/user/vision_ws/install/zed_topic_benchmark_interfaces' for CMake config files
[2.092s] Level 1:colcon.colcon_core.shell:create_environment_hook('zed_topic_benchmark_interfaces', 'cmake_prefix_path')
[2.093s] INFO:colcon.colcon_core.shell:Creating environment hook '/home/user/vision_ws/install/zed_topic_benchmark_interfaces/share/zed_topic_benchmark_interfaces/hook/cmake_prefix_path.ps1'
[2.094s] INFO:colcon.colcon_core.shell:Creating environment descriptor '/home/user/vision_ws/install/zed_topic_benchmark_interfaces/share/zed_topic_benchmark_interfaces/hook/cmake_prefix_path.dsv'
[2.094s] INFO:colcon.colcon_core.shell:Creating environment hook '/home/user/vision_ws/install/zed_topic_benchmark_interfaces/share/zed_topic_benchmark_interfaces/hook/cmake_prefix_path.sh'
[2.095s] Level 1:colcon.colcon_core.environment:checking '/home/user/vision_ws/install/zed_topic_benchmark_interfaces/lib'
[2.095s] Level 1:colcon.colcon_core.shell:create_environment_hook('zed_topic_benchmark_interfaces', 'ld_library_path_lib')
[2.096s] INFO:colcon.colcon_core.shell:Creating environment hook '/home/user/vision_ws/install/zed_topic_benchmark_interfaces/share/zed_topic_benchmark_interfaces/hook/ld_library_path_lib.ps1'
[2.097s] INFO:colcon.colcon_core.shell:Creating environment descriptor '/home/user/vision_ws/install/zed_topic_benchmark_interfaces/share/zed_topic_benchmark_interfaces/hook/ld_library_path_lib.dsv'
[2.097s] INFO:colcon.colcon_core.shell:Creating environment hook '/home/user/vision_ws/install/zed_topic_benchmark_interfaces/share/zed_topic_benchmark_interfaces/hook/ld_library_path_lib.sh'
[2.098s] Level 1:colcon.colcon_core.environment:checking '/home/user/vision_ws/install/zed_topic_benchmark_interfaces/bin'
[2.098s] Level 1:colcon.colcon_core.environment:checking '/home/user/vision_ws/install/zed_topic_benchmark_interfaces/lib/pkgconfig/zed_topic_benchmark_interfaces.pc'
[2.099s] Level 1:colcon.colcon_core.environment:checking '/home/user/vision_ws/install/zed_topic_benchmark_interfaces/lib/python3.10/site-packages'
[2.099s] Level 1:colcon.colcon_core.environment:checking '/home/user/vision_ws/install/zed_topic_benchmark_interfaces/bin'
[2.100s] INFO:colcon.colcon_core.shell:Creating package script '/home/user/vision_ws/install/zed_topic_benchmark_interfaces/share/zed_topic_benchmark_interfaces/package.ps1'
[2.101s] INFO:colcon.colcon_core.shell:Creating package descriptor '/home/user/vision_ws/install/zed_topic_benchmark_interfaces/share/zed_topic_benchmark_interfaces/package.dsv'
[2.102s] INFO:colcon.colcon_core.shell:Creating package script '/home/user/vision_ws/install/zed_topic_benchmark_interfaces/share/zed_topic_benchmark_interfaces/package.sh'
[2.102s] INFO:colcon.colcon_core.shell:Creating package script '/home/user/vision_ws/install/zed_topic_benchmark_interfaces/share/zed_topic_benchmark_interfaces/package.bash'
[2.103s] INFO:colcon.colcon_core.shell:Creating package script '/home/user/vision_ws/install/zed_topic_benchmark_interfaces/share/zed_topic_benchmark_interfaces/package.zsh'
[2.104s] Level 1:colcon.colcon_core.environment:create_file_with_runtime_dependencies(/home/user/vision_ws/install/zed_topic_benchmark_interfaces/share/colcon-core/packages/zed_topic_benchmark_interfaces)
[2.109s] INFO:colcon.colcon_ros.task.ament_cmake.build:Building ROS package in '/home/user/vision_ws/src/zed-ros2-examples/tools/zed_benchmark_component' with build type 'ament_cmake'
[2.109s] INFO:colcon.colcon_cmake.task.cmake.build:Building CMake package in '/home/user/vision_ws/src/zed-ros2-examples/tools/zed_benchmark_component'
[2.110s] INFO:colcon.colcon_core.shell:Skip shell extension 'powershell' for command environment: Not usable outside of PowerShell
[2.110s] DEBUG:colcon.colcon_core.shell:Skip shell extension 'dsv' for command environment
[2.111s] DEBUG:colcon.colcon_core.event_handler.log_command:Invoking command in '/home/user/vision_ws/build/zed_ipc': CMAKE_PREFIX_PATH=/home/user/vision_ws/install/zed_multi_camera:/home/user/vision_ws/install/zed_wrapper:/home/user/vision_ws/install/zed_components:/home/user/autorover_ws/install/zed_ros2:/home/user/autorover_ws/install/zed_wrapper:/home/user/autorover_ws/install/zed_components:/home/user/autorover_ws/install/robot_localization:/home/user/autorover_ws/install/mavros_extras:/home/user/autorover_ws/install/mavros:/home/user/autorover_ws/install/mavros_msgs:/home/user/autorover_ws/install/libmavconn:/home/user/vision_ws/install/zed_ros2:/home/user/vision_ws/install/zed_robot_integration:/home/user/vision_ws/install/zed_ipc:/home/user/vision_ws/install/zed_display_rviz2:/home/user/vision_ws/install/zed_depth_to_laserscan:/home/user/vision_ws/install/zed_tutorial_video:/home/user/vision_ws/install/zed_tutorial_pos_tracking:/home/user/vision_ws/install/zed_tutorial_depth:/home/user/vision_ws/install/zed_topic_benchmark:/home/user/vision_ws/install/zed_topic_benchmark_component:/home/user/vision_ws/install/zed_topic_benchmark_interfaces:/home/user/vision_ws/install/zed_rgb_convert:/home/user/vision_ws/install/zed_aruco_localization:/home/user/vision_ws/install/rviz_plugin_zed_od:/home/user/autorover_ws/install/teleop_twist_keyboard:/home/user/autorover_ws/install/autorover_bringup:/opt/ros/humble LD_LIBRARY_PATH=/home/user/vision_ws/install/zed_components/lib:/home/user/autorover_ws/install/zed_components/lib:/home/user/autorover_ws/install/robot_localization/lib:/home/user/autorover_ws/install/mavros_extras/lib:/home/user/autorover_ws/install/mavros/lib:/home/user/autorover_ws/install/mavros_msgs/lib:/home/user/autorover_ws/install/libmavconn/lib:/home/user/vision_ws/install/zed_ipc/lib:/home/user/vision_ws/install/zed_topic_benchmark_component/lib:/home/user/vision_ws/install/zed_topic_benchmark_interfaces/lib:/home/user/vision_ws/install/zed_rgb_convert/lib:/home/user/vision_ws/install/zed_aruco_localization/lib:/home/user/vision_ws/install/rviz_plugin_zed_od/lib:/opt/ros/humble/opt/rviz_ogre_vendor/lib:/opt/ros/humble/lib/aarch64-linux-gnu:/opt/ros/humble/lib /usr/bin/cmake --build /home/user/vision_ws/build/zed_ipc -- -j8 -l8
[2.135s] DEBUG:colcon.colcon_core.event_handler.log_command:Invoking command in '/home/user/vision_ws/build/zed_topic_benchmark_component': CMAKE_PREFIX_PATH=/home/user/vision_ws/install/zed_topic_benchmark_interfaces:/home/user/autorover_ws/install/zed_ros2:/home/user/autorover_ws/install/zed_wrapper:/home/user/autorover_ws/install/zed_components:/home/user/autorover_ws/install/robot_localization:/home/user/autorover_ws/install/mavros_extras:/home/user/autorover_ws/install/mavros:/home/user/autorover_ws/install/mavros_msgs:/home/user/autorover_ws/install/libmavconn:/home/user/vision_ws/install/zed_ros2:/home/user/vision_ws/install/zed_robot_integration:/home/user/vision_ws/install/zed_ipc:/home/user/vision_ws/install/zed_multi_camera:/home/user/vision_ws/install/zed_display_rviz2:/home/user/vision_ws/install/zed_depth_to_laserscan:/home/user/vision_ws/install/zed_wrapper:/home/user/vision_ws/install/zed_tutorial_video:/home/user/vision_ws/install/zed_tutorial_pos_tracking:/home/user/vision_ws/install/zed_tutorial_depth:/home/user/vision_ws/install/zed_topic_benchmark:/home/user/vision_ws/install/zed_topic_benchmark_component:/home/user/vision_ws/install/zed_rgb_convert:/home/user/vision_ws/install/zed_aruco_localization:/home/user/vision_ws/install/zed_components:/home/user/vision_ws/install/rviz_plugin_zed_od:/home/user/autorover_ws/install/teleop_twist_keyboard:/home/user/autorover_ws/install/autorover_bringup:/opt/ros/humble LD_LIBRARY_PATH=/home/user/vision_ws/install/zed_topic_benchmark_interfaces/lib:/home/user/autorover_ws/install/zed_components/lib:/home/user/autorover_ws/install/robot_localization/lib:/home/user/autorover_ws/install/mavros_extras/lib:/home/user/autorover_ws/install/mavros/lib:/home/user/autorover_ws/install/mavros_msgs/lib:/home/user/autorover_ws/install/libmavconn/lib:/home/user/vision_ws/install/zed_ipc/lib:/home/user/vision_ws/install/zed_topic_benchmark_component/lib:/home/user/vision_ws/install/zed_rgb_convert/lib:/home/user/vision_ws/install/zed_aruco_localization/lib:/home/user/vision_ws/install/zed_components/lib:/home/user/vision_ws/install/rviz_plugin_zed_od/lib:/opt/ros/humble/opt/rviz_ogre_vendor/lib:/opt/ros/humble/lib/aarch64-linux-gnu:/opt/ros/humble/lib /usr/bin/cmake --build /home/user/vision_ws/build/zed_topic_benchmark_component -- -j8 -l8
[2.275s] DEBUG:colcon.colcon_core.event_handler.log_command:Invoked command in '/home/user/vision_ws/build/zed_ipc' returned '0': CMAKE_PREFIX_PATH=/home/user/vision_ws/install/zed_multi_camera:/home/user/vision_ws/install/zed_wrapper:/home/user/vision_ws/install/zed_components:/home/user/autorover_ws/install/zed_ros2:/home/user/autorover_ws/install/zed_wrapper:/home/user/autorover_ws/install/zed_components:/home/user/autorover_ws/install/robot_localization:/home/user/autorover_ws/install/mavros_extras:/home/user/autorover_ws/install/mavros:/home/user/autorover_ws/install/mavros_msgs:/home/user/autorover_ws/install/libmavconn:/home/user/vision_ws/install/zed_ros2:/home/user/vision_ws/install/zed_robot_integration:/home/user/vision_ws/install/zed_ipc:/home/user/vision_ws/install/zed_display_rviz2:/home/user/vision_ws/install/zed_depth_to_laserscan:/home/user/vision_ws/install/zed_tutorial_video:/home/user/vision_ws/install/zed_tutorial_pos_tracking:/home/user/vision_ws/install/zed_tutorial_depth:/home/user/vision_ws/install/zed_topic_benchmark:/home/user/vision_ws/install/zed_topic_benchmark_component:/home/user/vision_ws/install/zed_topic_benchmark_interfaces:/home/user/vision_ws/install/zed_rgb_convert:/home/user/vision_ws/install/zed_aruco_localization:/home/user/vision_ws/install/rviz_plugin_zed_od:/home/user/autorover_ws/install/teleop_twist_keyboard:/home/user/autorover_ws/install/autorover_bringup:/opt/ros/humble LD_LIBRARY_PATH=/home/user/vision_ws/install/zed_components/lib:/home/user/autorover_ws/install/zed_components/lib:/home/user/autorover_ws/install/robot_localization/lib:/home/user/autorover_ws/install/mavros_extras/lib:/home/user/autorover_ws/install/mavros/lib:/home/user/autorover_ws/install/mavros_msgs/lib:/home/user/autorover_ws/install/libmavconn/lib:/home/user/vision_ws/install/zed_ipc/lib:/home/user/vision_ws/install/zed_topic_benchmark_component/lib:/home/user/vision_ws/install/zed_topic_benchmark_interfaces/lib:/home/user/vision_ws/install/zed_rgb_convert/lib:/home/user/vision_ws/install/zed_aruco_localization/lib:/home/user/vision_ws/install/rviz_plugin_zed_od/lib:/opt/ros/humble/opt/rviz_ogre_vendor/lib:/opt/ros/humble/lib/aarch64-linux-gnu:/opt/ros/humble/lib /usr/bin/cmake --build /home/user/vision_ws/build/zed_ipc -- -j8 -l8
[2.279s] DEBUG:colcon.colcon_core.event_handler.log_command:Invoking command in '/home/user/vision_ws/build/zed_ipc': CMAKE_PREFIX_PATH=/home/user/vision_ws/install/zed_multi_camera:/home/user/vision_ws/install/zed_wrapper:/home/user/vision_ws/install/zed_components:/home/user/autorover_ws/install/zed_ros2:/home/user/autorover_ws/install/zed_wrapper:/home/user/autorover_ws/install/zed_components:/home/user/autorover_ws/install/robot_localization:/home/user/autorover_ws/install/mavros_extras:/home/user/autorover_ws/install/mavros:/home/user/autorover_ws/install/mavros_msgs:/home/user/autorover_ws/install/libmavconn:/home/user/vision_ws/install/zed_ros2:/home/user/vision_ws/install/zed_robot_integration:/home/user/vision_ws/install/zed_ipc:/home/user/vision_ws/install/zed_display_rviz2:/home/user/vision_ws/install/zed_depth_to_laserscan:/home/user/vision_ws/install/zed_tutorial_video:/home/user/vision_ws/install/zed_tutorial_pos_tracking:/home/user/vision_ws/install/zed_tutorial_depth:/home/user/vision_ws/install/zed_topic_benchmark:/home/user/vision_ws/install/zed_topic_benchmark_component:/home/user/vision_ws/install/zed_topic_benchmark_interfaces:/home/user/vision_ws/install/zed_rgb_convert:/home/user/vision_ws/install/zed_aruco_localization:/home/user/vision_ws/install/rviz_plugin_zed_od:/home/user/autorover_ws/install/teleop_twist_keyboard:/home/user/autorover_ws/install/autorover_bringup:/opt/ros/humble LD_LIBRARY_PATH=/home/user/vision_ws/install/zed_components/lib:/home/user/autorover_ws/install/zed_components/lib:/home/user/autorover_ws/install/robot_localization/lib:/home/user/autorover_ws/install/mavros_extras/lib:/home/user/autorover_ws/install/mavros/lib:/home/user/autorover_ws/install/mavros_msgs/lib:/home/user/autorover_ws/install/libmavconn/lib:/home/user/vision_ws/install/zed_ipc/lib:/home/user/vision_ws/install/zed_topic_benchmark_component/lib:/home/user/vision_ws/install/zed_topic_benchmark_interfaces/lib:/home/user/vision_ws/install/zed_rgb_convert/lib:/home/user/vision_ws/install/zed_aruco_localization/lib:/home/user/vision_ws/install/rviz_plugin_zed_od/lib:/opt/ros/humble/opt/rviz_ogre_vendor/lib:/opt/ros/humble/lib/aarch64-linux-gnu:/opt/ros/humble/lib /usr/bin/cmake --install /home/user/vision_ws/build/zed_ipc
[2.282s] DEBUG:colcon.colcon_core.event_handler.log_command:Invoked command in '/home/user/vision_ws/build/zed_topic_benchmark_component' returned '0': CMAKE_PREFIX_PATH=/home/user/vision_ws/install/zed_topic_benchmark_interfaces:/home/user/autorover_ws/install/zed_ros2:/home/user/autorover_ws/install/zed_wrapper:/home/user/autorover_ws/install/zed_components:/home/user/autorover_ws/install/robot_localization:/home/user/autorover_ws/install/mavros_extras:/home/user/autorover_ws/install/mavros:/home/user/autorover_ws/install/mavros_msgs:/home/user/autorover_ws/install/libmavconn:/home/user/vision_ws/install/zed_ros2:/home/user/vision_ws/install/zed_robot_integration:/home/user/vision_ws/install/zed_ipc:/home/user/vision_ws/install/zed_multi_camera:/home/user/vision_ws/install/zed_display_rviz2:/home/user/vision_ws/install/zed_depth_to_laserscan:/home/user/vision_ws/install/zed_wrapper:/home/user/vision_ws/install/zed_tutorial_video:/home/user/vision_ws/install/zed_tutorial_pos_tracking:/home/user/vision_ws/install/zed_tutorial_depth:/home/user/vision_ws/install/zed_topic_benchmark:/home/user/vision_ws/install/zed_topic_benchmark_component:/home/user/vision_ws/install/zed_rgb_convert:/home/user/vision_ws/install/zed_aruco_localization:/home/user/vision_ws/install/zed_components:/home/user/vision_ws/install/rviz_plugin_zed_od:/home/user/autorover_ws/install/teleop_twist_keyboard:/home/user/autorover_ws/install/autorover_bringup:/opt/ros/humble LD_LIBRARY_PATH=/home/user/vision_ws/install/zed_topic_benchmark_interfaces/lib:/home/user/autorover_ws/install/zed_components/lib:/home/user/autorover_ws/install/robot_localization/lib:/home/user/autorover_ws/install/mavros_extras/lib:/home/user/autorover_ws/install/mavros/lib:/home/user/autorover_ws/install/mavros_msgs/lib:/home/user/autorover_ws/install/libmavconn/lib:/home/user/vision_ws/install/zed_ipc/lib:/home/user/vision_ws/install/zed_topic_benchmark_component/lib:/home/user/vision_ws/install/zed_rgb_convert/lib:/home/user/vision_ws/install/zed_aruco_localization/lib:/home/user/vision_ws/install/zed_components/lib:/home/user/vision_ws/install/rviz_plugin_zed_od/lib:/opt/ros/humble/opt/rviz_ogre_vendor/lib:/opt/ros/humble/lib/aarch64-linux-gnu:/opt/ros/humble/lib /usr/bin/cmake --build /home/user/vision_ws/build/zed_topic_benchmark_component -- -j8 -l8
[2.285s] DEBUG:colcon.colcon_core.event_handler.log_command:Invoking command in '/home/user/vision_ws/build/zed_topic_benchmark_component': CMAKE_PREFIX_PATH=/home/user/vision_ws/install/zed_topic_benchmark_interfaces:/home/user/autorover_ws/install/zed_ros2:/home/user/autorover_ws/install/zed_wrapper:/home/user/autorover_ws/install/zed_components:/home/user/autorover_ws/install/robot_localization:/home/user/autorover_ws/install/mavros_extras:/home/user/autorover_ws/install/mavros:/home/user/autorover_ws/install/mavros_msgs:/home/user/autorover_ws/install/libmavconn:/home/user/vision_ws/install/zed_ros2:/home/user/vision_ws/install/zed_robot_integration:/home/user/vision_ws/install/zed_ipc:/home/user/vision_ws/install/zed_multi_camera:/home/user/vision_ws/install/zed_display_rviz2:/home/user/vision_ws/install/zed_depth_to_laserscan:/home/user/vision_ws/install/zed_wrapper:/home/user/vision_ws/install/zed_tutorial_video:/home/user/vision_ws/install/zed_tutorial_pos_tracking:/home/user/vision_ws/install/zed_tutorial_depth:/home/user/vision_ws/install/zed_topic_benchmark:/home/user/vision_ws/install/zed_topic_benchmark_component:/home/user/vision_ws/install/zed_rgb_convert:/home/user/vision_ws/install/zed_aruco_localization:/home/user/vision_ws/install/zed_components:/home/user/vision_ws/install/rviz_plugin_zed_od:/home/user/autorover_ws/install/teleop_twist_keyboard:/home/user/autorover_ws/install/autorover_bringup:/opt/ros/humble LD_LIBRARY_PATH=/home/user/vision_ws/install/zed_topic_benchmark_interfaces/lib:/home/user/autorover_ws/install/zed_components/lib:/home/user/autorover_ws/install/robot_localization/lib:/home/user/autorover_ws/install/mavros_extras/lib:/home/user/autorover_ws/install/mavros/lib:/home/user/autorover_ws/install/mavros_msgs/lib:/home/user/autorover_ws/install/libmavconn/lib:/home/user/vision_ws/install/zed_ipc/lib:/home/user/vision_ws/install/zed_topic_benchmark_component/lib:/home/user/vision_ws/install/zed_rgb_convert/lib:/home/user/vision_ws/install/zed_aruco_localization/lib:/home/user/vision_ws/install/zed_components/lib:/home/user/vision_ws/install/rviz_plugin_zed_od/lib:/opt/ros/humble/opt/rviz_ogre_vendor/lib:/opt/ros/humble/lib/aarch64-linux-gnu:/opt/ros/humble/lib /usr/bin/cmake --install /home/user/vision_ws/build/zed_topic_benchmark_component
[2.327s] Level 1:colcon.colcon_core.environment:create_environment_scripts_only(zed_ipc)
[2.328s] Level 1:colcon.colcon_core.environment:checking '/home/user/vision_ws/install/zed_ipc' for CMake module files
[2.330s] DEBUG:colcon.colcon_core.event_handler.log_command:Invoked command in '/home/user/vision_ws/build/zed_ipc' returned '0': CMAKE_PREFIX_PATH=/home/user/vision_ws/install/zed_multi_camera:/home/user/vision_ws/install/zed_wrapper:/home/user/vision_ws/install/zed_components:/home/user/autorover_ws/install/zed_ros2:/home/user/autorover_ws/install/zed_wrapper:/home/user/autorover_ws/install/zed_components:/home/user/autorover_ws/install/robot_localization:/home/user/autorover_ws/install/mavros_extras:/home/user/autorover_ws/install/mavros:/home/user/autorover_ws/install/mavros_msgs:/home/user/autorover_ws/install/libmavconn:/home/user/vision_ws/install/zed_ros2:/home/user/vision_ws/install/zed_robot_integration:/home/user/vision_ws/install/zed_ipc:/home/user/vision_ws/install/zed_display_rviz2:/home/user/vision_ws/install/zed_depth_to_laserscan:/home/user/vision_ws/install/zed_tutorial_video:/home/user/vision_ws/install/zed_tutorial_pos_tracking:/home/user/vision_ws/install/zed_tutorial_depth:/home/user/vision_ws/install/zed_topic_benchmark:/home/user/vision_ws/install/zed_topic_benchmark_component:/home/user/vision_ws/install/zed_topic_benchmark_interfaces:/home/user/vision_ws/install/zed_rgb_convert:/home/user/vision_ws/install/zed_aruco_localization:/home/user/vision_ws/install/rviz_plugin_zed_od:/home/user/autorover_ws/install/teleop_twist_keyboard:/home/user/autorover_ws/install/autorover_bringup:/opt/ros/humble LD_LIBRARY_PATH=/home/user/vision_ws/install/zed_components/lib:/home/user/autorover_ws/install/zed_components/lib:/home/user/autorover_ws/install/robot_localization/lib:/home/user/autorover_ws/install/mavros_extras/lib:/home/user/autorover_ws/install/mavros/lib:/home/user/autorover_ws/install/mavros_msgs/lib:/home/user/autorover_ws/install/libmavconn/lib:/home/user/vision_ws/install/zed_ipc/lib:/home/user/vision_ws/install/zed_topic_benchmark_component/lib:/home/user/vision_ws/install/zed_topic_benchmark_interfaces/lib:/home/user/vision_ws/install/zed_rgb_convert/lib:/home/user/vision_ws/install/zed_aruco_localization/lib:/home/user/vision_ws/install/rviz_plugin_zed_od/lib:/opt/ros/humble/opt/rviz_ogre_vendor/lib:/opt/ros/humble/lib/aarch64-linux-gnu:/opt/ros/humble/lib /usr/bin/cmake --install /home/user/vision_ws/build/zed_ipc
[2.331s] Level 1:colcon.colcon_core.environment:checking '/home/user/vision_ws/install/zed_ipc' for CMake config files
[2.332s] Level 1:colcon.colcon_core.shell:create_environment_hook('zed_ipc', 'cmake_prefix_path')
[2.333s] INFO:colcon.colcon_core.shell:Creating environment hook '/home/user/vision_ws/install/zed_ipc/share/zed_ipc/hook/cmake_prefix_path.ps1'
[2.334s] INFO:colcon.colcon_core.shell:Creating environment descriptor '/home/user/vision_ws/install/zed_ipc/share/zed_ipc/hook/cmake_prefix_path.dsv'
[2.335s] INFO:colcon.colcon_core.shell:Creating environment hook '/home/user/vision_ws/install/zed_ipc/share/zed_ipc/hook/cmake_prefix_path.sh'
[2.336s] Level 1:colcon.colcon_core.environment:checking '/home/user/vision_ws/install/zed_ipc/lib'
[2.337s] Level 1:colcon.colcon_core.shell:create_environment_hook('zed_ipc', 'ld_library_path_lib')
[2.337s] INFO:colcon.colcon_core.shell:Creating environment hook '/home/user/vision_ws/install/zed_ipc/share/zed_ipc/hook/ld_library_path_lib.ps1'
[2.339s] INFO:colcon.colcon_core.shell:Creating environment descriptor '/home/user/vision_ws/install/zed_ipc/share/zed_ipc/hook/ld_library_path_lib.dsv'
[2.340s] INFO:colcon.colcon_core.shell:Creating environment hook '/home/user/vision_ws/install/zed_ipc/share/zed_ipc/hook/ld_library_path_lib.sh'
[2.342s] Level 1:colcon.colcon_core.environment:checking '/home/user/vision_ws/install/zed_ipc/bin'
[2.342s] Level 1:colcon.colcon_core.environment:checking '/home/user/vision_ws/install/zed_ipc/lib/pkgconfig/zed_ipc.pc'
[2.343s] Level 1:colcon.colcon_core.environment:checking '/home/user/vision_ws/install/zed_ipc/lib/python3.10/site-packages'
[2.344s] Level 1:colcon.colcon_core.environment:checking '/home/user/vision_ws/install/zed_ipc/bin'
[2.345s] INFO:colcon.colcon_core.shell:Creating package script '/home/user/vision_ws/install/zed_ipc/share/zed_ipc/package.ps1'
[2.347s] INFO:colcon.colcon_core.shell:Creating package descriptor '/home/user/vision_ws/install/zed_ipc/share/zed_ipc/package.dsv'
[2.348s] INFO:colcon.colcon_core.shell:Creating package script '/home/user/vision_ws/install/zed_ipc/share/zed_ipc/package.sh'
[2.350s] INFO:colcon.colcon_core.shell:Creating package script '/home/user/vision_ws/install/zed_ipc/share/zed_ipc/package.bash'
[2.351s] INFO:colcon.colcon_core.shell:Creating package script '/home/user/vision_ws/install/zed_ipc/share/zed_ipc/package.zsh'
[2.353s] Level 1:colcon.colcon_core.environment:create_file_with_runtime_dependencies(/home/user/vision_ws/install/zed_ipc/share/colcon-core/packages/zed_ipc)
[2.355s] Level 1:colcon.colcon_core.environment:create_environment_scripts_only(zed_ipc)
[2.355s] Level 1:colcon.colcon_core.environment:checking '/home/user/vision_ws/install/zed_ipc' for CMake module files
[2.357s] Level 1:colcon.colcon_core.environment:checking '/home/user/vision_ws/install/zed_ipc' for CMake config files
[2.358s] Level 1:colcon.colcon_core.shell:create_environment_hook('zed_ipc', 'cmake_prefix_path')
[2.359s] INFO:colcon.colcon_core.shell:Creating environment hook '/home/user/vision_ws/install/zed_ipc/share/zed_ipc/hook/cmake_prefix_path.ps1'
[2.371s] INFO:colcon.colcon_core.shell:Creating environment descriptor '/home/user/vision_ws/install/zed_ipc/share/zed_ipc/hook/cmake_prefix_path.dsv'
[2.372s] INFO:colcon.colcon_core.shell:Creating environment hook '/home/user/vision_ws/install/zed_ipc/share/zed_ipc/hook/cmake_prefix_path.sh'
[2.374s] Level 1:colcon.colcon_core.environment:checking '/home/user/vision_ws/install/zed_ipc/lib'
[2.375s] Level 1:colcon.colcon_core.shell:create_environment_hook('zed_ipc', 'ld_library_path_lib')
[2.375s] INFO:colcon.colcon_core.shell:Creating environment hook '/home/user/vision_ws/install/zed_ipc/share/zed_ipc/hook/ld_library_path_lib.ps1'
[2.377s] INFO:colcon.colcon_core.shell:Creating environment descriptor '/home/user/vision_ws/install/zed_ipc/share/zed_ipc/hook/ld_library_path_lib.dsv'
[2.378s] INFO:colcon.colcon_core.shell:Creating environment hook '/home/user/vision_ws/install/zed_ipc/share/zed_ipc/hook/ld_library_path_lib.sh'
[2.379s] Level 1:colcon.colcon_core.environment:checking '/home/user/vision_ws/install/zed_ipc/bin'
[2.380s] Level 1:colcon.colcon_core.environment:checking '/home/user/vision_ws/install/zed_ipc/lib/pkgconfig/zed_ipc.pc'
[2.381s] Level 1:colcon.colcon_core.environment:checking '/home/user/vision_ws/install/zed_ipc/lib/python3.10/site-packages'
[2.381s] Level 1:colcon.colcon_core.environment:checking '/home/user/vision_ws/install/zed_ipc/bin'
[2.382s] INFO:colcon.colcon_core.shell:Creating package script '/home/user/vision_ws/install/zed_ipc/share/zed_ipc/package.ps1'
[2.384s] INFO:colcon.colcon_core.shell:Creating package descriptor '/home/user/vision_ws/install/zed_ipc/share/zed_ipc/package.dsv'
[2.386s] INFO:colcon.colcon_core.shell:Creating package script '/home/user/vision_ws/install/zed_ipc/share/zed_ipc/package.sh'
[2.388s] INFO:colcon.colcon_core.shell:Creating package script '/home/user/vision_ws/install/zed_ipc/share/zed_ipc/package.bash'
[2.389s] INFO:colcon.colcon_core.shell:Creating package script '/home/user/vision_ws/install/zed_ipc/share/zed_ipc/package.zsh'
[2.391s] Level 1:colcon.colcon_core.environment:create_file_with_runtime_dependencies(/home/user/vision_ws/install/zed_ipc/share/colcon-core/packages/zed_ipc)
[2.394s] Level 1:colcon.colcon_core.environment:create_environment_scripts_only(zed_topic_benchmark_component)
[2.395s] Level 1:colcon.colcon_core.environment:checking '/home/user/vision_ws/install/zed_topic_benchmark_component' for CMake module files
[2.397s] DEBUG:colcon.colcon_core.event_handler.log_command:Invoked command in '/home/user/vision_ws/build/zed_topic_benchmark_component' returned '0': CMAKE_PREFIX_PATH=/home/user/vision_ws/install/zed_topic_benchmark_interfaces:/home/user/autorover_ws/install/zed_ros2:/home/user/autorover_ws/install/zed_wrapper:/home/user/autorover_ws/install/zed_components:/home/user/autorover_ws/install/robot_localization:/home/user/autorover_ws/install/mavros_extras:/home/user/autorover_ws/install/mavros:/home/user/autorover_ws/install/mavros_msgs:/home/user/autorover_ws/install/libmavconn:/home/user/vision_ws/install/zed_ros2:/home/user/vision_ws/install/zed_robot_integration:/home/user/vision_ws/install/zed_ipc:/home/user/vision_ws/install/zed_multi_camera:/home/user/vision_ws/install/zed_display_rviz2:/home/user/vision_ws/install/zed_depth_to_laserscan:/home/user/vision_ws/install/zed_wrapper:/home/user/vision_ws/install/zed_tutorial_video:/home/user/vision_ws/install/zed_tutorial_pos_tracking:/home/user/vision_ws/install/zed_tutorial_depth:/home/user/vision_ws/install/zed_topic_benchmark:/home/user/vision_ws/install/zed_topic_benchmark_component:/home/user/vision_ws/install/zed_rgb_convert:/home/user/vision_ws/install/zed_aruco_localization:/home/user/vision_ws/install/zed_components:/home/user/vision_ws/install/rviz_plugin_zed_od:/home/user/autorover_ws/install/teleop_twist_keyboard:/home/user/autorover_ws/install/autorover_bringup:/opt/ros/humble LD_LIBRARY_PATH=/home/user/vision_ws/install/zed_topic_benchmark_interfaces/lib:/home/user/autorover_ws/install/zed_components/lib:/home/user/autorover_ws/install/robot_localization/lib:/home/user/autorover_ws/install/mavros_extras/lib:/home/user/autorover_ws/install/mavros/lib:/home/user/autorover_ws/install/mavros_msgs/lib:/home/user/autorover_ws/install/libmavconn/lib:/home/user/vision_ws/install/zed_ipc/lib:/home/user/vision_ws/install/zed_topic_benchmark_component/lib:/home/user/vision_ws/install/zed_rgb_convert/lib:/home/user/vision_ws/install/zed_aruco_localization/lib:/home/user/vision_ws/install/zed_components/lib:/home/user/vision_ws/install/rviz_plugin_zed_od/lib:/opt/ros/humble/opt/rviz_ogre_vendor/lib:/opt/ros/humble/lib/aarch64-linux-gnu:/opt/ros/humble/lib /usr/bin/cmake --install /home/user/vision_ws/build/zed_topic_benchmark_component
[2.398s] Level 1:colcon.colcon_core.environment:checking '/home/user/vision_ws/install/zed_topic_benchmark_component' for CMake config files
[2.399s] Level 1:colcon.colcon_core.shell:create_environment_hook('zed_topic_benchmark_component', 'cmake_prefix_path')
[2.400s] INFO:colcon.colcon_core.shell:Creating environment hook '/home/user/vision_ws/install/zed_topic_benchmark_component/share/zed_topic_benchmark_component/hook/cmake_prefix_path.ps1'
[2.402s] INFO:colcon.colcon_core.shell:Creating environment descriptor '/home/user/vision_ws/install/zed_topic_benchmark_component/share/zed_topic_benchmark_component/hook/cmake_prefix_path.dsv'
[2.403s] INFO:colcon.colcon_core.shell:Creating environment hook '/home/user/vision_ws/install/zed_topic_benchmark_component/share/zed_topic_benchmark_component/hook/cmake_prefix_path.sh'
[2.405s] Level 1:colcon.colcon_core.environment:checking '/home/user/vision_ws/install/zed_topic_benchmark_component/lib'
[2.405s] Level 1:colcon.colcon_core.shell:create_environment_hook('zed_topic_benchmark_component', 'ld_library_path_lib')
[2.406s] INFO:colcon.colcon_core.shell:Creating environment hook '/home/user/vision_ws/install/zed_topic_benchmark_component/share/zed_topic_benchmark_component/hook/ld_library_path_lib.ps1'
[2.407s] INFO:colcon.colcon_core.shell:Creating environment descriptor '/home/user/vision_ws/install/zed_topic_benchmark_component/share/zed_topic_benchmark_component/hook/ld_library_path_lib.dsv'
[2.409s] INFO:colcon.colcon_core.shell:Creating environment hook '/home/user/vision_ws/install/zed_topic_benchmark_component/share/zed_topic_benchmark_component/hook/ld_library_path_lib.sh'
[2.410s] Level 1:colcon.colcon_core.environment:checking '/home/user/vision_ws/install/zed_topic_benchmark_component/bin'
[2.410s] Level 1:colcon.colcon_core.environment:checking '/home/user/vision_ws/install/zed_topic_benchmark_component/lib/pkgconfig/zed_topic_benchmark_component.pc'
[2.411s] Level 1:colcon.colcon_core.environment:checking '/home/user/vision_ws/install/zed_topic_benchmark_component/lib/python3.10/site-packages'
[2.412s] Level 1:colcon.colcon_core.environment:checking '/home/user/vision_ws/install/zed_topic_benchmark_component/bin'
[2.413s] INFO:colcon.colcon_core.shell:Creating package script '/home/user/vision_ws/install/zed_topic_benchmark_component/share/zed_topic_benchmark_component/package.ps1'
[2.415s] INFO:colcon.colcon_core.shell:Creating package descriptor '/home/user/vision_ws/install/zed_topic_benchmark_component/share/zed_topic_benchmark_component/package.dsv'
[2.417s] INFO:colcon.colcon_core.shell:Creating package script '/home/user/vision_ws/install/zed_topic_benchmark_component/share/zed_topic_benchmark_component/package.sh'
[2.418s] INFO:colcon.colcon_core.shell:Creating package script '/home/user/vision_ws/install/zed_topic_benchmark_component/share/zed_topic_benchmark_component/package.bash'
[2.419s] INFO:colcon.colcon_core.shell:Creating package script '/home/user/vision_ws/install/zed_topic_benchmark_component/share/zed_topic_benchmark_component/package.zsh'
[2.420s] Level 1:colcon.colcon_core.environment:create_file_with_runtime_dependencies(/home/user/vision_ws/install/zed_topic_benchmark_component/share/colcon-core/packages/zed_topic_benchmark_component)
[2.422s] Level 1:colcon.colcon_core.environment:create_environment_scripts_only(zed_topic_benchmark_component)
[2.423s] Level 1:colcon.colcon_core.environment:checking '/home/user/vision_ws/install/zed_topic_benchmark_component' for CMake module files
[2.425s] Level 1:colcon.colcon_core.environment:checking '/home/user/vision_ws/install/zed_topic_benchmark_component' for CMake config files
[2.426s] Level 1:colcon.colcon_core.shell:create_environment_hook('zed_topic_benchmark_component', 'cmake_prefix_path')
[2.427s] INFO:colcon.colcon_core.shell:Creating environment hook '/home/user/vision_ws/install/zed_topic_benchmark_component/share/zed_topic_benchmark_component/hook/cmake_prefix_path.ps1'
[2.428s] INFO:colcon.colcon_core.shell:Creating environment descriptor '/home/user/vision_ws/install/zed_topic_benchmark_component/share/zed_topic_benchmark_component/hook/cmake_prefix_path.dsv'
[2.429s] INFO:colcon.colcon_core.shell:Creating environment hook '/home/user/vision_ws/install/zed_topic_benchmark_component/share/zed_topic_benchmark_component/hook/cmake_prefix_path.sh'
[2.431s] Level 1:colcon.colcon_core.environment:checking '/home/user/vision_ws/install/zed_topic_benchmark_component/lib'
[2.431s] Level 1:colcon.colcon_core.shell:create_environment_hook('zed_topic_benchmark_component', 'ld_library_path_lib')
[2.432s] INFO:colcon.colcon_core.shell:Creating environment hook '/home/user/vision_ws/install/zed_topic_benchmark_component/share/zed_topic_benchmark_component/hook/ld_library_path_lib.ps1'
[2.433s] INFO:colcon.colcon_core.shell:Creating environment descriptor '/home/user/vision_ws/install/zed_topic_benchmark_component/share/zed_topic_benchmark_component/hook/ld_library_path_lib.dsv'
[2.434s] INFO:colcon.colcon_core.shell:Creating environment hook '/home/user/vision_ws/install/zed_topic_benchmark_component/share/zed_topic_benchmark_component/hook/ld_library_path_lib.sh'
[2.435s] Level 1:colcon.colcon_core.environment:checking '/home/user/vision_ws/install/zed_topic_benchmark_component/bin'
[2.435s] Level 1:colcon.colcon_core.environment:checking '/home/user/vision_ws/install/zed_topic_benchmark_component/lib/pkgconfig/zed_topic_benchmark_component.pc'
[2.436s] Level 1:colcon.colcon_core.environment:checking '/home/user/vision_ws/install/zed_topic_benchmark_component/lib/python3.10/site-packages'
[2.437s] Level 1:colcon.colcon_core.environment:checking '/home/user/vision_ws/install/zed_topic_benchmark_component/bin'
[2.437s] INFO:colcon.colcon_core.shell:Creating package script '/home/user/vision_ws/install/zed_topic_benchmark_component/share/zed_topic_benchmark_component/package.ps1'
[2.439s] INFO:colcon.colcon_core.shell:Creating package descriptor '/home/user/vision_ws/install/zed_topic_benchmark_component/share/zed_topic_benchmark_component/package.dsv'
[2.441s] INFO:colcon.colcon_core.shell:Creating package script '/home/user/vision_ws/install/zed_topic_benchmark_component/share/zed_topic_benchmark_component/package.sh'
[2.442s] INFO:colcon.colcon_core.shell:Creating package script '/home/user/vision_ws/install/zed_topic_benchmark_component/share/zed_topic_benchmark_component/package.bash'
[2.443s] INFO:colcon.colcon_core.shell:Creating package script '/home/user/vision_ws/install/zed_topic_benchmark_component/share/zed_topic_benchmark_component/package.zsh'
[2.444s] Level 1:colcon.colcon_core.environment:create_file_with_runtime_dependencies(/home/user/vision_ws/install/zed_topic_benchmark_component/share/colcon-core/packages/zed_topic_benchmark_component)
[2.445s] INFO:colcon.colcon_ros.task.ament_cmake.build:Building ROS package in '/home/user/vision_ws/src/zed-ros2-examples/tools/zed_benchmark' with build type 'ament_cmake'
[2.445s] INFO:colcon.colcon_cmake.task.cmake.build:Building CMake package in '/home/user/vision_ws/src/zed-ros2-examples/tools/zed_benchmark'
[2.446s] INFO:colcon.colcon_core.shell:Skip shell extension 'powershell' for command environment: Not usable outside of PowerShell
[2.446s] DEBUG:colcon.colcon_core.shell:Skip shell extension 'dsv' for command environment
[2.486s] DEBUG:colcon.colcon_core.event_handler.log_command:Invoking command in '/home/user/vision_ws/build/zed_topic_benchmark': CMAKE_PREFIX_PATH=/home/user/vision_ws/install/zed_topic_benchmark_component:/home/user/vision_ws/install/zed_topic_benchmark_interfaces:/home/user/autorover_ws/install/zed_ros2:/home/user/autorover_ws/install/zed_wrapper:/home/user/autorover_ws/install/zed_components:/home/user/autorover_ws/install/robot_localization:/home/user/autorover_ws/install/mavros_extras:/home/user/autorover_ws/install/mavros:/home/user/autorover_ws/install/mavros_msgs:/home/user/autorover_ws/install/libmavconn:/home/user/vision_ws/install/zed_ros2:/home/user/vision_ws/install/zed_robot_integration:/home/user/vision_ws/install/zed_ipc:/home/user/vision_ws/install/zed_multi_camera:/home/user/vision_ws/install/zed_display_rviz2:/home/user/vision_ws/install/zed_depth_to_laserscan:/home/user/vision_ws/install/zed_wrapper:/home/user/vision_ws/install/zed_tutorial_video:/home/user/vision_ws/install/zed_tutorial_pos_tracking:/home/user/vision_ws/install/zed_tutorial_depth:/home/user/vision_ws/install/zed_topic_benchmark:/home/user/vision_ws/install/zed_rgb_convert:/home/user/vision_ws/install/zed_aruco_localization:/home/user/vision_ws/install/zed_components:/home/user/vision_ws/install/rviz_plugin_zed_od:/home/user/autorover_ws/install/teleop_twist_keyboard:/home/user/autorover_ws/install/autorover_bringup:/opt/ros/humble LD_LIBRARY_PATH=/home/user/vision_ws/install/zed_topic_benchmark_component/lib:/home/user/vision_ws/install/zed_topic_benchmark_interfaces/lib:/home/user/autorover_ws/install/zed_components/lib:/home/user/autorover_ws/install/robot_localization/lib:/home/user/autorover_ws/install/mavros_extras/lib:/home/user/autorover_ws/install/mavros/lib:/home/user/autorover_ws/install/mavros_msgs/lib:/home/user/autorover_ws/install/libmavconn/lib:/home/user/vision_ws/install/zed_ipc/lib:/home/user/vision_ws/install/zed_rgb_convert/lib:/home/user/vision_ws/install/zed_aruco_localization/lib:/home/user/vision_ws/install/zed_components/lib:/home/user/vision_ws/install/rviz_plugin_zed_od/lib:/opt/ros/humble/opt/rviz_ogre_vendor/lib:/opt/ros/humble/lib/aarch64-linux-gnu:/opt/ros/humble/lib /usr/bin/cmake --build /home/user/vision_ws/build/zed_topic_benchmark -- -j8 -l8
[2.645s] DEBUG:colcon.colcon_core.event_handler.log_command:Invoked command in '/home/user/vision_ws/build/zed_topic_benchmark' returned '0': CMAKE_PREFIX_PATH=/home/user/vision_ws/install/zed_topic_benchmark_component:/home/user/vision_ws/install/zed_topic_benchmark_interfaces:/home/user/autorover_ws/install/zed_ros2:/home/user/autorover_ws/install/zed_wrapper:/home/user/autorover_ws/install/zed_components:/home/user/autorover_ws/install/robot_localization:/home/user/autorover_ws/install/mavros_extras:/home/user/autorover_ws/install/mavros:/home/user/autorover_ws/install/mavros_msgs:/home/user/autorover_ws/install/libmavconn:/home/user/vision_ws/install/zed_ros2:/home/user/vision_ws/install/zed_robot_integration:/home/user/vision_ws/install/zed_ipc:/home/user/vision_ws/install/zed_multi_camera:/home/user/vision_ws/install/zed_display_rviz2:/home/user/vision_ws/install/zed_depth_to_laserscan:/home/user/vision_ws/install/zed_wrapper:/home/user/vision_ws/install/zed_tutorial_video:/home/user/vision_ws/install/zed_tutorial_pos_tracking:/home/user/vision_ws/install/zed_tutorial_depth:/home/user/vision_ws/install/zed_topic_benchmark:/home/user/vision_ws/install/zed_rgb_convert:/home/user/vision_ws/install/zed_aruco_localization:/home/user/vision_ws/install/zed_components:/home/user/vision_ws/install/rviz_plugin_zed_od:/home/user/autorover_ws/install/teleop_twist_keyboard:/home/user/autorover_ws/install/autorover_bringup:/opt/ros/humble LD_LIBRARY_PATH=/home/user/vision_ws/install/zed_topic_benchmark_component/lib:/home/user/vision_ws/install/zed_topic_benchmark_interfaces/lib:/home/user/autorover_ws/install/zed_components/lib:/home/user/autorover_ws/install/robot_localization/lib:/home/user/autorover_ws/install/mavros_extras/lib:/home/user/autorover_ws/install/mavros/lib:/home/user/autorover_ws/install/mavros_msgs/lib:/home/user/autorover_ws/install/libmavconn/lib:/home/user/vision_ws/install/zed_ipc/lib:/home/user/vision_ws/install/zed_rgb_convert/lib:/home/user/vision_ws/install/zed_aruco_localization/lib:/home/user/vision_ws/install/zed_components/lib:/home/user/vision_ws/install/rviz_plugin_zed_od/lib:/opt/ros/humble/opt/rviz_ogre_vendor/lib:/opt/ros/humble/lib/aarch64-linux-gnu:/opt/ros/humble/lib /usr/bin/cmake --build /home/user/vision_ws/build/zed_topic_benchmark -- -j8 -l8
[2.649s] DEBUG:colcon.colcon_core.event_handler.log_command:Invoking command in '/home/user/vision_ws/build/zed_topic_benchmark': CMAKE_PREFIX_PATH=/home/user/vision_ws/install/zed_topic_benchmark_component:/home/user/vision_ws/install/zed_topic_benchmark_interfaces:/home/user/autorover_ws/install/zed_ros2:/home/user/autorover_ws/install/zed_wrapper:/home/user/autorover_ws/install/zed_components:/home/user/autorover_ws/install/robot_localization:/home/user/autorover_ws/install/mavros_extras:/home/user/autorover_ws/install/mavros:/home/user/autorover_ws/install/mavros_msgs:/home/user/autorover_ws/install/libmavconn:/home/user/vision_ws/install/zed_ros2:/home/user/vision_ws/install/zed_robot_integration:/home/user/vision_ws/install/zed_ipc:/home/user/vision_ws/install/zed_multi_camera:/home/user/vision_ws/install/zed_display_rviz2:/home/user/vision_ws/install/zed_depth_to_laserscan:/home/user/vision_ws/install/zed_wrapper:/home/user/vision_ws/install/zed_tutorial_video:/home/user/vision_ws/install/zed_tutorial_pos_tracking:/home/user/vision_ws/install/zed_tutorial_depth:/home/user/vision_ws/install/zed_topic_benchmark:/home/user/vision_ws/install/zed_rgb_convert:/home/user/vision_ws/install/zed_aruco_localization:/home/user/vision_ws/install/zed_components:/home/user/vision_ws/install/rviz_plugin_zed_od:/home/user/autorover_ws/install/teleop_twist_keyboard:/home/user/autorover_ws/install/autorover_bringup:/opt/ros/humble LD_LIBRARY_PATH=/home/user/vision_ws/install/zed_topic_benchmark_component/lib:/home/user/vision_ws/install/zed_topic_benchmark_interfaces/lib:/home/user/autorover_ws/install/zed_components/lib:/home/user/autorover_ws/install/robot_localization/lib:/home/user/autorover_ws/install/mavros_extras/lib:/home/user/autorover_ws/install/mavros/lib:/home/user/autorover_ws/install/mavros_msgs/lib:/home/user/autorover_ws/install/libmavconn/lib:/home/user/vision_ws/install/zed_ipc/lib:/home/user/vision_ws/install/zed_rgb_convert/lib:/home/user/vision_ws/install/zed_aruco_localization/lib:/home/user/vision_ws/install/zed_components/lib:/home/user/vision_ws/install/rviz_plugin_zed_od/lib:/opt/ros/humble/opt/rviz_ogre_vendor/lib:/opt/ros/humble/lib/aarch64-linux-gnu:/opt/ros/humble/lib /usr/bin/cmake --install /home/user/vision_ws/build/zed_topic_benchmark
[2.695s] Level 1:colcon.colcon_core.environment:create_environment_scripts_only(zed_topic_benchmark)
[2.695s] Level 1:colcon.colcon_core.environment:checking '/home/user/vision_ws/install/zed_topic_benchmark' for CMake module files
[2.697s] DEBUG:colcon.colcon_core.event_handler.log_command:Invoked command in '/home/user/vision_ws/build/zed_topic_benchmark' returned '0': CMAKE_PREFIX_PATH=/home/user/vision_ws/install/zed_topic_benchmark_component:/home/user/vision_ws/install/zed_topic_benchmark_interfaces:/home/user/autorover_ws/install/zed_ros2:/home/user/autorover_ws/install/zed_wrapper:/home/user/autorover_ws/install/zed_components:/home/user/autorover_ws/install/robot_localization:/home/user/autorover_ws/install/mavros_extras:/home/user/autorover_ws/install/mavros:/home/user/autorover_ws/install/mavros_msgs:/home/user/autorover_ws/install/libmavconn:/home/user/vision_ws/install/zed_ros2:/home/user/vision_ws/install/zed_robot_integration:/home/user/vision_ws/install/zed_ipc:/home/user/vision_ws/install/zed_multi_camera:/home/user/vision_ws/install/zed_display_rviz2:/home/user/vision_ws/install/zed_depth_to_laserscan:/home/user/vision_ws/install/zed_wrapper:/home/user/vision_ws/install/zed_tutorial_video:/home/user/vision_ws/install/zed_tutorial_pos_tracking:/home/user/vision_ws/install/zed_tutorial_depth:/home/user/vision_ws/install/zed_topic_benchmark:/home/user/vision_ws/install/zed_rgb_convert:/home/user/vision_ws/install/zed_aruco_localization:/home/user/vision_ws/install/zed_components:/home/user/vision_ws/install/rviz_plugin_zed_od:/home/user/autorover_ws/install/teleop_twist_keyboard:/home/user/autorover_ws/install/autorover_bringup:/opt/ros/humble LD_LIBRARY_PATH=/home/user/vision_ws/install/zed_topic_benchmark_component/lib:/home/user/vision_ws/install/zed_topic_benchmark_interfaces/lib:/home/user/autorover_ws/install/zed_components/lib:/home/user/autorover_ws/install/robot_localization/lib:/home/user/autorover_ws/install/mavros_extras/lib:/home/user/autorover_ws/install/mavros/lib:/home/user/autorover_ws/install/mavros_msgs/lib:/home/user/autorover_ws/install/libmavconn/lib:/home/user/vision_ws/install/zed_ipc/lib:/home/user/vision_ws/install/zed_rgb_convert/lib:/home/user/vision_ws/install/zed_aruco_localization/lib:/home/user/vision_ws/install/zed_components/lib:/home/user/vision_ws/install/rviz_plugin_zed_od/lib:/opt/ros/humble/opt/rviz_ogre_vendor/lib:/opt/ros/humble/lib/aarch64-linux-gnu:/opt/ros/humble/lib /usr/bin/cmake --install /home/user/vision_ws/build/zed_topic_benchmark
[2.698s] Level 1:colcon.colcon_core.environment:checking '/home/user/vision_ws/install/zed_topic_benchmark' for CMake config files
[2.699s] Level 1:colcon.colcon_core.shell:create_environment_hook('zed_topic_benchmark', 'cmake_prefix_path')
[2.700s] INFO:colcon.colcon_core.shell:Creating environment hook '/home/user/vision_ws/install/zed_topic_benchmark/share/zed_topic_benchmark/hook/cmake_prefix_path.ps1'
[2.702s] INFO:colcon.colcon_core.shell:Creating environment descriptor '/home/user/vision_ws/install/zed_topic_benchmark/share/zed_topic_benchmark/hook/cmake_prefix_path.dsv'
[2.703s] INFO:colcon.colcon_core.shell:Creating environment hook '/home/user/vision_ws/install/zed_topic_benchmark/share/zed_topic_benchmark/hook/cmake_prefix_path.sh'
[2.705s] Level 1:colcon.colcon_core.environment:checking '/home/user/vision_ws/install/zed_topic_benchmark/lib'
[2.705s] Level 1:colcon.colcon_core.environment:checking '/home/user/vision_ws/install/zed_topic_benchmark/bin'
[2.706s] Level 1:colcon.colcon_core.environment:checking '/home/user/vision_ws/install/zed_topic_benchmark/lib/pkgconfig/zed_topic_benchmark.pc'
[2.706s] Level 1:colcon.colcon_core.environment:checking '/home/user/vision_ws/install/zed_topic_benchmark/lib/python3.10/site-packages'
[2.707s] Level 1:colcon.colcon_core.environment:checking '/home/user/vision_ws/install/zed_topic_benchmark/bin'
[2.708s] INFO:colcon.colcon_core.shell:Creating package script '/home/user/vision_ws/install/zed_topic_benchmark/share/zed_topic_benchmark/package.ps1'
[2.710s] INFO:colcon.colcon_core.shell:Creating package descriptor '/home/user/vision_ws/install/zed_topic_benchmark/share/zed_topic_benchmark/package.dsv'
[2.711s] INFO:colcon.colcon_core.shell:Creating package script '/home/user/vision_ws/install/zed_topic_benchmark/share/zed_topic_benchmark/package.sh'
[2.713s] INFO:colcon.colcon_core.shell:Creating package script '/home/user/vision_ws/install/zed_topic_benchmark/share/zed_topic_benchmark/package.bash'
[2.714s] INFO:colcon.colcon_core.shell:Creating package script '/home/user/vision_ws/install/zed_topic_benchmark/share/zed_topic_benchmark/package.zsh'
[2.716s] Level 1:colcon.colcon_core.environment:create_file_with_runtime_dependencies(/home/user/vision_ws/install/zed_topic_benchmark/share/colcon-core/packages/zed_topic_benchmark)
[2.718s] Level 1:colcon.colcon_core.environment:create_environment_scripts_only(zed_topic_benchmark)
[2.719s] Level 1:colcon.colcon_core.environment:checking '/home/user/vision_ws/install/zed_topic_benchmark' for CMake module files
[2.720s] Level 1:colcon.colcon_core.environment:checking '/home/user/vision_ws/install/zed_topic_benchmark' for CMake config files
[2.721s] Level 1:colcon.colcon_core.shell:create_environment_hook('zed_topic_benchmark', 'cmake_prefix_path')
[2.722s] INFO:colcon.colcon_core.shell:Creating environment hook '/home/user/vision_ws/install/zed_topic_benchmark/share/zed_topic_benchmark/hook/cmake_prefix_path.ps1'
[2.739s] INFO:colcon.colcon_core.shell:Creating environment descriptor '/home/user/vision_ws/install/zed_topic_benchmark/share/zed_topic_benchmark/hook/cmake_prefix_path.dsv'
[2.740s] INFO:colcon.colcon_core.shell:Creating environment hook '/home/user/vision_ws/install/zed_topic_benchmark/share/zed_topic_benchmark/hook/cmake_prefix_path.sh'
[2.742s] Level 1:colcon.colcon_core.environment:checking '/home/user/vision_ws/install/zed_topic_benchmark/lib'
[2.742s] Level 1:colcon.colcon_core.environment:checking '/home/user/vision_ws/install/zed_topic_benchmark/bin'
[2.743s] Level 1:colcon.colcon_core.environment:checking '/home/user/vision_ws/install/zed_topic_benchmark/lib/pkgconfig/zed_topic_benchmark.pc'
[2.744s] Level 1:colcon.colcon_core.environment:checking '/home/user/vision_ws/install/zed_topic_benchmark/lib/python3.10/site-packages'
[2.744s] Level 1:colcon.colcon_core.environment:checking '/home/user/vision_ws/install/zed_topic_benchmark/bin'
[2.745s] INFO:colcon.colcon_core.shell:Creating package script '/home/user/vision_ws/install/zed_topic_benchmark/share/zed_topic_benchmark/package.ps1'
[2.747s] INFO:colcon.colcon_core.shell:Creating package descriptor '/home/user/vision_ws/install/zed_topic_benchmark/share/zed_topic_benchmark/package.dsv'
[2.749s] INFO:colcon.colcon_core.shell:Creating package script '/home/user/vision_ws/install/zed_topic_benchmark/share/zed_topic_benchmark/package.sh'
[2.750s] INFO:colcon.colcon_core.shell:Creating package script '/home/user/vision_ws/install/zed_topic_benchmark/share/zed_topic_benchmark/package.bash'
[2.752s] INFO:colcon.colcon_core.shell:Creating package script '/home/user/vision_ws/install/zed_topic_benchmark/share/zed_topic_benchmark/package.zsh'
[2.753s] Level 1:colcon.colcon_core.environment:create_file_with_runtime_dependencies(/home/user/vision_ws/install/zed_topic_benchmark/share/colcon-core/packages/zed_topic_benchmark)
[2.754s] DEBUG:colcon.colcon_parallel_executor.executor.parallel:closing loop
[2.755s] DEBUG:colcon.colcon_parallel_executor.executor.parallel:loop closed
[2.756s] DEBUG:colcon.colcon_parallel_executor.executor.parallel:run_until_complete finished with '0'
[2.756s] DEBUG:colcon.colcon_core.event_reactor:joining thread
[2.777s] INFO:colcon.colcon_core.plugin_system:Skipping extension 'colcon_notification.desktop_notification.terminal_notifier': Not used on non-Darwin systems
[2.777s] INFO:colcon.colcon_core.plugin_system:Skipping extension 'colcon_notification.desktop_notification.win32': Not used on non-Windows systems
[2.777s] INFO:colcon.colcon_notification.desktop_notification:Sending desktop notification using 'notify2'
[2.809s] DEBUG:colcon.colcon_core.event_reactor:joined thread
[2.810s] INFO:colcon.colcon_core.shell:Creating prefix script '/home/user/vision_ws/install/local_setup.ps1'
[2.814s] INFO:colcon.colcon_core.shell:Creating prefix util module '/home/user/vision_ws/install/_local_setup_util_ps1.py'
[2.820s] INFO:colcon.colcon_core.shell:Creating prefix chain script '/home/user/vision_ws/install/setup.ps1'
[2.827s] INFO:colcon.colcon_core.shell:Creating prefix script '/home/user/vision_ws/install/local_setup.sh'
[2.830s] INFO:colcon.colcon_core.shell:Creating prefix util module '/home/user/vision_ws/install/_local_setup_util_sh.py'
[2.832s] INFO:colcon.colcon_core.shell:Creating prefix chain script '/home/user/vision_ws/install/setup.sh'
[2.840s] INFO:colcon.colcon_core.shell:Creating prefix script '/home/user/vision_ws/install/local_setup.bash'
[2.841s] INFO:colcon.colcon_core.shell:Creating prefix chain script '/home/user/vision_ws/install/setup.bash'
[2.850s] INFO:colcon.colcon_core.shell:Creating prefix script '/home/user/vision_ws/install/local_setup.zsh'
[2.851s] INFO:colcon.colcon_core.shell:Creating prefix chain script '/home/user/vision_ws/install/setup.zsh'
